seller_id,orders,late_orders,late_rate_pct,first_purchase,last_purchase,volume_band
0015a82c2db000af6aaaf3ae2ecb0532,3,0,0.0,2017-09-26 22:17:05,2017-10-18 08:16:34,2-5
001cca7ae9ae17fb1caed9dfb1094831,195,12,6.153846153846154,2017-02-04 19:06:04,2018-07-12 21:38:26,>100
002100f778ceb8431b7a1020ff7ab48f,50,9,18.0,2017-09-14 01:00:31,2018-04-12 12:58:23,21-100
003554e2dce176b5555353e4f3555ac8,1,0,0.0,2017-12-15 06:52:25,2017-12-15 06:52:25,1
004c9cd9d87a3c30c522c48c4fc07416,156,10,6.41025641025641,2017-01-27 10:34:34,2018-05-03 11:13:38,>100
00720abe85ba0859807595bbf045a33b,13,2,15.384615384615385,2018-01-27 13:46:31,2018-08-03 16:57:01,6-20
00ab3eff1b5192e5f1a63bcecfee11c8,1,0,0.0,2017-03-18 11:40:26,2017-03-18 11:40:26,1
00d8b143d12632bad99c0ad66ad52825,1,0,0.0,2018-03-21 11:17:37,2018-03-21 11:17:37,1
00ee68308b45bc5e2660cd833c3f81cc,135,10,7.4074074074074066,2017-09-19 01:02:44,2018-08-09 20:45:10,>100
00fc707aaaad2d31347cf883cd2dfe10,103,4,3.8834951456310676,2018-01-31 15:33:18,2018-06-13 16:19:00,>100
010543a62bd80aa422851e79a3bc7540,2,0,0.0,2017-07-04 17:54:07,2017-08-02 13:49:39,2-5
010da0602d7774602cd1b3f5fb7b709e,1,0,0.0,2018-06-06 18:37:14,2018-06-06 18:37:14,1
011b0eaba87386a2ae96a7d32bb531d1,1,0,0.0,2016-10-06 07:08:15,2016-10-06 07:08:15,1
01266d4c46afa519678d16a8b683d325,3,0,0.0,2018-08-02 16:07:38,2018-08-20 19:14:26,2-5
013900e863eace745d3ec7614cab5b1a,23,0,0.0,2017-03-04 10:02:28,2018-04-13 16:35:16,21-100
014c0679dd340a0e338872e7ec85666a,14,2,14.285714285714285,2017-01-26 00:20:22,2018-07-04 23:17:21,6-20
014d9a685fd57276679edd00e07089e5,11,0,0.0,2017-11-21 13:22:00,2018-08-17 13:13:21,6-20
0176f73cc1195f367f7b32db1e5b3aa8,37,4,10.81081081081081,2017-11-16 17:42:52,2018-08-13 17:54:44,21-100
01bcc9d254a0143f0ce9791b960b2a47,10,0,0.0,2017-08-12 16:25:03,2018-02-02 10:03:35,6-20
01c97ebb5cdac52891c0ed1c37ba0012,9,0,0.0,2017-04-13 23:47:01,2018-07-31 19:13:20,6-20
01cf7e3d21494c41fb86034f2e714fa1,59,3,5.084745762711865,2016-10-06 18:03:01,2018-02-26 09:41:21,21-100
01ed254b9ff8407dfb9d99ba1e17d923,5,0,0.0,2017-08-04 10:33:43,2017-11-08 20:24:38,2-5
01fd077212124329bac32490e8ef80d9,31,1,3.225806451612903,2018-04-16 10:44:09,2018-08-24 17:52:59,21-100
01fdefa7697d26ad920e9e0346d4bd1b,128,7,5.46875,2017-04-26 15:57:39,2018-08-20 21:50:59,>100
0241d4d5d36f10f80c644447315af0bd,238,11,4.621848739495799,2017-10-08 19:00:03,2018-08-28 15:11:49,>100
0249d282d911d23cb8b869ab49c99f53,11,2,18.181818181818183,2017-09-18 20:48:19,2018-03-22 22:37:56,6-20
024b564ae893ce8e9bfa02c10a401ece,2,0,0.0,2016-10-05 12:41:38,2017-02-12 18:46:20,2-5
028872bfa080090a9d0abd4f1af168f8,1,0,0.0,2017-08-19 09:10:45,2017-08-19 09:10:45,1
02b72cdeb9cfcc429f1af6f4e3f3b737,4,0,0.0,2018-07-25 21:20:47,2018-08-22 20:09:46,2-5
02c988090b766852e088c69d7fb3b551,12,0,0.0,2017-07-21 17:52:29,2018-08-15 09:44:30,6-20
02d35243ea2e497335cd0f076b45675d,14,4,28.57142857142857,2017-04-29 22:33:10,2018-08-02 17:53:47,6-20
02dcd3e8e25bee036e32512bcf175493,13,4,30.76923076923077,2018-02-21 20:55:22,2018-08-22 16:20:30,6-20
02ecc2a19303f05e59ce133fd923fff7,21,0,0.0,2017-06-18 18:04:34,2018-08-21 20:13:02,21-100
02f5837340d7eb4f653d676c7256523a,30,1,3.3333333333333335,2017-11-01 20:55:07,2018-08-08 14:13:58,21-100
02f623a8eb246f3c5f7c2f96462654e6,44,3,6.8181818181818175,2018-04-25 15:13:02,2018-08-22 23:52:12,21-100
0307f7565ff85b299b6e5ef162b1b1a9,6,0,0.0,2016-10-10 18:09:39,2017-05-25 07:49:44,6-20
0336182e1b3e92f029d5354832045fdf,1,0,0.0,2016-10-05 19:09:33,2016-10-05 19:09:33,1
034b9387752bfa309f350a70cd45ffa3,8,0,0.0,2018-04-11 15:53:57,2018-08-22 16:05:04,6-20
038b75b729c8a9a04b0d07cba7eabe86,2,1,50.0,2018-04-20 12:29:17,2018-04-22 18:42:38,2-5
039b29ff3b3473435d0cd59040575de9,9,0,0.0,2018-04-26 11:32:03,2018-08-23 13:56:52,6-20
039e6ad9dae79614493083e241147386,5,1,20.0,2018-04-03 11:35:18,2018-07-10 20:53:38,2-5
03a2a6dcbe45d639c4dc2a0d24769c40,9,1,11.11111111111111,2018-03-13 08:11:07,2018-08-15 18:21:14,6-20
03bd479e1d9484cdb14104d3023f7321,3,0,0.0,2018-05-09 17:37:03,2018-07-24 17:28:41,2-5
0417b067eeab773d2f7061a726dc477f,13,3,23.076923076923077,2018-03-01 20:13:18,2018-08-20 12:38:56,6-20
042573af89b6d931f672efaf789d8358,3,1,33.33333333333333,2018-01-21 17:44:36,2018-02-11 13:08:02,2-5
04308b1ee57b6625f47df1d56f00eedf,92,7,7.608695652173914,2017-11-14 16:57:33,2018-08-12 00:13:50,21-100
0432ead42b6c8a0bdf68154add917fdf,82,2,2.4390243902439024,2017-04-02 16:31:42,2018-07-27 18:03:57,21-100
044668ccd5316b12a7cf0d54a156e3e9,3,0,0.0,2018-08-08 17:54:25,2018-08-20 21:07:24,2-5
04843805947f0fc584fc1969b6e50fe7,1,0,0.0,2018-08-05 14:55:14,2018-08-05 14:55:14,1
048c2757535328e0d7dac690ad3c0aae,50,6,12.0,2017-03-04 15:23:15,2018-08-21 16:31:46,21-100
04aa0a1c5ce6b222003403a3e11c3cc0,11,2,18.181818181818183,2017-03-22 17:10:13,2018-01-24 11:40:28,6-20
04aba03279157f6d4e0fe8ccaf21963c,15,1,6.666666666666667,2017-05-10 11:51:13,2018-08-26 13:25:25,6-20
04e38a233f726ef161074ab1c9b0399a,19,1,5.263157894736842,2017-09-15 00:53:25,2018-05-05 21:12:28,6-20
04ee0ec01589969663ba5967c0e0bdc0,1,0,0.0,2018-08-21 11:29:05,2018-08-21 11:29:05,1
04fdea0c111866e6cf812f1570d6b5bd,8,1,12.5,2017-10-14 09:11:45,2018-01-31 13:57:40,6-20
0509040ea3fe50071181bbc359eb7738,87,4,4.597701149425287,2017-05-03 14:22:02,2018-08-02 12:05:18,21-100
052577151711aec5c744fe12e66db3e1,1,0,0.0,2017-10-26 18:35:40,2017-10-26 18:35:40,1
054694fa03fe82cec4b7551487331d74,20,6,30.0,2017-01-07 17:20:56,2018-04-09 16:57:00,6-20
056b4ada5bbc2c50cc7842547dda6b51,64,7,10.9375,2017-12-01 10:20:48,2018-08-23 13:21:08,21-100
0570350b23eda5444f8d1d9544932058,6,0,0.0,2018-04-12 23:43:37,2018-05-22 20:17:22,6-20
05730013efda596306417c3b09302475,4,0,0.0,2018-07-06 18:37:58,2018-08-22 20:16:37,2-5
058cb5aeb36d7c0fcae20fc85d5e0a59,11,1,9.090909090909092,2017-09-25 22:41:26,2018-08-14 23:23:38,6-20
058fd0aa2bfdb2274e05e1ae971dabb6,60,4,6.666666666666667,2017-08-03 11:36:18,2018-06-07 19:45:30,21-100
05a48cc8859962767935ab9087417fbb,1,0,0.0,2018-08-02 12:05:38,2018-08-02 12:05:38,1
05a940b4ecae36cadfd8e93bd9c43257,9,0,0.0,2017-07-16 17:22:22,2018-02-19 15:20:06,6-20
05aebce0b5c8f0d41b29b686f2d05fd3,2,0,0.0,2018-03-05 16:24:44,2018-08-10 16:15:34,2-5
05ca864204d09595ae591b93ea9cf93d,1,0,0.0,2018-08-16 09:18:25,2018-08-16 09:18:25,1
05d2173d43ea568aa0540eba70d2ca76,62,3,4.838709677419355,2017-09-27 12:01:09,2018-08-12 20:44:16,21-100
05e107217c7266362fd44b75b2cd4cc4,5,1,20.0,2018-06-29 23:02:10,2018-08-21 05:26:43,2-5
05f51e13da97139648b8125c31e5f51b,57,9,15.789473684210526,2017-07-10 16:09:38,2018-03-23 10:44:18,21-100
05feb94f19d094d4b0f9281f0b1d4c99,6,0,0.0,2017-08-14 08:05:48,2018-02-18 18:26:06,6-20
05ff92fedb5be47920fea08e501238b9,57,2,3.508771929824561,2016-10-04 16:02:18,2018-08-07 21:31:29,21-100
062c325cd6a2b87845fab56b4ec2eeae,2,0,0.0,2018-05-07 11:48:13,2018-08-01 21:33:30,2-5
062ce95fa2ad4dfaedfc79260130565f,54,2,3.7037037037037033,2017-01-26 18:48:30,2017-09-10 00:14:56,21-100
06532f10282704ef4c69168b914b77be,7,0,0.0,2017-03-03 14:12:45,2017-08-18 16:26:37,6-20
06579cb253ecd5a3a12a9e6eb6bf8f47,61,4,6.557377049180328,2017-08-03 17:47:10,2018-08-11 21:27:06,21-100
066a6914e1ebf3ea95a216c73a986b91,66,2,3.0303030303030303,2016-10-06 17:10:05,2018-08-10 12:12:35,21-100
0691148aee60ca47977c187804f935ae,47,1,2.127659574468085,2017-11-24 15:13:24,2018-08-27 08:56:49,21-100
0692610d8abe24f287e9fae90ea0bbee,4,1,25.0,2018-06-02 11:14:09,2018-08-22 15:45:32,2-5
06a2c3af7b3aee5d69171b0e14f0ee87,389,74,19.02313624678663,2018-01-19 09:51:37,2018-08-22 11:49:11,>100
06bb3a2fe5e7b7a845b13e8fb91bd944,17,0,0.0,2017-09-11 08:09:15,2018-07-04 22:45:03,6-20
06df0c10d34e459d9672bc77388742eb,26,1,3.8461538461538463,2018-03-16 13:58:32,2018-08-06 19:44:03,21-100
06e5eefc71ec47ae763c5c6f8db7064f,90,0,0.0,2017-04-25 16:33:00,2018-08-22 17:14:07,21-100
07017df32dc5f2f1d2801e579548d620,8,0,0.0,2017-03-08 15:00:44,2018-07-29 21:34:43,6-20
070d165398b553f3b4b851c216b8a358,31,4,12.903225806451612,2017-08-24 10:29:36,2018-08-16 14:21:35,21-100
0725b8c0f3f906e58f70cbe76b7c748c,16,4,25.0,2017-01-20 17:23:00,2018-08-07 17:41:54,6-20
0743a0239d764b9a0f959a57d07e36ab,4,0,0.0,2018-07-24 10:50:34,2018-08-04 17:01:32,2-5
0747d5bb69f0586cc869d8af4c50f93e,12,1,8.333333333333332,2016-10-06 13:39:20,2017-06-03 00:20:47,6-20
0761743cbffb25d7148189e9f1a5f03a,3,0,0.0,2017-11-30 09:38:21,2018-02-02 18:42:02,2-5
077c5fae4bea9500e3737b16f71b9d3a,4,0,0.0,2017-09-19 12:44:23,2018-06-22 13:20:25,2-5
0791d9fc1e30678ecf03d3e55fa108d3,5,0,0.0,2018-05-15 14:03:08,2018-07-24 16:03:03,2-5
079d295dcbf06ee8bb1b65ba964eb2b6,5,0,0.0,2018-06-25 12:37:03,2018-08-09 20:00:05,2-5
07a9bc7f61396b658ddf3ac534efe44c,1,0,0.0,2017-06-26 11:44:22,2017-06-26 11:44:22,1
07bf9669d84d1f11be443a9dd938f698,18,0,0.0,2017-03-08 16:34:25,2018-06-27 09:01:34,6-20
07d75e33f2750d97d467fb57e4dfdd8a,2,0,0.0,2018-03-06 09:17:21,2018-05-07 09:49:04,2-5
07de60b03d150fb3ea09eab5da5e4c8b,9,1,11.11111111111111,2018-01-31 23:06:27,2018-08-18 20:44:06,6-20
07e8e8fc5222bb358e6f259da3197074,2,0,0.0,2018-02-21 06:27:09,2018-08-08 22:13:19,2-5
080102cd0a76b09e0dcf55fcacc60e05,122,5,4.098360655737705,2017-07-23 11:22:00,2018-08-26 16:26:52,>100
080199a181c46c657dc5aa235411be3b,79,1,1.2658227848101267,2017-09-20 05:02:16,2018-08-24 11:43:17,21-100
08061dc0fc165ed41288cc7acde738ee,4,1,25.0,2017-03-23 00:48:00,2017-11-14 12:48:34,2-5
08084d990eb3f53af056ccbc1730c8a7,12,0,0.0,2018-02-08 07:04:45,2018-08-14 20:56:45,6-20
081acf3de680d554796c9cf041be7bc2,4,1,25.0,2017-11-27 14:39:18,2018-05-23 18:30:11,2-5
082e0bf4cb865a6533b1e8e498cc0255,11,2,18.181818181818183,2017-10-29 13:42:54,2018-08-17 07:09:44,6-20
085f6f7e049c996695fb2074fe38d45e,6,0,0.0,2018-02-26 14:22:19,2018-05-02 15:25:10,6-20
08633c14ef2db992c11f840f04fad4cd,74,4,5.405405405405405,2017-12-13 09:15:58,2018-08-24 14:57:19,21-100
0873d9f8f36123f8d910f4760e788cfb,6,2,33.33333333333333,2018-05-07 20:22:07,2018-08-14 14:19:51,6-20
0885aaf116795758dfeb5f1032487bcd,27,0,0.0,2017-12-14 21:06:57,2018-08-19 17:17:45,21-100
0887a9f087bcd5d9f6642b52f897fc6c,12,1,8.333333333333332,2017-02-02 15:22:02,2017-08-05 13:51:38,6-20
08ad4ac1388e4420ca531c3edfc46198,6,0,0.0,2018-06-11 19:55:25,2018-08-18 18:52:16,6-20
08cdbae123ff67ca4e36d9d641ce0119,4,2,50.0,2018-02-20 08:12:25,2018-07-29 15:29:19,2-5
08d0949a9a17c027262db1f3c450c26c,12,0,0.0,2017-08-21 13:38:52,2018-08-23 00:54:22,6-20
08d1c9478fb0d7d7fcac9c0da4e82fc7,1,0,0.0,2018-06-12 08:29:53,2018-06-12 08:29:53,1
08d2d642cf72b622b14dde1d2f5eb2f5,16,2,12.5,2017-02-12 21:40:53,2017-12-06 08:31:25,6-20
08f5819815f3d06545011850bd70f0a8,3,0,0.0,2018-06-21 00:56:22,2018-08-12 16:01:35,2-5
091065b789659bc3cd9af9cb3a6253ff,2,0,0.0,2017-10-15 13:01:37,2018-01-18 17:13:29,2-5
0936e1837d0c79253456bbb2ffaaef10,1,0,0.0,2017-04-11 22:09:31,2017-04-11 22:09:31,1
093805f8f2aeb63881444571e1f48f30,22,1,4.545454545454546,2017-08-31 20:38:35,2018-01-30 12:01:37,21-100
094ced053e257ae8cae57205592d6712,19,0,0.0,2018-04-04 20:43:55,2018-07-30 10:59:07,6-20
0951a6e282947e09cd47969f4ed0b47f,7,0,0.0,2018-07-26 09:25:14,2018-08-27 14:39:21,6-20
09883d9ab71c8fe8a9bfc7fc3075b07e,4,1,25.0,2017-04-25 17:46:45,2017-11-19 13:23:06,2-5
099095b050cfe8eb1ddff5317587e96e,16,3,18.75,2017-12-16 09:01:56,2018-08-13 18:43:30,6-20
09bad886111255c5b5030314fc7f1a4a,5,0,0.0,2018-08-08 18:25:48,2018-08-27 19:37:48,2-5
09f952a5f58d2285b0372551ae8f9b01,50,3,6.0,2017-09-15 09:24:57,2018-08-24 22:21:24,21-100
0a198e95d32b1be2da9424c962a6ebfa,1,0,0.0,2018-06-13 12:09:56,2018-06-13 12:09:56,1
0a82f5fb06a4fe4ac2cf7cb412ec71b8,2,0,0.0,2018-02-03 13:14:01,2018-03-31 12:09:05,2-5
0a85ebe4e328db81ac9109781205e2f7,12,1,8.333333333333332,2018-05-11 10:18:31,2018-08-24 15:40:41,6-20
0aa2205ca24f113f4658a5c536667426,4,0,0.0,2018-04-18 11:16:54,2018-08-14 17:39:49,2-5
0ac4201fda2c68ebc0e47cb9423cf3c9,13,1,7.6923076923076925,2017-06-19 08:18:34,2018-06-17 13:20:11,6-20
0ad80de75c811326389cfb1daba7d45e,6,0,0.0,2017-10-19 08:38:00,2018-01-05 20:37:59,6-20
0adac9fbd9a2b63cccaac4f8756c1ca8,106,6,5.660377358490567,2017-01-22 20:25:54,2018-08-16 20:56:16,>100
0ade5cc4a305ed7093a23f68ca47519c,2,0,0.0,2017-11-24 09:11:25,2018-01-21 14:20:45,2-5
0aea4c6ae1505b3228ddf3dd7822ee5b,8,2,25.0,2017-10-09 20:23:13,2018-04-30 07:04:12,6-20
0af2ab31141893d26aca5a404a537dab,1,0,0.0,2018-08-23 22:37:44,2018-08-23 22:37:44,1
0af977692321d895349eded183341d28,2,0,0.0,2018-04-01 02:54:21,2018-08-20 16:20:58,2-5
0afccdb8a34ee5c79f7c06faf2b4d56e,24,2,8.333333333333332,2017-04-05 11:04:33,2018-04-07 13:48:17,21-100
0b09101900100c0e9d312861fad5a1b9,1,0,0.0,2017-01-27 14:59:17,2017-01-27 14:59:17,1
0b0ddbc7b9d9584f442c7ac92b0ff6c9,3,0,0.0,2018-03-30 20:29:47,2018-06-04 23:21:42,2-5
0b18d63d0cd1d723567903fd34a07df2,9,0,0.0,2017-04-11 14:30:03,2018-06-12 23:52:24,6-20
0b1ca3ef18a63d7eb0c8897fa0849c08,1,0,0.0,2018-04-12 00:10:10,2018-04-12 00:10:10,1
0b35c634521043bf4b47e21547b99ab5,50,8,16.0,2017-12-07 11:06:04,2018-08-12 02:11:20,21-100
0b36063d5818f81ccb94b54adfaebbf5,1,0,0.0,2017-01-30 21:44:49,2017-01-30 21:44:49,1
0b3f27369a4d8df98f7eb91077e438ac,2,0,0.0,2017-11-13 15:19:44,2017-11-22 18:38:11,2-5
0b46f784306be7200ca1700aa55d819f,1,0,0.0,2017-03-19 08:36:36,2017-03-19 08:36:36,1
0b64bcdb0784abc139af04077d49a20e,4,0,0.0,2018-04-06 19:54:30,2018-07-13 10:56:30,2-5
0b90b6df587eb83608a64ea8b390cf07,163,6,3.6809815950920246,2017-10-24 14:48:29,2018-08-16 22:03:02,>100
0bae85eb84b9fb3bd773911e89288d54,136,1,0.7352941176470588,2017-05-02 16:32:37,2018-08-21 20:24:33,>100
0bb27263628258b8111a0262769fa9db,1,0,0.0,2017-04-01 17:24:26,2017-04-01 17:24:26,1
0bb738e4d789e63e2267697c42d35a2d,28,1,3.571428571428571,2017-02-01 12:59:24,2018-05-13 09:28:31,21-100
0be8ff43f22e456b4e0371b2245e4d01,156,10,6.41025641025641,2017-05-09 10:57:58,2018-08-29 10:22:35,>100
0bebbb2cea103a4a020c95d43fd7d754,9,0,0.0,2018-06-30 19:07:30,2018-08-28 12:48:50,6-20
0bf0150d5b9d60d9cd2906003332f085,39,6,15.384615384615385,2017-02-16 23:15:22,2018-07-14 14:08:11,21-100
0bfd0b434243adc5c2e1aa6baf19c6aa,6,0,0.0,2017-10-23 22:16:49,2018-02-03 23:27:28,6-20
0c7533c71df861ec58ad7ff999ed0e8d,61,3,4.918032786885246,2017-07-11 23:14:57,2018-07-28 10:25:00,21-100
0c7f30ae9b147eca07affbef92832a6a,5,0,0.0,2017-03-03 11:02:44,2017-04-17 20:12:02,2-5
0c8380b62e38e8a1e6adbeba7eb9688c,180,9,5.0,2016-10-04 17:25:09,2018-08-21 10:38:28,>100
0cab2da43793a6f3c5ed8514c5f54627,3,0,0.0,2018-05-11 10:26:01,2018-07-27 10:30:54,2-5
0cbcee27c791afa0cdcb08587a2013a8,37,4,10.81081081081081,2017-03-04 23:32:12,2018-07-14 18:39:58,21-100
0d33a55da925bbf1ff02af5f6059fc7f,22,1,4.545454545454546,2017-11-09 12:56:00,2018-08-01 12:32:19,21-100
0d4c8269e7f0401201794deef160edd6,3,0,0.0,2017-10-17 22:36:32,2017-11-07 17:17:18,2-5
0d83f8e03188682112cc0d93523705cc,4,1,25.0,2017-11-14 09:05:04,2018-01-22 11:52:53,2-5
0d85bbda9889ce1f7e63778d24f346eb,51,6,11.76470588235294,2017-03-22 17:40:51,2018-03-27 07:30:38,21-100
0daf5180aa44356f60f8effa533b55a2,2,0,0.0,2018-07-30 12:19:23,2018-08-20 14:16:35,2-5
0db783cfcd3b73998abc6e10e59a102f,132,5,3.787878787878788,2016-10-08 20:02:32,2018-04-07 15:24:30,>100
0dd184061fb0eaa7ca37932c68ab91c5,161,17,10.559006211180124,2017-12-04 19:18:09,2018-08-16 13:52:25,>100
0ddefe3c7a032b91f4e25b9c3a08fca1,9,0,0.0,2018-04-12 15:09:11,2018-08-24 12:41:33,6-20
0df3984f9dfb3d49ac6366acbd3bbb85,86,1,1.1627906976744187,2017-03-12 09:25:41,2018-06-17 15:32:09,21-100
0dfbed20065e425d2eaefb101f9816c0,3,1,33.33333333333333,2018-05-12 23:13:36,2018-06-04 21:18:04,2-5
0e44d110fa6a54e121cb2c095a77762f,6,1,16.666666666666664,2017-08-04 06:36:20,2018-06-13 00:02:17,6-20
0e72c1a751b496722a6cb1f10653b62a,3,0,0.0,2018-05-11 00:18:02,2018-07-30 21:42:57,2-5
0e982cff76cc0579f632cea8a0e38c9d,6,0,0.0,2017-09-26 12:57:49,2018-04-03 07:28:21,6-20
0ea22c1cfbdc755f86b9b54b39c16043,234,2,0.8547008547008548,2016-10-06 18:50:25,2018-08-22 18:03:39,>100
0eaa7e33d73809f1f925f7d07c506cbd,15,0,0.0,2017-04-10 10:28:48,2018-08-27 17:01:43,6-20
0ebd97a106433a45a4aebe57c1799778,31,0,0.0,2017-05-16 09:12:37,2018-07-13 21:05:56,21-100
0ec28cec4046a4a199b6de9b4c891d97,3,0,0.0,2018-04-22 15:59:19,2018-05-17 14:47:11,2-5
0ed6ce5d87fd9c69eaacaeb778d67235,42,6,14.285714285714285,2017-10-05 17:40:46,2018-08-21 11:40:08,21-100
0ee4fb99ac55ffbbc98795aa01b7f8fa,1,0,0.0,2017-05-01 10:30:43,2017-05-01 10:30:43,1
0ef83d7d83ed97cd2a0049ac8be5f88a,48,1,2.083333333333333,2017-11-24 11:01:15,2018-08-28 13:29:17,21-100
0f0c984a4a955310903b6b6008660bad,4,0,0.0,2018-04-24 18:30:34,2018-05-27 10:25:22,2-5
0f519b0d2e5eb2227c93dd25038bfc01,1,0,0.0,2017-01-27 12:10:46,2017-01-27 12:10:46,1
0f7eea709efdf942b5f95c7516dbacd7,3,0,0.0,2018-04-05 19:11:09,2018-05-13 14:59:06,2-5
0f80a40c312b2472dca482cf50f5186f,1,0,0.0,2018-08-22 11:12:30,2018-08-22 11:12:30,1
0f94588695d71662beec8d883ffacf09,1,0,0.0,2017-03-01 10:56:53,2017-03-01 10:56:53,1
0fe2d9733ed841eb064503920015a8c0,3,0,0.0,2018-05-14 18:58:43,2018-07-09 22:14:07,2-5
0ff83046c3fa22efee8ecf291888b191,10,0,0.0,2017-04-01 18:33:06,2018-04-01 22:36:20,6-20
0ffa40d54288e4f3499b8780dd0f144f,33,4,12.121212121212121,2018-01-10 08:52:43,2018-05-11 10:49:37,21-100
10076e5788b8ee532724bcd460baf762,23,1,4.3478260869565215,2017-05-11 17:19:02,2018-07-24 16:05:58,21-100
10089e9f2fd0c668a8fd4e52e1698888,3,0,0.0,2017-03-12 17:35:58,2017-11-14 09:41:18,2-5
101a3a003516bc11253298b2fad3cb65,5,0,0.0,2018-06-21 20:47:22,2018-07-26 19:02:58,2-5
1025f0e2d44d7041d6cf58b6550e0bfa,910,72,7.9120879120879115,2017-07-09 11:15:16,2018-08-26 09:22:44,>100
10264f60a8f0a4d2f30810f5c661c673,4,0,0.0,2018-06-19 21:10:11,2018-08-09 12:44:54,2-5
1099a00e0ee3a50935e6c2447ca090c5,3,1,33.33333333333333,2017-11-09 18:46:46,2018-01-02 18:05:48,2-5
10cdd491d1dbea8fb4ead97b19c334ce,3,0,0.0,2018-06-26 20:11:26,2018-07-24 21:26:25,2-5
10ff823eda2b032e2c93d17a7d294736,8,0,0.0,2017-06-14 17:47:53,2018-04-06 10:26:19,6-20
112453736dbe3889cfb74e1aaa0ba0c1,7,0,0.0,2018-06-13 09:39:17,2018-08-18 20:19:40,6-20
1127b7f2594683f2510f1c2c834a486b,110,2,1.8181818181818181,2017-02-24 21:36:00,2018-08-22 20:38:11,>100
11305281b50fff20ae8bb473f8e11876,35,4,11.428571428571429,2016-10-09 13:31:57,2018-08-21 21:18:33,21-100
113e3a788b935f48aad63e1c41dac1bd,39,2,5.128205128205128,2017-07-22 13:30:25,2018-08-17 08:59:55,21-100
116ccb1a1604bc88e4d234a8c23f33de,61,2,3.278688524590164,2017-11-09 12:05:32,2018-08-21 21:49:19,21-100
11742f81550ac064cc9a40f67151d9ad,2,0,0.0,2018-08-02 14:41:02,2018-08-17 19:00:16,2-5
117cfc326c6d50da67ca858ff5c0c852,5,0,0.0,2018-05-02 15:22:57,2018-05-19 16:47:00,2-5
11938fcc75f6902fea1d0a6f72b54a57,2,0,0.0,2018-01-11 21:19:54,2018-05-27 23:24:55,2-5
119c7f1a00ef43fad0e57604e76a747c,2,0,0.0,2017-10-15 02:37:02,2018-02-27 20:13:13,2-5
119d1aef1b4144adba89163f6cd9f5d4,4,0,0.0,2017-05-26 20:01:38,2017-11-17 19:46:19,2-5
11bfa66332777660bd0640ee84d47006,76,11,14.473684210526317,2017-09-06 20:20:25,2018-08-23 10:27:06,21-100
11d4c477d09821164bca4f70a2eae031,3,0,0.0,2017-07-18 20:52:33,2017-08-28 20:47:42,2-5
11eac105f3f90a9b87b19c89d91e24f3,5,0,0.0,2017-05-24 10:21:15,2017-07-12 17:17:00,2-5
11fb6f6d341adbe19e81733701704635,3,0,0.0,2018-08-07 17:16:36,2018-08-25 18:36:46,2-5
120476eb7a04c149d14772edaf5d9bf2,4,0,0.0,2018-07-14 09:19:17,2018-08-10 11:56:30,2-5
1284de4ae8aa26997e748c851557cf0e,3,0,0.0,2017-05-11 18:46:35,2017-10-18 11:41:18,2-5
128639473a139ac0f3e5f5ade55873a5,527,22,4.174573055028463,2017-05-12 23:12:12,2018-08-18 11:11:55,>100
128f9bfbe4c7d5185033914b1de3d39a,13,1,7.6923076923076925,2017-09-13 17:44:20,2018-06-17 13:26:47,6-20
12a8eb0f8d1cd3270695bf2a99f55966,2,0,0.0,2017-10-12 01:21:54,2017-12-13 17:49:36,2-5
12b9676b00f60f3b700e83af21824c0e,133,1,0.7518796992481203,2017-03-07 22:10:46,2018-08-26 21:55:14,>100
12c2ed9cded6138cf0c75f525f565fc7,4,1,25.0,2017-11-09 19:40:27,2018-08-03 17:21:48,2-5
13074f016982ff2bd6c58ced8682f000,13,3,23.076923076923077,2017-11-02 20:58:23,2018-07-10 16:00:51,6-20
131fcb0a0c9a47bba4474aacff0f14b7,4,0,0.0,2018-06-03 19:44:12,2018-08-09 01:13:45,2-5
1336efc61c316ddf92c899eb817f7cae,74,6,8.108108108108109,2017-01-22 21:42:56,2018-08-16 01:59:55,21-100
134285d1f41da5c13a756ee8142c8a4e,3,0,0.0,2018-06-10 13:27:42,2018-08-16 21:31:19,2-5
134a288e7de827ec5ec62e3ec9c3a295,9,0,0.0,2017-05-01 12:25:44,2017-09-17 21:55:13,6-20
134b867a0f7f8bbe6abf10f91874891e,1,0,0.0,2018-04-19 22:04:20,2018-04-19 22:04:20,1
13511db12ac61e2f89c53b72a944a60b,6,0,0.0,2018-04-23 13:50:35,2018-08-18 19:15:41,6-20
1352e06ae67b410cdae0b2a22361167b,2,2,100.0,2017-04-07 18:12:59,2017-04-07 19:33:15,2-5
1354d51653f645349064725ed204e85e,18,0,0.0,2017-06-05 16:49:45,2018-08-21 08:54:00,6-20
138dbe45fc62f1e244378131a6801526,49,1,2.0408163265306123,2018-05-07 11:11:27,2018-08-24 14:30:31,21-100
139157dd4daa45c25b0807ffff348363,1,0,0.0,2017-08-31 11:09:42,2017-08-31 11:09:42,1
13c2ed7698b3ca92dad49e849219da59,8,0,0.0,2018-01-03 20:20:26,2018-08-02 12:06:05,6-20
13d058e4eeac2ce8217660b2f8a05812,22,2,9.090909090909092,2017-05-13 00:04:32,2018-07-20 20:25:35,21-100
13d95f0f6f73943d4ceffad0fc2cd32c,1,1,100.0,2018-03-13 12:23:51,2018-03-13 12:23:51,1
13dd308f81fea30cc670c656b2b46cc3,3,0,0.0,2018-07-30 23:51:39,2018-08-27 19:32:27,2-5
13e85aac53340018b40c2af68001b7e0,1,0,0.0,2016-10-08 22:41:36,2016-10-08 22:41:36,1
13f57c12a00ed4610db646b913a7f5c6,7,1,14.285714285714285,2017-09-25 10:08:28,2018-05-04 06:35:42,6-20
13fa2a6c6b9d0f43cb588d7c82117a12,9,3,33.33333333333333,2017-06-09 17:38:12,2017-09-27 21:06:35,6-20
141440cad9341e553f8401c574a2aa38,11,0,0.0,2018-05-01 12:22:52,2018-08-14 02:08:11,6-20
1430239a858e7682bbc43b20758af153,17,0,0.0,2017-08-22 16:56:24,2018-08-21 18:22:34,6-20
1444c08e64d55fb3c25f0f09c07ffcf2,1,0,0.0,2018-04-28 12:23:26,2018-04-28 12:23:26,1
1464afc72f696af775557a821c2e253f,29,1,3.4482758620689653,2017-04-12 12:13:43,2018-08-19 09:08:14,21-100
14a08204d03bb6b6bde8029f801ae0eb,28,0,0.0,2018-03-15 20:13:55,2018-08-20 20:02:22,21-100
14d7985702e72162bbf13b6beb74ab2b,37,4,10.81081081081081,2017-03-31 14:40:26,2018-08-17 18:49:15,21-100
14ee35374a7876217954b5fa08e50463,6,1,16.666666666666664,2017-10-04 19:55:43,2018-01-17 11:42:31,6-20
14f2b3587172b9db894c9bad8dab520b,2,0,0.0,2018-03-21 13:01:05,2018-07-14 14:55:43,2-5
152ee17e4c8aaf53dac99f3462e4999b,6,0,0.0,2017-07-14 14:16:10,2017-10-14 11:58:43,6-20
154bdf805377afea75a3bd158e9eab10,1,1,100.0,2018-07-02 18:42:38,2018-07-02 18:42:38,1
1554a68530182680ad5c8b042c3ab563,246,15,6.097560975609756,2016-10-04 14:23:50,2018-08-15 19:30:07,>100
157c3e4b42f81ac4a44e8b1ca2fe9876,23,2,8.695652173913043,2017-10-19 22:49:04,2018-08-16 11:37:32,21-100
1588ac4010787100dddef64568f0ae35,3,0,0.0,2017-12-22 20:35:38,2018-01-18 15:29:09,2-5
15aac934c58d886785ac1b17953ea898,25,3,12.0,2017-10-19 19:59:44,2018-06-26 13:02:55,21-100
15b3b1b81484422eb41df68ac87f1f50,1,0,0.0,2017-11-24 23:01:08,2017-11-24 23:01:08,1
15cd6eefe58588619aaed41dfa6621b1,16,1,6.25,2017-07-17 21:44:27,2018-05-12 17:35:56,6-20
15ead3a5037a918ddb520dfe39a3d2b9,6,1,16.666666666666664,2018-01-22 13:48:41,2018-04-24 09:38:50,6-20
15fa791d5e017f66402dc28c44480657,8,1,12.5,2018-02-16 14:52:20,2018-06-12 21:05:23,6-20
160851d3ece7aa1a510f8d1a4bb8a8af,2,0,0.0,2018-07-29 11:15:05,2018-08-20 15:38:49,2-5
16090f2ca825584b5a147ab24aa30c86,398,32,8.040201005025125,2017-01-31 17:40:36,2018-08-27 22:54:07,>100
160e4f13fd3a64b1b86807be88b5ffb0,4,0,0.0,2017-11-15 19:51:30,2018-02-13 19:14:16,2-5
164a5a8794e6d42e14f55e447b12a3bc,1,0,0.0,2018-07-27 11:24:55,2018-07-27 11:24:55,1
165b1235e9e9942cb5fae67103576fb0,11,1,9.090909090909092,2018-05-20 08:41:02,2018-08-19 07:41:33,6-20
165fc07beebdcb6190fba8a06db2a449,50,4,8.0,2017-08-07 10:21:18,2018-08-14 17:42:23,21-100
1660ad786c27fd935378b6192a90b417,12,1,8.333333333333332,2017-08-17 10:06:55,2018-07-22 17:19:08,6-20
166e8f1381e09651983c38b1f6f91c11,2,0,0.0,2017-07-25 01:53:48,2017-08-21 00:27:44,2-5
167fd940acebc789debd6eb418c46e38,5,1,20.0,2017-11-30 18:26:24,2018-06-04 20:13:34,2-5
1690cada046eb7e92c12f98b1f8a8167,10,1,10.0,2018-04-16 21:52:12,2018-08-10 17:09:47,6-20
16bdc8cefd0e32a6f0824d296c5ad14a,1,0,0.0,2018-04-11 08:22:30,2018-04-11 08:22:30,1
1703bc09972dab9782e7a9194943b69f,1,0,0.0,2018-07-14 17:52:26,2018-07-14 17:52:26,1
1710c3aaa9c6b44ec3883ee0fe300e21,2,0,0.0,2018-04-25 17:22:38,2018-05-02 13:13:23,2-5
17306570e772e7718c92a562d33f5f1d,27,2,7.4074074074074066,2017-02-28 21:17:05,2018-04-18 14:37:49,21-100
173d56ffbd4c56cb80fc3615487d712b,2,0,0.0,2018-08-18 08:27:58,2018-08-20 11:20:51,2-5
1746c1ae87ac63d530c7c943d0ac42e2,1,0,0.0,2017-12-12 22:04:33,2017-12-12 22:04:33,1
1771297ac436903d1dd6b0e9279aa505,28,1,3.571428571428571,2017-01-19 22:41:52,2018-08-17 12:46:57,21-100
1782ce2db72c3dda627d5e7c898104e1,9,1,11.11111111111111,2017-02-06 10:13:04,2018-05-05 16:45:11,6-20
17908cf9b444ee34047cadd5c0f4a516,11,1,9.090909090909092,2017-09-21 21:02:09,2018-08-11 22:01:59,6-20
17998cf586426bf0f2c3726cb0a4b211,2,0,0.0,2017-07-28 04:06:33,2018-01-01 14:06:06,2-5
179d859f51292aac5c10806a356f7af9,18,1,5.555555555555555,2018-06-29 00:34:12,2018-08-10 16:02:36,6-20
17a053fcb14bd219540cbde0df490be0,124,7,5.64516129032258,2017-07-06 12:53:06,2018-08-13 21:46:36,>100
17ca9b9e9b9ef8fdb529001b49ebb50f,115,1,0.8695652173913043,2017-07-11 09:36:46,2018-08-21 12:21:04,>100
17e34d8224d27a541263c4c64b11a56b,247,19,7.6923076923076925,2017-02-16 23:14:15,2018-08-20 11:27:27,>100
17eea220a40cc0d2c0c5346379682398,3,2,66.66666666666666,2017-09-14 10:29:33,2017-09-29 18:39:14,2-5
17f51e7198701186712e53a39c564617,56,5,8.928571428571429,2017-02-04 12:29:21,2018-08-05 09:58:57,21-100
180c3376aff0e43dd5788709df48a843,5,1,20.0,2017-08-11 11:35:58,2018-01-03 17:24:21,2-5
1835b56ce799e6a4dc4eddc053f04066,417,43,10.311750599520384,2017-09-05 23:06:45,2018-08-25 16:36:58,>100
1838dd9b8977065acf51d95e0053ea7a,62,2,3.225806451612903,2017-07-28 09:06:33,2018-08-01 22:15:19,21-100
184725737946a1a938bbbd1a9e978103,3,0,0.0,2018-08-12 23:15:08,2018-08-21 15:56:19,2-5
184a67a8f9f63234d3a92340bbdb727f,7,0,0.0,2016-10-05 19:09:33,2017-11-08 07:52:53,6-20
186cdd1b2df32caa72cfb410bba768d3,6,0,0.0,2018-05-11 11:17:57,2018-08-06 13:16:55,6-20
189ca3538ce9f920cacf0f982cbe223b,4,0,0.0,2018-06-21 19:06:28,2018-08-07 14:50:14,2-5
18a349e75d307f4b4cc646a691ed4216,109,6,5.5045871559633035,2017-08-21 12:54:37,2018-08-26 19:04:40,>100
18e694e0e48ed6f7aa3f24aade5fd697,31,1,3.225806451612903,2018-06-05 19:28:28,2018-08-26 19:07:32,21-100
1900267e848ceeba8fa32d80c1a5f5a8,406,33,8.12807881773399,2017-05-17 22:01:53,2018-08-26 20:06:40,>100
191d55f7edb8524d525ed01b20fe32e8,3,1,33.33333333333333,2017-11-27 23:57:41,2018-01-18 00:19:41,2-5
1927cdb9fa74f5270097f6250e8e8f34,1,0,0.0,2018-08-06 15:47:47,2018-08-06 15:47:47,1
19484c79cef6c062cb177aa4ef2fcc3c,1,1,100.0,2018-08-03 01:50:48,2018-08-03 01:50:48,1
1961c3e1272bfeceb05d0b78b5bbfdaf,2,0,0.0,2018-07-28 23:32:46,2018-08-18 22:35:15,2-5
1976a05ecf2996d6ffb7b5430e635fe7,8,2,25.0,2017-02-25 11:11:52,2017-09-12 16:06:10,6-20
1987cd4be10fe09ee50454f9c354d1c6,14,1,7.142857142857142,2017-10-08 16:38:54,2018-03-02 23:16:28,6-20
198c7ea11960a9844b544d9bcdca860c,25,2,8.0,2017-01-26 13:14:02,2017-08-22 22:19:38,21-100
1996942dc085d7773ba77a529b163cd0,9,0,0.0,2018-05-29 21:30:08,2018-08-15 23:20:59,6-20
19a7c9f66ffa6452ff4b4c0cca71da27,1,0,0.0,2017-09-30 16:14:28,2017-09-30 16:14:28,1
19d62d484cba71963c93f0f00ab42013,1,0,0.0,2018-04-26 16:49:29,2018-04-26 16:49:29,1
19e0f40a907ec568c34bfac15de4f4a1,4,0,0.0,2017-01-31 11:26:49,2017-10-17 10:30:04,2-5
1a3df491d1c4f1589fc2b934ada68bf2,160,6,3.75,2017-04-29 20:57:32,2018-08-15 20:49:33,>100
1a8e2d9c38b84a9702ac7922924b0573,1,0,0.0,2018-02-06 10:54:24,2018-02-06 10:54:24,1
1a932caad4f9d804097d7f8e615baed1,20,3,15.0,2018-05-02 15:14:09,2018-08-22 18:16:55,6-20
1acde099eb406aa220b1169b188b42da,9,0,0.0,2017-09-10 22:32:14,2017-11-06 12:41:01,6-20
1b0b0f4f95e962d6f32fe90c759d0479,2,0,0.0,2017-12-01 12:05:20,2018-08-16 13:45:11,2-5
1b1ae47a313a825a7ccceb8e2e30fa9d,10,0,0.0,2017-10-04 21:39:30,2018-05-07 13:37:30,6-20
1b45169b635ef59425637e9a33eb5fb3,7,0,0.0,2018-02-13 13:27:43,2018-08-15 23:04:04,6-20
1b4b28463457a256e9a784ebe2a8f630,1,1,100.0,2018-08-07 16:49:52,2018-08-07 16:49:52,1
1b4c3a6f53068f0b6944d2d005c9fc89,111,5,4.504504504504505,2017-02-16 17:42:42,2018-07-26 13:09:48,>100
1b61fb1f0f2185d89e9a126c498e9cc7,1,0,0.0,2017-06-23 07:15:39,2017-06-23 07:15:39,1
1b65c144b17e607c0f37f10bb7dfec8d,5,0,0.0,2018-04-20 20:36:31,2018-06-29 11:31:08,2-5
1b7e5006cb25dd23ce8686691013b121,11,2,18.181818181818183,2017-09-30 12:48:45,2018-08-03 13:37:17,6-20
1b8356dabde1d35e17cef975c3f82730,55,1,1.8181818181818181,2017-02-03 16:13:58,2017-11-13 22:06:58,21-100
1b8b75e227c9a9c100d0c210fb6176ce,15,1,6.666666666666667,2017-01-08 20:57:29,2017-11-30 15:39:45,6-20
1b938a7ec6ac5061a66a3766e0e75f90,29,0,0.0,2017-09-22 17:15:55,2018-08-18 18:46:34,21-100
1bb2bdb95f4841f1bba2c0d2cd83d3c9,79,5,6.329113924050633,2017-01-30 18:43:16,2018-08-13 11:43:17,21-100
1bb3812d5f0747a3ab7348f199001a10,9,0,0.0,2017-11-06 23:39:18,2018-08-14 19:46:25,6-20
1bc2e21de46adfea6b98cc96b00f3b40,3,0,0.0,2017-02-06 23:01:32,2017-05-16 10:55:20,2-5
1c129092bf23f28a5930387c980c0dfc,200,9,4.5,2017-10-02 14:50:52,2018-08-11 14:36:54,>100
1c40343cc5d18c2d8248ac2f3366de34,21,2,9.523809523809524,2018-05-28 21:38:55,2018-08-20 21:51:20,21-100
1c56ffe0e9dea2657fc6e95b53f40b13,3,0,0.0,2018-07-23 11:36:26,2018-08-22 21:47:41,2-5
1c5e4e49b9079480255b49d50aac1aa9,12,0,0.0,2017-03-09 18:15:38,2018-08-05 04:43:04,6-20
1c68394e931a64f90ea236c5ea590300,142,5,3.5211267605633805,2017-07-15 11:56:44,2018-08-13 10:39:55,>100
1c742ac33582852aaf3bcfbf5893abcf,1,0,0.0,2018-06-22 16:07:51,2018-06-22 16:07:51,1
1c83418358f249c9d6affa52d579db0e,1,0,0.0,2017-04-29 06:54:41,2017-04-29 06:54:41,1
1ca4bdb0cd7fc48e949bac066188ed26,3,1,33.33333333333333,2018-03-22 14:08:52,2018-07-09 08:54:35,2-5
1ca7077d890b907f89be8c954a02686a,108,18,16.666666666666664,2017-09-15 13:53:55,2018-04-09 17:09:08,>100
1caf283236cd69af44cbc09a0a1e7d32,33,3,9.090909090909092,2017-04-07 12:07:32,2018-07-26 19:41:13,21-100
1cbcd2ee0afb3fc09963b87eb65e7e4f,1,0,0.0,2018-06-18 11:15:23,2018-06-18 11:15:23,1
1cbd32d00d01bb8087a5eb088612fd9c,11,1,9.090909090909092,2018-05-10 14:32:26,2018-08-19 12:31:08,6-20
1cbd50a8c52e6cf8e315c5709fab386f,9,1,11.11111111111111,2018-01-23 12:49:41,2018-07-20 12:28:34,6-20
1cbdc7cf130a41fd13a3c2a7d2fcfda7,2,0,0.0,2018-05-06 11:15:20,2018-07-03 10:46:01,2-5
1cd9e0cc1839d55516843def5600816d,5,0,0.0,2018-06-18 13:34:26,2018-08-19 15:43:09,2-5
1ce3ae5a399804d1a87e706f8a813c3e,40,3,7.5,2017-08-03 11:45:23,2018-08-20 14:45:48,21-100
1d0646a72178a6fb37ee8082140e06ec,2,0,0.0,2018-07-16 14:24:22,2018-08-22 18:52:42,2-5
1d0997ff06b524ce9289ffd75114ecd3,3,1,33.33333333333333,2017-01-27 16:21:48,2017-11-24 09:43:53,2-5
1d139e3a3b14025640d8df1b230aace0,2,0,0.0,2017-09-13 12:24:18,2017-11-19 18:41:04,2-5
1d1bbb8ac1581824986f582583fff01d,4,1,25.0,2018-04-27 10:01:33,2018-08-24 13:59:41,2-5
1d2732ef8321502ee8488e8bed1ab8cd,4,1,25.0,2017-04-19 11:58:54,2018-05-03 16:46:51,2-5
1d29dfba02015238dfbe2449a5eaa361,12,1,8.333333333333332,2017-02-01 09:54:31,2018-05-10 13:09:26,6-20
1d4587203296c8f4ad134dc286fa6db0,40,1,2.5,2017-12-15 11:52:23,2018-08-27 19:29:28,21-100
1d503743d2526f03f0c2c89540ee008c,12,1,8.333333333333332,2018-01-25 15:23:17,2018-07-15 12:57:22,6-20
1d8dbc4f32378d715c717c1c1fc57bae,91,8,8.791208791208792,2017-03-20 16:41:25,2018-06-24 18:49:49,21-100
1d953075c2f0dd990bacf27b83b330f1,1,0,0.0,2018-08-13 11:35:50,2018-08-13 11:35:50,1
1da366cade6d8276e7d8beea7af5d4bf,42,3,7.142857142857142,2017-02-04 17:33:35,2017-12-21 17:43:41,21-100
1da3aeb70d7989d1e6d9b0e887f97c23,261,12,4.597701149425287,2017-03-04 09:55:07,2018-08-21 17:04:34,>100
1dc2de47ee26a0a5b12dc14fd6dc0dea,25,1,4.0,2018-02-01 09:48:31,2018-08-22 14:19:39,21-100
1dcfa3835714681d4ba4a93bc1e0fd41,12,0,0.0,2017-07-27 09:24:18,2017-12-14 00:29:03,6-20
1dd33b8119b3cb1056ed5dc88cd0aaf4,8,1,12.5,2017-11-09 13:49:13,2018-02-14 12:20:44,6-20
1de62b6f2fd96227629786db492433db,2,0,0.0,2018-06-14 21:05:33,2018-08-23 10:43:59,2-5
1dfe5347016252a7884b694d4f10f5c4,20,5,25.0,2017-10-28 15:55:01,2018-04-08 22:20:03,6-20
1e26c56af8d48424e1df0140a2401f83,2,0,0.0,2018-06-13 20:49:57,2018-08-08 11:14:31,2-5
1e47d8b6546eb3a77b1acddcc9406242,1,0,0.0,2017-05-15 08:59:57,2017-05-15 08:59:57,1
1e47defeeadeca0e9a18fa5a9311e735,3,0,0.0,2017-06-13 11:34:47,2017-07-19 16:17:11,2-5
1e483cc5c76fef08d3ca05f9a8af7d01,9,0,0.0,2017-02-09 15:43:30,2017-05-18 12:41:57,6-20
1e8b33f18b4f7598d87f5cbee2282cc2,122,4,3.278688524590164,2017-11-16 13:23:12,2018-08-27 21:27:13,>100
1e8c6a4c538f286aee9573239740a4b4,5,0,0.0,2018-04-10 14:29:06,2018-08-13 23:03:46,2-5
1e9d5a33694bddb76316fd1f54734d20,2,0,0.0,2018-07-18 13:52:51,2018-08-17 11:12:26,2-5
1eade46fba20122dc4aefb379f8c636b,58,7,12.068965517241379,2017-02-13 00:28:28,2018-07-22 22:00:38,21-100
1f1bb1f0859883505541bdd6606193e5,27,3,11.11111111111111,2017-04-05 21:01:30,2018-07-29 20:22:09,21-100
1f2eebc0e970fd3c463e4f5d9652687a,1,1,100.0,2018-08-09 16:06:19,2018-08-09 16:06:19,1
1f50f920176fa81dab994f9023523100,1399,124,8.863473909935667,2017-04-03 22:00:31,2018-08-25 20:10:27,>100
1f7dfad2cb384ea4d2d7e1ffbd78c407,1,0,0.0,2018-05-05 13:16:14,2018-05-05 13:16:14,1
1f7fd2a6fcd5a6fa5d8a4dabc72aaae0,3,0,0.0,2017-04-05 15:15:05,2018-05-07 09:12:36,2-5
1f867308a0ce13133a4e639ff4de0c02,7,0,0.0,2017-09-25 12:07:37,2018-06-02 11:03:09,6-20
1f9ab4708f3056ede07124aad39a2554,76,4,5.263157894736842,2017-01-27 18:00:27,2018-06-02 11:14:30,21-100
1fa2d3def6adfa70e58c276bb64fe5bb,1,0,0.0,2018-08-24 13:04:05,2018-08-24 13:04:05,1
1fbe10c70e30765ed1de86d9f7e98409,2,0,0.0,2018-06-21 10:09:54,2018-07-18 17:25:29,2-5
1fdc574883ef3b33ad41562d93f3a74a,18,1,5.555555555555555,2017-11-26 23:00:00,2018-07-21 13:10:30,6-20
1fe5540d7c1c37a595fefbacd5570d9e,20,1,5.0,2018-08-02 15:58:56,2018-08-16 08:44:24,6-20
1fe61aa5494bd3ae92a2c13e067c810f,1,0,0.0,2017-11-27 12:12:28,2017-11-27 12:12:28,1
2009a095de2a2a41626f6c6d7722678d,8,0,0.0,2017-03-10 12:10:11,2017-10-29 21:01:35,6-20
2039c5e51785b5dde7cf93ccb3b7be2c,1,0,0.0,2018-07-16 13:00:53,2018-07-16 13:00:53,1
204b4e07bddef3c9b317f70189135b22,1,0,0.0,2018-07-27 17:29:41,2018-07-27 17:29:41,1
2059c39f76271d4ca3f15b5ffaccc8b8,12,0,0.0,2017-02-01 13:18:42,2017-09-07 20:12:30,6-20
20611af7866c6068fd5ae1f9dbe15c92,2,0,0.0,2018-07-14 20:11:04,2018-07-16 09:04:15,2-5
2063dd1b9f568df1c16741ea7d3e6adb,3,0,0.0,2017-03-05 20:31:56,2017-11-15 21:27:34,2-5
2075d8cd4dd63ff12df0749a5866bb06,3,0,0.0,2018-08-07 14:02:28,2018-08-10 00:10:24,2-5
2089a6d640999f9b9141ac719b2af596,41,5,12.195121951219512,2017-04-17 07:25:25,2018-06-24 22:09:28,21-100
20a7efa9721046319bdde5d60b6b5365,3,0,0.0,2018-01-08 10:50:24,2018-02-08 14:19:47,2-5
20a8b0dc55da94fe74d112082427c84f,7,1,14.285714285714285,2018-07-31 12:54:10,2018-08-23 11:20:57,6-20
20b54c376b794ed028df09a3cd88e8dc,7,2,28.57142857142857,2017-09-16 17:56:07,2018-06-15 14:30:59,6-20
20cb7c2fde3e5bf10f0bbe7394e1c6a9,31,3,9.67741935483871,2017-03-14 19:26:29,2018-08-21 19:23:38,21-100
20d53aad4fe5ee93a64f8839609d3586,1,1,100.0,2017-11-26 10:19:20,2017-11-26 10:19:20,1
20d83f3ef0e6925fd74bfd59170babf7,40,2,5.0,2017-03-28 22:02:40,2018-08-28 21:10:46,21-100
20f0aeea30bc3b8c4420be8ced4226c0,1,1,100.0,2017-02-05 19:13:56,2017-02-05 19:13:56,1
2138ccb85b11a4ec1e37afbd1c8eda1f,388,18,4.639175257731959,2016-10-04 19:30:28,2018-08-28 13:28:34,>100
213b25e6f54661939f11710a6fddb871,152,10,6.578947368421052,2017-11-21 21:24:19,2018-08-14 07:49:51,>100
213fafb0ca06fb3d5886579c2565791b,3,0,0.0,2018-06-14 15:23:38,2018-08-23 10:23:31,2-5
2156f2671501a81034d7d07f217609d0,21,3,14.285714285714285,2017-09-01 18:28:26,2018-07-26 13:59:29,21-100
217f005bb37ff3aeef5b2ae1788e75ba,2,0,0.0,2017-04-21 20:16:02,2017-05-10 09:00:07,2-5
218d46b86c1881d022bce9c68a7d4b15,382,33,8.638743455497382,2017-01-18 14:56:47,2018-08-22 15:38:10,>100
218f991754f360af9c2daa5e0b8e990c,14,2,14.285714285714285,2017-12-18 18:19:07,2018-08-19 19:09:43,6-20
2199e7fe213c16213bf5d6a7eadc9a5d,24,1,4.166666666666666,2017-01-28 20:09:18,2018-08-20 08:13:17,21-100
21c62b998a043ebe31161d38f84929fc,4,0,0.0,2018-07-16 17:15:06,2018-08-08 22:21:23,2-5
21d59342ba150175ca2aa4f8faddeca6,2,0,0.0,2018-08-09 11:07:40,2018-08-22 14:53:45,2-5
21e83881401b92b49fb09a16d3852291,12,0,0.0,2017-03-09 23:39:26,2018-01-29 16:16:23,6-20
2235cf78d3e2073a88146a9cb60f0dd0,1,0,0.0,2017-11-30 19:12:21,2017-11-30 19:12:21,1
226b05fe067266c59c15dae208213d06,10,0,0.0,2018-03-08 23:14:39,2018-04-12 16:01:28,6-20
228e4c1a0be164f613d41c24345f9d2c,5,0,0.0,2018-05-07 13:31:20,2018-08-10 22:17:45,2-5
229c3efbfb0ea2058de4ccdfbc3d784a,118,2,1.694915254237288,2016-10-05 07:31:49,2018-08-17 15:12:27,>100
22a23e5ac7061fc538cc2a019afaaf16,1,0,0.0,2017-05-18 11:00:04,2017-05-18 11:00:04,1
22c32ec35d0116ef02c281798a25bf8b,4,0,0.0,2018-01-30 05:33:26,2018-02-22 19:15:25,2-5
2305ab43e846518f58dd9d59f3f54e96,3,0,0.0,2018-04-24 13:42:07,2018-06-18 14:46:06,2-5
232a6014e7b10cba61c6c2b2ea6bb4b0,32,1,3.125,2017-02-04 22:38:49,2018-07-20 10:39:19,21-100
23613d49c3ac2bd302259e55c06c050c,69,6,8.695652173913043,2016-10-08 21:12:48,2018-08-19 23:28:25,21-100
236585a4ddb5fea9fa40233e2249ed91,11,1,9.090909090909092,2017-11-05 15:36:10,2018-08-09 23:21:52,6-20
2379bdc3888025689a9deb7b141507d5,9,2,22.22222222222222,2018-01-31 16:57:52,2018-08-03 10:17:53,6-20
238fac594e170b59c6d228f5a4f4f1d9,29,3,10.344827586206897,2017-10-08 10:44:32,2018-08-19 11:25:16,21-100
23a0ffca143a15b9b5bbdb7d552f626a,23,3,13.043478260869565,2018-03-14 19:41:35,2018-08-14 14:23:59,21-100
23c38debaffe4a25a30fdbd9b586a13f,41,5,12.195121951219512,2018-04-02 12:30:02,2018-08-07 08:19:25,21-100
23ca5f678e0b3ea6c630b30fa8bf51ea,6,0,0.0,2017-03-04 11:44:25,2017-05-04 23:14:03,6-20
23d7c96d4a1160db1c726b248601b25a,50,5,10.0,2017-07-20 17:52:10,2018-08-16 09:59:36,21-100
23ff42c4bf1f8f16cddb19d8b972974a,2,0,0.0,2017-09-27 08:01:35,2017-11-17 13:12:47,2-5
240b9776d844d37535668549a396af32,35,1,2.857142857142857,2018-07-17 13:48:59,2018-08-21 14:19:34,21-100
244b04680fdbded0acf5aebd9c92b44a,2,1,50.0,2017-12-12 10:52:09,2017-12-14 18:34:09,2-5
244c2f1bff6afe1f2eaf9bfe9b2aed38,23,2,8.695652173913043,2017-02-07 11:11:30,2018-02-06 08:31:14,21-100
247587846358bb1d2e4c6522020b36fe,1,0,0.0,2018-06-17 22:05:56,2018-06-17 22:05:56,1
2493dc3f20131696a0ecdb9948051a8d,4,0,0.0,2017-01-24 17:09:24,2017-02-07 23:15:25,2-5
249f0e9905a6e06ad6c6bea7547ab9f6,3,0,0.0,2018-06-25 01:10:48,2018-08-03 18:54:39,2-5
24a6daf925d9d591870a66660416de31,2,0,0.0,2018-01-29 09:47:12,2018-05-06 20:33:11,2-5
24c1de8d9551c0b4fbc53317d53efda8,1,0,0.0,2017-02-01 18:41:32,2017-02-01 18:41:32,1
2528513dd95219a6013d4d05176e391a,160,6,3.75,2017-03-22 14:20:09,2018-08-24 11:17:45,>100
2528744c5ef5d955adc318720a94d2e7,5,0,0.0,2017-10-28 12:57:36,2018-06-27 13:33:58,2-5
252e76235acb79183cfca6e34f13337d,3,0,0.0,2017-02-17 16:10:12,2018-06-01 11:54:07,2-5
253c025bab43881055aeecde5e2d8b77,2,1,50.0,2017-11-23 18:36:14,2018-07-10 13:20:17,2-5
253f95b3a0e6983ae18aed49fbc2b845,5,0,0.0,2018-03-21 08:26:56,2018-06-11 11:52:05,2-5
257e61d3251fb5efb9daadddbc2cf7ca,12,0,0.0,2018-04-06 17:16:18,2018-08-15 16:12:57,6-20
258447aad3f7b01e2643c89f64dc5647,1,0,0.0,2018-07-24 19:44:56,2018-07-24 19:44:56,1
259f7b5e6e482c230e5bfaa670b6bb8f,136,2,1.4705882352941175,2017-03-23 14:28:37,2018-08-27 13:59:44,>100
25be943a321c8938947bdaabca979a90,3,0,0.0,2018-05-09 14:54:32,2018-07-28 23:15:29,2-5
25c5c91f63607446a97b143d2d535d31,156,11,7.051282051282051,2017-03-08 08:58:11,2018-03-28 11:26:02,>100
25cf099de44674fde97473224f9d59ab,50,2,4.0,2017-06-06 11:52:48,2018-08-25 21:53:15,21-100
25debeafbce801fdd479539350185eee,5,0,0.0,2017-06-05 10:45:54,2018-04-24 21:18:31,2-5
25e47381a6c510ddeb36084e33b89f0c,16,0,0.0,2017-05-16 18:26:49,2017-06-29 07:53:56,6-20
25e6ffe976bd75618accfe16cefcbd0d,106,3,2.8301886792452833,2016-10-06 19:38:12,2018-06-24 20:26:36,>100
262237171f48e85819065498cac80d7b,4,0,0.0,2017-08-02 08:58:27,2018-08-02 22:27:23,2-5
2646baaf662d4d92ac48f047e35db92d,15,1,6.666666666666667,2018-04-29 22:00:59,2018-08-09 19:37:47,6-20
26562f211dd1364af2a8596dc945e8ae,2,0,0.0,2018-07-10 10:33:17,2018-07-31 17:12:15,2-5
265fdc289dffa9f1ad801c74f7d0de47,1,0,0.0,2018-08-13 12:20:57,2018-08-13 12:20:57,1
26785a546900236d66f2e4197c211158,15,0,0.0,2017-11-22 19:20:46,2018-07-24 17:04:30,6-20
269c5fc9fcadee614364c3620c30a1f9,3,0,0.0,2018-07-31 18:14:02,2018-08-08 21:19:23,2-5
269cff2d3c8d205c11f37a52402ea93b,4,0,0.0,2018-06-28 08:44:49,2018-08-10 18:09:49,2-5
26af45f5dfd967225a832838aa4e24a3,10,0,0.0,2018-01-11 13:15:43,2018-08-22 21:26:03,6-20
26b482dccfa29bd2e40703ba45523702,3,0,0.0,2018-07-31 20:37:46,2018-08-20 08:39:15,2-5
26bad72add1f86e08a776ce4ffdaf1ca,7,0,0.0,2017-09-13 14:44:40,2018-05-21 11:08:51,6-20
26d6bbee02420494d471c9f6436929c0,12,0,0.0,2018-04-05 12:14:30,2018-08-25 19:15:56,6-20
26d8a1c7c75d513045798992ead43aa2,34,3,8.823529411764707,2017-08-17 02:43:54,2018-08-11 20:30:25,21-100
26e13b6ff5b641b329e5524241ee2c93,4,0,0.0,2018-08-01 04:52:56,2018-08-22 18:03:39,2-5
26e2c91ef821e1ff8985f408788fe35b,12,5,41.66666666666667,2018-02-20 09:43:30,2018-07-24 16:11:14,6-20
26e2e5033827d2ba53929f43e03d8ffe,1,0,0.0,2018-08-25 12:50:59,2018-08-25 12:50:59,1
26f6b7ab07be3e9e69ce82a6552efc19,2,1,50.0,2018-08-14 01:00:24,2018-08-15 15:12:34,2-5
270297ead4c65a6cd2593960d2af6b21,17,0,0.0,2017-03-15 19:48:58,2018-08-13 23:03:46,6-20
270572bb714b00531be85e16e1550f26,1,0,0.0,2018-05-24 21:26:55,2018-05-24 21:26:55,1
2709af9587499e95e803a6498a5a56e9,25,3,12.0,2017-02-15 22:32:29,2018-08-26 19:01:18,21-100
270d3ef21830ad0ecf3a6c53d08a533a,5,0,0.0,2017-12-06 14:04:08,2018-04-28 02:23:24,2-5
271b8923c6a549e02d3c9fd1f8c0422b,1,1,100.0,2018-07-30 19:39:13,2018-07-30 19:39:13,1
271c58a1d139c45eaf3316107c6d3a3b,27,2,7.4074074074074066,2018-05-02 13:55:37,2018-08-12 19:17:28,21-100
272f092de69afedd4d2969440b37f18f,25,0,0.0,2017-02-05 23:22:30,2017-10-15 04:15:02,21-100
2745f798279e0ed033addcc1474776d7,32,3,9.375,2017-08-20 22:08:30,2018-05-30 15:04:45,21-100
276677b5d08786d5dce7c2149dcce48b,31,2,6.451612903225806,2018-02-01 21:24:28,2018-08-13 12:23:45,21-100
27a56ff04b34c2ba34ce6ba4d3b9d616,8,1,12.5,2017-04-05 15:45:38,2017-10-13 10:53:47,6-20
282c7480173bb9c01dd41cc739fec010,5,1,20.0,2017-08-07 21:25:10,2017-08-20 16:09:44,2-5
282f23a9769b2690c5dda22e316f9941,98,4,4.081632653061225,2017-07-14 12:12:53,2018-08-23 19:14:36,21-100
28405831a29823802aa22c084cfd0649,6,0,0.0,2018-06-26 16:00:19,2018-08-18 18:29:46,6-20
28872dc528e978a639754bc8c2ce5a4c,1,0,0.0,2018-06-11 22:55:43,2018-06-11 22:55:43,1
289cdb325fb7e7f891c38608bf9e0962,109,2,1.834862385321101,2018-02-21 22:53:10,2018-08-25 14:05:07,>100
28a26ebce31d5918b181ede016fd693b,1,0,0.0,2018-08-13 15:55:29,2018-08-13 15:55:29,1
28c7d8743fbc8679f484868cc0fcaefb,3,0,0.0,2018-05-05 12:40:10,2018-08-10 00:40:57,2-5
28d162ab86bb49d719c32f0ee6186eaa,1,0,0.0,2017-09-19 10:20:27,2017-09-19 10:20:27,1
28ea411b354f14b1a494be4e79f0ce02,6,0,0.0,2017-02-28 13:40:03,2018-01-30 16:34:50,6-20
28f10b1c5e5abb9d4857745bede6147c,28,4,14.285714285714285,2018-04-28 07:47:49,2018-08-17 14:33:23,21-100
28fb0829fd777877cdc350d25cb5bd5b,2,0,0.0,2017-10-29 17:10:13,2017-11-22 21:15:27,2-5
293dee954235e4e4e43f129313625ebe,8,0,0.0,2017-10-11 10:22:56,2018-01-16 16:01:28,6-20
2953ce3a88f5e3c3b696d77fc9e4c8eb,14,1,7.142857142857142,2017-10-01 10:19:07,2018-08-23 17:19:57,6-20
296729ffb9b684050dd24836dac4494a,2,0,0.0,2018-05-10 10:11:34,2018-08-02 19:54:25,2-5
297d5eccd19fa9a83b2630071ff105e4,8,0,0.0,2018-07-19 22:48:13,2018-08-23 09:35:05,6-20
299c89a525fee36c567f4fe72f038100,1,0,0.0,2018-08-08 17:36:33,2018-08-08 17:36:33,1
29c322e3f09f886f8bacbe91dfbd979e,1,0,0.0,2018-08-22 21:26:03,2018-08-22 21:26:03,1
29e6e05b65f93bc224c644319dc52ecf,4,0,0.0,2018-06-28 09:19:36,2018-08-17 22:06:17,2-5
29fe9f200d3fa0c668d2aa1ec7e08dfb,5,0,0.0,2017-06-16 15:16:41,2017-09-03 16:15:17,2-5
2a1348e9addc1af5aaa619b1a3679d6b,48,13,27.083333333333332,2017-01-14 01:16:14,2018-08-02 15:57:13,21-100
2a167ca73899c85001a837d8fb4962f6,2,0,0.0,2018-07-17 13:27:40,2018-07-24 23:09:26,2-5
2a261b5b644fa05f4f2700eb93544f2c,51,8,15.686274509803921,2017-10-16 12:29:49,2018-08-01 16:43:40,21-100
2a50b7ee5aebecc6fd0ff9784a4747d6,1,1,100.0,2017-11-27 21:45:48,2017-11-27 21:45:48,1
2a5b78b41cd05baeac8df54c6606b92c,46,1,2.1739130434782608,2017-07-02 15:37:04,2018-08-15 18:01:23,21-100
2a61c271b1ac763450d846849783e922,17,3,17.647058823529413,2017-09-12 16:17:32,2018-02-16 13:43:28,6-20
2a6fbeaa7ab9e5d59a35841a8da71ce4,30,2,6.666666666666667,2017-03-08 15:46:42,2018-07-01 09:42:35,21-100
2a73cba571d90c694b7caca072ccf6ce,1,0,0.0,2018-07-26 09:13:04,2018-07-26 09:13:04,1
2a7c6c0b0d5efde2bf75ec1e1cec2d41,3,0,0.0,2017-11-14 12:03:44,2017-12-11 14:48:45,2-5
2a7dc43cecabf23403078e2188437d1d,52,3,5.769230769230769,2017-11-03 00:16:32,2018-06-03 10:59:14,21-100
2a84855fd20af891be03bc5924d2b453,155,4,2.5806451612903225,2017-12-28 12:31:49,2018-08-29 14:18:28,>100
2aa3443d7bf9d9bb11133f420d75e083,10,2,20.0,2017-11-14 12:43:54,2018-08-13 01:18:39,6-20
2aafae69bf4c41fbd94053d9413e87ee,2,0,0.0,2018-05-24 15:22:39,2018-07-24 19:04:45,2-5
2addf05f476d0637864454e93ba673d5,12,0,0.0,2017-08-03 14:06:43,2018-03-18 20:29:14,6-20
2b03ac196f5ed62ac483960fe0fa3b65,7,1,14.285714285714285,2017-11-10 10:51:55,2018-05-02 10:48:44,6-20
2b1a40c1daabc6ca280c4b815c101841,22,1,4.545454545454546,2017-01-16 21:18:10,2018-06-16 12:55:53,21-100
2b2fed75b8e5ea3a052fc4c0825da485,3,0,0.0,2017-04-23 15:20:31,2017-07-29 22:32:22,2-5
2b3b9ce054da76a7428df143a567b156,5,0,0.0,2018-06-17 15:59:39,2018-08-19 10:47:22,2-5
2b3e4a2a3ea8e01938cabda2a3e5cc79,52,0,0.0,2017-05-09 09:32:59,2018-07-27 11:21:46,21-100
2b402d5dc42554061f8ea98d1916f148,1,0,0.0,2018-04-28 16:17:34,2018-04-28 16:17:34,1
2b5ed0c9139dae8883a200dfcb272ece,4,1,25.0,2017-04-03 17:25:59,2017-11-06 12:03:52,2-5
2ba91c7ad80ff88b23b7db823b43c233,6,1,16.666666666666664,2018-04-04 12:42:36,2018-08-12 19:57:00,6-20
2bd05d410a8fd26dc4184a15f4f2f588,6,0,0.0,2017-01-27 10:29:59,2017-10-21 11:22:57,6-20
2bdb95a56a36ebbc6640337ac5eac174,1,0,0.0,2017-01-27 22:07:02,2017-01-27 22:07:02,1
2be17df1c49978426251562096c3cc09,16,1,6.25,2017-01-17 16:58:06,2018-06-30 20:39:53,6-20
2bf28e311bba65237358230cabac3f15,7,2,28.57142857142857,2018-04-03 20:28:35,2018-08-12 14:52:42,6-20
2bf6a2c1e71bbd29a4ad64e6d3c3629f,30,2,6.666666666666667,2017-11-02 13:11:26,2018-08-13 19:30:37,21-100
2c00c85d30361cd2ced2969cffbbffa3,1,0,0.0,2018-04-16 19:27:56,2018-04-16 19:27:56,1
2c2c9832d1bb38c5b0034a3b47d313ee,1,0,0.0,2018-07-27 10:44:02,2018-07-27 10:44:02,1
2c3d56f92f360fb89d849b84e8f50eae,7,1,14.285714285714285,2017-10-06 08:49:02,2018-03-23 18:38:45,6-20
2c43fb513632d29b3b58df74816f1b06,3,0,0.0,2018-06-20 21:40:18,2018-07-23 20:50:50,2-5
2c4c47cb51acd5ea5db5e0ae0e26542a,12,0,0.0,2017-09-04 09:26:19,2018-07-29 16:04:47,6-20
2c538755f1ca9540af144f266e70df6c,1,0,0.0,2018-05-12 07:21:13,2018-05-12 07:21:13,1
2c54051840f19eca309a5423cf22df36,2,0,0.0,2017-12-04 00:59:05,2018-04-04 09:52:29,2-5
2c9005d8043aff18b8557ffb7b13cda4,1,0,0.0,2018-05-07 21:00:33,2018-05-07 21:00:33,1
2c9e548be18521d1c43cde1c582c6de8,124,19,15.32258064516129,2017-10-06 17:00:22,2018-08-27 16:17:16,>100
2cb4700db635baa1c0d4f90ed27b6669,2,0,0.0,2017-03-15 23:15:28,2017-03-18 01:58:41,2-5
2cb6eb1b7185064167657fa09f541105,6,0,0.0,2018-02-20 22:32:06,2018-08-03 21:35:53,6-20
2cb98e27ce1c18abdb42209b34c382a7,1,0,0.0,2018-06-19 14:30:42,2018-06-19 14:30:42,1
2d20f1cd18725c91147da0791d498022,1,0,0.0,2018-08-11 14:06:52,2018-08-11 14:06:52,1
2d22fc3089eb907b29ebff50581fb472,3,0,0.0,2018-04-13 17:26:09,2018-04-29 18:43:21,2-5
2d2322d842118867781fc737e96d59a1,8,1,12.5,2018-06-08 10:35:03,2018-08-25 21:20:50,6-20
2d2c62bef4c8ba0dd74e0e228e808539,16,2,12.5,2017-11-20 15:08:25,2018-08-23 13:56:50,6-20
2d34636518ba88f5349b732fcf8ba2e4,1,0,0.0,2018-04-30 20:25:31,2018-04-30 20:25:31,1
2d378dbb39815785238c0139c7647fb7,2,0,0.0,2017-04-13 19:35:02,2017-05-17 09:44:13,2-5
2d42ebcda99fd55f6f4bc2f1ca035d50,10,0,0.0,2018-06-24 13:21:50,2018-08-08 13:20:45,6-20
2d50d6282f8aa2257819a77bfaa0efe0,42,4,9.523809523809524,2017-08-31 13:43:07,2018-08-11 14:31:30,21-100
2d518637f53161b973e01f56ea4bb88e,13,0,0.0,2018-04-13 14:37:55,2018-07-30 20:33:35,6-20
2d8cfba3fcd3170555941605edaa196a,1,0,0.0,2017-03-15 11:41:46,2017-03-15 11:41:46,1
2d9e8987a2ea5cf88dce330249043ff1,2,0,0.0,2018-08-02 13:07:42,2018-08-18 02:42:23,2-5
2dcf93836ae3ce0d7c93e2f10876467a,9,2,22.22222222222222,2018-06-23 14:16:49,2018-08-07 20:29:36,6-20
2dd1fb6f0e42a2243b8a01e40cd41216,3,0,0.0,2017-02-20 08:35:25,2017-04-22 14:49:56,2-5
2dee2ce60de9709b1a24083217181a1f,54,1,1.8518518518518516,2017-07-18 19:49:49,2018-06-28 14:29:37,21-100
2e0dba2da448400b1c11d7b4b22f32a4,7,0,0.0,2017-02-10 11:11:16,2017-05-21 19:21:32,6-20
2e13c71026e1a39ba5cc1b86dcb679aa,24,1,4.166666666666666,2017-12-27 17:38:31,2018-08-23 17:29:25,21-100
2e1a7d075abe038c1b2743005fe42ff1,18,3,16.666666666666664,2017-08-25 15:24:46,2018-05-16 13:24:11,6-20
2e1c9f22be269ef4643f826c9e650a52,161,10,6.211180124223603,2017-07-18 13:44:30,2018-08-24 10:16:19,>100
2e2f44824ab87a0cb961f68bf4073e7f,1,0,0.0,2018-04-02 21:10:31,2018-04-02 21:10:31,1
2e3be8a987a30d7544dbbda6861cc14e,14,1,7.142857142857142,2017-02-07 17:03:30,2018-07-18 21:37:46,6-20
2e7ea2aafec5835e781b21d6d1faf1f1,7,1,14.285714285714285,2018-07-05 18:35:55,2018-08-23 21:46:53,6-20
2e90cb1677d35cfe24eef47d441b7c87,127,16,12.598425196850393,2017-03-08 21:55:07,2018-08-26 17:23:02,>100
2ea0861cc19e94cad86438c984c52da4,6,0,0.0,2018-05-17 14:33:47,2018-07-17 13:32:49,6-20
2eb70248d66e0e3ef83659f71b244378,187,21,11.229946524064172,2018-02-06 14:25:14,2018-07-19 00:41:35,>100
2ec6e37d992a95eaddb3369dcbcc76d9,2,0,0.0,2017-08-18 13:53:01,2017-10-06 15:54:34,2-5
2ee0a0689f2f6a72f35a7cb6033f6e7e,4,0,0.0,2017-11-14 20:08:30,2017-11-26 14:31:13,2-5
2eeb6531ee027a48d401e72bebdd87d3,3,0,0.0,2017-02-07 17:16:26,2017-02-14 19:12:38,2-5
2ef086a599b597572aca4433b7ed6b3d,1,0,0.0,2018-01-11 07:27:07,2018-01-11 07:27:07,1
2f09f7d37a97956d11cc1a7cadd5262b,7,1,14.285714285714285,2017-02-07 17:18:57,2017-09-02 13:22:11,6-20
2f1e7b90e01d9f086cbcb301c0c3d406,1,0,0.0,2017-11-27 23:03:26,2017-11-27 23:03:26,1
2f3d8b4c9e2ee165075331fea3f3095a,1,0,0.0,2017-10-13 10:57:04,2017-10-13 10:57:04,1
2f4b0d3b9634b647d4edee577d7ebb7e,10,0,0.0,2018-01-26 16:15:02,2018-03-10 10:10:19,6-20
2f4b9d112bfa44a214bc6cef085d17c8,5,0,0.0,2016-10-07 10:06:58,2017-04-16 20:08:33,2-5
2f73e04d12cdf0c945ded66bb3fcf6c7,3,0,0.0,2017-02-15 16:27:45,2018-08-19 19:52:18,2-5
2f74af7a0ee5636f12c2336f9fffed47,13,0,0.0,2017-06-04 12:09:58,2017-11-20 18:50:52,6-20
2f9b7ce230a057a98a9f5df5893ee36c,2,0,0.0,2017-05-17 10:45:24,2017-06-18 16:13:28,2-5
2fa13c8bd5705d279f7ed5cc9ec61c68,2,0,0.0,2018-04-20 11:25:54,2018-07-10 17:52:57,2-5
2fb25ab44bdbeae6a4d816e0d0c9d500,5,0,0.0,2017-08-18 01:36:03,2018-06-22 21:40:54,2-5
2fdde51ad3e12f297da656d4fbd5d0b5,9,0,0.0,2017-04-17 19:55:27,2017-10-16 17:03:04,6-20
2ff6b7bff164ef05590a52734e1296da,7,0,0.0,2017-11-01 21:31:57,2018-05-11 09:30:22,6-20
2ff97219cb8622eaf3cd89b7d9c09824,87,3,3.4482758620689653,2018-02-16 17:17:41,2018-08-25 14:09:50,21-100
3076499bbc033a927bf4a8a41bcf7fd4,7,0,0.0,2018-05-03 15:40:43,2018-08-22 11:13:09,6-20
3078096983cf766a32a06257648502d1,56,2,3.571428571428571,2017-05-19 08:15:11,2018-05-09 19:32:24,21-100
30829ded4523ab9224b93bc49a62c95f,18,1,5.555555555555555,2018-01-10 10:50:11,2018-08-23 11:30:04,6-20
3092c0b297aacfb4bb6e056ebe13b9b8,16,0,0.0,2018-01-18 22:44:34,2018-06-29 09:18:48,6-20
30a2f535bb48308f991d0b9ad4a8c4bb,71,2,2.8169014084507045,2017-02-04 15:05:16,2018-07-27 11:20:08,21-100
30a81d8cf85fb2ada1b1b094c9583a95,17,0,0.0,2018-02-22 01:14:05,2018-08-15 10:14:58,6-20
30c7f28fd3a5897b2c82d152bb760c17,6,1,16.666666666666664,2017-04-22 13:55:16,2017-11-28 13:50:19,6-20
312ba1d77e9c332ef21f9598b7f64cd7,7,4,57.14285714285714,2018-01-29 11:36:06,2018-07-23 10:53:28,6-20
31344c16881c08a8a72c6d2eb29918c1,42,2,4.761904761904762,2017-01-26 21:58:21,2018-08-20 12:03:54,21-100
31561f325664a8a7aba4c8d0c3a9b3db,36,0,0.0,2018-06-05 22:51:12,2018-08-17 02:52:51,21-100
318f287a62ab7ac10b703ac37435a231,51,5,9.803921568627452,2017-02-08 15:35:42,2018-08-24 16:38:58,21-100
31ae0774c17fabd06ff707cc5bde005f,11,1,9.090909090909092,2017-05-08 16:25:25,2018-08-25 10:39:56,6-20
31be790e64fc99f8ff48ec2bd18a3104,6,2,33.33333333333333,2018-07-29 23:08:40,2018-08-17 20:53:26,6-20
31da954dc0855f2495c6310f70a2f931,29,2,6.896551724137931,2017-09-10 20:50:42,2018-08-20 13:28:21,21-100
31e60bf8d103ce47932a85f5562deb16,1,0,0.0,2018-07-11 16:07:05,2018-07-11 16:07:05,1
31eec405c9bb71dec8e2629a92e764fa,5,0,0.0,2018-06-27 12:28:47,2018-08-10 13:10:40,2-5
323ce52b5b81df2cd804b017b7f09aa7,29,4,13.793103448275861,2018-01-26 20:51:44,2018-08-02 12:06:07,21-100
324583d68897f5ddbaf38f6248322176,2,1,50.0,2018-02-21 12:09:19,2018-02-25 13:05:21,2-5
325f3178fb58e2a9778334621eecdbf9,36,0,0.0,2017-03-09 10:24:00,2018-01-29 19:18:47,21-100
327b89b872c14d1c0be7235ef4871685,3,1,33.33333333333333,2017-02-03 01:06:06,2017-03-15 14:28:24,2-5
3289d8c3eef4873f91ce0b1343c0dd58,1,0,0.0,2018-05-25 18:44:29,2018-05-25 18:44:29,1
328acb143b4a73aad6bee8e734f5d20d,2,0,0.0,2017-02-06 13:51:28,2017-02-10 14:49:23,2-5
3296662b1331dea51e744505065ae889,1,0,0.0,2018-08-27 12:41:49,2018-08-27 12:41:49,1
32b8764b4ef628b53608fc34011fcc13,36,1,2.7777777777777777,2018-03-06 22:41:47,2018-08-22 08:33:48,21-100
32e5635e63cb374eb63afdd242fb6134,1,0,0.0,2017-08-15 21:29:06,2017-08-15 21:29:06,1
32f1bb9dfa65bc7df5c0d9d95a616be4,4,1,25.0,2018-03-18 23:47:19,2018-08-08 12:09:55,2-5
32f83ffe11cd40f7adcf4eef171f52d9,1,0,0.0,2017-11-19 13:22:29,2017-11-19 13:22:29,1
32fdd5d44ecb43dfd6a24b9369eca144,8,0,0.0,2017-03-22 12:10:36,2017-05-15 13:20:05,6-20
333c4210e76a1aa2ab817b99437e3ff1,2,0,0.0,2018-07-17 19:46:54,2018-08-10 10:31:43,2-5
3340ef1913fb70d28420f6ceb685c339,32,1,3.125,2017-01-18 20:14:17,2017-11-23 16:22:37,21-100
334cab711dee080b079fa5779b584783,11,0,0.0,2018-04-08 13:05:27,2018-08-09 18:06:43,6-20
33576ec5412fb5905d876f12f33bfde6,31,1,3.225806451612903,2017-07-12 23:03:19,2018-06-24 20:40:44,21-100
3361277dc30b7cccdb0c286b24219756,29,2,6.896551724137931,2017-02-11 13:33:12,2018-08-18 18:48:25,21-100
3364a91ec4d56c98e44174de954b94f6,6,0,0.0,2017-04-29 14:34:26,2017-08-29 09:42:04,6-20
33a17d60c64393351ebf1ef860f4e0f2,43,1,2.3255813953488373,2017-07-08 11:40:20,2018-08-14 19:12:16,21-100
33a6f4b1e7cdc205511e76ba1b6e0186,105,2,1.9047619047619049,2018-01-26 10:54:11,2018-08-28 14:32:59,>100
33ab10be054370c254ddfcf0a6253422,4,0,0.0,2018-06-22 16:04:28,2018-08-28 11:51:45,2-5
33ac3e28642ab8bda860a2f693000e78,34,0,0.0,2017-02-09 21:17:20,2018-07-23 11:42:25,21-100
33c51922b6e3c16b24a8f28e5833c99d,18,1,5.555555555555555,2017-12-02 08:50:05,2018-08-01 08:33:57,6-20
33cbbec1e7e1044aaf11d152172c776f,15,0,0.0,2018-04-03 20:15:00,2018-08-18 13:56:19,6-20
33cbda8716511e27e556dff9d8418bf2,5,0,0.0,2017-03-30 14:48:27,2018-06-05 13:29:17,2-5
33d677f27a69b84051204ee4ae76eaca,9,0,0.0,2018-03-17 19:07:43,2018-07-20 19:11:27,6-20
33dd941c27854f7625b968cc6195a552,5,0,0.0,2018-05-27 16:26:55,2018-08-03 00:45:12,2-5
33fd411ed63a7c2f9005e3f065d9f85d,1,0,0.0,2018-04-11 11:52:13,2018-04-11 11:52:13,1
34056b8b55c1775a22af2331670a799c,77,9,11.688311688311687,2017-11-16 13:18:14,2018-08-23 17:19:01,21-100
340636a908b13bbe0f4fb63fbe1d0c03,3,0,0.0,2018-04-06 17:48:33,2018-05-06 11:40:23,2-5
343e716476e3748b069f980efbaa294e,16,1,6.25,2017-04-19 22:03:31,2018-08-10 08:00:25,6-20
3442033154be05bac582e173ef54fd12,1,0,0.0,2018-08-16 21:55:21,2018-08-16 21:55:21,1
344223b2a90784f64136a8a5da012e7f,1,0,0.0,2018-01-17 22:10:43,2018-01-17 22:10:43,1
3442f8959a84dea7ee197c632cb2df15,3,1,33.33333333333333,2017-05-05 16:12:29,2017-08-30 11:47:52,2-5
34675b28b826facfde119785bf287dc1,1,0,0.0,2017-08-01 22:00:44,2017-08-01 22:00:44,1
3481aa57cd91f9f9d3fa1fa12d9a3bf7,25,0,0.0,2016-10-04 09:06:10,2017-08-22 11:02:26,21-100
3492e68f37fd1df87f4f2f2ea247f445,8,0,0.0,2018-05-09 22:09:32,2018-08-08 19:53:48,6-20
34a557286ead8fe75c989e0afcf7d98c,4,0,0.0,2018-05-14 17:20:48,2018-08-18 00:12:08,2-5
34d1ca11b242c0fee2c834ae8d788566,40,0,0.0,2017-03-01 16:21:50,2018-08-07 08:43:58,21-100
34f563c82a85b99ae9e6d60db5fc2e28,8,0,0.0,2018-04-13 15:09:55,2018-08-06 20:19:36,6-20
3504c0cb71d7fa48d967e0e4c94d59d9,53,0,0.0,2017-07-05 09:53:02,2017-11-06 13:48:10,21-100
35281d148dcf7134bae913c57db4e6da,1,0,0.0,2018-07-19 19:38:45,2018-07-19 19:38:45,1
353e21e8bf8de2722b4fae1636664b76,4,0,0.0,2018-02-27 07:38:47,2018-06-16 20:14:00,2-5
35857757f553273b1056c1cabdace7fb,6,1,16.666666666666664,2017-07-24 15:19:05,2018-03-28 00:23:11,6-20
3586b8580d9c917874e053a1bb37b5ff,36,1,2.7777777777777777,2017-05-05 11:25:20,2018-08-12 23:05:02,21-100
35b96509602ec4b7da831b5cd73ff2c2,2,0,0.0,2018-05-08 09:35:12,2018-08-03 19:12:10,2-5
35ef5aa32949680f627efec3c23e705c,4,0,0.0,2017-03-28 09:06:23,2017-07-11 20:54:38,2-5
35fb511489d9ee3ee27a76debce9df06,7,1,14.285714285714285,2017-02-22 18:45:58,2018-04-09 08:57:49,6-20
3606774ec64634822d78dc2db6d37045,1,0,0.0,2016-10-04 23:39:01,2016-10-04 23:39:01,1
365e445f796710c3431557e85caa25db,4,0,0.0,2017-02-01 16:03:51,2017-06-16 13:35:23,2-5
365e4bce19bda0082c3d15d83fdb8bcd,6,0,0.0,2018-01-22 13:52:39,2018-06-29 23:18:47,6-20
36890be00bbfc1cdb9a4a38a6af05a69,13,2,15.384615384615385,2018-06-04 19:51:43,2018-08-19 16:57:32,6-20
36a968b544695394e4e9d7572688598f,148,5,3.3783783783783785,2017-02-22 17:12:07,2018-08-27 16:24:47,>100
36f98ad67cc981f50ce8aed093d5783c,2,0,0.0,2018-07-25 11:04:58,2018-08-01 23:43:21,2-5
37303482a42fb700d8d127e70a9cd6c8,1,0,0.0,2017-12-11 14:52:54,2017-12-11 14:52:54,1
373ee4a3a775a733770ca3f790b8b9ac,13,1,7.6923076923076925,2017-02-06 18:57:19,2018-05-08 14:23:15,6-20
37515688008a7a40ac93e3b2e4ab203f,227,18,7.929515418502203,2017-07-10 22:08:53,2018-07-16 08:50:17,>100
376a891762bbdecbc02b4b6adec3fdda,57,2,3.508771929824561,2017-05-20 00:26:11,2018-05-02 22:17:41,21-100
376d67b61dce0c990155286e7ae486a4,1,0,0.0,2018-03-01 15:29:58,2018-03-01 15:29:58,1
3771c85bac139d2344864ede5d9341e3,26,3,11.538461538461538,2017-05-25 16:39:50,2017-12-12 22:53:35,21-100
377bc18334c78dd2f1535ef22a3ad225,1,0,0.0,2018-08-18 20:59:58,2018-08-18 20:59:58,1
3785b653b1b82de85ab47dd139938091,21,0,0.0,2017-08-24 11:34:24,2018-08-01 22:44:09,21-100
37be5a7c751166fbc5f8ccba4119e043,269,7,2.6022304832713754,2017-05-03 09:01:56,2018-05-21 10:57:22,>100
37dd29b36c458d82f74a953c40c43645,7,1,14.285714285714285,2017-10-08 16:50:45,2018-05-28 13:37:22,6-20
38102b031c2a15e54623d711bfc753d3,8,0,0.0,2017-02-09 11:01:14,2018-02-14 10:32:00,6-20
381c83fdca332ea6afd896da20bf6e4a,46,1,2.1739130434782608,2017-08-17 08:58:53,2018-08-14 07:04:43,21-100
382229d1e840115ffe3dbf5ff460e417,45,3,6.666666666666667,2018-04-14 22:35:36,2018-08-20 17:34:26,21-100
385799a1cddbd26dfeb9157356a42282,4,0,0.0,2017-03-28 16:03:34,2017-09-09 16:16:29,2-5
38874e327ce94d11390b96eb42d61928,6,1,16.666666666666664,2016-10-08 10:31:00,2017-10-27 14:24:24,6-20
389e45560e33d2d0747f949dcddbc08e,1,0,0.0,2018-08-16 21:58:25,2018-08-16 21:58:25,1
38af8acfd46ac4a7bf754e8ca6736664,5,0,0.0,2017-11-27 23:02:54,2018-02-14 11:15:39,2-5
38e679b9e0064cd94c6f035707344dae,27,1,3.7037037037037033,2016-10-06 18:11:11,2018-01-30 07:15:03,21-100
38e6dada03429a47197d5d584d793b41,7,0,0.0,2017-09-06 19:27:08,2017-10-29 11:59:16,6-20
38f276ca6e7cc95a6d1bb55ac9e5550f,1,0,0.0,2017-11-26 18:08:38,2017-11-26 18:08:38,1
3903c788ded8dc03b5ebab37a2f3e9a1,5,1,20.0,2018-05-25 12:51:58,2018-08-05 14:00:06,2-5
391bbd13b6452244774beff1824006ed,1,1,100.0,2018-03-05 11:05:50,2018-03-05 11:05:50,1
391fc6631aebcf3004804e51b40bcf1e,521,45,8.637236084452974,2016-10-06 00:06:17,2018-08-25 20:13:35,>100
392353362d22cc2c236e1ee81ff19890,5,0,0.0,2018-04-13 22:12:39,2018-08-22 21:48:00,2-5
392e0502231ae2f8b29994ef6398cd77,17,2,11.76470588235294,2017-01-09 21:40:42,2018-03-04 13:42:37,6-20
392f7f2c797e4dc077e4311bde2ab8ce,2,0,0.0,2018-08-20 21:10:45,2018-08-21 10:10:40,2-5
3935fe5fe0f82787a9dcb8deb62be09d,16,2,12.5,2018-04-17 09:59:30,2018-08-24 16:08:33,6-20
3968920b9aa752ab98f7d5888c9252f2,8,1,12.5,2018-05-03 19:10:38,2018-08-06 16:19:52,6-20
3969863bb8af7f72580b3b1ffd3a17b3,12,0,0.0,2017-11-25 00:32:14,2018-08-14 16:18:52,6-20
397c4d0c005b6f41f90098ac724e28cb,5,2,40.0,2018-04-09 21:35:35,2018-08-04 14:32:55,2-5
3985a3c45be355a4c57fde108bfabd1c,7,0,0.0,2017-01-27 00:34:10,2017-06-19 15:25:29,6-20
3986c0b54f6b748b75e7bd4e092aa3e5,1,0,0.0,2018-08-17 19:54:45,2018-08-17 19:54:45,1
398cb257329ef7af7f1943a8974a3cbc,1,0,0.0,2018-07-20 09:42:40,2018-07-20 09:42:40,1
39a5005f2605cbdb4f9ac14485cabfd1,3,0,0.0,2018-06-27 10:45:14,2018-08-04 13:18:33,2-5
39c763cca83e654764b7a4a650fb9b7c,11,2,18.181818181818183,2017-09-14 20:57:31,2018-07-27 20:36:45,6-20
39d54ff918774174706fb065d7f9dc07,22,2,9.090909090909092,2017-11-25 17:36:18,2018-07-24 09:09:25,21-100
39d61be7a92eb77b7da367bd4845bc0e,7,0,0.0,2018-03-21 20:35:30,2018-08-07 14:24:03,6-20
39f776d2974049026ff531fc42ef2a3e,3,0,0.0,2018-01-12 18:17:38,2018-04-25 18:57:38,2-5
3a1a1fec38dd360f15fc912e821e169d,15,4,26.666666666666668,2017-10-28 12:12:48,2018-05-05 16:21:56,6-20
3a3c180dd702a725bd0ba4117689239e,1,0,0.0,2018-05-04 20:19:38,2018-05-04 20:19:38,1
3a3e46d10f74d8a6ca76e2b538f106a0,2,0,0.0,2018-02-05 16:41:52,2018-05-25 22:04:28,2-5
3a4127e1ba7208ea37044c5092aae170,5,0,0.0,2018-04-19 07:58:35,2018-07-13 14:48:56,2-5
3a490ba60afa30ece0e7d50cfe74a4f0,8,0,0.0,2017-04-12 23:50:54,2017-12-18 18:30:40,6-20
3a52d63a8f9daf5a28f3626d7eb9bd28,1,0,0.0,2017-02-01 08:42:43,2017-02-01 08:42:43,1
3a734b715d333a2588a3d54a0c9b8746,15,1,6.666666666666667,2017-08-04 10:08:27,2018-01-14 20:54:13,6-20
3a79f35a2344ede41af21267f61d5ec6,1,0,0.0,2017-11-16 13:40:29,2017-11-16 13:40:29,1
3aa3c89ae3cd482385568be76120f63c,1,0,0.0,2018-06-07 22:36:29,2018-06-07 22:36:29,1
3ab971ce71839580d2ae5b4e40fe8044,35,2,5.714285714285714,2018-06-03 17:41:43,2018-08-20 14:25:47,21-100
3ac588cd562971392504a9e17130c40b,1,0,0.0,2018-08-17 21:08:06,2018-08-17 21:08:06,1
3ade81dab5a172b88e1871c28ae05260,28,3,10.714285714285714,2017-10-06 09:42:10,2018-08-25 12:54:41,21-100
3afc536624bc2e65bddfb5db33cc01f3,6,0,0.0,2018-01-23 17:56:14,2018-06-12 10:55:06,6-20
3b15288545f8928d3e65a8f949a28291,101,7,6.9306930693069315,2017-03-22 14:09:46,2018-08-13 16:57:13,>100
3b18f9856c6eb2413eafedb58e9eecd9,1,0,0.0,2018-04-11 15:33:25,2018-04-11 15:33:25,1
3b872fd4747f01cc56206f2934198618,25,4,16.0,2017-11-27 16:23:47,2018-08-21 14:08:51,21-100
3bb32fedaa74e4ad20f4ce067733bd31,2,0,0.0,2018-08-03 13:32:54,2018-08-05 20:48:32,2-5
3bb548e3cb7f70f28e3f11ee9dce0e59,46,0,0.0,2017-03-05 14:10:40,2018-08-09 12:13:17,21-100
3bdff180c7e1f6551a643b99c265a120,56,1,1.7857142857142856,2017-02-01 17:39:57,2018-04-17 16:37:44,21-100
3be5841cdcc46de4ed3f9116f104b2c5,4,0,0.0,2017-01-24 21:16:50,2017-02-12 21:41:09,2-5
3be634553519fb6536a03e1358e9fdc7,80,6,7.5,2017-07-09 11:27:14,2018-08-27 21:36:16,21-100
3bfba5a77604f6dfae7e6dd7aaf65821,4,0,0.0,2018-08-09 19:54:54,2018-08-21 20:50:17,2-5
3c010235b7345c92f125d14ee232a76b,15,0,0.0,2018-07-02 13:16:53,2018-08-15 11:37:45,6-20
3c03b12bab54d8b37d79d914bfdb1aa0,37,6,16.216216216216218,2017-12-23 22:45:28,2018-08-24 11:09:05,21-100
3c3017960b2dbd72711a61f0400aab8f,9,0,0.0,2017-01-28 17:57:35,2017-04-05 17:01:38,6-20
3c487ae8f8d7542beff5788e2e0aea83,30,1,3.3333333333333335,2017-08-09 15:42:26,2018-08-17 15:27:40,21-100
3c4e0452bff7a2a788179488d3d77032,32,1,3.125,2017-12-05 10:08:56,2018-03-23 17:33:12,21-100
3c7c4a49ec3c6550809089c6a2ca9370,139,8,5.755395683453238,2017-09-04 12:14:07,2018-08-18 21:48:53,>100
3c88ed2e76a2247933a15daa7161eb1c,1,0,0.0,2018-02-01 21:45:16,2018-02-01 21:45:16,1
3ca08eeb8d5595949fed424bd3677742,13,0,0.0,2017-05-11 16:20:58,2018-01-08 13:00:00,6-20
3cfa1358a6caa965278721344c8d76f2,5,0,0.0,2018-04-18 13:37:54,2018-06-13 21:59:30,2-5
3d01d1c414c44b5943a09619ff3853cb,4,0,0.0,2017-07-05 18:43:41,2017-07-12 20:36:42,2-5
3d0cd21d41671c46f82cd11176bf7277,9,0,0.0,2017-08-08 20:26:31,2018-08-06 14:38:01,6-20
3d2400ac620cffa23ac81bd192f7f555,1,0,0.0,2018-08-13 13:36:05,2018-08-13 13:36:05,1
3d2531eccfbde1d7c8db7a3a12fb267a,10,0,0.0,2018-04-24 10:19:45,2018-08-19 18:34:21,6-20
3d290fe363c60a77498c1126fd3fb8d3,3,0,0.0,2017-03-11 21:54:43,2017-06-03 15:23:13,2-5
3d39fbf22a665714baf62fae36029e23,8,0,0.0,2017-01-14 21:28:46,2017-11-25 00:10:03,6-20
3d3ccf2b2f8134b10dce9dd446f0e075,3,1,33.33333333333333,2018-06-20 21:14:59,2018-08-10 11:48:43,2-5
3d4824f20035949c710eaf111f869d39,8,1,12.5,2018-06-04 19:07:48,2018-08-23 00:20:45,6-20
3d49bfdd1b43a7fe169b3740067acc61,3,0,0.0,2018-06-30 01:23:27,2018-08-22 13:57:22,2-5
3d4b1ae7539303b5704493798893e82c,6,0,0.0,2017-12-06 20:43:07,2018-02-28 16:31:53,6-20
3d5d0dc7073a299e31fa718ce1bc00b6,21,1,4.761904761904762,2018-06-13 15:23:50,2018-08-06 19:55:49,21-100
3d621842b2ed28e2b474132480edac3c,8,0,0.0,2017-08-01 22:04:23,2017-11-30 20:18:51,6-20
3d62f86afa7c73be2628a3be1423f5a0,2,0,0.0,2017-12-13 21:25:36,2018-01-09 21:50:02,2-5
3d68c634a99a1ba46dbca3967a69c623,2,0,0.0,2018-07-22 15:43:14,2018-08-02 12:07:27,2-5
3d700782d7818f2c1e0d7a9e9d75fc00,3,1,33.33333333333333,2017-04-23 20:56:12,2017-07-11 14:20:11,2-5
3d871de0142ce09b7081e2b9d1733cb1,1064,58,5.451127819548872,2017-03-05 12:29:19,2018-08-26 12:28:39,>100
3d8fa2f5b647373c8620330c4e077a9f,42,1,2.380952380952381,2018-04-30 14:17:06,2018-08-15 14:57:55,21-100
3da38366e7bd9baf6369071f782ecdf0,1,1,100.0,2018-01-04 13:37:09,2018-01-04 13:37:09,1
3db66a856d18a9cba7c9241fc5221c50,94,10,10.638297872340425,2017-04-20 17:15:47,2018-08-21 12:20:32,21-100
3dbbce181edfaa4a597ec858c382d2ec,17,1,5.88235294117647,2017-04-17 10:11:29,2017-12-11 19:56:32,6-20
3dc69bf2c42f0568a5c4791ec3fd3745,1,0,0.0,2018-02-16 14:01:10,2018-02-16 14:01:10,1
3ded4e2d5f135cb103e5949d7263d2dd,1,0,0.0,2018-02-15 15:37:34,2018-02-15 15:37:34,1
3df020b72d3d44b3af9d110fa3940b65,55,5,9.090909090909092,2017-07-14 12:40:11,2018-08-19 23:12:41,21-100
3dfd3dc96f7f8598eca74e9ac8a2fa31,6,1,16.666666666666664,2017-11-13 12:02:55,2018-06-16 16:39:47,6-20
3e35a8bb43569389d3cebef0ce820f69,1,0,0.0,2018-04-12 19:47:40,2018-04-12 19:47:40,1
3e46a38ee171c503c3b4a3f23fe3bf0c,1,0,0.0,2018-06-22 13:20:40,2018-06-22 13:20:40,1
3e51f9cbe317bc3a88f2c76583811ee4,1,0,0.0,2018-08-14 00:22:06,2018-08-14 00:22:06,1
3e8bd881d92466e63ba9e3e809cd3c50,8,2,25.0,2018-02-16 17:13:02,2018-04-25 20:58:05,6-20
3ea00e1dea2b0659dbaf654735929220,7,0,0.0,2017-02-22 16:04:36,2018-03-14 23:13:24,6-20
3ea08c48e851106d2f584349daba335f,1,0,0.0,2018-06-13 21:43:00,2018-06-13 21:43:00,1
3ef37b7ca6dd2b80bd8af81a62504996,2,0,0.0,2017-03-02 18:58:10,2017-09-01 16:25:37,2-5
3f0e48d209018b466fcd3bb4ccfeb520,9,0,0.0,2017-08-02 14:10:38,2018-01-21 16:56:40,6-20
3f2af2670e104d1bcb54022274daeac5,6,1,16.666666666666664,2017-09-29 08:52:58,2018-05-19 23:15:03,6-20
3f3486b61f45078d4f31ee5e43d8c5bb,39,4,10.256410256410255,2017-12-04 19:22:50,2018-08-17 10:48:14,21-100
3f8034bfc6b8b4135534975d49f04c63,11,0,0.0,2017-01-18 10:42:05,2017-05-24 09:05:17,6-20
3f84fefc07dc159b268d4a77d3e8c425,3,0,0.0,2018-05-07 10:20:46,2018-06-29 23:02:53,2-5
3f995f07c49d0d55a99d5c54957f7d81,43,1,2.3255813953488373,2017-04-13 13:13:48,2018-08-20 23:06:39,21-100
3f9be91358837bff69df67edfa3e42e8,7,0,0.0,2018-03-30 11:29:18,2018-05-12 18:04:04,6-20
3f9c56764fabca627406093dcb3ef0b4,7,0,0.0,2018-01-22 09:47:40,2018-04-24 18:02:40,6-20
3fac58ce0ad699020c7944d53c41329c,10,0,0.0,2018-05-31 13:16:15,2018-08-20 22:29:55,6-20
3fadb4cba4c35bce6a7eaf9872d5623a,3,0,0.0,2017-04-07 20:18:18,2017-05-31 22:12:33,2-5
3faf68a3b0af94b10bac70d86077be49,7,0,0.0,2017-02-04 22:19:45,2017-05-02 06:29:43,6-20
3fd1e727ba94cfe122d165e176ce7967,35,7,20.0,2017-12-01 22:57:13,2018-04-04 08:20:22,21-100
3fe7120d6257285ac6a3ce7cb071ccec,2,0,0.0,2018-01-05 09:35:30,2018-01-10 14:04:29,2-5
3fefda3299e6dfaea3466ef346a3571a,1,0,0.0,2017-08-11 10:15:22,2017-08-11 10:15:22,1
4003520d80d0bad1d5623f7aa3c63cda,1,0,0.0,2017-09-26 20:50:49,2017-09-26 20:50:49,1
402916f742e5c740cc751493d9cf5053,9,0,0.0,2018-08-05 20:23:26,2018-08-24 09:26:31,6-20
403aa86912527d730337ffcb0fb096ab,11,0,0.0,2017-01-30 13:13:59,2017-11-15 14:31:58,6-20
4049512728d969bec69f84088b012416,7,0,0.0,2017-04-23 22:08:43,2018-01-31 23:46:01,6-20
404e1ba01358af4cd63f679b2c4d1fa1,8,0,0.0,2017-08-21 01:07:46,2018-08-16 12:36:06,6-20
406740ee611378a662d274c7d8c43c4a,8,1,12.5,2018-03-08 17:10:28,2018-04-13 13:04:33,6-20
406822777a0b9eb5c50e442dd4cd3ec5,44,5,11.363636363636363,2017-10-30 16:01:24,2018-08-23 00:07:26,21-100
4091f77d8c768fc3e81c20761471761d,8,2,25.0,2018-01-06 14:14:53,2018-08-07 09:12:17,6-20
40d54b51e962dbe09cabbcfd33298dee,30,0,0.0,2017-07-08 14:21:09,2018-08-25 14:20:27,21-100
40db9e9aa57f7bb151bcda6b0f9bdbb7,12,1,8.333333333333332,2018-02-09 09:48:04,2018-08-17 16:07:20,6-20
40ec8ab6cdafbcc4f544da38c67da39a,2,0,0.0,2018-08-01 22:00:33,2018-08-10 13:24:35,2-5
411f3b52d857390502ee4e4d5ceabc2d,21,2,9.523809523809524,2018-04-09 18:48:29,2018-08-22 01:27:49,21-100
4125d9385a25e82d2f72d3a0fd55bc3f,1,0,0.0,2018-08-01 16:28:34,2018-08-01 16:28:34,1
412a4720f3e9431b4afa1476a1acddbe,21,1,4.761904761904762,2017-09-10 21:12:43,2018-08-13 21:49:33,21-100
4170f6a9367e6b5d6401d03ce6d54569,4,1,25.0,2017-10-20 16:51:47,2017-12-20 00:40:45,2-5
417a1e6c7321084d2a0ae0d023cfad93,1,0,0.0,2018-01-31 12:13:17,2018-01-31 12:13:17,1
41958cbd3335433c8740300e8cd600d5,1,0,0.0,2018-06-04 19:22:19,2018-06-04 19:22:19,1
41ab63a91b8b264e8c8780368bf1dd5b,12,0,0.0,2017-10-05 23:06:13,2018-07-12 09:28:43,6-20
41b14765bd56c8ad10971074380f9c0c,8,0,0.0,2018-03-20 14:33:00,2018-07-29 00:48:48,6-20
41b39e28db005d9731d9d485a83b4c38,187,9,4.81283422459893,2017-01-19 15:21:44,2018-08-20 14:19:56,>100
41b86b552e54e3a7009596125aa8b167,10,0,0.0,2017-03-20 18:47:14,2017-04-09 19:12:02,6-20
41c2bad7229b0c25e6becf179ebf63ff,20,0,0.0,2017-11-27 23:23:49,2018-07-20 21:11:30,6-20
41c9d3997dd3c072c31139dc5bb5761f,3,0,0.0,2017-01-27 12:31:05,2017-03-05 14:28:33,2-5
41da412d33e8da4f22baf55cb1bde82c,15,0,0.0,2018-01-24 19:13:01,2018-06-20 08:46:31,6-20
41e0fa5761c886a630994a55c12087e7,5,0,0.0,2018-04-03 16:31:37,2018-06-14 20:24:49,2-5
4200ddf1967c5e41e48db62bc6d4b5ac,22,1,4.545454545454546,2017-08-20 19:18:04,2018-04-18 14:22:18,21-100
4221a7df464f1fe2955934e30ff3a5a1,5,0,0.0,2018-06-27 20:35:02,2018-08-13 12:29:00,2-5
422be4cc81a457fdb46f47edeb968ae5,1,0,0.0,2017-01-26 16:20:32,2017-01-26 16:20:32,1
427165bf50f8ca07efc7bdc2bfcf1688,5,3,60.0,2018-04-05 22:19:06,2018-04-26 18:02:59,2-5
42b6488f5b8246d9141712abd4b1b693,2,0,0.0,2018-04-12 20:51:03,2018-08-14 19:10:40,2-5
42b729f859728f5079499127a9c2ef37,103,8,7.766990291262135,2018-01-09 22:55:44,2018-08-23 13:23:25,>100
42bde9fef835393bb8a8849cb6b7f245,34,1,2.941176470588235,2017-07-06 20:25:32,2018-08-19 18:19:11,21-100
42d4b7e70819438f5ada61c965e92d7e,1,0,0.0,2018-03-20 14:07:40,2018-03-20 14:07:40,1
42ef3192a9ff87a22d1867b74b3ee205,23,0,0.0,2018-01-02 22:14:43,2018-08-02 19:25:36,21-100
42fa4ee7240e9b8eb4576358ec142ba7,22,0,0.0,2018-02-04 10:58:23,2018-07-09 11:28:58,21-100
42fb44130ac3134cde8e35cf8ec7df25,2,0,0.0,2017-03-22 11:40:21,2017-03-23 16:19:43,2-5
430315b7bb4b6e4b3c978f9dfa9b0558,19,1,5.263157894736842,2018-01-09 23:49:14,2018-08-06 10:23:00,6-20
4305fe92735c8a43d154ff6dd2b8d927,17,0,0.0,2017-07-26 17:16:18,2018-08-25 20:26:35,6-20
431050a06a317f2b38168dec3dcd2b46,10,0,0.0,2018-04-28 23:02:40,2018-07-31 14:01:47,6-20
431af27f296bc6519d890aa5a05fdb11,116,16,13.793103448275861,2017-04-26 18:11:15,2018-07-31 18:46:13,>100
4324dd16853115efb0fd9d0d131ba6f4,12,1,8.333333333333332,2017-05-31 08:51:45,2018-03-06 11:51:44,6-20
432c37c9dfba871172ec162e20118b8c,44,4,9.090909090909092,2017-03-02 14:06:01,2018-04-12 22:26:18,21-100
432c67955c0acd1fd6b0b5d678766a71,1,0,0.0,2016-10-08 18:39:08,2016-10-08 18:39:08,1
43402bdf22aa2310e8f99e2f94f78628,4,0,0.0,2018-05-14 18:13:58,2018-06-28 00:15:39,2-5
4342d4b2ba6b161468c63a7e7cfce593,2,1,50.0,2018-05-19 23:44:09,2018-07-25 11:21:39,2-5
436bf27f2f18474fc6047702e9f8a866,1,0,0.0,2017-01-18 12:51:23,2017-01-18 12:51:23,1
4371b634e0efc0e22b09b52907d9d469,101,7,6.9306930693069315,2017-06-16 13:58:31,2018-08-13 18:15:19,>100
43753b27d77860f1654aa72e251a7878,1,0,0.0,2017-09-08 12:12:48,2017-09-08 12:12:48,1
4391ea5c5990502176a1dcda44a2373d,3,0,0.0,2017-10-15 19:48:23,2018-05-16 10:02:45,2-5
439a47cc365d6e3bd526812ea9de3c29,8,0,0.0,2017-08-21 15:37:43,2018-07-05 01:16:37,6-20
43a1d4bab73b816e44ef4e4facd9f9b5,1,0,0.0,2017-02-20 16:17:04,2017-02-20 16:17:04,1
43a5d4a57af536fddc96d08be3afdfcb,1,0,0.0,2017-06-14 20:17:04,2017-06-14 20:17:04,1
43b2c864251aa0ce4030c746984e088a,2,0,0.0,2018-07-28 15:35:20,2018-08-23 12:49:42,2-5
43f8c9950d11ecd03a0304a49e010da6,41,2,4.878048780487805,2017-07-27 10:31:56,2018-05-29 19:22:17,21-100
44073f8b7e41514de3b7815dd0237f4f,142,5,3.5211267605633805,2017-02-22 23:49:42,2018-08-08 18:12:16,>100
440dd6ab244315c632130ecfb63827b1,91,12,13.186813186813188,2016-10-04 13:16:57,2018-08-04 14:55:00,21-100
443d880f15cbd3572885e1d44bf2c478,1,0,0.0,2017-07-21 09:28:29,2017-07-21 09:28:29,1
4450bd8327d471c4a11a83d1445b1b62,1,0,0.0,2017-04-11 06:33:17,2017-04-11 06:33:17,1
446cc09cdbb130904da114e807dbec40,3,0,0.0,2018-03-06 12:22:00,2018-06-04 00:18:20,2-5
44717f64ec2a457979cf83c429077666,2,0,0.0,2018-08-01 00:48:09,2018-08-18 22:35:00,2-5
447d377bdb757058acb569025ee18a93,1,0,0.0,2018-02-02 18:46:41,2018-02-02 18:46:41,1
44ed138eca6214d572ce1d813fb0049b,2,0,0.0,2018-08-08 00:43:30,2018-08-21 09:31:11,2-5
44f091b5abab8018f682fce8124b85e5,3,2,66.66666666666666,2017-09-11 07:12:41,2017-11-13 11:16:06,2-5
45213867cefbf2cd4c6177e10216a951,14,1,7.142857142857142,2017-01-27 18:16:50,2017-10-11 11:41:40,6-20
4559697a8f7e637227c2eeaed843baff,39,3,7.6923076923076925,2017-02-14 16:20:34,2018-06-27 12:45:26,21-100
455befea1bb853c75ccbca94cff26e5c,1,0,0.0,2018-06-07 08:36:30,2018-06-07 08:36:30,1
455c5640e8c5bd1b2ee85c0158f85727,8,0,0.0,2018-02-15 13:43:21,2018-05-14 23:49:10,6-20
455f46ef09a9e45667e2981df84b5cc2,1,0,0.0,2018-08-07 21:26:48,2018-08-07 21:26:48,1
457fe919b032a3f7dadba6fb92cf7855,9,0,0.0,2018-05-02 18:19:06,2018-08-06 14:48:29,6-20
458c6fa920810ce2492da71bc26d9eec,2,0,0.0,2017-12-12 12:05:08,2017-12-21 15:09:09,2-5
458d868c9642f55f18f04e951a3fdde6,2,0,0.0,2017-05-31 18:30:10,2017-08-01 10:25:49,2-5
45a3d05fb00435e52a28859dd03703b3,1,0,0.0,2017-02-03 18:08:16,2017-02-03 18:08:16,1
45ba18c210d42734ec52c0c1c574e9ee,35,2,5.714285714285714,2018-04-03 00:54:42,2018-08-23 19:03:09,21-100
45c20d94d9171b0bcfab3c955e47d67b,4,0,0.0,2017-05-05 13:35:44,2017-08-30 17:53:35,2-5
45d33f715e24d15a6ccf5c17b3a23e3c,56,3,5.357142857142857,2016-10-03 21:13:36,2018-08-17 08:06:17,21-100
461ff5303b6c9c1a4a07f40c5aece516,3,0,0.0,2018-02-23 11:35:10,2018-07-14 19:34:45,2-5
466222e777149751370e7e98fb623b0c,1,0,0.0,2018-08-06 23:14:27,2018-08-06 23:14:27,1
4677a5437afda5fa7140b927b07be1cc,11,1,9.090909090909092,2018-04-13 16:52:01,2018-08-09 14:20:29,6-20
46dc3b2cc0980fb8ec44634e21d2718e,503,29,5.7654075546719685,2016-10-04 21:25:32,2018-08-17 22:29:33,>100
46ef1a25845fc051c2998d878354810c,5,0,0.0,2017-09-13 22:26:26,2018-08-17 21:23:04,2-5
4736e9d642ef4257cd7622516931eb51,16,0,0.0,2017-11-16 15:50:27,2018-08-25 17:37:28,6-20
47648caee88ccfe951fbb27fbf7b4cbe,3,1,33.33333333333333,2018-04-03 09:43:42,2018-05-21 19:01:41,2-5
478bfe564db21eeb44386606aa30b650,3,0,0.0,2017-10-08 20:24:03,2017-12-27 19:51:59,2-5
47efca563408aae19bb7206c2d969ea9,11,0,0.0,2018-01-05 08:26:03,2018-08-23 20:49:24,6-20
47f55702f598c7c6cc8458b0fbc1c49a,1,0,0.0,2017-09-15 09:57:51,2017-09-15 09:57:51,1
48162d548f5b1b11b9d29d1e01f75a61,66,1,1.5151515151515151,2017-01-26 11:09:00,2018-08-17 12:16:27,21-100
4830e40640734fc1c52cd21127c341d4,204,10,4.901960784313726,2017-07-25 17:24:33,2018-08-27 17:32:01,>100
48328ec9a579151d9cc6a86d4a59336c,1,0,0.0,2017-09-19 14:23:31,2017-09-19 14:23:31,1
483ca627d131e18f988349b1655c0acd,1,0,0.0,2018-03-27 16:37:34,2018-03-27 16:37:34,1
48436dade18ac8b2bce089ec2a041202,134,10,7.462686567164178,2017-03-15 09:19:06,2018-08-18 21:19:10,>100
485452467ff670447e84a8370c3fc898,3,0,0.0,2018-02-02 14:32:10,2018-03-01 22:20:35,2-5
4867209cb29b56b92893d7bde3ce8012,1,0,0.0,2018-06-16 16:05:44,2018-06-16 16:05:44,1
4869f7a5dfa277a7dca6462dcf3b52b2,1124,118,10.498220640569395,2017-03-14 10:20:54,2018-08-24 19:42:51,>100
48985c61529077fa4f1e38bcff0f2ed3,7,0,0.0,2017-01-31 08:37:02,2017-08-01 13:29:51,6-20
48b6c3f4c6a93171da04b75313f2130f,2,0,0.0,2018-03-09 18:08:44,2018-04-25 12:58:56,2-5
48bad451945f5227341793478d6353ea,3,1,33.33333333333333,2017-02-16 19:36:07,2017-12-26 12:19:08,2-5
48e5ee06fb2dc74df1c711a9b6dfac2a,1,0,0.0,2018-02-03 13:49:34,2018-02-03 13:49:34,1
48e954b2da4f6a750c844173b347ed40,2,0,0.0,2018-04-09 21:04:43,2018-05-07 14:28:20,2-5
48efc9d94a9834137efd9ea76b065a38,33,0,0.0,2016-12-23 23:16:47,2017-01-26 10:00:37,21-100
48fb026ed7455a42f5d3e9390ed5088e,9,0,0.0,2017-05-24 12:42:59,2017-08-27 23:02:04,6-20
49067458c68f7701fd334ce326accbe0,17,0,0.0,2017-09-27 16:49:41,2018-08-17 20:47:06,6-20
4917cee8d902e13428c3ec4b1ca6f315,31,1,3.225806451612903,2017-05-21 10:32:54,2018-08-17 01:48:47,21-100
491a5ada3aa1678414e990262c4bbdc1,1,0,0.0,2017-04-05 09:55:00,2017-04-05 09:55:00,1
49383af7ab774e4e8f3000f49c83dc4b,8,0,0.0,2018-04-27 19:48:04,2018-08-20 23:18:27,6-20
4965a7002cca77301c82d3f91b82e1a9,1,0,0.0,2018-04-21 09:36:56,2018-04-21 09:36:56,1
497709c2976a8fa308730a2dec5b0726,1,0,0.0,2018-07-19 19:22:05,2018-07-19 19:22:05,1
4978a02ea9c8be7a9b5480680f40334e,18,0,0.0,2018-03-21 14:03:09,2018-08-05 11:58:34,6-20
499185655c29ecfdbfe776ef7cf875b5,1,0,0.0,2018-06-02 13:29:22,2018-06-02 13:29:22,1
4992e76a42cb3aad7a7047e0d3d7e729,56,3,5.357142857142857,2017-05-12 14:58:01,2018-08-13 20:53:44,21-100
499ec63c58e51296c9cf57edcfe1c8a8,5,0,0.0,2018-04-11 16:15:39,2018-06-03 19:20:42,2-5
49cdc90518a4f82676b38b3c1aa43ff6,5,0,0.0,2018-06-11 11:10:56,2018-08-28 17:39:38,2-5
49e7217cfe4e427191c378ec626d8737,12,0,0.0,2017-05-20 15:56:32,2018-05-27 20:45:09,6-20
49f8d2ea7b718d0ce587d34207caf2b4,1,0,0.0,2018-08-23 20:34:07,2018-08-23 20:34:07,1
4a1917ef994878940e1fb03eeb787ad7,2,0,0.0,2018-06-19 16:41:53,2018-07-26 10:31:00,2-5
4a1f694197d05fe70026b016a7316b41,14,1,7.142857142857142,2018-02-17 01:22:20,2018-08-12 20:10:32,6-20
4a23adac87cf538689fa600d976f78b2,3,0,0.0,2018-08-18 11:49:40,2018-08-22 13:02:19,2-5
4a3ca9315b744ce9f8e9374361493884,1772,172,9.706546275395034,2017-01-08 09:35:14,2018-08-27 10:46:11,>100
4a3ccda38b2129705f3fb522db62ca31,64,4,6.25,2017-09-13 15:07:45,2018-08-19 14:51:36,21-100
4a5b36211b1f51bf7eaa5c10a57fa483,1,0,0.0,2018-08-05 21:20:52,2018-08-05 21:20:52,1
4a82168aaef173cbb6e46ae88728f919,4,0,0.0,2018-07-13 15:26:30,2018-08-07 13:32:25,2-5
4a82c4af97ffc0fb2dc26bfdc03b1842,3,0,0.0,2017-05-30 19:12:37,2017-08-15 14:31:33,2-5
4aba391bc3b88717ce08eb11e44937b2,27,4,14.814814814814813,2017-02-02 01:00:37,2018-08-04 10:49:08,21-100
4aba6a02a788d3ec81c03137144d9a80,1,0,0.0,2018-01-16 14:09:55,2018-01-16 14:09:55,1
4b0fdb526525f9890eb145bf1534640e,18,0,0.0,2018-02-25 15:14:28,2018-08-22 15:53:04,6-20
4b1eaadf791bdbbad8c4a35b65236d52,5,1,20.0,2016-10-04 09:16:33,2017-03-18 16:32:13,2-5
4b39558c138930b9e5489c93b6df5fe3,4,0,0.0,2017-11-15 00:16:15,2018-01-14 16:43:17,2-5
4b5f66b7adcf57f1ecc0d3c07dd6b177,23,1,4.3478260869565215,2017-03-21 16:03:34,2018-07-25 16:11:44,21-100
4b90495391ac0bd181a80a459df1e718,1,0,0.0,2016-10-05 22:24:40,2016-10-05 22:24:40,1
4b9750c8ad28220fe6702d4ecb7c898f,217,13,5.990783410138248,2017-10-12 12:42:46,2018-08-27 12:11:07,>100
4b98b0428fc1932cc2514ef9ce2505e6,2,1,50.0,2017-09-11 11:28:21,2017-11-16 17:01:40,2-5
4ba52dfeba874da5b9ee7b17c7494f04,11,1,9.090909090909092,2017-07-31 15:18:44,2017-10-23 18:48:32,6-20
4bcec44888b30ba9001234c534716d3f,5,0,0.0,2018-01-06 11:57:52,2018-07-18 15:22:25,2-5
4bde6149c15cf7e177b36fa060dd6de8,2,0,0.0,2016-10-07 11:33:35,2016-10-10 11:22:36,2-5
4be6b962d83299498bae2190f95d6566,11,1,9.090909090909092,2018-03-07 16:53:53,2018-08-12 16:08:03,6-20
4be9ae93c4fc0f41713d71a4194ee1b3,1,0,0.0,2018-08-17 17:26:08,2018-08-17 17:26:08,1
4bf2f4ee540798a61f9636d12cd9cc80,29,0,0.0,2017-03-29 10:31:33,2018-08-09 09:12:58,21-100
4bf658053d453036c70976bccb2c31b2,2,0,0.0,2017-04-15 12:11:01,2017-05-18 12:26:29,2-5
4bfc7a4a1cf8d4d2121c27422d9e50b5,26,1,3.8461538461538463,2018-03-25 20:34:15,2018-08-22 19:14:34,21-100
4c03b9dd4c11ee2cb35c96c49efc9420,48,1,2.083333333333333,2017-05-04 08:41:54,2017-10-06 19:35:38,21-100
4c18691b6037662be2df78a765d98ab5,63,4,6.349206349206349,2018-02-25 18:55:59,2018-08-28 10:57:13,21-100
4c1c7281388a33dd06daac44f9fadbd1,5,0,0.0,2018-04-04 09:12:02,2018-06-20 19:31:47,2-5
4c2b230173bb36f9b240f2b8ac11786e,258,24,9.30232558139535,2017-02-14 14:24:24,2018-08-20 21:37:48,>100
4c498c7345e89aebad651544829beca0,47,5,10.638297872340425,2017-12-02 18:06:27,2018-08-16 10:32:24,21-100
4c4d546adf3c3868fe19c9ec6e9ffda9,2,0,0.0,2018-06-07 09:19:48,2018-08-16 15:54:42,2-5
4c60877808f4318ef1107fbeb8f89afa,2,0,0.0,2017-12-01 18:40:44,2018-01-16 14:33:54,2-5
4c61e37f664c3c88aff092aa5ac779d7,7,1,14.285714285714285,2018-03-10 18:18:20,2018-04-17 11:12:01,6-20
4c8545742faaf58fafd5fd14d25d75cf,4,0,0.0,2018-03-15 22:07:54,2018-05-19 18:08:37,2-5
4c8b8048e33af2bf94f2eb547746a916,19,2,10.526315789473683,2017-08-22 16:50:10,2018-08-24 21:17:00,6-20
4cc43a222a0f94910728b62b97a8c5f8,1,0,0.0,2018-01-31 14:13:06,2018-01-31 14:13:06,1
4cc4fd4fdd406a85bbdc1f824b731bd7,1,0,0.0,2018-02-26 12:08:58,2018-02-26 12:08:58,1
4ce8b55b4bfa4659184e7becc1fba3f2,2,0,0.0,2018-04-23 13:47:32,2018-04-29 19:19:56,2-5
4cf490a58259286ada5ba8525ba9e84a,7,0,0.0,2017-03-14 13:06:10,2017-11-23 12:17:53,6-20
4d0041cdbe51b4617d95c70b19decc74,8,0,0.0,2018-05-10 21:50:13,2018-07-31 09:52:59,6-20
4d232b78ab7ef10393dc3807d827bc0d,5,0,0.0,2018-07-22 14:07:35,2018-08-15 20:14:22,2-5
4d600e08ecbe08258c79e536c5a42fee,7,0,0.0,2016-10-06 07:53:10,2017-03-15 19:08:27,6-20
4d6d651bd7684af3fffabd5f08d12e5a,363,14,3.8567493112947657,2017-04-25 11:30:33,2018-08-23 17:09:58,>100
4d9fea3499bdc22aa4da4e339365f215,2,0,0.0,2018-02-17 16:39:44,2018-07-04 16:17:34,2-5
4da0e408c99d2fdc2126dc9fce518060,44,0,0.0,2017-01-14 15:42:20,2018-08-13 18:42:05,21-100
4dab98ca6cd6d3df586203cefd28a042,1,0,0.0,2018-03-05 13:28:54,2018-03-05 13:28:54,1
4dbd95a08b31ede5c82d3f861cb1ce1a,4,0,0.0,2017-05-21 11:56:58,2017-11-13 14:13:52,2-5
4dc2e811a1760953cb7c6a590b498943,1,0,0.0,2018-08-20 22:32:41,2018-08-20 22:32:41,1
4dc646b9b9e8e411ef48ba000ea3ac6f,4,1,25.0,2018-02-03 18:28:57,2018-08-16 16:49:11,2-5
4ddeb3e828550cddc8d45c8bc36ab2d1,1,0,0.0,2017-03-15 12:19:23,2017-03-15 12:19:23,1
4de6e4ba574aa9dfdc824bc44dc47fdd,14,1,7.142857142857142,2018-01-09 06:37:43,2018-07-05 10:50:12,6-20
4deebb3199eeafb282ae33229144f94b,4,1,25.0,2018-01-14 18:19:35,2018-07-28 13:14:25,2-5
4e06067cc08b3f41d837768d392c3ee3,31,1,3.225806451612903,2017-07-16 15:27:12,2018-08-04 19:38:07,21-100
4e0d109ccfba9a1151c103049880c857,2,0,0.0,2017-11-24 02:25:07,2018-05-31 17:29:44,2-5
4e17c65a516f69d023a2ae78b84f28d6,61,3,4.918032786885246,2017-03-13 23:46:04,2018-08-26 19:22:51,21-100
4e2627090e6e5b9fabba883a37897683,1,0,0.0,2018-02-26 21:40:14,2018-02-26 21:40:14,1
4e326052e5dbba8adcd512f3450a307e,3,0,0.0,2018-01-31 16:24:50,2018-02-25 11:56:11,2-5
4e42581f08e8cfc7c090f930bac4552a,1,1,100.0,2017-11-24 18:11:33,2017-11-24 18:11:33,1
4e480be820e37de1444325ff358c9296,1,0,0.0,2018-07-11 20:01:00,2018-07-11 20:01:00,1
4e5725ba188db8252977a4f0227bd462,21,5,23.809523809523807,2018-02-20 18:27:39,2018-05-25 23:56:57,21-100
4e6015589b781adaa5ce7f1892d06bb1,3,0,0.0,2017-10-12 19:42:09,2018-01-24 11:06:18,2-5
4e7c18b98d84e05cbae3ff0ff03846c2,81,3,3.7037037037037033,2017-02-04 20:09:10,2018-07-12 16:53:30,21-100
4e85b538b0dad58852641540686d0e14,4,2,50.0,2017-07-27 08:45:34,2018-06-25 14:34:45,2-5
4e8dacf3d38f281ae26c3e0321d92d88,8,1,12.5,2017-01-27 14:59:18,2017-03-14 21:20:04,6-20
4e922959ae960d389249c378d1c939f5,412,37,8.980582524271846,2016-10-10 17:49:21,2018-08-28 19:44:25,>100
4e92348462c75b6c842b994ce84a0ed4,1,0,0.0,2018-07-03 22:20:41,2018-07-03 22:20:41,1
4ea2f12dbe91deeacd2c1e74f069a6e6,4,0,0.0,2017-09-05 21:20:12,2018-04-08 23:24:30,2-5
4eb61f060e7dcc1d5a80d806c35cc541,8,0,0.0,2018-03-23 13:10:56,2018-08-23 00:46:54,6-20
4ebdc7e6cd6102a022dadc49156d4ea8,29,1,3.4482758620689653,2017-02-22 10:39:37,2018-07-19 19:38:57,21-100
4eeb99008a0f59d2c7759c59f9a346eb,2,0,0.0,2018-04-23 10:39:30,2018-06-18 14:07:12,2-5
4ef4c39cf3c24f326434cf0b2e48046a,7,1,14.285714285714285,2018-01-18 19:22:23,2018-08-23 09:53:04,6-20
4f0d637c1197fd65405ebd755ac9f86b,2,0,0.0,2018-05-30 21:48:24,2018-06-20 20:30:31,2-5
4f1f1c8666cdb6442f775c4e8caed465,2,0,0.0,2018-07-25 22:39:01,2018-08-01 14:04:51,2-5
4fae87d32467e18eb46e4a76a0a0b9ce,1,0,0.0,2018-08-17 21:45:54,2018-08-17 21:45:54,1
4fb41dff7c50136976d1a5cf004a42e2,3,1,33.33333333333333,2017-11-27 20:01:56,2018-02-02 21:38:36,2-5
4fe2f67634d00c021aa01f96b6f2d68e,2,0,0.0,2018-08-11 19:27:59,2018-08-16 20:58:56,2-5
5011f0d93373a4c5753adf58ca77af8d,11,1,9.090909090909092,2017-08-16 11:32:22,2018-05-14 14:34:52,6-20
503c1de08ae81a2d86f17951b204db55,22,1,4.545454545454546,2017-06-28 15:23:34,2018-07-26 09:26:38,21-100
5058e8c1e82653974541e83690655b4a,62,7,11.29032258064516,2017-10-16 17:57:03,2018-08-03 18:54:39,21-100
5075aaa8404020ae6aa8bf4792099b41,10,0,0.0,2017-03-16 10:22:52,2018-01-13 19:23:28,6-20
50770d25768b0486d89be26afca3108f,6,1,16.666666666666664,2017-12-12 19:09:19,2018-07-18 12:16:33,6-20
508808d438fe2ff972ed13bb8f4a82e2,9,0,0.0,2018-08-04 21:13:47,2018-08-27 22:34:17,6-20
50a7e551a7b3f8d37cd6e32d8bfbe5ea,1,0,0.0,2018-07-24 22:15:53,2018-07-24 22:15:53,1
50bf89f1349bc0409a268c3a49678009,1,0,0.0,2018-07-02 00:11:34,2018-07-02 00:11:34,1
50c9975695009e5e6473912e83a6d1da,50,7,14.000000000000002,2017-02-05 15:53:52,2018-07-23 17:14:32,21-100
51209b446b2073894bdc0face6c73ffc,2,0,0.0,2018-06-13 17:05:52,2018-07-19 11:52:13,2-5
512d298ac2a96d1931b6bd30aa21f61d,11,0,0.0,2018-01-17 09:54:55,2018-08-17 17:25:51,6-20
513a54369b6a8a6602fcb0e129c6d78d,2,0,0.0,2018-08-18 00:16:00,2018-08-26 12:06:17,2-5
5145090ab595c0d0b8557199f5701fbf,4,0,0.0,2018-03-15 16:04:46,2018-06-09 21:53:29,2-5
5151aea44289d6c6b090ee31c2132508,7,0,0.0,2017-02-17 15:29:41,2017-02-20 13:50:49,6-20
515d781150feed28a6ac091bb0e3cb8c,6,0,0.0,2016-10-07 21:50:26,2017-05-11 15:19:44,6-20
5160d23075764e18e07c1f4a87fad743,33,0,0.0,2017-08-14 18:37:59,2017-12-05 09:35:38,21-100
516e7738bd8f735ac19a010ee5450d8d,74,2,2.7027027027027026,2018-05-11 18:34:36,2018-08-24 19:51:08,21-100
51702dc2a3e106c76dbff722b5bf0726,13,0,0.0,2017-02-23 23:49:22,2018-04-29 12:20:23,6-20
5194c22ed1f616ec0c0f33c571542879,4,0,0.0,2018-06-21 13:37:25,2018-08-05 15:48:29,2-5
519a7aa428f18d125a283cf8c014fdd6,3,0,0.0,2018-07-07 16:56:54,2018-07-30 21:54:00,2-5
51a04a8a6bdcb23deccc82b0b80742cf,1,1,100.0,2017-11-14 12:04:09,2017-11-14 12:04:09,1
51e0557bc7b86de13e946c60ee91ce39,1,0,0.0,2017-05-14 01:23:01,2017-05-14 01:23:01,1
51e4e89242cbb846c2deff3dc015650e,16,0,0.0,2018-04-04 16:32:31,2018-08-20 17:16:49,6-20
51ed72984a04e5dd35c2b27e77179038,7,1,14.285714285714285,2017-11-11 19:29:52,2018-04-21 18:38:11,6-20
51f108f62cb87d61918159902c8f8583,3,0,0.0,2018-07-24 12:22:38,2018-08-19 08:24:27,2-5
52092ddbd3a58c450a4459bf051b2287,6,0,0.0,2017-11-11 11:22:49,2018-03-27 15:40:33,6-20
520b493b57809f446cb0a233bb3e25c7,63,1,1.5873015873015872,2017-03-10 20:04:32,2017-12-19 11:08:36,21-100
522620dcb18a6b31cd7bdf73665113a9,172,15,8.720930232558139,2016-10-03 09:44:50,2018-08-04 22:58:06,>100
5236605f4d4b0b3e4df85b850393fca0,5,1,20.0,2017-08-09 13:04:46,2018-08-04 18:22:26,2-5
52454f90d4c30c016768db02f88c1a74,3,0,0.0,2018-05-14 21:28:52,2018-07-13 14:38:35,2-5
52562a9f449c3dc3d53f5f5b9ed74903,14,0,0.0,2017-04-27 22:05:13,2018-04-14 14:59:46,6-20
525e75a6fb1454a2325ab1734bcec221,9,0,0.0,2017-04-13 10:14:47,2017-10-02 12:47:00,6-20
5275ca25d0358ca73864e0ae41be1320,4,0,0.0,2018-07-23 09:33:10,2018-08-07 20:21:41,2-5
527801b552d0077ffd170872eb49683b,90,9,10.0,2017-10-05 20:25:27,2018-08-24 20:22:30,21-100
52831e5990d0771cb4951d6f12928167,1,0,0.0,2018-08-06 16:31:57,2018-08-06 16:31:57,1
528bcf6680c36dddf07620bd35b33a6f,2,1,50.0,2017-06-11 21:57:20,2017-10-17 01:08:50,2-5
528ce32f560edd11add4169f6a5b65be,2,0,0.0,2017-05-02 10:01:50,2017-07-20 09:58:18,2-5
52956b80ae65fda598f06f6b9943e7a9,3,1,33.33333333333333,2018-05-07 21:04:51,2018-05-31 16:24:49,2-5
52a50b42accf164f9f019941e5759d9b,4,0,0.0,2018-08-02 19:52:43,2018-08-22 12:32:55,2-5
52a52b9f656520e99716f5bc40f661c8,7,0,0.0,2018-04-29 18:49:23,2018-07-28 13:11:22,6-20
52ac6f920b7280e4c6d30dd94de6259b,6,0,0.0,2017-02-28 11:27:39,2018-05-23 08:20:07,6-20
52b53f7061969fe471d119b6195da864,1,0,0.0,2017-08-28 13:15:21,2017-08-28 13:15:21,1
52bb00821bcdd358a5a5a27e1f6be5a1,2,0,0.0,2018-01-17 20:41:09,2018-04-11 17:20:17,2-5
52d76513f0c4d97f3b99570e2c94ee31,19,1,5.263157894736842,2017-07-14 17:24:44,2018-08-16 14:34:23,6-20
52f0fe436a347ddad7ed5f9aa4e27eaa,19,2,10.526315789473683,2018-01-22 15:54:09,2018-05-18 11:23:17,6-20
52f6f9f13ba19504c02781132a049e75,1,0,0.0,2017-03-25 09:08:41,2017-03-25 09:08:41,1
52f976b17ea7f2f087f56dcc419328f6,6,0,0.0,2017-10-05 10:28:57,2018-07-23 20:37:29,6-20
52f9db5cfb423382a2fa5c9e39303202,21,0,0.0,2017-11-06 20:40:57,2018-08-02 16:45:33,21-100
5305693ffae2d3463377b1f6fe67b15a,1,0,0.0,2018-01-02 10:35:07,2018-01-02 10:35:07,1
53088c75f948b48a7ece173ac17f0c12,3,0,0.0,2018-05-22 21:45:29,2018-08-07 17:16:46,2-5
530ec6109d11eaaf87999465c6afee01,94,1,1.0638297872340425,2017-05-24 12:17:36,2018-08-23 15:50:07,21-100
53243585a1d6dc2643021fd1853d8905,348,12,3.4482758620689653,2017-08-28 18:29:21,2018-08-21 09:52:32,>100
53336f97ddbe53e2a617d07b17447b95,1,0,0.0,2017-10-04 09:13:51,2017-10-04 09:13:51,1
533d46c1b06970e99f09523a61df4972,2,0,0.0,2018-02-01 19:36:03,2018-02-04 18:39:24,2-5
5343d0649eca2a983820bfe93fc4d17e,70,7,10.0,2017-12-18 19:26:02,2018-07-29 19:42:00,21-100
534a01cc6df1e034e05c32028a291fa2,5,0,0.0,2017-08-16 19:24:28,2017-10-23 11:33:12,2-5
535bf14f36346c7f59d87cece104d70c,1,0,0.0,2018-08-19 11:28:30,2018-08-19 11:28:30,1
537eb890efff034a88679788b647c564,158,6,3.79746835443038,2017-07-17 16:21:05,2018-08-28 21:56:12,>100
538caafddff204241cecbf3a02e6b3cf,8,3,37.5,2017-05-16 11:42:33,2018-07-12 11:24:13,6-20
539ed9e19811677513447759be5eccfc,2,0,0.0,2018-06-16 18:52:33,2018-08-26 11:44:34,2-5
53b0300ca793f9834cd69c0678d35ee8,5,0,0.0,2017-11-18 16:05:19,2018-07-30 12:08:24,2-5
53d00c40e32aeb924a84ce72b1af869d,17,2,11.76470588235294,2018-01-04 22:09:33,2018-08-04 19:54:42,6-20
53e4c6e0f4312d4d2107a8c9cddf45cd,463,22,4.751619870410368,2017-02-21 19:06:14,2018-08-27 17:10:36,>100
54065e9aef7e9e9c2dc23b7594db021a,12,0,0.0,2017-03-03 17:42:10,2017-07-17 19:40:32,6-20
5415337f1863452476d42d9f14a16a61,1,0,0.0,2018-08-04 18:07:07,2018-08-04 18:07:07,1
54219883e72aad869adfb2a54b7bfa0f,5,0,0.0,2017-11-03 12:26:01,2018-07-10 17:16:33,2-5
542917da124346b47ea1ac79a93ce454,20,1,5.0,2017-03-04 16:27:08,2017-08-07 14:14:22,6-20
544863df86ed3b78a04e0820d41430ee,1,0,0.0,2018-07-02 10:21:35,2018-07-02 10:21:35,1
54583ab379489add547fe47b628db589,10,0,0.0,2018-07-23 18:18:54,2018-08-28 15:58:28,6-20
54965bbe3e4f07ae045b90b0b8541f52,73,22,30.136986301369863,2017-10-18 21:56:13,2018-07-03 18:34:56,21-100
54a1852d1b8f10312c55e906355666ee,198,15,7.575757575757576,2017-01-12 12:01:14,2018-08-21 19:49:42,>100
54aa8463e87776b5612f4bdc4bd5d4de,7,0,0.0,2016-10-07 10:57:46,2017-02-21 10:53:34,6-20
54c04bdb5ec46762f8f08c7e8f86ed4a,18,2,11.11111111111111,2018-02-06 15:10:03,2018-08-09 10:00:38,6-20
55029529919c0123526150bd26ca8f20,7,0,0.0,2018-06-13 13:31:02,2018-08-13 15:07:30,6-20
553a440137d6e0cf776aee0bb83ac9f5,2,1,50.0,2018-05-11 15:20:39,2018-05-29 14:29:23,2-5
5563732abe64c3036cb97ad924128dd1,2,0,0.0,2017-06-25 22:59:52,2017-12-20 09:56:32,2-5
5566627eab3fe93fd6ee08798226101a,5,0,0.0,2017-04-13 00:27:41,2018-01-22 10:33:42,2-5
556a6409838156ea299c9d1f9e2dde43,4,0,0.0,2018-06-19 10:11:16,2018-08-11 23:28:46,2-5
557f22c76691849db52d2abccf0015d0,12,0,0.0,2017-05-08 13:45:25,2017-09-12 23:58:05,6-20
5587130f9850696ed7fafbc91c2cee44,2,0,0.0,2018-07-13 17:55:51,2018-08-07 09:25:23,2-5
559d56f3b8f0bc2e5a9a62fe2ce2a39f,2,1,50.0,2018-08-05 09:19:13,2018-08-05 23:10:33,2-5
55a5b51f93f2b70ea513f5a047b0262a,39,1,2.564102564102564,2017-04-04 16:33:35,2017-10-06 10:36:09,21-100
55bb6fe5bebe5012e2d7d9928e1128ff,15,2,13.333333333333334,2018-01-20 21:20:55,2018-07-30 13:35:11,6-20
55c26bcb609f480eb7868594245febb5,6,0,0.0,2018-04-09 13:11:49,2018-08-09 11:44:40,6-20
55c96925041a14097b6a7825554f4ad5,5,1,20.0,2017-03-23 19:12:49,2017-11-10 12:30:18,2-5
55d3daac7c404d59e51c2aa2f4dc5a23,21,0,0.0,2017-05-31 07:40:50,2018-08-17 11:17:42,21-100
55dedd83e501d8248880557d9073cbfd,8,0,0.0,2018-08-10 22:50:14,2018-08-28 19:31:41,6-20
55f7a3319d80f7fdf078b8f03e6725fe,22,1,4.545454545454546,2018-07-02 19:54:04,2018-08-22 21:06:11,21-100
562f8cfc51f265411f487d07e9c40e7f,13,1,7.6923076923076925,2017-10-18 12:20:20,2018-05-07 18:58:49,6-20
562fc2f2c2863ab7e79a9e4388a58a14,255,8,3.1372549019607843,2018-01-15 18:33:21,2018-08-21 09:42:29,>100
5656537e588803a555b8eb41f07a944b,171,10,5.847953216374268,2017-05-19 13:27:20,2018-08-23 14:56:46,>100
5659d77e8d90378e39b960ad5956f64e,2,1,50.0,2017-09-12 18:03:22,2018-03-24 16:46:37,2-5
56642bcb79900e777d68e91915cb4267,48,4,8.333333333333332,2016-10-10 16:39:37,2018-07-26 12:56:16,21-100
5670f4db5b62c43d542e1b2d56b0cf7c,22,1,4.545454545454546,2018-04-23 19:03:35,2018-08-17 11:51:36,21-100
56db5c0782e8f7ddc9343f9576ff6d16,2,0,0.0,2017-01-27 22:01:41,2018-08-07 20:45:25,2-5
56e361f411e38dcef17cdc2a3d99628b,5,1,20.0,2018-07-02 16:39:17,2018-08-23 14:41:37,2-5
56f413900b5166ab4d730e9ac0b12cb0,3,0,0.0,2017-06-28 06:52:27,2017-07-12 18:33:35,2-5
570d4583587a5fe2d47c7be89b91ad27,2,0,0.0,2017-06-30 20:48:51,2017-07-05 21:55:49,2-5
5721089ba9214e80074f27d5a03fc0eb,5,0,0.0,2017-11-02 11:01:12,2018-01-30 15:24:11,2-5
5733d806668f8712c24b9abaefbfa642,2,0,0.0,2018-01-26 14:21:17,2018-04-26 00:13:51,2-5
5741dc2bf5044c34d0698681c5081bed,3,0,0.0,2018-05-28 10:54:51,2018-07-16 22:56:18,2-5
575df70bde3f9f2b30bf8d2e9910d725,27,1,3.7037037037037033,2016-10-06 15:19:40,2018-08-14 19:32:48,21-100
577719699805dd125d5b6fdde5943bba,8,1,12.5,2018-04-19 17:28:29,2018-08-21 21:30:35,6-20
578fa3a9cb6b6dceab39231ad59cdaca,3,1,33.33333333333333,2017-09-16 10:56:48,2018-04-30 22:39:58,2-5
5795aebfe331fbcd02a2c4b679fb7952,6,0,0.0,2018-02-11 15:26:46,2018-08-20 11:59:20,6-20
579891617139df7d8671d373f0669622,8,2,25.0,2017-06-07 20:09:55,2018-07-02 08:00:35,6-20
57a834594e1e9e9219603bfec184eadc,1,0,0.0,2018-06-03 14:21:44,2018-06-03 14:21:44,1
57c764b4a836300be881e2ff86e449f9,28,4,14.285714285714285,2017-02-02 09:23:41,2018-08-22 17:14:06,21-100
57d2ba47f7a3209aa347532ae75c1165,2,0,0.0,2018-06-21 22:32:27,2018-07-18 11:23:07,2-5
57df9869a600bd6b7c405f2a862eccfb,5,0,0.0,2018-04-12 21:38:02,2018-08-14 18:05:19,2-5
57e632711dec9ec14ca7546769483e7e,62,0,0.0,2017-02-05 23:17:55,2018-08-08 12:17:57,21-100
57fe6232e67823593374a2281d7a8af8,8,0,0.0,2017-03-05 22:11:02,2017-12-01 08:46:08,6-20
582d4f8675b945722eda7c0cb61ba4c7,59,1,1.694915254237288,2017-01-20 12:04:03,2018-08-03 19:21:12,21-100
585175ec331ea177fa47199e39a6170a,1,0,0.0,2017-02-21 18:35:38,2017-02-21 18:35:38,1
586a871d4f1221763fddb6ceefdeb95e,1,1,100.0,2017-01-26 23:20:31,2017-01-26 23:20:31,1
5882820ef11c4c068eea0677a7a879b4,14,0,0.0,2017-04-04 09:36:12,2018-07-20 10:32:03,6-20
58c851d1a3c7cd3da329eb59453fed44,2,0,0.0,2018-08-10 16:25:13,2018-08-21 20:57:32,2-5
58e4b302b54937e55a678c4d15111da4,1,0,0.0,2017-01-26 11:09:11,2017-01-26 11:09:11,1
58f1a6197ed863543e0136bdedb3fce2,42,1,2.380952380952381,2018-05-10 20:49:54,2018-08-18 21:16:18,21-100
59417c56835dd8e2e72f91f809cd4092,18,0,0.0,2017-01-25 20:11:36,2017-10-02 17:32:29,6-20
594f9aaa48e5bf431f011ddc5669b0d5,37,1,2.7027027027027026,2018-04-26 08:51:45,2018-08-27 23:31:47,21-100
5962468f885ea01a1b6a97a218797b0a,6,0,0.0,2017-07-01 16:58:53,2017-10-18 23:24:26,6-20
596849622429351f47b32e6cae1055ff,13,0,0.0,2018-06-07 18:26:24,2018-08-21 20:32:25,6-20
5996cddab893a4652a15592fb58ab8db,1,0,0.0,2018-07-04 12:08:27,2018-07-04 12:08:27,1
59b22a78efb79a4797979612b885db36,125,14,11.200000000000001,2017-07-17 10:29:13,2018-08-24 10:25:51,>100
59bbc819b99a733f02f0d6b49d1c253d,2,0,0.0,2018-05-08 20:24:56,2018-06-26 23:09:41,2-5
59cd88080b93f3c18508673122d26169,10,1,10.0,2017-07-26 16:02:36,2017-12-09 11:52:32,6-20
59cea8e446d3834393058e7e0666b6fb,10,0,0.0,2018-06-16 16:17:45,2018-08-16 14:23:18,6-20
59de1d4c8c057c2a53acd4ca66531af2,1,0,0.0,2017-11-10 07:56:18,2017-11-10 07:56:18,1
59fb871bf6f4522a87ba567b42dafecf,123,7,5.691056910569105,2016-10-06 10:13:53,2018-04-11 23:34:10,>100
5a05a16bb50629ee31afab8a6d4c2674,14,0,0.0,2018-03-06 17:45:41,2018-07-02 17:52:02,6-20
5a32c398a06c345440bf2a683b017ad3,1,0,0.0,2018-03-14 21:29:52,2018-03-14 21:29:52,1
5a413ade68e8f8d93071a7f52a64cb9e,14,1,7.142857142857142,2018-08-08 07:11:24,2018-08-29 08:25:34,6-20
5a4236931428800e9d9cc04af0987118,1,0,0.0,2018-07-17 15:23:54,2018-07-17 15:23:54,1
5a425cc503b39b262a847fd6212bf53b,14,1,7.142857142857142,2018-04-27 23:54:06,2018-08-20 13:56:52,6-20
5a6a02f419701fc8c605af71d4fc57a4,10,1,10.0,2018-05-14 21:43:39,2018-08-24 23:42:21,6-20
5a8e7d5003a1f221f9e1d6e411de7c23,137,5,3.64963503649635,2016-10-04 22:03:46,2018-08-24 16:26:08,>100
5a93f3ab0ef4c84ed5e1b5dbf23978bc,38,1,2.631578947368421,2017-05-09 08:38:27,2018-03-03 19:10:32,21-100
5a9b3bcab695173c820e53934574ae80,1,0,0.0,2018-07-27 16:36:49,2018-07-27 16:36:49,1
5a9c0859cb00fd8aa4db443837f0a700,2,0,0.0,2018-07-09 17:28:54,2018-07-11 19:44:12,2-5
5ab05b6d86d417796c69ffd6774ec832,10,1,10.0,2017-01-20 21:20:07,2018-08-26 12:38:57,6-20
5abb8ea023c77787f2c15da891c8d384,13,3,23.076923076923077,2017-02-17 17:37:52,2017-12-02 21:01:30,6-20
5acd070dd3fe441bbb2ec1f1ede515ee,7,3,42.857142857142854,2017-11-24 16:24:26,2018-02-25 14:01:00,6-20
5b07547f10dd980738a1a27f685af669,13,2,15.384615384615385,2018-08-01 10:27:42,2018-08-24 10:46:25,6-20
5b0cc932433fa5184b5b94bfe6bcc256,12,3,25.0,2018-06-20 15:02:35,2018-08-05 21:34:54,6-20
5b179e9e8cc7ab6fd113a46ca584da81,34,2,5.88235294117647,2016-10-04 09:59:03,2017-09-13 16:51:13,21-100
5b2e94f2c22b39ccc24d34ad0f669672,10,1,10.0,2018-05-02 14:36:01,2018-08-07 15:10:27,6-20
5b33b527da3c5b969cc99dc435cad09a,16,1,6.25,2017-01-29 00:31:42,2018-08-11 18:52:49,6-20
5b35136197710e16ac5e7b7c2bd4ea85,7,2,28.57142857142857,2017-08-16 12:02:50,2018-03-31 12:04:24,6-20
5b51032eddd242adc84c38acab88f23d,12,0,0.0,2017-10-30 15:35:32,2018-06-16 21:40:32,6-20
5b581417df4480f632484ba681e53944,11,2,18.181818181818183,2017-07-19 23:37:44,2018-01-29 19:03:39,6-20
5b664594895aefb418afaee6d40a9a23,16,0,0.0,2017-01-15 10:14:31,2018-08-05 15:20:44,6-20
5b67882648febfb6e1225e6ad7164f6b,27,1,3.7037037037037033,2017-07-09 18:30:33,2018-08-10 19:41:30,21-100
5b8154610ebb21fb90eb587365e673df,37,4,10.81081081081081,2017-07-10 17:44:35,2018-07-28 17:56:15,21-100
5b85809efd0d0e4dea1a9544e1280ed9,12,0,0.0,2018-05-16 23:08:51,2018-08-20 14:02:55,6-20
5b925e1d006e9476d738aa200751b73b,63,4,6.349206349206349,2017-10-06 11:52:25,2018-08-20 18:43:09,21-100
5b92bfa4120daa27c574daa2e386c693,1,0,0.0,2017-02-20 08:30:20,2017-02-20 08:30:20,1
5b97c06a046398e7005b2b7c0d707a92,3,1,33.33333333333333,2017-05-31 21:22:31,2017-07-27 12:29:26,2-5
5bba18b40e8c973b0f32e748004775b0,1,0,0.0,2016-10-10 13:57:41,2016-10-10 13:57:41,1
5bc237df65098fe211bb4818f4d26d78,2,0,0.0,2017-02-09 13:21:46,2017-09-15 19:24:57,2-5
5bc24d989e71e93c33e50a7782431b0e,17,0,0.0,2018-05-02 14:07:29,2018-08-21 18:52:27,6-20
5bc55dbe2f12b6af6d83ed46023e0dc8,17,4,23.52941176470588,2018-02-21 10:03:23,2018-08-13 20:22:33,6-20
5bf397d04035b5f45cc41e82ec106803,3,0,0.0,2018-05-08 22:04:11,2018-07-02 16:45:00,2-5
5bffbafbb22daf6d3bfc216a46db8708,21,0,0.0,2017-02-25 14:34:40,2017-06-25 23:06:20,21-100
5c030029b5916fed0986310385ec9009,7,0,0.0,2018-06-13 11:43:43,2018-08-20 14:44:08,6-20
5c243662ce92d84573bfaff24c3e3700,98,1,1.0204081632653061,2017-01-28 23:45:53,2018-02-09 23:05:25,21-100
5c3460cd3e8a984382ae254e7dd20d9f,9,0,0.0,2018-02-23 21:00:11,2018-08-16 15:40:31,6-20
5c6d4016c2a288f074fa0848a2b653d2,31,3,9.67741935483871,2017-09-27 19:12:25,2018-08-20 09:09:53,21-100
5c853bb56f70f4d14218944bae111d7a,23,0,0.0,2017-02-22 17:54:36,2018-08-22 21:25:12,21-100
5ca5d579b5857ee8709479b1047cecc3,1,1,100.0,2018-03-22 22:43:50,2018-03-22 22:43:50,1
5cbbd5a299cab112b7bf23862255e43e,36,0,0.0,2017-09-14 22:29:52,2018-08-16 15:45:56,21-100
5cf13accae3222c70a9cac40818ae839,148,3,2.027027027027027,2017-01-16 16:41:18,2018-08-23 20:38:24,>100
5cf1ec37aea089f45110c70653a166ab,2,0,0.0,2017-04-01 11:23:53,2017-12-13 16:58:37,2-5
5d0363b33554b373851fc1622e4d5f3c,93,8,8.60215053763441,2017-11-07 19:31:50,2018-08-21 19:44:49,21-100
5d043cd5512d4bd2f88e5ccdd5736c38,1,0,0.0,2017-03-11 19:12:49,2017-03-11 19:12:49,1
5d378b73ab7dd6f0418d743e5dcb0bd1,6,1,16.666666666666664,2017-10-09 12:55:44,2017-11-14 21:07:55,6-20
5d3bb11474a06bdc23fb9e89f1164ee0,31,1,3.225806451612903,2017-07-05 21:58:22,2018-08-13 15:36:49,21-100
5d505d2298ad549e4e4e835562fa0c1e,2,0,0.0,2017-03-15 14:17:51,2017-04-01 18:01:02,2-5
5d76d80a2f5f39c891b996a1bf4c9853,6,0,0.0,2018-07-25 13:18:32,2018-08-18 14:48:50,6-20
5d9dc90a686a8fddacffab6bab5653a3,12,1,8.333333333333332,2017-10-01 10:11:40,2018-08-15 17:00:49,6-20
5d9f3746e112e696f98ea22c56b3e912,1,0,0.0,2018-07-24 17:36:19,2018-07-24 17:36:19,1
5db42a6cd9bf1bf0d3aab9582767f168,1,0,0.0,2018-05-05 20:10:05,2018-05-05 20:10:05,1
5dc203c7b84a0e71e878a179de05fb9a,5,0,0.0,2018-05-28 20:43:51,2018-08-07 14:32:23,2-5
5dceca129747e92ff8ef7a997dc4f8ca,322,18,5.590062111801243,2017-01-27 13:37:09,2018-06-25 22:59:03,>100
5de1c80811ce7007f62f00d971236c09,2,0,0.0,2018-07-03 15:09:35,2018-07-30 20:23:57,2-5
5debea795b07621e1f90532e18f96145,25,0,0.0,2017-10-21 11:29:06,2018-08-15 07:41:09,21-100
5def4c3732941a971cba8fdee992ede1,5,0,0.0,2018-08-02 12:07:17,2018-08-28 18:49:20,2-5
5e063e85d44b0f5c3e6ec3131103a57e,1,0,0.0,2018-07-12 10:13:37,2018-07-12 10:13:37,1
5e105f5c9f63f5f1fd75d6cb942e55b1,8,0,0.0,2018-05-20 11:35:23,2018-08-25 11:42:43,6-20
5e106d93b717c2682b9383da480364a1,1,0,0.0,2017-04-20 11:42:01,2017-04-20 11:42:01,1
5e25c632f9db6cfb8bc100421c2737b6,1,0,0.0,2018-06-12 21:32:28,2018-06-12 21:32:28,1
5e49e3a44bdeb5aab2684258bbd4f525,3,1,33.33333333333333,2017-12-14 11:30:41,2018-03-15 14:54:00,2-5
5e9f5bd34e0830569f05c9d4f56e04a8,2,0,0.0,2018-07-12 16:56:22,2018-07-14 20:48:14,2-5
5ee7fd217d08dfe5d3e2f51f96a12c9a,9,2,22.22222222222222,2017-06-17 23:06:16,2018-08-21 09:28:11,6-20
5eeb9c756d9780b96283e5a2ac6da334,9,2,22.22222222222222,2017-10-10 08:27:25,2018-07-18 16:43:02,6-20
5ef131ac72773e5b3f6c0d63cf424657,10,0,0.0,2018-07-03 22:53:10,2018-08-25 16:48:02,6-20
5f0057b677eb963672bf05dfa3f16c34,4,0,0.0,2016-10-07 21:19:32,2017-02-02 03:48:06,2-5
5f06030071324cc52bf0304014ac7234,4,0,0.0,2017-08-20 17:34:32,2017-08-26 11:01:38,2-5
5f1dc28029d2c244352a68107ec2b542,62,1,1.6129032258064515,2017-01-17 12:15:42,2018-06-15 12:52:05,21-100
5f2684dab12e59f83bef73ae57724e45,67,4,5.970149253731343,2017-01-27 12:54:57,2018-08-29 12:25:59,21-100
5f26c1408a65b42a7224cd463bdf3292,10,0,0.0,2018-06-28 18:11:28,2018-08-26 19:45:32,6-20
5f3ae9136c875522250f8184f253413a,42,2,4.761904761904762,2018-01-15 12:02:56,2018-08-22 10:56:54,21-100
5f57db27027655e6c6a391601daa0258,1,0,0.0,2018-08-14 10:41:49,2018-08-14 10:41:49,1
5f5a58930c3c35f3b5af264f34fb8c85,3,0,0.0,2018-06-25 09:19:01,2018-07-19 12:04:10,2-5
5f5b43b2bffa8656e4bc6efeb13cc649,27,1,3.7037037037037033,2017-11-25 23:53:16,2018-06-18 17:35:29,21-100
5f67c6082caacb26e431a7b17940cece,13,3,23.076923076923077,2018-02-14 10:07:30,2018-08-06 22:01:08,6-20
5f7300535881cef3b625fd683cf7d145,10,0,0.0,2017-10-15 23:06:38,2018-07-22 21:51:37,6-20
5fd924b4836098a5be0ecf81ba054ce0,7,0,0.0,2017-01-17 20:38:15,2017-03-01 08:28:57,6-20
602044f2c16190c2c6e45eb35c2e21cb,48,8,16.666666666666664,2017-10-20 10:00:43,2018-08-23 12:32:01,21-100
6025c79c035c3d772133b8b8238463b2,2,0,0.0,2018-07-18 16:51:01,2018-08-06 21:19:27,2-5
6039e27294dc75811c0d8a39069f52c0,63,11,17.46031746031746,2017-02-27 16:01:28,2018-08-22 22:04:26,21-100
60562ab00b8054280520d390c8c0045c,17,0,0.0,2017-10-18 08:46:18,2018-08-03 18:20:50,6-20
6061155addc1e54b4cfb51c1c2a32ad8,28,1,3.571428571428571,2018-06-01 01:20:55,2018-08-26 07:38:38,21-100
606ce7768feac12c5e8bd58db8b08f0f,5,0,0.0,2018-04-24 19:18:38,2018-08-07 23:19:34,2-5
609e1a9a6c2539919b8205cf7c4e6ff0,87,1,1.1494252873563218,2018-01-27 11:28:32,2018-08-24 00:35:51,21-100
60da8bfa7eebe230b7d66ac4082d79b3,3,1,33.33333333333333,2018-08-02 18:50:46,2018-08-18 13:37:04,2-5
610f72e407cdd7caaa2f8167b0163fd8,16,2,12.5,2018-04-03 00:05:04,2018-08-25 20:59:18,6-20
612170e34b97004b3ba37eae81836b4c,107,1,0.9345794392523363,2018-06-11 14:32:25,2018-08-22 10:02:13,>100
612a743d294c27884fb7b80d2b19ba35,2,0,0.0,2017-01-25 12:49:36,2018-08-15 14:50:52,2-5
615005a3ef192c00c6f0e977cee3d2bc,10,1,10.0,2017-08-17 12:46:48,2017-12-23 03:16:21,6-20
615c3462099ffa940d37b17dfda19594,2,0,0.0,2018-06-21 12:07:18,2018-07-31 23:06:21,2-5
6179a28a13a726c29b3bf54c070dccab,1,0,0.0,2017-07-06 17:11:14,2017-07-06 17:11:14,1
6187a137b2af59dfdbad8d9f8c373c14,2,0,0.0,2017-11-28 21:53:19,2018-01-06 18:54:39,2-5
61b18775be84fb700a6b2d0ba097bf66,4,0,0.0,2018-04-16 20:07:20,2018-08-21 19:20:14,2-5
61c36f0fc4a47f9532e5512b66668e62,1,0,0.0,2018-03-30 09:27:22,2018-03-30 09:27:22,1
620c87c171fb2a6dd6e8bb4dec959fc6,722,63,8.725761772853186,2016-10-04 13:15:46,2018-08-24 11:14:21,>100
6219ba2359cfb97f2e38fd4c321eb309,5,3,60.0,2017-09-19 12:20:28,2018-06-29 11:02:18,2-5
6235903333ba7de1928c869e268e5964,1,0,0.0,2018-05-13 18:19:47,2018-05-13 18:19:47,1
623ad9d0c1e14bb5464a8c72bff7b4af,1,0,0.0,2018-05-13 20:05:37,2018-05-13 20:05:37,1
624f4ece8da4aafb77699233d480f8ef,52,4,7.6923076923076925,2016-10-04 10:16:04,2018-08-19 10:47:22,21-100
626ab1cd96932367f0eeec2e47046c12,3,0,0.0,2018-01-16 11:20:57,2018-07-28 16:45:10,2-5
62760d278921b5f352461620d68a9cee,3,1,33.33333333333333,2017-02-06 12:55:28,2017-02-15 09:41:08,2-5
6288c69c4ce638e59925e59193f98b16,20,1,5.0,2017-03-16 13:08:11,2018-08-03 23:17:41,6-20
62c50c1af4dfdc4149d25c5222043d39,12,0,0.0,2016-10-05 11:08:46,2017-04-23 16:01:16,6-20
62de60d81c55c29d76a6bce418b31cef,1,0,0.0,2018-08-05 20:01:32,2018-08-05 20:01:32,1
630008e0f062605a415d694489f6f82e,1,0,0.0,2018-07-30 17:24:54,2018-07-30 17:24:54,1
63191ead8d3b2f937cd1996fdcbbad20,1,0,0.0,2018-08-10 16:24:47,2018-08-10 16:24:47,1
63272377184e969942f7fff221be858d,2,0,0.0,2017-05-18 11:19:11,2017-05-18 22:42:50,2-5
6338ea67c41078a46ad99cc009654956,37,0,0.0,2017-02-02 17:56:17,2018-08-16 22:28:49,21-100
633ecdf879b94b5337cca303328e4a25,6,4,66.66666666666666,2017-09-15 11:59:48,2017-09-22 18:11:44,6-20
634964b17796e64304cadf1ad3050fb7,265,25,9.433962264150944,2017-11-12 21:31:27,2018-08-18 15:27:43,>100
63704069d9bd3a75c1cf59babe56004a,1,1,100.0,2018-06-08 12:00:50,2018-06-08 12:00:50,1
638cba8be1fb599bbb76fd6948351eb3,16,0,0.0,2017-05-21 19:27:09,2017-09-28 15:30:58,6-20
63a79f5a7eb5cb48a7e5787b141c7993,11,0,0.0,2018-04-11 12:14:12,2018-07-16 12:34:46,6-20
63b464dbf392c7b80d12d932fa7cafed,36,2,5.555555555555555,2017-02-01 15:47:22,2018-01-28 22:03:43,21-100
63b9ae557efed31d1f7687917d248a8d,5,0,0.0,2016-10-05 11:44:41,2017-02-13 19:14:05,2-5
63ffcb71394dd8ea3872ed9ffda17c74,17,1,5.88235294117647,2017-02-05 13:58:46,2017-07-30 10:07:29,6-20
640e21a7d01df7614a3b4923e990d40c,115,5,4.3478260869565215,2018-03-17 19:47:48,2018-08-25 20:27:21,>100
6426d21aca402a131fc0a5d0960a3c90,23,0,0.0,2017-05-15 21:42:34,2017-10-02 21:37:12,21-100
643214e62b870443ccbe55ab29a4dccf,65,7,10.76923076923077,2017-09-30 21:44:37,2018-08-22 11:39:52,21-100
643c01d7c56a724bec0454f4780e8a3e,2,0,0.0,2018-04-05 11:51:59,2018-05-15 14:57:12,2-5
6481e96574816ead57975da2c0f6d80d,32,1,3.125,2017-12-29 16:31:00,2018-07-28 13:11:22,21-100
64c9a1db4e73e19aaafd3286dc448c96,1,0,0.0,2018-08-18 14:03:10,2018-08-18 14:03:10,1
64cc804291f90c81f02bfc2bb58ff55a,2,0,0.0,2018-04-15 00:08:41,2018-07-18 16:51:45,2-5
651530bf5c607240ccdd89a30c9c9712,1,0,0.0,2018-08-09 18:09:53,2018-08-09 18:09:53,1
651fe66032c9520ee5587f694908040d,7,0,0.0,2018-07-16 08:52:35,2018-08-21 21:32:17,6-20
6524b847b982cd56bb5d4b02b776ee42,1,1,100.0,2018-02-14 11:42:55,2018-02-14 11:42:55,1
6548c2550b6e2d8f18053216e1c7b6f3,3,0,0.0,2018-06-26 11:17:35,2018-08-22 17:58:13,2-5
655220df33262c7e0c4949a147366f94,13,2,15.384615384615385,2018-01-13 12:49:45,2018-05-14 11:43:07,6-20
6560211a19b47992c3666cc44a7e94c0,1819,96,5.277625068719076,2017-02-17 07:39:19,2018-08-29 09:14:11,>100
6561d6bf844e464b4019442692b40e02,1,0,0.0,2018-08-28 09:26:43,2018-08-28 09:26:43,1
6562efe88ce0826a4ca4f189f03b4b84,8,1,12.5,2017-03-14 08:47:46,2018-01-08 12:25:43,6-20
656591be56071d4c9ef4e5fee78a578a,7,2,28.57142857142857,2017-03-06 13:59:02,2017-05-07 12:50:03,6-20
657969cca82e884d272385ec0ef06edd,3,0,0.0,2018-05-01 10:10:41,2018-07-31 17:45:44,2-5
659e8466eb3ff1b0e8740d74fb7bbedd,11,0,0.0,2017-05-18 04:17:44,2018-05-06 19:27:01,6-20
65a7c0788e4d632ccb5e1b594b87f0bb,3,0,0.0,2017-08-15 21:20:12,2017-12-22 14:45:15,2-5
65b081a070633e057c462abdd6fb9dd8,19,0,0.0,2017-10-26 12:25:47,2018-05-07 17:39:18,6-20
65c255b299faf2d12050937cc219c46c,2,0,0.0,2017-07-26 10:16:50,2017-08-31 17:20:46,2-5
65febd49fd28ec955651299159b1f527,33,0,0.0,2018-04-17 10:14:25,2018-08-22 14:00:26,21-100
6601ee6383e7f452be71929f8de48bbb,2,0,0.0,2017-10-27 17:21:53,2017-11-08 07:29:07,2-5
6614814a00d344b846ae209f95ee7e3f,1,0,0.0,2017-06-08 23:17:57,2017-06-08 23:17:57,1
661ad5fcc28cdfb8bcadb12bb2272475,4,0,0.0,2018-01-15 10:56:46,2018-07-17 17:28:51,2-5
6624bc09786f0e41ae48dfc5eeb1a9e2,1,0,0.0,2017-03-05 22:38:18,2017-03-05 22:38:18,1
6650fcccd8cd2f7e55ffa524f30c4c59,2,0,0.0,2017-09-05 18:26:23,2017-10-06 16:19:03,2-5
668bf321538e5072858eaef6087ce027,1,0,0.0,2018-02-26 09:47:55,2018-02-26 09:47:55,1
66922902710d126a0e7d26b0e3805106,150,11,7.333333333333333,2017-05-14 21:11:45,2018-08-21 21:44:04,>100
669ae81880e08f269a64487cfb287169,161,7,4.3478260869565215,2017-01-20 14:30:03,2018-08-08 12:55:10,>100
66dc1b1632bd6a3e508510c5b3492107,36,1,2.7777777777777777,2017-07-19 17:27:37,2018-08-12 11:16:23,21-100
66e0557ecc2b4dbea057e93f215f68d8,30,6,20.0,2017-05-24 18:43:12,2018-02-12 22:58:08,21-100
66fd84ee7528c0c0de85d0f44a73d5ab,11,1,9.090909090909092,2017-03-22 14:05:51,2017-07-28 10:24:45,6-20
670a9dda115b5a88b18cfadee8de2332,11,0,0.0,2017-08-29 20:13:34,2018-08-16 16:28:13,6-20
670c26e0f1bf8d0576271d5cfaec6d2b,77,4,5.194805194805195,2017-11-04 18:20:58,2018-08-01 10:17:18,21-100
671585f5a2af58b6e276bc01003c0d2b,27,0,0.0,2018-07-27 21:43:27,2018-08-25 23:39:08,21-100
67225bff54a172ff67579aaf583efd78,8,0,0.0,2017-09-15 10:34:54,2018-02-03 19:28:45,6-20
674207551483fec113276b67b0d871ff,1,0,0.0,2018-07-05 16:36:38,2018-07-05 16:36:38,1
6750d71153f00fc58829af2a8ef1bcf1,6,0,0.0,2017-03-28 15:29:43,2017-08-08 23:13:27,6-20
67883baaae6134ee81b271a542613728,19,1,5.263157894736842,2018-07-17 13:21:24,2018-08-22 11:39:32,6-20
679769a98cfcc6da877c8486ff1c13f3,21,0,0.0,2017-03-01 12:40:04,2018-08-27 15:03:18,21-100
67bf6941ba2f1fa1d02c375766bc3e53,15,1,6.666666666666667,2017-09-17 20:41:21,2018-08-29 14:18:23,6-20
6806dad1da97bfb5a9038eac6881f706,10,0,0.0,2017-12-28 18:59:26,2018-08-22 18:32:39,6-20
681fce914360217db47784ae28905a96,23,3,13.043478260869565,2017-10-20 11:05:57,2018-07-30 18:54:21,21-100
6824a69c9ea0313eba299dd4a2dba09a,6,0,0.0,2018-07-24 14:23:37,2018-08-20 15:12:42,6-20
685b870da5b52a710782c9c0fefbeb5b,2,2,100.0,2017-12-09 13:51:24,2018-03-01 16:36:58,2-5
6860153b69cc696d5dcfe1cdaaafcf62,74,6,8.108108108108109,2017-11-21 15:13:52,2018-08-24 00:07:22,21-100
6861de0f40cacb0602e473c51639f980,5,1,20.0,2017-11-18 10:53:18,2018-07-04 17:37:50,2-5
686886775c8f6b1191c7b953fb52708c,1,0,0.0,2018-06-26 05:48:19,2018-06-26 05:48:19,1
6879c4d287a8dd06b11f54ea8f78e4da,6,0,0.0,2018-06-13 23:58:54,2018-08-14 23:53:56,6-20
688756f717c462a206ad854c5027a64a,81,3,3.7037037037037033,2018-04-10 16:07:47,2018-08-18 20:06:13,21-100
68ca56ce86830f3d31b1b7ec6a54da3e,5,0,0.0,2018-07-11 18:16:29,2018-08-10 18:10:00,2-5
68f86ba270525243e68ae74044f992b9,10,0,0.0,2017-08-21 16:49:22,2018-07-30 11:58:55,6-20
6902157ee16728322d61a1321fa79e58,2,0,0.0,2017-09-21 22:46:26,2017-10-07 19:27:08,2-5
693660429f9dc4ff704eb3d88dad54d7,2,0,0.0,2018-07-22 17:24:17,2018-07-23 17:01:07,2-5
695051e2981c8b19e77cafe450d5bdf3,1,0,0.0,2017-12-08 12:19:26,2017-12-08 12:19:26,1
6973a06f484aacf400ece213dbf3d946,89,13,14.606741573033707,2018-01-22 15:14:12,2018-06-16 07:41:21,21-100
698624c6632eeba1774924dbea24c700,1,0,0.0,2018-04-05 20:23:53,2018-04-05 20:23:53,1
6989574bd97d9773f10d232b6c07da59,7,0,0.0,2017-03-22 23:17:07,2018-07-25 13:09:24,6-20
698f5fa55a5f73d0740e9d9a773e8093,4,0,0.0,2018-06-12 17:26:43,2018-06-20 08:57:50,2-5
69a43819c758c65a5befb0b471c954d7,2,0,0.0,2017-06-15 11:48:29,2017-09-16 20:40:17,2-5
69b5eaa096c3f9d1e5c398c597f567d6,2,0,0.0,2018-08-15 22:27:30,2018-08-25 10:41:50,2-5
6a0cbc8af2e8abd1bdfb777943d174c6,34,3,8.823529411764707,2017-05-08 18:46:53,2018-07-04 15:45:43,21-100
6a3139c7bf09ece22a4713d956acbe5e,1,0,0.0,2018-07-23 21:47:34,2018-07-23 21:47:34,1
6a38087bc8ad4f89ff453561005f6dea,15,0,0.0,2018-05-18 10:34:41,2018-08-17 12:56:21,6-20
6a51fc556dab5f766ced6fbc860bc613,24,2,8.333333333333332,2017-04-08 19:06:55,2018-08-21 12:46:29,21-100
6a53b90c3ad9e0b56d9fe5c69165fff5,2,0,0.0,2018-05-16 19:57:22,2018-08-03 00:15:35,2-5
6a8a889bde935bafa76d7848782dfaf9,26,2,7.6923076923076925,2018-03-21 14:04:40,2018-06-04 07:25:50,21-100
6a8b085f816a1f75f92dbac6eb545f8f,125,10,8.0,2017-07-29 17:28:18,2018-08-23 12:04:18,>100
6aa3928696eab49a19a466e665a649fd,18,1,5.555555555555555,2018-03-10 12:41:26,2018-08-17 22:23:06,6-20
6b15924333bd1a741595fe981ea04822,21,0,0.0,2017-02-01 11:13:37,2017-07-05 00:35:30,21-100
6b1c4d4d9ccf0be3d8544eb0e71e5318,1,0,0.0,2018-03-21 14:29:14,2018-03-21 14:29:14,1
6b243f80ed07b10f0e8aa0f21a205f3c,79,3,3.79746835443038,2017-07-18 12:35:54,2018-08-23 03:31:57,21-100
6b2612338467c08c9b25f0cc55b1578d,1,0,0.0,2017-02-12 20:42:26,2017-02-12 20:42:26,1
6b333a05bf188ef3e1f1662a86bd9855,12,1,8.333333333333332,2018-01-27 20:49:20,2018-08-10 15:03:30,6-20
6b3bd31ad8fcda4b2635ec9f3ff2ecdf,35,3,8.571428571428571,2018-03-24 14:57:23,2018-08-10 21:12:29,21-100
6b536a23086fba0d58c08d68814397f6,18,1,5.555555555555555,2017-10-25 14:35:46,2018-07-28 23:06:54,6-20
6b803197e03abd5056b4313306b4f29d,7,0,0.0,2018-02-06 23:23:59,2018-08-20 21:11:22,6-20
6b89abe95848c850399130d149a39b63,8,0,0.0,2018-02-15 23:30:37,2018-04-13 15:55:02,6-20
6b90f847357d8981edd79a1eb1bf0acb,45,0,0.0,2018-06-07 14:18:38,2018-08-29 11:06:11,21-100
6b9b80d53ba3676eafe60268a810b5a1,9,0,0.0,2017-02-01 08:42:45,2017-08-28 20:36:01,6-20
6ba4733aa33f6386e9fb0c0fd3993b38,3,0,0.0,2018-04-16 21:43:52,2018-08-17 10:32:19,2-5
6bb0724edf0b62fb91ac404873a97241,17,1,5.88235294117647,2017-02-20 00:34:48,2018-04-01 21:51:22,6-20
6bb62a4912377c7bfe7cb17b406bc7e6,4,0,0.0,2018-07-30 15:26:34,2018-08-14 06:30:49,2-5
6bb66d9870c2e01c05655c7ed0e7ee13,3,0,0.0,2018-07-25 17:09:53,2018-07-29 06:13:03,2-5
6bbcb8924baf70b7fe2fe2097e8cd407,10,0,0.0,2017-11-13 12:19:18,2018-08-09 20:07:20,6-20
6bcb2352a2a0c38b845f598298ab9d26,1,0,0.0,2017-06-16 17:30:04,2017-06-16 17:30:04,1
6bd503a8230299c9316fb0f726933927,4,1,25.0,2018-07-13 18:59:31,2018-08-17 15:11:32,2-5
6bd69102ab48df500790a8cecfc285c2,5,1,20.0,2017-06-26 13:44:08,2018-05-10 14:00:13,2-5
6bef34c5be6f2bbd70aa5165f6df94b1,2,0,0.0,2018-07-14 16:12:14,2018-07-31 23:31:44,2-5
6c12e40690c335dbc2f68a4134d30dc1,16,0,0.0,2017-02-20 13:35:27,2018-08-06 09:57:33,6-20
6c177e38df6d3f34182b1f1d427231bf,53,1,1.8867924528301887,2017-02-06 16:00:46,2018-08-21 13:32:24,21-100
6c17baf138731a4aaacc3210adf2037b,4,0,0.0,2018-08-06 15:08:47,2018-08-20 23:20:11,2-5
6c1b6d0c604b776f844125f911eb7377,4,0,0.0,2017-02-01 15:42:59,2017-02-24 16:09:19,2-5
6c6cc59a5c00cacc5054ca06d65cc282,1,0,0.0,2018-08-11 12:14:35,2018-08-11 12:14:35,1
6c6e3d67f969468f3bfd33f827a31222,5,0,0.0,2018-03-11 22:56:57,2018-08-09 18:55:30,2-5
6c77cd583b36a13aacccf2b3ee23e233,1,0,0.0,2018-08-23 21:45:16,2018-08-23 21:45:16,1
6c7d50c24b3ccd2fd83b44d8bb34e073,112,2,1.7857142857142856,2017-07-09 21:20:45,2018-08-17 07:32:27,>100
6c9875b2f94ba781186f0c1aed8d1687,2,0,0.0,2017-05-21 18:55:49,2017-08-13 10:33:17,2-5
6c99c983ce3b6ba0ab813e6790e81691,9,0,0.0,2018-05-31 22:54:21,2018-08-07 11:15:11,6-20
6cd68b3ed6d59aaa9fece558ad360c0a,149,2,1.342281879194631,2017-01-26 17:40:03,2018-04-23 22:25:36,>100
6cf476a4ca74498db55cbccdaa9dcfb6,5,1,20.0,2016-10-06 08:28:19,2017-04-09 22:51:08,2-5
6d04126aba80df143fd038e711b8fd96,1,1,100.0,2017-09-08 14:49:36,2017-09-08 14:49:36,1
6d1b9c9579132c87d2703ec38c30f2c5,4,0,0.0,2017-02-21 21:19:19,2017-07-01 12:32:51,2-5
6d22a1fcebb6dd08c9cd90b92a93e8d0,12,0,0.0,2017-08-27 23:06:38,2018-01-26 14:27:45,6-20
6d2f2e3b539480db1e0842b3a4e32e6e,3,0,0.0,2017-06-09 14:43:13,2017-06-22 22:22:55,2-5
6d66611d7c44cc30ce351abc49a68421,164,9,5.487804878048781,2017-02-02 07:05:42,2018-08-25 11:43:42,>100
6d7f8d9d594e28796b6b3205b00f459c,3,0,0.0,2017-05-11 15:40:17,2017-07-14 12:28:30,2-5
6d803cb79cc31c41c4c789a75933b3c7,58,4,6.896551724137931,2017-07-25 00:16:20,2018-06-06 15:11:41,21-100
6d988d6174a2c27441597174f8905515,19,2,10.526315789473683,2017-04-02 15:41:12,2018-08-09 15:39:32,6-20
6da1992f915d77be95d7fa48b36904af,7,0,0.0,2017-04-27 16:24:28,2017-08-03 11:13:41,6-20
6dc9bec584588412a6a338830946a3e4,1,0,0.0,2017-02-17 13:53:06,2017-02-17 13:53:06,1
6dd7dce75cd55c1ce255dc38d9f0cd46,1,0,0.0,2017-12-17 14:44:48,2017-12-17 14:44:48,1
6ddc28b61be28373b4503a1f61cf98a9,11,1,9.090909090909092,2018-06-14 17:31:48,2018-08-15 18:14:08,6-20
6df688df543f90e9b38f4319e75a9d88,39,0,0.0,2017-01-31 13:01:10,2017-11-22 09:09:01,21-100
6e0908ef4d4efadbc3cc2b74ea477cb0,8,1,12.5,2017-02-05 17:06:00,2017-09-01 16:11:40,6-20
6e13dd869aa7185f601c941423abcc8f,5,0,0.0,2018-04-07 18:30:52,2018-07-17 16:29:37,2-5
6e1862e15f33d9994bc25922a85e1efc,7,0,0.0,2018-06-08 09:47:41,2018-08-21 15:44:52,6-20
6e386f64c84e482f0b9abf960797ee1b,29,2,6.896551724137931,2018-03-25 23:20:35,2018-08-17 00:56:07,21-100
6e4a902d1054e4e17aa6eab87fac1c75,7,1,14.285714285714285,2018-08-06 23:49:14,2018-08-21 21:15:52,6-20
6e4f5ff6b086632ba8dcb558fb10249e,5,0,0.0,2018-02-27 01:52:55,2018-07-19 14:17:07,2-5
6e864f5c4669eff3d98140a07cc50202,13,1,7.6923076923076925,2017-08-02 13:12:25,2018-05-30 14:51:11,6-20
6eb94e1466490d327a09abf8f3552a50,9,0,0.0,2018-05-16 17:09:56,2018-08-23 13:05:40,6-20
6ebf4eceee4dd9847201c82e77ef8123,1,0,0.0,2018-04-04 23:21:54,2018-04-04 23:21:54,1
6ec1a01e866584bb679eb9b098345919,30,6,20.0,2017-07-06 16:18:52,2018-08-24 11:54:56,21-100
6edacfd9f9074789dad6d62ba7950b9c,205,9,4.390243902439024,2017-01-17 14:57:29,2018-08-27 20:31:22,>100
6ee85be3693ed79a8e80718743d80655,5,2,40.0,2017-01-19 11:26:57,2017-04-23 19:31:30,2-5
6eeed17989b0ae47c9f11ece6f38ea90,3,0,0.0,2018-07-03 18:58:41,2018-08-27 21:28:43,2-5
6f1a1263039c76e68f40a8e536b1da6a,2,1,50.0,2017-09-17 23:54:20,2018-01-15 15:18:27,2-5
6f229cc508fc6915ed5c499efd93baa4,13,2,15.384615384615385,2017-08-11 13:26:28,2018-08-11 18:52:46,6-20
6f835fd4be26989b1b064399da346143,2,0,0.0,2018-05-26 08:26:02,2018-06-18 22:59:35,2-5
6f83d9e4da896daae20b9b6b2d3ff8d2,11,0,0.0,2018-03-22 10:15:19,2018-07-31 17:24:44,6-20
6f892e20a171e98efe17fdb971ff319b,41,4,9.75609756097561,2017-07-27 16:40:14,2017-12-04 08:36:15,21-100
6fa9202c10491e472dffd59a3e82b2a3,3,0,0.0,2018-07-30 10:04:21,2018-08-13 14:07:50,2-5
6fc26fe110feebd80a433e1f012a84f9,35,4,11.428571428571429,2017-01-29 04:52:16,2018-08-17 16:22:48,21-100
6fd52c528dcb38be2eea044946b811f8,67,9,13.432835820895523,2017-08-18 16:58:56,2018-08-11 23:56:26,21-100
7008613ea464bad5cb9b83456e1e6a8f,123,6,4.878048780487805,2016-10-09 22:36:49,2018-08-21 16:08:39,>100
700f03c207639c22d933381ff60b35c2,4,2,50.0,2016-10-07 21:30:12,2017-11-29 17:43:31,2-5
70125af26c2d6d4ef401a1d02ae7701f,5,0,0.0,2018-07-03 16:23:42,2018-08-18 16:43:27,2-5
70126eecc6aa1274392a1743866e9678,3,0,0.0,2018-06-25 21:19:06,2018-07-25 10:27:00,2-5
701938c450705b8ae65fc923b70f35c7,74,3,4.054054054054054,2017-01-27 19:04:57,2018-04-01 21:48:34,21-100
702835e4b785b67a084280efca355756,1,0,0.0,2017-02-13 16:18:07,2017-02-13 16:18:07,1
7040e82f899a04d1b434b795a43b4617,208,16,7.6923076923076925,2017-09-12 22:20:18,2018-08-28 09:18:03,>100
70849ca4f400aaabb62cb7462a6f1428,12,2,16.666666666666664,2017-12-14 18:10:22,2018-08-18 23:19:12,6-20
709e16e2b25c7474d980076c6bfc4806,60,2,3.3333333333333335,2017-10-14 14:08:47,2018-08-26 08:40:36,21-100
70a12e78e608ac31179aea7f8422044b,312,29,9.294871794871796,2017-01-17 16:25:29,2018-08-20 20:10:03,>100
70b52a4cfc823994561b00bad161b4ed,8,0,0.0,2017-02-21 16:17:51,2018-07-18 13:50:09,6-20
70bf57d811208f8923b41bbd499a67a4,7,0,0.0,2018-06-26 20:41:56,2018-08-27 17:24:25,6-20
70c0fda4c313d87115644d39e62eec60,1,0,0.0,2018-08-04 15:27:00,2018-08-04 15:27:00,1
70c27847eca8195c983ed7e798c56743,77,5,6.493506493506493,2018-04-03 09:02:42,2018-08-22 21:34:37,21-100
70c4eedec9cb4a85cda2f3f9673557b4,1,0,0.0,2017-06-05 16:37:47,2017-06-05 16:37:47,1
70ee69419916dc13e3aed619061f996c,1,0,0.0,2017-08-07 10:50:46,2017-08-07 10:50:46,1
70eea00b476a314817cefde4aad4f89a,106,7,6.60377358490566,2017-02-09 15:32:27,2018-08-22 20:43:48,>100
70f7e8018e3d46c748c92f026aa2585a,1,0,0.0,2018-08-16 15:59:15,2018-08-16 15:59:15,1
70f84699be677ec988d1fa824aef7d90,5,0,0.0,2017-04-11 14:43:04,2018-07-18 21:15:01,2-5
71039d19d4303bf9054d69e9a9236699,35,7,20.0,2017-10-07 21:41:11,2018-08-03 13:46:47,21-100
710e3548e02bc1d2831dfc4f1b5b14d4,131,5,3.816793893129771,2016-10-07 10:18:50,2018-08-16 09:22:47,>100
71271995e85f5b8530be99ed54a91b89,6,1,16.666666666666664,2017-11-23 11:16:22,2018-05-23 09:07:46,6-20
712e6ed8aa4aa1fa65dab41fed5737e4,77,16,20.77922077922078,2017-02-08 12:01:45,2018-05-18 18:17:35,21-100
712efd3b68f9686dc856b84abd0f21ae,1,0,0.0,2018-07-30 12:41:54,2018-07-30 12:41:54,1
7139dc5186aa238b006e066d8fbab2e4,22,3,13.636363636363635,2018-01-29 11:30:46,2018-08-02 12:05:29,21-100
713e3a23ca5e47786eb6f0d99f94cfac,4,0,0.0,2018-02-06 13:32:02,2018-06-03 20:17:27,2-5
7142540dd4c91e2237acb7e911c4eba2,316,23,7.2784810126582276,2017-03-10 11:30:03,2018-08-17 10:23:01,>100
714b9a1332840f257b49f476bea4e341,6,2,33.33333333333333,2018-01-08 11:48:47,2018-03-24 15:11:38,6-20
71592660bbcb6a4664e97b6f8b68babc,6,0,0.0,2018-02-16 19:32:22,2018-07-31 20:47:41,6-20
71593c7413973a1e160057b80d4958f6,2,0,0.0,2018-08-03 13:19:41,2018-08-16 10:46:39,2-5
715bbd5ba4e6b74cb0d2f29eb45058b0,62,5,8.064516129032258,2017-09-10 00:34:50,2018-08-19 15:25:29,21-100
7178e1eaa97257d8b6d4b80efd77a025,1,0,0.0,2017-09-05 16:18:47,2017-09-05 16:18:47,1
7178f9f4dd81dcef02f62acdf8151e01,202,7,3.4653465346534658,2017-03-21 22:01:26,2018-08-17 11:27:54,>100
717b78b0950b51ed00b1471d858b0edc,5,1,20.0,2018-01-21 23:47:05,2018-07-02 21:06:36,2-5
718539d38d07dd351c76db862760e2e2,35,0,0.0,2017-04-26 11:19:47,2018-01-03 19:50:16,21-100
71dc18fd8cbf5fd77f45dd8b427abb34,4,0,0.0,2017-02-14 12:56:01,2017-12-13 23:56:00,2-5
7202e2ba20579a9bd1acb29e61fe71f6,51,2,3.9215686274509802,2017-07-22 13:08:11,2018-08-21 20:36:22,21-100
720e6cf846ea7572cbb66b743fb91e6c,1,0,0.0,2017-03-18 12:23:46,2017-03-18 12:23:46,1
7210cd29727d674c00741e5e387b3ccd,9,1,11.11111111111111,2018-06-10 13:08:26,2018-08-20 14:31:33,6-20
72146da5774cabf2632faedcae097a76,4,1,25.0,2018-02-06 12:10:35,2018-05-10 17:04:17,2-5
7238a95bb63ef7e498389fb863b834a1,15,0,0.0,2018-04-27 14:01:01,2018-08-16 15:13:00,6-20
7238f877570096ae403c51898fa64566,3,0,0.0,2018-04-11 19:11:36,2018-05-29 15:28:44,2-5
723a46b89fd5c3ed78ccdf039e33ac63,1,0,0.0,2018-05-28 23:06:44,2018-05-28 23:06:44,1
723cd880edaacdb998898b67c8f9da30,11,1,9.090909090909092,2018-03-27 12:41:26,2018-08-20 14:00:12,6-20
72431a818f97fe6ab9c81eee3e297e54,1,0,0.0,2018-04-13 11:22:56,2018-04-13 11:22:56,1
725af026f869236a8dd0ceb98564d156,5,0,0.0,2017-10-22 11:20:45,2018-06-01 21:48:43,2-5
725c32fa80c2faacc4fc88450d27314e,89,1,1.1235955056179776,2017-01-17 12:42:06,2018-08-12 09:20:39,21-100
7299e27ed73d2ad986de7f7c77d919fa,335,14,4.179104477611941,2017-03-09 11:09:46,2018-08-21 14:20:40,>100
729b2d09b2a0bdab221076327f13d050,48,2,4.166666666666666,2017-11-14 17:32:32,2018-08-21 12:27:17,21-100
729f06993dac8e860d4f02d7088ca48a,94,9,9.574468085106384,2017-03-24 10:57:40,2018-08-27 19:39:33,21-100
72bc2cce903c872fe376a8faaa81d237,17,0,0.0,2017-09-19 23:12:15,2018-08-21 22:45:58,6-20
72c38a04bd6a1c3dbc5298425a0db86d,4,0,0.0,2018-05-13 22:30:46,2018-07-05 10:00:59,2-5
72c5da29406b4234927b81855e7b64f6,31,1,3.225806451612903,2018-04-07 17:15:59,2018-08-26 20:32:14,21-100
72c73be2b085b9d57650dd53eb2004c9,1,0,0.0,2017-07-24 11:29:43,2017-07-24 11:29:43,1
730937bf88cb151eb2eb849f642fc213,22,1,4.545454545454546,2018-04-05 16:12:14,2018-08-19 10:36:45,21-100
7315baebc0572ff220d226283dc66728,2,0,0.0,2017-04-26 13:17:05,2017-06-28 09:51:56,2-5
731ef20c231d9a7103a425e83fd91271,2,0,0.0,2017-10-28 16:27:50,2017-10-28 20:52:15,2-5
734def04b237117a09321dd6d8f3f2a2,2,0,0.0,2018-04-08 22:50:52,2018-06-21 04:46:11,2-5
7354220fb240bde543b3c40c060d41e7,7,0,0.0,2018-01-04 13:40:05,2018-07-25 04:34:42,6-20
7357b52d27cbaa90f81a96cbc1279396,12,1,8.333333333333332,2018-05-15 18:17:45,2018-08-22 21:33:00,6-20
739c7d7be81f63812dea0d1b1451c651,2,0,0.0,2018-05-16 13:11:47,2018-06-04 11:52:25,2-5
73a63f72308aa20a46f4b1632018f196,27,0,0.0,2017-03-18 22:33:43,2018-08-01 14:47:50,21-100
73b8eb4a9a729d4019b24ed1be748cbf,7,0,0.0,2018-06-18 10:32:17,2018-08-07 14:24:49,6-20
73da1880b39c71de2b262bc7720c1494,2,0,0.0,2017-07-26 11:19:21,2018-01-09 12:25:33,2-5
740205fedfe4e90ca6857bc77db0f2b4,1,0,0.0,2017-02-17 03:09:22,2017-02-17 03:09:22,1
7402d13c03a7e91366337cd1de471144,3,0,0.0,2018-02-10 21:03:56,2018-08-17 11:18:22,2-5
741f8c587cb4248ebc5b779a0e8e0e51,5,1,20.0,2018-07-12 19:37:30,2018-08-12 10:49:23,2-5
744dac408745240a2c2528fb1b6028f3,78,1,1.282051282051282,2017-04-22 21:39:15,2018-08-14 18:33:48,21-100
74636e24f01da9268b0ed88dacd8513e,4,1,25.0,2018-04-25 14:50:27,2018-08-14 07:54:20,2-5
747c1cdcd1737dcfbd1547f6eb6f2cf3,2,0,0.0,2017-09-17 18:20:45,2018-01-27 11:28:32,2-5
747e73c01a4593d4cf60dcf970fd2689,3,0,0.0,2018-03-01 08:17:59,2018-04-26 10:53:16,2-5
74871d19219c7d518d0090283e03c137,6,0,0.0,2018-04-05 16:56:38,2018-08-21 19:11:28,6-20
7494d0dcba8551df6cf37f1b905dc2f7,1,0,0.0,2018-05-03 00:03:53,2018-05-03 00:03:53,1
749e7cdabbaf72f16677859e27874ba5,1,0,0.0,2017-09-03 17:20:56,2017-09-03 17:20:56,1
74a9b9bddf14ece02beb81f52c41a88d,2,0,0.0,2017-11-27 12:25:21,2018-02-07 20:57:16,2-5
74bafed391319577bce6f4d2acc0589a,3,0,0.0,2017-09-16 22:28:50,2018-04-16 20:20:19,2-5
74c7dec0a384d8a05950e629bd23bde9,4,0,0.0,2017-07-05 17:24:19,2017-10-01 14:46:59,2-5
750303a20e9c56b2a6bc45cdce0b897d,53,2,3.7735849056603774,2017-09-06 21:43:47,2018-08-24 17:53:18,21-100
751bdc4d83a466c7206cd42e8f426b03,51,1,1.9607843137254901,2017-05-18 11:36:28,2018-07-26 12:43:57,21-100
751e274377499a8503fd6243ad9c56f6,1,0,0.0,2018-08-20 22:06:10,2018-08-20 22:06:10,1
75745ef7bc7d4f3ea3380f6f5303f514,3,0,0.0,2017-03-01 16:41:19,2017-04-07 09:50:35,2-5
7586919161935337bf6b6d7ff5779648,11,2,18.181818181818183,2017-06-30 09:06:16,2018-03-20 11:03:07,6-20
75a4764c108403a7a0575140cb22287c,5,0,0.0,2017-12-12 08:14:21,2018-04-10 08:47:23,2-5
75d34ebb1bd0bd7dde40dd507b8169c3,57,7,12.280701754385964,2017-01-28 17:05:59,2018-02-05 13:50:59,21-100
75fbb52eda0cbc24f479d3b2fbfa8d3e,38,2,5.263157894736842,2017-01-31 10:48:02,2018-06-16 17:34:31,21-100
75fdd0a732287f9497b179f6bd445d32,1,0,0.0,2017-09-19 00:19:17,2017-09-19 00:19:17,1
761681a821d8275bc79f552116d06869,3,0,0.0,2018-04-23 19:27:59,2018-07-25 12:02:27,2-5
762ed976527cddf02787edba70fffa2a,3,0,0.0,2017-11-24 22:46:29,2017-12-12 11:15:32,2-5
762fafdaa57a532ee0119731697579dd,5,0,0.0,2018-06-08 02:18:40,2018-08-11 11:01:19,2-5
76623fde66e6b63b59440fd34160512d,3,0,0.0,2017-09-02 12:03:14,2018-01-08 15:05:57,2-5
7681ef142fd2c19048da7430856b5588,58,5,8.620689655172415,2018-02-09 21:38:59,2018-08-22 16:21:33,21-100
76833248bbc0e65a0293ec62023e4396,2,0,0.0,2017-10-06 10:22:39,2017-11-17 10:22:53,2-5
768a86e36ad6aae3d03ee3c6433d61df,17,2,11.76470588235294,2018-06-19 11:51:55,2018-08-23 20:27:42,6-20
768de2a4fc06aacecb9a586ccc30746a,13,0,0.0,2017-08-08 21:31:55,2018-05-18 10:33:52,6-20
76c47a299e4a8fe992316a85865acbe9,6,2,33.33333333333333,2017-06-22 11:14:21,2018-06-17 21:01:50,6-20
76d336555bb25f3165d2f0d6da719c40,1,0,0.0,2017-02-03 19:52:09,2017-02-03 19:52:09,1
76d5af76d0271110f9af36c92573f765,128,12,9.375,2016-10-04 21:35:54,2018-08-01 16:57:20,>100
76d64c4aca3a7baf218bf93ef7fa768d,64,2,3.125,2017-05-25 08:39:38,2018-08-26 13:53:04,21-100
76de363de16dacc923eec8daf91df504,2,0,0.0,2017-09-22 10:58:10,2018-03-21 15:56:34,2-5
76ea5315acb3f5f7ade3cd261faf922a,15,1,6.666666666666667,2018-05-18 09:49:56,2018-08-19 11:28:18,6-20
77128dec4bec4878c37ab7d6169d6f26,1,0,0.0,2017-03-15 20:14:39,2017-03-15 20:14:39,1
7722b1df1b0e383e000397b2c11e3e19,133,4,3.007518796992481,2017-01-19 13:06:45,2018-08-27 16:57:10,>100
77530e9772f57a62c906e1c21538ab82,312,29,9.294871794871796,2016-10-04 11:03:14,2018-08-25 22:41:57,>100
77714512e8d4dda9c234da8e3faf16e4,4,0,0.0,2018-07-27 09:58:16,2018-08-15 17:34:38,2-5
777a0c55737f34ffeb78010f7542ab41,6,0,0.0,2018-06-27 09:02:19,2018-08-20 17:59:47,6-20
778323240ce2830d68aab11794e00bfb,3,0,0.0,2018-06-25 11:31:42,2018-07-30 09:18:59,2-5
77a515caa36327151d1cc6c32a9f00e1,26,3,11.538461538461538,2018-02-28 23:30:36,2018-08-23 15:58:16,21-100
77e4abfd739aed9c46480f90f81c0eb4,18,0,0.0,2018-01-30 17:55:06,2018-08-14 14:42:14,6-20
77fccaae319668a8ab6cd0fd16aec48c,11,0,0.0,2018-05-13 16:45:22,2018-07-30 15:38:45,6-20
7813ea3ebd9411dc600b4dd01f7a97b9,9,1,11.11111111111111,2017-08-03 17:22:24,2018-06-07 12:57:35,6-20
7816cd9c5b1238e320545f5bf7eb80e8,1,0,0.0,2018-05-24 21:30:11,2018-05-24 21:30:11,1
781a66c0d89e30814d49fe8b5e14cd07,1,1,100.0,2017-11-15 12:41:09,2017-11-15 12:41:09,1
782f78b632a43875dd5b53e3e49c9564,1,0,0.0,2017-06-19 16:56:09,2017-06-19 16:56:09,1
784ba75dd9d20200c4caed3d7a77141a,19,2,10.526315789473683,2017-03-29 07:03:56,2017-12-21 15:18:29,6-20
78744a20ee2f80ba64f6804c25def2b8,6,1,16.666666666666664,2017-09-10 19:53:37,2018-08-19 15:27:35,6-20
78813699ffac347fe27dba345a5f1551,1,0,0.0,2018-06-24 21:10:34,2018-06-24 21:10:34,1
788e857f317e53de488d393e65a80f45,11,0,0.0,2018-05-28 16:37:29,2018-08-22 11:16:54,6-20
788f22bafdd7ab0e1e79f19db72f16a4,2,0,0.0,2018-08-16 15:46:02,2018-08-21 22:02:04,2-5
78a4d36f65a019172c6154468831a69f,7,1,14.285714285714285,2017-10-20 00:43:54,2017-12-08 16:15:26,6-20
78ba5933c21686d1c2f64669c8c459e7,2,0,0.0,2017-03-20 13:55:36,2017-05-16 10:49:26,2-5
78c99c6dff4eeae5be99bf635ed21e3f,31,2,6.451612903225806,2017-02-08 10:18:09,2017-08-18 11:21:40,21-100
78ef7e885d17f35e2382a47aae8b8cce,3,0,0.0,2017-02-15 15:54:35,2017-07-28 10:05:46,2-5
7901646fdd36a55f564ffaf2dbccaaf7,22,2,9.090909090909092,2017-03-02 13:52:03,2018-08-23 00:13:49,21-100
791cfcfe22fe4a771ece27f90017da92,1,1,100.0,2017-06-12 14:07:14,2017-06-12 14:07:14,1
79565f7d5603b24ddf07ade262547f2f,7,2,28.57142857142857,2017-02-07 10:07:01,2017-05-24 22:42:55,6-20
7957cac1a02f45d0a4a7e45626382ec2,1,0,0.0,2017-09-08 10:09:43,2017-09-08 10:09:43,1
7963e546f34e098b578f9ad102494601,1,0,0.0,2017-11-05 18:19:24,2017-11-05 18:19:24,1
7994081388d55b9cf976c050653dd359,1,0,0.0,2017-02-09 14:29:29,2017-02-09 14:29:29,1
7994b065a7ffb14e71c6312cf87b9de2,5,0,0.0,2018-06-05 20:41:45,2018-08-04 00:42:23,2-5
79a679c36c08d606b3fd47ead9de109b,3,1,33.33333333333333,2018-03-02 12:01:02,2018-05-03 17:57:35,2-5
79b93a308a97792cf53ac75f46da00b5,1,0,0.0,2017-07-23 10:07:01,2017-07-23 10:07:01,1
79ebd9a61bac3eaf882805ed4ecfa12a,133,6,4.511278195488721,2017-10-10 23:13:16,2018-08-18 22:51:17,>100
79ed755314cfe6df0daef2c6cd3022cd,23,0,0.0,2017-02-24 09:06:40,2018-08-08 20:06:57,21-100
7a241947449cc45dbfda4f9d0798d9d0,56,4,7.142857142857142,2017-03-10 10:24:46,2018-08-05 21:37:08,21-100
7a2d2949aea47fab95fd98d6c9f618b1,11,0,0.0,2017-02-04 23:28:25,2018-06-25 20:15:05,6-20
7a425d299613df3e613bcf9d2eaf5c49,18,1,5.555555555555555,2017-11-09 18:22:26,2018-08-01 23:12:08,6-20
7a67c85e85bb2ce8582c35f2203ad736,1145,60,5.240174672489083,2017-01-27 12:15:07,2018-08-21 01:30:48,>100
7a704e63bb29c446869efde5d57524c8,1,0,0.0,2018-01-25 14:19:53,2018-01-25 14:19:53,1
7a91bf945c6fae0779f1c61ce97fe45c,4,1,25.0,2017-07-17 00:25:55,2017-09-29 15:00:13,2-5
7a9c12e235c36247c3c81f50d6ea9cea,5,0,0.0,2017-03-31 23:54:45,2017-05-04 19:13:41,2-5
7aa4334be125fcdd2ba64b3180029f14,214,25,11.682242990654206,2017-02-28 10:08:49,2017-12-12 14:44:42,>100
7aa538dd6e114e503a2e6154ea352253,5,0,0.0,2018-04-23 17:55:31,2018-08-17 15:45:42,2-5
7ab0dd5487bab2dc835337b244f689fb,1,0,0.0,2017-04-05 17:58:30,2017-04-05 17:58:30,1
7ad32824caee82087b3e2e5f33b1bf32,147,19,12.925170068027212,2018-01-26 15:36:01,2018-08-27 20:47:15,>100
7ad41305e96a6cab8294cd65891e9a86,2,0,0.0,2018-06-05 00:38:47,2018-06-12 20:54:25,2-5
7adbd3210a7b3cc2235e225eef33574d,3,0,0.0,2018-06-30 21:39:57,2018-08-14 19:39:04,2-5
7ade73f1b9b4e965f9009a4c3a7e2c15,26,0,0.0,2018-04-13 14:54:22,2018-08-11 13:27:25,21-100
7b07b3c7487f0ea825fc6df75abd658b,91,4,4.395604395604396,2017-01-25 15:32:48,2018-08-24 10:48:37,21-100
7b0df942f46435babab05d49b744b2c4,32,3,9.375,2017-02-03 10:09:40,2018-06-25 08:27:27,21-100
7b1222c3624aa89b9558b50a2594188c,22,3,13.636363636363635,2017-02-18 20:50:28,2018-06-26 14:07:10,21-100
7b3447b497e55af8c15fc7bd89d7b81a,1,0,0.0,2017-11-17 19:53:15,2017-11-17 19:53:15,1
7b3f6ce5c6c22e9b96e7581ebf0df6e1,1,0,0.0,2017-12-09 19:07:28,2017-12-09 19:07:28,1
7b7ed56ae755e2880f2b69632e839c1e,5,0,0.0,2018-08-07 08:05:25,2018-08-15 19:33:04,2-5
7b7f91e98f8c6def45a1407923304402,11,1,9.090909090909092,2018-04-15 22:34:55,2018-07-22 00:22:32,6-20
7b8e8ec35bad4b0ef7e3963650b0a87b,5,1,20.0,2018-04-02 10:44:37,2018-07-26 14:16:04,2-5
7b98de631987e26dd6d803490c43a13c,8,0,0.0,2018-05-22 15:14:41,2018-08-02 12:07:34,6-20
7bac63f6603d382cc8d0832eb6c100a8,19,2,10.526315789473683,2017-11-04 09:09:12,2018-08-03 15:28:52,6-20
7bb8fac2913a6064ec412e583c6d8b4d,1,0,0.0,2018-02-02 13:40:38,2018-02-02 13:40:38,1
7bcd7c5f8631701474db233ccf1c094b,8,0,0.0,2017-04-14 14:28:24,2017-08-27 17:51:48,6-20
7c1fea10b5b006671d608b1d7c446ec4,14,1,7.142857142857142,2017-10-04 20:41:38,2018-06-13 15:39:09,6-20
7c4402417d51474d4d0cda9557340e40,1,0,0.0,2017-05-08 16:31:38,2017-05-08 16:31:38,1
7c4618c82226628831613e95e9c22f44,13,1,7.6923076923076925,2017-12-14 10:52:55,2018-08-17 06:37:13,6-20
7c462184585ae80bd6e5774c62ce50f2,1,1,100.0,2018-05-07 12:38:04,2018-05-07 12:38:04,1
7c4adcc13272c0e26fa23aac642adb7b,2,1,50.0,2018-01-28 10:24:50,2018-02-26 12:21:19,2-5
7c51de0ab286204ce75ff42bf7c10d92,4,0,0.0,2018-07-22 10:11:35,2018-08-12 17:52:19,2-5
7c5b05cbdb5542049f38d90d7815b97d,21,1,4.761904761904762,2018-04-28 14:32:54,2018-07-15 09:56:32,21-100
7c67e1448b00f6e969d365cea6b010ab,973,89,9.146968139773895,2017-01-26 22:44:11,2018-08-07 18:58:53,>100
7c9130f5f3729edd32aa059141d92484,3,0,0.0,2018-06-20 18:53:42,2018-08-23 11:30:22,2-5
7caa63f175b1cecbfaadd8b5ab9998c7,1,0,0.0,2018-01-02 17:05:06,2018-01-02 17:05:06,1
7cb946b1ad19faebe28c3e86c2794ec3,1,0,0.0,2017-11-16 21:01:25,2017-11-16 21:01:25,1
7cf4ea70955b00d6b3c22542598e2715,1,0,0.0,2018-07-19 14:00:02,2018-07-19 14:00:02,1
7d13fca15225358621be4086e1eb0964,558,64,11.469534050179211,2018-02-14 21:11:44,2018-08-25 13:51:01,>100
7d294cf9a6a69dc6a0c3e540fff0e039,5,0,0.0,2018-05-06 20:37:58,2018-08-01 19:42:37,2-5
7d456afc660226829370f3173d14520c,55,2,3.6363636363636362,2016-10-06 08:58:04,2018-08-21 18:47:23,21-100
7d484ca289afaac6bf5fc6a1e96d2226,2,0,0.0,2018-08-05 13:27:49,2018-08-17 19:54:09,2-5
7d76b645482be4a332374e8223836592,172,16,9.30232558139535,2017-07-27 20:53:35,2018-08-14 23:20:59,>100
7d7866a99a8656a42c7ff6352a433410,5,0,0.0,2018-07-03 23:18:04,2018-08-29 14:52:00,2-5
7d7d2b7a51328016102d4528c411d630,7,1,14.285714285714285,2018-04-07 18:26:07,2018-08-18 08:17:21,6-20
7d81e74a4755b552267cd5e081563028,1,0,0.0,2018-08-20 13:31:30,2018-08-20 13:31:30,1
7d948535954aaf8c5d39db007f74372e,4,0,0.0,2017-07-02 18:28:14,2018-04-08 11:43:25,2-5
7daca0837f033a41a6f3428c18657533,7,2,28.57142857142857,2018-04-19 15:47:11,2018-06-10 14:08:05,6-20
7dc8c42cc750eeafea6c85712ffee9bf,41,2,4.878048780487805,2016-10-07 19:02:48,2018-08-28 22:30:32,21-100
7dc9a3355bae96dd82008b313d3a456c,1,0,0.0,2018-06-20 07:42:30,2018-06-20 07:42:30,1
7ddcbb64b5bc1ef36ca8c151f6ec77df,325,27,8.307692307692308,2017-07-19 08:55:10,2018-06-17 14:13:41,>100
7dea6f73af847b42cc3985bd620f994d,2,0,0.0,2018-08-04 13:01:25,2018-08-24 21:42:26,2-5
7df1fc11cc5cbc518b39faa60cf5d67c,5,0,0.0,2018-04-14 10:39:22,2018-07-24 11:46:04,2-5
7e1fb0a3ebfb01ffb3a7dae98bf3238d,155,18,11.612903225806452,2017-02-04 21:39:14,2018-08-23 19:57:18,>100
7e26c750b4cb9f6766f58265ff9ebe95,23,0,0.0,2017-02-03 16:10:44,2017-10-13 12:42:33,21-100
7e3f87d16fb353f408d467e74fbd8014,91,6,6.593406593406594,2017-06-29 10:43:25,2018-08-26 11:59:34,21-100
7e79d65b5c6f1f544b7daea036acf720,4,0,0.0,2017-06-14 14:13:14,2017-10-24 12:11:43,2-5
7e93a43ef30c4f03f38b393420bc753a,319,15,4.702194357366771,2016-10-08 01:28:14,2018-07-13 21:30:54,>100
7ea5bfa6c340f58f8e71fc1f0412b0d6,96,6,6.25,2017-11-20 16:35:55,2018-08-11 12:01:37,21-100
7ecd59e5e20407131822c1a68ac59c1f,24,3,12.5,2017-11-29 10:51:21,2018-08-03 15:30:58,21-100
7ecef8194babfec876ca720714327841,7,0,0.0,2017-10-15 22:41:59,2018-07-20 18:38:33,6-20
7f02656561b680def9986c0795a8a080,1,0,0.0,2017-08-18 13:19:58,2017-08-18 13:19:58,1
7f152321c60a266edc53af1925ef96c1,20,6,30.0,2017-08-29 17:24:40,2018-08-02 18:04:17,6-20
7f2617c58d5d06806987308b45654351,22,2,9.090909090909092,2017-04-12 22:14:49,2018-06-21 20:53:59,21-100
7f35f9daf223da737b78738fbae4d977,5,0,0.0,2018-06-18 05:22:00,2018-07-04 18:15:26,2-5
7f40d06aa0b5f1aa4f41af8c0480e2ef,6,0,0.0,2018-08-09 08:17:42,2018-08-27 19:21:58,6-20
7f5e4d5efad7e44b91115dd1decb65f3,3,0,0.0,2018-05-07 12:46:18,2018-07-29 05:12:32,2-5
7f7b8245c336066a1f9933c359f11d77,38,1,2.631578947368421,2018-04-11 16:00:34,2018-08-17 08:20:42,21-100
7fc87cc3e89b3d1d5cabdca32f8485aa,14,3,21.428571428571427,2018-05-02 12:35:31,2018-08-02 12:06:29,6-20
7fdb0720c8d7c9075538b365dc8c3a22,9,1,11.11111111111111,2018-04-21 11:38:28,2018-07-22 20:00:05,6-20
7fe21dd00d2f4943ae09525efa2fd674,2,0,0.0,2017-04-22 00:20:19,2017-07-02 00:25:04,2-5
7ff588a03c2aeae4fbd23f9ae64b760d,14,0,0.0,2018-06-06 08:34:53,2018-08-26 21:47:50,6-20
800214c63934acd05d47e84214db8ba8,3,0,0.0,2017-03-31 12:33:22,2017-05-15 08:58:47,2-5
804287717b9156fb7a787acd9af4fac1,1,0,0.0,2017-06-07 11:49:07,2017-06-07 11:49:07,1
8060d731897e33b5c5ae575ce1e209e1,5,0,0.0,2018-05-07 10:09:40,2018-07-14 14:32:44,2-5
808d4348b916efa08e766ebad39f61eb,20,1,5.0,2018-07-07 19:45:17,2018-08-22 10:41:47,6-20
8090490573c6c0aa343a7231ebcb8c86,26,2,7.6923076923076925,2017-09-01 22:51:39,2018-08-16 10:27:30,21-100
809413606dbfe5deefd2db646693ef67,3,0,0.0,2017-11-05 22:41:44,2018-05-06 20:41:35,2-5
80ceebb4ee9b31afb6c6a916a574a1e2,1,1,100.0,2018-07-25 18:10:17,2018-07-25 18:10:17,1
80cfd480be3eb6d6267139f5cb793555,1,0,0.0,2017-03-10 10:34:16,2017-03-10 10:34:16,1
80e6699fe29150b372a0c8a1ebf7dcc8,96,3,3.125,2016-10-10 16:00:30,2018-05-13 19:30:39,21-100
80f2cf9abf6b5a0e5c612b5eea6646e6,6,1,16.666666666666664,2018-04-05 08:21:18,2018-05-15 08:31:26,6-20
8132b9bd16876e1b0f8808d43825dd48,1,0,0.0,2017-05-05 18:20:43,2017-05-05 18:20:43,1
813348c996469b40f2e028d5429d3495,172,8,4.651162790697675,2017-05-01 14:48:33,2018-04-24 13:21:26,>100
81336a0f57a33776419727a300249e90,15,2,13.333333333333334,2017-07-19 14:08:55,2018-04-22 22:07:08,6-20
8160255418d5aaa7dbdc9f4c64ebda44,380,52,13.684210526315791,2017-10-09 14:50:32,2018-08-20 10:29:03,>100
817245bcc3badd82bbd222e0366951a6,28,1,3.571428571428571,2017-11-14 22:19:50,2018-07-17 14:16:29,21-100
81783131d2a97c8d44d406a4be81b5d9,8,0,0.0,2018-07-27 13:06:11,2018-08-15 10:06:15,6-20
817f85dbb65aa3e70831d90fe75cdf89,11,0,0.0,2016-10-03 22:44:10,2017-03-15 12:25:24,6-20
8185694b58b2ba6de20fd41ae608bbea,8,0,0.0,2018-03-10 12:45:26,2018-08-11 13:09:33,6-20
818d28f936e791926d33bcb6ee94ef79,4,0,0.0,2017-02-09 21:19:01,2017-05-24 17:19:22,2-5
81a1104df0f08b59c68aa5b03cfe398e,72,3,4.166666666666666,2017-05-21 13:07:26,2018-04-16 18:51:24,21-100
81ed90f07c0bacb7594940ba2ef676aa,2,0,0.0,2017-10-25 23:24:01,2017-11-11 16:51:19,2-5
81f89e42267213cb94da7ddc301651da,46,0,0.0,2018-08-08 12:45:12,2018-08-27 18:45:54,21-100
820c7c9eaf76d2b226b6c242bcf3f34d,1,0,0.0,2017-01-30 17:33:05,2017-01-30 17:33:05,1
820cc752a266cdc6c1a1e61dd4583330,15,1,6.666666666666667,2017-01-31 20:16:02,2018-04-27 13:39:47,6-20
821fb029fc6e495ca4f08a35d51e53a5,24,8,33.33333333333333,2018-01-21 19:06:42,2018-08-15 19:03:09,21-100
822166ed1e47908f7cfb49946d03c726,69,1,1.4492753623188406,2017-05-25 00:33:44,2018-07-22 15:19:05,21-100
822b63912576852aea9a8436d72317b7,6,0,0.0,2016-10-04 19:25:29,2017-01-24 12:18:07,6-20
822bad9bc42b51213ba522fe87b7ab5d,18,5,27.77777777777778,2017-08-10 22:52:11,2018-06-09 10:48:27,6-20
827f8f69dfa529c561901c4f2e0f332f,91,6,6.593406593406594,2016-10-07 14:15:50,2018-03-19 13:16:50,21-100
82921991ff5b557b045605b8bbf08d49,1,0,0.0,2018-08-05 19:41:36,2018-08-05 19:41:36,1
82bd0703a4aefd6b599e5bfdaed378fb,20,1,5.0,2016-10-04 23:45:54,2017-08-18 08:57:28,6-20
82cb9f452fe8334df74b22d37824b431,14,0,0.0,2018-04-11 10:48:10,2018-08-01 15:01:52,6-20
82e0a475a88cc9595229d8029273f045,41,4,9.75609756097561,2017-02-22 14:08:00,2018-01-18 02:11:56,21-100
830379336fad8c6f3b15a4a3ddb5c66e,2,0,0.0,2018-04-21 17:34:58,2018-07-24 10:54:55,2-5
83353a83fd769dfafa4f21a72b15e3e5,5,1,20.0,2017-04-01 17:31:42,2017-12-17 23:30:16,2-5
834f3294fba9f932f56edc879193f925,66,4,6.0606060606060606,2017-05-10 16:57:39,2018-08-15 09:57:51,21-100
834f8533b2ecb6598dd004ff3de7203a,41,6,14.634146341463413,2017-01-17 22:34:59,2018-08-20 20:13:09,21-100
835f0f7810c76831d6c7d24c7a646d4d,42,11,26.190476190476193,2017-02-11 21:54:04,2018-02-13 16:23:29,21-100
83645b1645cdee8953ee54c29ceed564,14,0,0.0,2017-03-12 12:24:51,2018-08-04 20:00:03,6-20
8378eb36b6b70c5734e83ad7b8cdc3b7,7,1,14.285714285714285,2017-12-20 10:19:57,2018-07-02 21:10:53,6-20
83a75eea11694e36e56dd0cb2240229a,3,0,0.0,2018-02-25 20:10:26,2018-04-18 13:43:52,2-5
83b08de96980757220871b31bf6cffca,5,1,20.0,2017-10-13 15:52:21,2018-05-07 10:08:06,2-5
83c465a786b06574376909b35ef6752a,3,0,0.0,2018-06-25 20:24:55,2018-08-16 18:56:19,2-5
83c8aafbefb034674a70de0eac5b8954,2,0,0.0,2018-03-28 21:35:46,2018-07-10 10:30:04,2-5
83deb69e889cf80f82be1dc6d5f2d486,40,2,5.0,2017-07-17 22:19:33,2018-08-12 18:45:22,21-100
83e197e95a1bbabc8c75e883ed016c47,46,1,2.1739130434782608,2017-01-27 05:27:14,2018-02-27 19:17:20,21-100
83f2b4881141ce3fcd4e985125d3279e,3,0,0.0,2018-01-24 08:45:48,2018-03-18 14:49:40,2-5
8444e55c1f13cd5c179851e5ca5ebd00,92,6,6.521739130434782,2017-03-13 23:13:57,2018-06-29 19:52:09,21-100
845e8036c3f7bf62099352f5ed910240,21,0,0.0,2018-05-25 22:07:54,2018-08-24 16:35:15,21-100
8476243f92442881ddd5b578975cf115,12,1,8.333333333333332,2018-03-14 10:12:48,2018-08-14 17:50:05,6-20
84c945f15571830c1a91a33978e94009,2,0,0.0,2017-03-20 23:42:55,2017-05-14 08:39:56,2-5
84deb808079d1be601c209c1e771b1cc,2,0,0.0,2017-09-05 11:07:37,2017-11-27 21:29:49,2-5
85044848b1b767db2a4a58526adef4b4,4,0,0.0,2018-04-07 19:30:17,2018-07-13 14:02:37,2-5
850857dfac77488c307e2b1cbd84ab5a,1,0,0.0,2018-06-12 21:05:40,2018-06-12 21:05:40,1
850913d59ce317156b00f3705f1c3edb,29,5,17.24137931034483,2018-03-07 12:24:36,2018-07-27 16:20:49,21-100
850f4f8af5ea87287ac68de36e29107f,186,9,4.838709677419355,2017-04-10 23:29:46,2018-06-27 11:10:11,>100
851773c885feb5e2da3b4f82bc2b17ce,10,2,20.0,2018-02-08 13:55:48,2018-08-26 13:33:43,6-20
855668e0971d4dfd7bef1b6a4133b41b,300,38,12.666666666666668,2017-05-02 13:41:42,2018-08-26 11:01:05,>100
8581055ce74af1daba164fdbd55a40de,379,31,8.179419525065963,2017-01-18 17:44:05,2018-04-18 20:55:32,>100
85cc55e048b6bcc90c75afe7f0e72f72,9,2,22.22222222222222,2018-05-07 00:06:34,2018-07-25 21:36:32,6-20
85d9eb9ddc5d00ca9336a2219c97bb13,499,11,2.2044088176352705,2016-10-06 09:07:52,2018-08-19 22:46:19,>100
85e7c62c1d6ea078c3897424f867a7c8,2,0,0.0,2017-12-27 19:48:04,2018-01-17 16:46:29,2-5
85ecf03781da592876b7844acc1b729f,2,1,50.0,2018-07-18 15:14:15,2018-08-04 22:12:46,2-5
8602a61d680a10a82cceeeda0d99ea3d,17,0,0.0,2017-08-04 16:41:25,2018-08-02 16:31:11,6-20
8603f0038fe0e52fedd3382d266723de,10,0,0.0,2017-04-24 17:42:25,2018-01-24 17:02:52,6-20
8629a7efec1aab257e58cda559f03ba7,1,1,100.0,2018-02-16 13:56:54,2018-02-16 13:56:54,1
8629c241b3622ac12cd4118afdc8d394,13,1,7.6923076923076925,2018-03-19 16:11:16,2018-07-10 17:45:13,6-20
863d2ebcd347ce4922de7a0f9a5581d6,17,2,11.76470588235294,2017-07-04 17:45:29,2018-08-13 14:51:14,6-20
8648b1e89e9b349e32d3741b30ec737e,93,9,9.67741935483871,2017-09-28 08:26:10,2018-08-26 21:18:34,21-100
866558b3bccef2dbc6d29a2b5995016f,5,0,0.0,2017-10-22 14:36:12,2018-07-20 17:57:36,2-5
86bb7c4b535e49a541baf3266b1c95b1,16,3,18.75,2016-10-04 13:45:08,2018-02-05 12:56:57,6-20
86bf77bdb52e615674772d5817c6212f,4,0,0.0,2018-04-24 18:39:22,2018-07-31 21:12:24,2-5
86ccac0b835037332a596a33b6949ee1,178,4,2.247191011235955,2017-03-22 17:23:19,2018-07-30 16:32:00,>100
86ff3eaef0267069cc891a2ed9d10a17,7,0,0.0,2018-04-17 15:19:13,2018-07-08 21:08:26,6-20
870d0118f7a9d85960f29ad89d5d989a,45,2,4.444444444444445,2017-04-08 20:38:00,2018-08-27 09:19:09,21-100
87142160b41353c4e5fca2360caf6f92,305,12,3.934426229508197,2017-02-03 16:25:13,2018-08-21 21:53:58,>100
8759e7aedd644f487315e5860962f162,3,1,33.33333333333333,2017-11-28 14:16:21,2017-12-27 17:50:31,2-5
876182d1918783bbe15233febfbd4926,3,0,0.0,2017-05-15 13:51:50,2018-02-27 22:26:24,2-5
87b4428a334b8f676fd9a7f3bf544fb5,1,0,0.0,2018-08-13 19:22:29,2018-08-13 19:22:29,1
87b740daf17b5d1be335a64164ec6842,11,1,9.090909090909092,2017-02-13 18:38:38,2018-03-15 15:58:43,6-20
87d30a6a0cbf89356e49324971ab1d24,17,1,5.88235294117647,2017-12-21 13:48:26,2018-06-20 20:25:37,6-20
87d3c3aeb3ead335511b3ce315eb341e,15,1,6.666666666666667,2018-06-13 14:35:29,2018-08-17 07:44:54,6-20
87d73636a3acf123e842bb890a4db036,1,0,0.0,2018-07-25 15:17:58,2018-07-25 15:17:58,1
87e24fc7052259b1f7f607d61c10d8be,7,1,14.285714285714285,2018-05-15 13:18:27,2018-08-14 11:15:33,6-20
87f3e35268860433e13d577825aada95,1,0,0.0,2016-10-05 20:20:59,2016-10-05 20:20:59,1
880ce4951cf857ab1d9e0b75c1d856f4,1,0,0.0,2018-02-13 21:06:34,2018-02-13 21:06:34,1
883dd81e82754ac2c65e9790a7db8c9a,5,0,0.0,2017-10-23 19:51:15,2018-06-23 19:04:41,2-5
88460e8ebdecbfecb5f9601833981930,246,42,17.073170731707318,2017-11-21 12:32:07,2018-08-17 07:01:01,>100
888faa8bfb0b159c37de6d898b961c31,19,0,0.0,2017-08-07 14:10:09,2018-08-22 09:20:10,6-20
889009a0ed0bb52c87819941192931b8,1,0,0.0,2017-06-01 11:59:38,2017-06-01 11:59:38,1
88ae906ea2acf6971f26c3e8b7cb4357,3,1,33.33333333333333,2018-04-27 14:42:36,2018-05-11 14:39:15,2-5
88cd3681e0a2ba85e190f7d817629c4c,1,0,0.0,2018-08-15 21:09:19,2018-08-15 21:09:19,1
88cf19ec1fc2c58f161aee259d57142c,14,0,0.0,2018-05-20 17:16:24,2018-08-20 18:44:49,6-20
88ef59b51bdaa941d10a853429f2b6ce,2,0,0.0,2018-07-04 14:05:12,2018-08-18 20:16:45,2-5
891071be6ba827b591264c90c2ae8a63,85,12,14.117647058823529,2017-01-24 21:16:24,2018-08-23 11:37:30,21-100
8931a84a914b3fe9b1ddaa4d704947ca,29,2,6.896551724137931,2017-03-29 02:00:08,2018-07-19 22:57:19,21-100
8936ba0de1073ee888cb3185ae5dc661,1,0,0.0,2017-04-05 08:53:24,2017-04-05 08:53:24,1
897060da8b9a21f655304d50fd935913,304,32,10.526315789473683,2016-10-04 21:54:52,2018-06-14 15:22:53,>100
89757206b887aed36f3e18d858460fea,2,0,0.0,2018-05-03 11:45:49,2018-07-04 21:45:50,2-5
89a51f50b8095ea78d5768f34c13a76f,10,0,0.0,2018-04-24 15:34:42,2018-07-31 20:54:09,6-20
89ad3263c0931c47f976d7c5778e60f6,6,0,0.0,2018-06-25 10:02:54,2018-07-28 14:44:16,6-20
89bc797e2e29667aa035d4368f9b7f92,16,3,18.75,2016-10-05 13:12:43,2017-04-10 16:11:37,6-20
89c127985a8b130cfa45c1d36764017a,6,0,0.0,2017-06-30 10:13:23,2018-01-04 21:27:37,6-20
89d9a386b0b6e5fc8403071b03f7206a,2,0,0.0,2018-02-10 12:07:53,2018-02-12 22:38:55,2-5
89dda63a3c907c468ec88c310ed91213,1,0,0.0,2018-04-08 09:41:45,2018-04-08 09:41:45,1
89de2d6f23e9746ff309705b23581faa,8,0,0.0,2018-07-16 18:40:53,2018-08-03 17:53:36,6-20
89f69225956f951295ca4c7fb1266553,11,0,0.0,2018-05-13 21:20:26,2018-08-14 00:04:22,6-20
8a130737016f838139d31878787a39c9,56,4,7.142857142857142,2017-12-07 10:53:40,2018-07-20 21:57:45,21-100
8a1ff5c35f6595a73fef4c7b96e4908a,2,0,0.0,2018-06-09 11:41:45,2018-08-01 11:56:01,2-5
8a207b6080964f3c1fc9d35bd6096ba4,2,1,50.0,2017-09-20 11:20:55,2017-11-03 11:10:16,2-5
8a2d12a90e92f012ce5226fc6592b653,18,0,0.0,2017-12-23 13:03:06,2018-08-24 00:01:48,6-20
8a32e327fe2c1b3511609d81aaf9f042,126,4,3.1746031746031744,2016-10-07 22:51:32,2018-02-23 11:16:55,>100
8a40ae794fa3f9892cee24bd5af0488b,6,2,33.33333333333333,2017-06-12 22:07:23,2018-06-19 14:04:13,6-20
8a43128d7f9a3db592b866e6861a6cce,3,0,0.0,2018-06-25 20:37:05,2018-08-23 09:57:21,2-5
8a432f4e5b471f8da497d7dc517666e2,95,2,2.1052631578947367,2018-04-05 11:05:44,2018-08-28 11:16:37,21-100
8a87611c08849ffeeccab52aa798b6c7,6,0,0.0,2017-01-26 23:48:56,2017-02-10 10:19:10,6-20
8a8835a43bda99fd37310ad76c457510,2,0,0.0,2018-07-16 18:39:09,2018-08-02 18:50:07,2-5
8a9260f2b0340411d6d2a56bcf4f7378,8,0,0.0,2018-02-17 02:10:19,2018-08-17 13:48:52,6-20
8ab42aa58097fd4668d60cc648225d5f,20,0,0.0,2017-10-11 09:18:23,2018-08-03 12:58:11,6-20
8ae520247981aa06bc94abddf5f46d34,65,0,0.0,2017-11-01 22:26:06,2018-08-20 22:45:38,21-100
8b11118053756a9a2932f447e11fc1b5,1,0,0.0,2016-10-06 22:34:03,2016-10-06 22:34:03,1
8b181ee5518df84f18f4e1a43fe07923,1,0,0.0,2018-05-30 09:21:06,2018-05-30 09:21:06,1
8b2492b7ff4468839593fafeed55bad9,29,2,6.896551724137931,2017-08-29 08:50:49,2018-07-30 09:08:42,21-100
8b28d096634035667e8263d57ba3368c,139,15,10.79136690647482,2017-02-28 14:56:37,2018-07-19 17:43:55,>100
8b2d4ab22f42c5cfc338b846decfda60,6,0,0.0,2018-03-28 00:32:25,2018-08-20 00:11:37,6-20
8b321bb669392f5163d04c59e235e066,930,81,8.709677419354838,2017-10-27 15:34:03,2018-08-21 16:45:44,>100
8b655f0855926bcb49f5835d38dfddf6,5,0,0.0,2018-05-13 12:51:15,2018-08-17 10:55:49,2-5
8b87cd0d43d49b9bdf40f56229364d59,2,0,0.0,2017-10-10 00:45:51,2017-11-07 22:12:52,2-5
8b8cfc8305aa441e4239358c9f6f2485,15,2,13.333333333333334,2017-01-29 21:40:02,2018-04-11 10:48:14,6-20
8b9d6eec4a7eb7d0f9d579ce0b38324d,48,7,14.583333333333334,2018-05-13 23:56:22,2018-08-20 16:50:24,21-100
8bb48dc19fccaa8613b6229bf7f452a2,82,2,2.4390243902439024,2017-10-17 22:02:00,2018-07-23 14:45:41,21-100
8bd0e3abda539b9479c4b44a691be1ec,6,2,33.33333333333333,2017-05-29 19:02:29,2018-01-06 23:02:42,6-20
8bd0f31cf0a614c658f6763bd02dea69,33,1,3.0303030303030303,2017-01-18 10:55:55,2018-08-16 20:32:56,21-100
8bdd8e3fd58bafa48af76b2c5fd71974,9,1,11.11111111111111,2018-01-12 20:53:30,2018-08-05 14:50:57,6-20
8c0de775f52fe41590b376a3b7c50f68,8,0,0.0,2018-03-15 22:24:24,2018-07-03 15:02:54,6-20
8c16d1f32a54d92897cc437244442e1b,108,1,0.9259259259259258,2016-10-05 08:01:47,2018-08-24 11:44:39,>100
8c351ed7c326c62123318f4f3246e906,2,0,0.0,2017-12-27 09:08:17,2018-08-18 23:03:24,2-5
8c3b533c63cca56240f94f1e3a6b18ef,3,2,66.66666666666666,2017-02-05 18:47:44,2017-05-15 00:45:02,2-5
8c5e007d7bd5693fa1386ffefbc99f6c,9,0,0.0,2018-06-05 16:09:34,2018-08-19 20:45:58,6-20
8c91bfea4263b8fba54081460693e2a1,2,0,0.0,2017-02-05 21:37:59,2017-02-20 16:53:03,2-5
8c9348f33ae3dada25c99c99ade2af78,2,0,0.0,2018-06-19 11:34:27,2018-07-26 20:18:26,2-5
8ca1551acf9832a4cf467bbbac15851f,11,1,9.090909090909092,2018-02-27 12:04:55,2018-08-15 17:18:49,6-20
8ca5b19e0263150d2c57afdde2b3d011,3,0,0.0,2017-10-26 12:58:12,2017-11-23 11:03:54,2-5
8cb7c5ddf41f4d506eba76e9a4702a25,1,0,0.0,2018-02-07 22:52:02,2018-02-07 22:52:02,1
8cbac7e12637ed9cffa18c7875207478,66,4,6.0606060606060606,2017-01-26 14:29:25,2018-08-27 18:25:28,21-100
8cc6a0e5738e61a87b03c78b2ba9db4b,23,2,8.695652173913043,2017-02-02 12:25:09,2017-04-28 15:54:22,21-100
8ccf3cf69651cc1d8a02c8bfaf3b8568,2,1,50.0,2017-04-22 20:02:16,2017-05-11 18:33:36,2-5
8cf21434553b02cbd37c0bbd07e041b0,1,0,0.0,2017-11-24 15:16:27,2017-11-24 15:16:27,1
8d46553a36e68f95350a200c12f8f2e2,9,0,0.0,2017-08-19 10:08:37,2018-03-15 17:34:36,6-20
8d79c8a04e42d722a75097ce5cbcf2ef,26,2,7.6923076923076925,2017-01-27 22:02:29,2018-03-15 10:37:39,21-100
8d899e15a5925f097cca50faa49b15e3,4,1,25.0,2018-05-28 11:02:23,2018-08-17 12:58:36,2-5
8d92f3ea807b89465643c219455e7369,3,2,66.66666666666666,2017-01-25 16:38:10,2017-02-26 05:12:17,2-5
8d956fec2e4337affcb520f56fd8cbfd,210,13,6.190476190476191,2017-10-12 09:04:48,2018-08-26 18:03:59,>100
8daab2245ebdc277c51098d01c5ad8ef,16,0,0.0,2018-04-04 22:25:36,2018-08-22 13:49:40,6-20
8dd386be0767c330276ea6a3f96532d3,1,0,0.0,2018-08-10 21:14:35,2018-08-10 21:14:35,1
8de8fe3af4449ed695d2434c933ed73e,1,0,0.0,2018-08-04 15:52:54,2018-08-04 15:52:54,1
8def3db7f272735afb2ecd03aeca09a7,2,0,0.0,2018-07-30 08:36:51,2018-08-06 19:11:34,2-5
8dfbc5ff27df12f6cef751d3b9554222,4,0,0.0,2018-05-15 11:48:56,2018-08-15 19:46:26,2-5
8e29d051f810eb22959ede205b462b9f,2,1,50.0,2018-06-10 14:03:38,2018-06-19 13:38:23,2-5
8e2b3afb420011ef0c88c9d5f11ea526,11,1,9.090909090909092,2017-11-13 22:31:33,2018-01-29 21:49:38,6-20
8e34331b7eedd03be4e5d965c1956225,5,1,20.0,2018-01-22 11:43:20,2018-07-05 14:24:57,2-5
8e4f041ff58e7845456d3482524014b3,2,1,50.0,2018-02-06 16:04:20,2018-03-03 19:36:34,2-5
8e670472e453ba34a379331513d6aab1,1,1,100.0,2017-09-06 17:07:29,2017-09-06 17:07:29,1
8e6cc767478edae941d9bd9eb778d77a,100,6,6.0,2017-01-29 19:08:00,2018-06-13 11:37:39,21-100
8e6d7754bc7e0f22c96d255ebda59eba,84,11,13.095238095238097,2017-12-30 16:52:49,2018-08-26 04:52:35,21-100
8e8a7ce9f2f970dc00e2acf6f6e199f6,63,4,6.349206349206349,2017-11-30 16:02:21,2018-08-21 08:16:01,21-100
8ea394aed8138685abe1eb9f25e1021d,2,0,0.0,2017-12-30 10:29:21,2018-06-07 11:31:23,2-5
8eb88b0acb3f90a717ad659221471fa7,2,0,0.0,2017-09-19 09:59:54,2018-02-04 17:52:21,2-5
8ec76bb0965af3f007692b26fa9d6623,1,0,0.0,2017-11-17 15:31:37,2017-11-17 15:31:37,1
8ed8ea9a57c862f2c18c2fe41f601d56,19,0,0.0,2018-04-11 11:48:05,2018-06-10 14:06:01,6-20
8f0fbe2cd4d472157dc1cdef6edecaa9,2,0,0.0,2017-07-14 09:21:51,2017-09-11 22:51:42,2-5
8f119a0aee85c0c8fc534629734e94fd,75,3,4.0,2017-01-05 19:52:28,2018-08-10 21:02:26,21-100
8f2b51a30523cdecddc2f179f351c7d6,7,0,0.0,2017-04-13 16:53:02,2017-07-01 18:50:04,6-20
8f2ce03f928b567e3d56181ae20ae952,151,19,12.582781456953644,2017-04-30 19:04:30,2018-08-24 17:54:37,>100
8f54d64f28a993550aa7943f12572959,15,1,6.666666666666667,2017-11-10 20:15:35,2018-08-15 19:05:50,6-20
8f580d36c1e9d6fbce95283403c7d447,8,1,12.5,2017-12-18 09:12:41,2018-08-14 16:04:40,6-20
8f78f0903005064036736c7173a5c2ed,13,0,0.0,2017-04-12 11:35:01,2018-07-29 22:38:20,6-20
8fb67a334bacec338885b4e9e1708073,1,0,0.0,2018-07-15 12:57:04,2018-07-15 12:57:04,1
8fb791022c1fc8909664f48ab7dc636d,5,0,0.0,2018-07-04 13:44:57,2018-07-22 16:56:59,2-5
8fbd63429be6d3e5e6d1a709b6464802,6,0,0.0,2018-04-18 00:27:01,2018-06-28 09:17:04,6-20
8fbe2ee446b97e128471be4ce983dc0d,3,1,33.33333333333333,2018-06-19 14:01:34,2018-08-01 12:52:42,2-5
8fd3b4468f6425810648177996c14cbd,1,0,0.0,2018-06-13 11:33:32,2018-06-13 11:33:32,1
8fdca8e349553f99bc738833a62c8802,22,1,4.545454545454546,2016-10-06 12:51:54,2017-08-09 10:26:30,21-100
8fe8786ee000001ab51d030dfd4a7bf1,5,0,0.0,2017-11-20 20:34:03,2018-06-22 21:16:19,2-5
8fec2e460530482132c436cfb5439925,3,1,33.33333333333333,2018-01-29 17:16:45,2018-02-22 09:54:40,2-5
8ff1a9df749e454105c55cda13e79143,13,0,0.0,2017-11-06 23:31:37,2018-06-22 16:18:40,6-20
8ff38bc3969e67c36c48343a07090f66,2,0,0.0,2017-08-01 09:24:06,2017-09-29 13:19:51,2-5
8fff28c4263ddec387f28d237fb42773,2,0,0.0,2018-08-14 16:39:01,2018-08-21 08:23:49,2-5
900ba814c251a692506d7834c1218441,86,12,13.953488372093023,2017-07-04 13:25:07,2018-08-25 18:52:49,21-100
901b460cdce0c64e471230d7f2f9f3a3,5,0,0.0,2017-10-18 20:37:23,2018-07-15 07:05:30,2-5
902c99f1ac505c0d18778b61bcd636f7,3,0,0.0,2018-07-18 20:38:18,2018-08-10 16:55:53,2-5
903037660cf848a717166eb7a06d616e,44,5,11.363636363636363,2017-01-23 21:38:10,2018-08-13 17:23:09,21-100
90b36c5aeb728d5504a39f435bef0c5f,4,0,0.0,2018-07-11 10:34:33,2018-08-01 16:13:13,2-5
90b57083da5d803237da74daec6dcb2b,2,0,0.0,2018-01-28 01:08:44,2018-04-16 16:44:16,2-5
910a922b426b7ff95eaee129ad6c0e1f,2,0,0.0,2018-04-04 12:36:36,2018-04-11 21:06:07,2-5
913fd0ebba70bb919f7254a02239173c,1,0,0.0,2018-07-25 06:18:20,2018-07-25 06:18:20,1
9140bd1d9de28b197dce077bdd687438,6,0,0.0,2018-05-21 21:49:55,2018-08-10 10:10:06,6-20
9140ef75cc8211c4035935e80e567204,1,0,0.0,2018-08-01 18:58:49,2018-08-01 18:58:49,1
91543f9849d68d023e17194926598543,4,0,0.0,2017-08-04 19:02:19,2018-02-22 17:20:48,2-5
916748bc99315c2d202898ae58b1617e,25,0,0.0,2017-02-12 22:05:47,2017-11-25 14:37:15,21-100
916c9de0b5ad957346eeeb12f332687e,22,0,0.0,2017-06-23 12:52:21,2018-07-25 10:31:43,21-100
918717417d88a9f9ae9735567e6c7682,4,0,0.0,2017-12-19 11:55:26,2018-02-27 22:08:50,2-5
918f6fbcf3ab724d805867303e593a1b,2,0,0.0,2017-02-20 21:44:03,2017-03-02 01:21:42,2-5
9198786624eaeb375793215cad26cfa6,8,0,0.0,2017-02-02 19:59:34,2018-04-23 20:25:37,6-20
91f0eec23d4a61d7d7caeefa3f0ad1ca,11,3,27.27272727272727,2017-02-08 13:05:17,2018-07-27 15:46:55,6-20
91f5779a8731baca4809fdeade81803f,6,0,0.0,2017-11-14 18:14:55,2018-04-09 21:48:58,6-20
91f848e9f4be368f4318775aac733370,60,1,1.6666666666666667,2017-02-22 09:19:58,2017-08-01 22:24:02,21-100
9200e6ce317b67196b6b0bad4d4bd567,1,0,0.0,2017-03-25 10:31:25,2017-03-25 10:31:25,1
921323538c9f1c4e816f2720eac02bea,15,3,20.0,2017-11-25 02:08:25,2018-08-07 23:50:47,6-20
9261d76c62caaf0b24677c2ceb7f8f20,6,0,0.0,2018-07-05 09:49:54,2018-08-20 23:41:45,6-20
929f342384a6607afe143d789ade1316,4,0,0.0,2018-06-20 19:25:54,2018-08-06 15:51:24,2-5
92c8bc6e8f925792247656fed09aad65,2,1,50.0,2017-08-30 17:50:54,2017-09-11 16:48:06,2-5
92d14edfb62ee5ae7fdff70b0f4e7233,8,0,0.0,2017-09-11 16:51:05,2018-04-04 22:19:10,6-20
92eb0f42c21942b6552362b9b114707d,334,16,4.790419161676647,2017-02-05 18:47:13,2018-08-22 15:57:59,>100
9315e491484b1b0081ca166fc164108d,1,0,0.0,2018-07-06 14:41:04,2018-07-06 14:41:04,1
933446e9a59dece7ae9175103820ca8f,1,0,0.0,2017-01-24 15:37:05,2017-01-24 15:37:05,1
934ed5cd1b9c1c7382d0a94a94b9e639,1,0,0.0,2017-02-11 13:15:40,2017-02-11 13:15:40,1
939e6227d6964a11a70aa91243e418f2,4,0,0.0,2018-08-15 00:46:23,2018-08-25 20:26:07,2-5
939f6e231201f26803cb5c3a3d2940b3,3,0,0.0,2016-10-04 13:11:29,2016-10-06 20:15:20,2-5
93b9a99027bd8bd6af682aff18dd19bf,19,0,0.0,2017-01-26 21:58:53,2018-08-05 06:31:51,6-20
93bef6edaa84956e8e575016449b6351,1,0,0.0,2017-07-28 21:49:59,2017-07-28 21:49:59,1
93dc87703c046b603023e75222018b45,33,3,9.090909090909092,2017-11-08 16:32:33,2018-07-28 07:54:14,21-100
94144541854e298c2d976cb893b81343,68,3,4.411764705882353,2017-02-23 22:06:24,2018-02-06 09:17:35,21-100
941554c5757b73ba0e50aa7732310afc,3,0,0.0,2017-03-05 20:17:09,2017-05-31 17:23:00,2-5
94165aea8a35c3c21499cbcae239b16c,1,0,0.0,2018-06-07 18:01:09,2018-06-07 18:01:09,1
94231344608e603693b0a8891143f65d,3,0,0.0,2018-05-19 15:07:25,2018-08-07 16:58:43,2-5
9449f25aeaf531019b76999ea49a6949,9,2,22.22222222222222,2017-06-08 22:00:07,2018-04-18 09:23:18,6-20
9485a23c0430ba1d58d359391606fce6,4,1,25.0,2017-03-21 13:50:46,2017-12-28 11:05:22,2-5
94b9108d4b637ba65bb4f1e53cfcf8d8,7,1,14.285714285714285,2017-09-02 16:05:34,2018-08-03 10:56:56,6-20
94c49f20a123aeb9360dbf80ff912bf6,3,0,0.0,2017-05-22 11:12:38,2017-06-05 16:01:12,2-5
94ca168e8bcb407ab85c5da308863027,5,0,0.0,2017-11-21 21:11:07,2018-08-24 18:37:17,2-5
94d76e96eedd976258cd3278ce56d5f2,1,0,0.0,2018-05-09 11:41:46,2018-05-09 11:41:46,1
94e93ce877be27a515118dbfd2c2be41,29,0,0.0,2017-04-16 19:32:11,2017-09-13 09:21:17,21-100
951e8cef368f09bb3f3d03c00ca4702c,62,4,6.451612903225806,2018-04-16 17:55:25,2018-08-21 18:24:35,21-100
9523fb39dd240aa958e040f8183d64f3,1,0,0.0,2018-08-06 22:00:02,2018-08-06 22:00:02,1
9535a841eecebed61a9fb1ac1cbb5597,2,0,0.0,2017-01-26 16:25:36,2017-02-10 10:34:36,2-5
9539213aa8e023c01937bef95dc006da,9,1,11.11111111111111,2017-11-29 18:10:01,2018-03-11 22:52:36,6-20
954e95f20808d7e5d11f0de292d078e0,3,0,0.0,2017-09-09 12:49:12,2017-11-26 19:11:30,2-5
9558aa23f77a9e0a0eca83540999f43b,1,0,0.0,2017-05-02 11:31:55,2017-05-02 11:31:55,1
955fee9216a65b617aa5c0531780ce60,1261,77,6.106264869151467,2017-07-24 11:33:53,2018-08-28 20:49:17,>100
9596c870880d900012f2e8e6e30d06d7,21,1,4.761904761904762,2017-04-20 13:47:11,2018-08-06 13:05:58,21-100
9599519be538b98748162a2b48248960,1,0,0.0,2018-04-08 07:57:38,2018-04-08 07:57:38,1
95b293867b5862941c9cd74f756a3c68,9,4,44.44444444444444,2017-11-27 11:34:56,2018-02-22 09:55:25,6-20
95cca791657aabeff15a07eb152d7841,1,0,0.0,2018-06-30 23:22:38,2018-06-30 23:22:38,1
95e03ca3d4146e4011985981aeb959b9,172,6,3.488372093023256,2017-05-14 12:47:08,2018-08-15 08:44:39,>100
95ec4458365c4d11f452ccf538377619,27,1,3.7037037037037033,2018-01-16 13:33:04,2018-08-20 09:18:49,21-100
95f83f51203c626648c875dd41874c7f,50,2,4.0,2017-11-24 14:22:48,2018-08-20 17:06:21,21-100
960945e1a9535cbc0cd6ddd35fbe7ae8,28,0,0.0,2018-05-07 18:29:38,2018-08-26 10:08:49,21-100
9616352088dcf83a7c06637f4ebf1c80,91,0,0.0,2017-02-27 18:30:11,2018-08-22 11:44:50,21-100
961dff0a659b4561334372337dd897d9,3,0,0.0,2017-04-01 15:44:55,2017-06-05 19:38:57,2-5
9646c3513289980f17226a2fc4720dbd,69,2,2.898550724637681,2017-01-25 18:04:52,2018-07-20 11:03:48,21-100
96493fab2fbb13a14d0c0e8772eef5c3,63,4,6.349206349206349,2017-02-08 13:14:41,2018-06-05 10:22:28,21-100
964ff64dc05b13811c6d0f41e0aa5f6b,1,0,0.0,2018-07-18 22:43:29,2018-07-18 22:43:29,1
966cb4760537b1404caedd472cc610a5,67,2,2.9850746268656714,2018-03-19 15:28:34,2018-08-08 14:49:25,21-100
9674754b5a0cb32b638cec001178f799,84,2,2.380952380952381,2017-06-07 14:10:15,2018-08-22 02:28:35,21-100
96804ea39d96eb908e7c3afdb671bb9e,37,1,2.7027027027027026,2017-02-07 00:16:04,2018-04-27 12:37:10,21-100
968268a686aa05d1f529fb07dff08130,12,0,0.0,2018-01-26 23:07:13,2018-08-10 16:12:00,6-20
968ee78631915a63fef426d6733d7422,2,0,0.0,2017-06-08 00:06:50,2017-11-27 17:41:30,2-5
96e5dc09087bad639b4ee193104ec2e5,2,0,0.0,2018-08-13 15:24:41,2018-08-21 09:12:03,2-5
96f7c797de9ca20efbe14545bed63eec,1,0,0.0,2018-04-10 21:46:56,2018-04-10 21:46:56,1
972d0f9cf61b499a4812cf0bfa3ad3c4,81,9,11.11111111111111,2017-10-22 15:28:07,2018-08-22 07:25:32,21-100
973f21788dfab357250f69a8dcb7ddee,9,5,55.55555555555556,2017-01-25 15:47:27,2018-05-14 11:48:47,6-20
974cf2cb8f4b7add98709c30df02fe10,30,1,3.3333333333333335,2017-10-16 22:33:02,2018-08-21 23:41:36,21-100
97512d3fc193b2d1dfcdba0f9d1f0f8a,12,1,8.333333333333332,2018-03-20 10:20:27,2018-08-18 16:49:58,6-20
977f9f63dd360c2a32ece2f93ad6d306,23,2,8.695652173913043,2017-09-26 10:51:26,2018-08-20 23:35:44,21-100
979e9f8b5b39dd243a2550c8b05aecf0,3,0,0.0,2018-01-25 12:48:59,2018-04-04 21:49:23,2-5
97e4a63591ca439a2b8b7efd20e6e19e,5,0,0.0,2018-02-23 18:13:43,2018-08-16 19:32:56,2-5
97e50a621f8e801f4baf69e08687c192,1,0,0.0,2018-02-21 06:34:33,2018-02-21 06:34:33,1
97e995629983723d11830a829bc2b246,5,0,0.0,2017-11-07 16:31:04,2018-08-16 15:44:33,2-5
9803a40e82e45418ab7fb84091af5231,11,0,0.0,2018-05-19 10:45:27,2018-08-21 19:44:42,6-20
980640c45d7a4635885491d077167e4d,14,1,7.142857142857142,2018-07-01 09:14:54,2018-08-22 15:43:52,6-20
98115075dd26cb8835946fc6086f5d30,4,0,0.0,2018-04-15 23:55:50,2018-08-16 15:02:07,2-5
984c273121e743dd14767befe6cb17f5,1,1,100.0,2017-11-25 20:15:32,2017-11-25 20:15:32,1
9853a239ab7b7ebbdc3a21248d5b8e1f,4,1,25.0,2017-04-26 20:47:50,2017-11-28 15:32:25,2-5
985c92cc412091f8529c12d7f23d3fef,12,0,0.0,2018-05-04 13:31:43,2018-08-20 21:03:23,6-20
989becdce12ebc39863c2bceab6f3ca1,15,1,6.666666666666667,2016-10-07 22:35:59,2018-07-26 19:28:07,6-20
98dac6635aee4995d501a3972e047414,89,4,4.49438202247191,2017-04-26 11:30:38,2018-08-28 19:32:05,21-100
98dddbc4601dd4443ca174359b237166,2,0,0.0,2018-07-13 14:29:51,2018-07-23 13:03:29,2-5
98e164d549402270247f3c96a1a158ef,2,0,0.0,2017-06-06 21:40:11,2017-08-18 23:34:56,2-5
98f52e1020fe788c10c0418de4393fec,1,0,0.0,2017-08-09 15:16:29,2017-08-09 15:16:29,1
99002261c568a84cce14d43fcffb43ea,36,2,5.555555555555555,2017-10-18 23:55:51,2018-08-13 15:13:23,21-100
9906e7aa42a3c067b7c9a564d01c4320,12,2,16.666666666666664,2018-02-05 08:47:14,2018-08-21 00:18:05,6-20
994f04b3718c2bab35c2adfa8afecd2a,47,3,6.382978723404255,2017-11-13 18:09:53,2018-07-19 14:01:10,21-100
9996ae921c50e8dff411ac69c0b4bb8b,2,0,0.0,2017-10-17 15:35:11,2017-10-22 21:11:46,2-5
999f6d9a1c7c81f43be44c6b7d076210,2,0,0.0,2017-01-26 14:26:43,2017-03-05 21:27:29,2-5
99a25c39b28a74d1151c35c18d178292,1,0,0.0,2018-06-13 13:35:02,2018-06-13 13:35:02,1
99a54764c341d5dc80b4a8fac4eba3fb,44,5,11.363636363636363,2018-04-27 16:58:21,2018-08-28 15:53:09,21-100
99cd94252748d2bdde08e17858233602,2,0,0.0,2018-06-20 14:02:25,2018-06-21 15:01:12,2-5
99eaacc9e6046db1c82b163c5f84869f,63,7,11.11111111111111,2016-10-04 10:41:17,2018-02-18 21:58:51,21-100
9a03a4e9eb0b947652fae4f6121a3f5e,7,0,0.0,2018-01-02 12:52:36,2018-08-06 14:32:47,6-20
9a1aea68d3efa00862ec88c0768037d0,7,0,0.0,2018-02-09 00:14:41,2018-07-19 17:24:12,6-20
9a84ba99f5367fdbd4598363496f1ea2,15,0,0.0,2017-03-17 19:59:42,2018-07-03 10:00:13,6-20
9aa388272ee334b6ae07bc73706e254a,6,0,0.0,2018-03-30 21:23:29,2018-08-17 00:25:31,6-20
9ac4f14370b1e24ddc58be041b7f99df,5,0,0.0,2018-02-24 23:39:56,2018-07-05 16:40:15,2-5
9ac75591b69c3402684b6ce0310f22ee,1,0,0.0,2018-08-21 22:09:39,2018-08-21 22:09:39,1
9add47bf45ce8e8c7db6b9cf670b1e09,41,1,2.4390243902439024,2017-02-05 11:05:44,2018-08-18 10:11:14,21-100
9b00cad94ef3078faf6fba2e792c158f,1,0,0.0,2017-12-20 12:04:33,2017-12-20 12:04:33,1
9b00ed88b7fdb95d6ff76e27c1b52d16,46,3,6.521739130434782,2017-08-25 23:02:45,2018-07-07 23:41:08,21-100
9b013e03b2ab786505a1d3b5c0756754,170,7,4.117647058823529,2017-10-19 13:21:58,2018-08-27 14:54:22,>100
9b1585752613ec342d03bbab9997ec48,3,0,0.0,2018-08-07 10:52:58,2018-08-19 09:35:34,2-5
9b1ab052f5fca308ba743ac789ebb2e1,2,0,0.0,2017-04-05 22:29:43,2017-05-07 14:04:26,2-5
9b1f656ca3060f8af17a50d8a024b533,2,1,50.0,2018-07-25 12:32:23,2018-08-22 21:26:03,2-5
9b522ba7eae9e1d04082f267144583cc,3,1,33.33333333333333,2017-05-17 18:00:42,2018-04-10 21:00:52,2-5
9b76ad3d04236f76bc71c59470305e13,2,0,0.0,2018-07-02 11:41:29,2018-08-07 23:46:11,2-5
9bade61a92bed55a25d2b67b9f4ed739,2,0,0.0,2018-03-07 16:42:57,2018-03-29 11:34:59,2-5
9baf5cb77970f539089d09a38bcec5c3,31,0,0.0,2017-01-21 09:44:46,2018-08-05 19:32:36,21-100
9bc484c87d79cd4874e05ca182658045,8,1,12.5,2017-11-23 13:48:08,2018-05-02 14:22:52,6-20
9bcdfa7b615b3abb9461d9e3ad9886ae,14,1,7.142857142857142,2017-01-31 21:14:52,2018-04-16 20:07:14,6-20
9bf11dfc0bec77e5a23028043c3c5a8f,1,1,100.0,2017-11-24 22:36:53,2017-11-24 22:36:53,1
9c068d10aca38e85c50202e17b4a7e88,17,3,17.647058823529413,2017-10-12 09:57:12,2018-07-30 14:26:27,6-20
9c0e69c7bf2619675bbadf47b43f655a,151,13,8.609271523178808,2017-05-07 13:20:43,2018-05-29 13:47:34,>100
9c1c0c36cd23c20897e473901a8fb149,6,0,0.0,2018-05-18 18:22:51,2018-08-23 19:57:47,6-20
9c3a1c416c765687bc79a04113269929,1,0,0.0,2018-02-01 23:09:36,2018-02-01 23:09:36,1
9c3c24eca51c52b91c1de727d2a2ae06,6,0,0.0,2016-10-10 15:23:51,2018-05-21 10:41:20,6-20
9c4d31c7e46ab03a43fc06e3142afd4e,2,0,0.0,2018-08-14 17:26:41,2018-08-20 18:55:21,2-5
9c54608f0996c32ae4743089d915f845,3,0,0.0,2018-06-22 16:07:29,2018-07-18 17:18:04,2-5
9c57bc60cfad5ee62d35d3f1ce4593a1,1,1,100.0,2017-04-26 13:34:20,2017-04-26 13:34:20,1
9c690ceacd5c66731bf443ea810195cb,10,0,0.0,2017-08-22 20:06:39,2018-08-06 01:16:56,6-20
9c7fd21e0aa159b20da593371f08ff7c,7,1,14.285714285714285,2018-03-14 09:25:14,2018-08-21 16:50:51,6-20
9cad4b68bb993ee401a3c5aaa2bc26dd,5,1,20.0,2018-01-16 10:17:13,2018-07-15 23:59:54,2-5
9cea4682e16655f7da87f406902e989e,4,0,0.0,2017-03-22 23:39:13,2018-02-02 23:31:10,2-5
9cf787a239c1aa29dbd76f153dc13f9a,4,0,0.0,2018-06-05 17:11:13,2018-08-16 15:54:48,2-5
9d213f303afae4983637247556438ede,2,0,0.0,2018-07-14 00:04:42,2018-07-24 12:43:00,2-5
9d39404483343dd55c7ae254494d8388,10,1,10.0,2017-11-25 10:53:06,2018-04-24 00:54:46,6-20
9d489893ff6af05029671b785f54b998,5,0,0.0,2017-06-22 17:19:09,2018-08-23 16:38:38,2-5
9d4db00d65d7760644ac0c14edb5fd86,97,4,4.123711340206185,2017-12-24 12:20:23,2018-08-18 09:08:48,21-100
9d5604a1f112324ad6b2aa552122e0fb,13,0,0.0,2017-11-14 22:00:16,2018-08-19 21:37:17,6-20
9d5a9018aee56acb367ba9c3f05d1d6a,66,1,1.5151515151515151,2017-03-11 19:59:25,2018-03-21 20:20:40,21-100
9d681c7e12db302cb261e721040dde65,13,0,0.0,2018-05-21 18:18:25,2018-08-16 16:19:13,6-20
9d69ba0a7a626a64dc5db08e529559cf,1,0,0.0,2018-07-13 19:38:58,2018-07-13 19:38:58,1
9d7a1d34a5052409006425275ba1c2b4,13,1,7.6923076923076925,2017-07-17 16:18:44,2018-08-20 19:58:51,6-20
9da15f4a4ea758d9eeb49000dbe57e22,1,1,100.0,2018-07-31 12:52:57,2018-07-31 12:52:57,1
9da1ca0bef29ee170e541927a5aeabdc,6,1,16.666666666666664,2017-06-17 18:33:32,2017-09-25 12:24:16,6-20
9dc79dd988ac42f4d56c340d7048420a,4,0,0.0,2018-08-09 09:30:59,2018-08-27 15:18:45,2-5
9dd459b29a14bf89d47183cf2cd0e4c7,2,1,50.0,2018-01-14 18:16:33,2018-08-04 12:42:39,2-5
9dd59e43f0c9f0553244e8f9c2fb247e,10,1,10.0,2017-10-15 16:10:27,2018-01-23 15:30:59,6-20
9dda5bbacd45e18d6485fee649205d09,19,1,5.263157894736842,2017-03-27 16:26:18,2018-08-07 11:29:30,6-20
9de4643a8dbde634fe55621059d92273,72,2,2.7777777777777777,2017-01-13 15:11:16,2018-02-21 15:59:53,21-100
9df5750209b83567ec144eb299d7d634,11,1,9.090909090909092,2016-10-07 08:28:42,2018-07-20 18:39:50,6-20
9e25199f6ef7e7c347120ff175652c3b,1,0,0.0,2017-03-27 09:59:40,2017-03-27 09:59:40,1
9e6229250fedbe05838fef417b74e7fb,73,2,2.73972602739726,2017-09-24 23:53:13,2018-08-22 09:09:10,21-100
9e6967d3cf386d284251784b18ccb485,9,1,11.11111111111111,2018-06-12 20:43:08,2018-08-14 15:42:47,6-20
9e7c5f4d7770eab65738cca38f9efccf,2,0,0.0,2018-06-01 12:50:14,2018-08-07 01:27:47,2-5
9e94fa26a70ede4d26226e918e8706a2,1,0,0.0,2017-08-04 03:06:27,2017-08-04 03:06:27,1
9e9b539eb2806acee3f5c28085c1db9f,3,1,33.33333333333333,2017-11-22 00:37:30,2017-12-07 13:19:30,2-5
9ed65337433adfbedefd23dd76eaa494,6,0,0.0,2017-12-19 09:27:15,2018-08-01 17:15:29,6-20
9ef932e837d8b7f392c0bfee9d359dc2,1,1,100.0,2017-11-20 12:49:35,2017-11-20 12:49:35,1
9f50216bfd01913736a55a11b55ea842,17,2,11.76470588235294,2018-06-22 00:07:03,2018-08-18 13:46:39,6-20
9f505651f4a6abe901a56cdc21508025,393,16,4.071246819338422,2017-10-05 10:35:03,2018-08-29 15:00:37,>100
9fbd5666d8618fa571c4230fafa09bd6,1,0,0.0,2017-08-30 18:44:19,2017-08-30 18:44:19,1
9fc70243fb26800cba56e8f014797004,6,0,0.0,2017-11-13 15:17:00,2018-07-29 08:32:21,6-20
9fe7c6641c79970ab48185498f547c09,1,0,0.0,2017-07-10 20:58:17,2017-07-10 20:58:17,1
a00824eb9093d40e589b940ec45c4eb0,3,0,0.0,2017-10-05 19:23:16,2018-04-09 11:32:37,2-5
a0415d9b25ede3c4b1e477e9916ffc03,9,0,0.0,2017-04-09 11:23:37,2018-01-09 11:53:29,6-20
a066df7361163e7ddc5d7452dd17448b,15,3,20.0,2017-12-12 14:37:18,2018-05-12 17:45:26,6-20
a06c8ff043abea0528ee44171e2140a2,8,0,0.0,2018-02-22 16:33:54,2018-08-09 21:16:06,6-20
a080fc8a850289b27500f6b49cca2553,4,0,0.0,2018-03-13 20:28:59,2018-06-25 19:03:18,2-5
a08692680c77d30a0b4280da5df01c5a,6,0,0.0,2017-04-07 15:09:26,2018-01-26 08:17:40,6-20
a09a13f18ed27932d08438aa6f12756e,1,0,0.0,2017-10-28 19:17:28,2017-10-28 19:17:28,1
a0a14e50070f3225b3eabba5b85da517,4,0,0.0,2018-07-30 19:14:39,2018-08-15 18:56:56,2-5
a0d7fbb07bb5ebc3b05980e750db56f3,3,0,0.0,2018-05-04 00:28:43,2018-08-12 22:56:51,2-5
a1040efe9ff4a6f93c28b0499eada8f5,1,0,0.0,2018-02-03 14:07:04,2018-02-03 14:07:04,1
a1043bafd471dff536d0c462352beb48,702,35,4.985754985754986,2017-02-14 10:44:33,2018-08-25 11:01:56,>100
a11a0e0ca67423425691db355cff69b0,2,0,0.0,2018-07-31 10:29:51,2018-08-10 16:05:40,2-5
a13580f0e8f782b7a543885a0ef99f08,10,2,20.0,2017-08-17 18:21:17,2018-05-07 20:42:38,6-20
a13aaf2d2886ab9fb30fb9a920160b8f,4,1,25.0,2018-07-22 23:58:52,2018-08-02 22:48:54,2-5
a1474fd46fd3430168f7ec202da39408,12,2,16.666666666666664,2017-02-21 17:37:06,2017-10-22 11:25:09,6-20
a150c540f572d0fb53992264bc5c10b5,1,0,0.0,2018-02-04 22:19:12,2018-02-04 22:19:12,1
a1544b9ea0b2390e020537d4daa89049,8,0,0.0,2017-02-17 01:16:37,2018-08-16 15:35:40,6-20
a154d7316f158bb42e6fa18bbe3afd3a,2,1,50.0,2017-03-06 16:42:52,2017-03-10 19:32:26,2-5
a17f621c590ea0fab3d5d883e1630ec6,63,4,6.349206349206349,2017-03-23 22:10:46,2018-04-05 08:55:00,21-100
a1bea7061f61f6fdd9a85a6325ba1033,9,1,11.11111111111111,2018-06-27 11:26:01,2018-08-26 13:26:12,6-20
a1bea9970d8f65b240555f99c2214f7f,1,0,0.0,2018-07-23 16:24:27,2018-07-23 16:24:27,1
a20d8058c866dbaeca014d2cd20ac62e,2,0,0.0,2017-12-20 14:52:29,2018-05-16 01:18:19,2-5
a213f1bd6458f4a158f3746cb2514559,1,0,0.0,2018-05-30 16:20:16,2018-05-30 16:20:16,1
a218df5c097b0ca409cfaac1488cc7f6,4,0,0.0,2018-05-03 22:16:54,2018-06-26 09:10:21,2-5
a21c11ec5c3f03e7cc9f9203bff9e1c6,3,0,0.0,2018-08-03 17:13:19,2018-08-07 12:21:32,2-5
a23266650e7c84bb93fbbba502137478,11,0,0.0,2017-08-04 13:52:59,2017-12-29 18:39:33,6-20
a254c682cc01e119f83530446f1df9a9,6,1,16.666666666666664,2018-03-19 13:24:33,2018-08-22 12:47:22,6-20
a2a41aedb70551d4a85aa04dc2fced48,2,0,0.0,2017-11-16 13:53:55,2017-12-03 10:52:08,2-5
a2b5b6105ea5942300631d2e76f4ffe0,16,1,6.25,2018-05-25 10:59:28,2018-08-20 22:06:01,6-20
a2b911e9ad40dc7d61c142a4683e2d85,1,0,0.0,2017-05-10 17:44:55,2017-05-10 17:44:55,1
a2deecd5398f5df4987110c80a1972a3,13,0,0.0,2018-04-04 21:44:26,2018-08-24 14:37:50,6-20
a2e874074c877c5a05abae80ad6e488f,40,2,5.0,2017-03-21 13:38:25,2018-08-26 07:54:47,21-100
a2fa0bdc798ee84cdb08281337cf4fb6,8,0,0.0,2017-03-08 10:33:45,2018-01-15 09:33:40,6-20
a3082f442524a1be452e3189e003b361,3,0,0.0,2017-07-10 20:27:30,2018-08-09 20:36:13,2-5
a35124e2d763d7ca3fbe3b97d143200f,4,0,0.0,2017-03-15 10:37:21,2017-05-08 20:58:10,2-5
a353b1083c9863d756d9404695016d64,1,0,0.0,2017-12-07 23:37:37,2017-12-07 23:37:37,1
a35ef466c6fd6d052f5d241240d3c5e2,3,0,0.0,2017-08-14 23:18:10,2017-09-30 18:38:46,2-5
a369d693961cb93b61ca2cc518872a85,11,0,0.0,2017-11-15 23:26:16,2018-07-21 13:54:34,6-20
a36ac007a4d18f865c8d32c3b2402c2d,8,0,0.0,2017-01-22 21:25:01,2017-09-06 15:36:32,6-20
a36b125ac6d5fdbc7f50de85c9157bdc,23,2,8.695652173913043,2016-10-10 09:23:48,2018-08-04 10:42:49,21-100
a37c340b91cb0169e8b029db6440fba2,5,0,0.0,2017-06-26 16:37:01,2017-09-14 16:37:03,2-5
a3a38f4affed601eb87a97788c949667,251,11,4.382470119521913,2016-10-05 20:20:57,2018-08-23 11:43:36,>100
a3b0df0065e264a91b7bbf5f844af5cd,2,0,0.0,2017-09-20 15:08:28,2017-09-23 17:59:17,2-5
a3b42d266fa8afc874b909422ce88582,1,0,0.0,2018-07-31 10:27:34,2018-07-31 10:27:34,1
a3dd39f583bc80bd8c5901c95878921e,34,1,2.941176470588235,2017-08-23 08:26:50,2018-04-10 09:24:25,21-100
a3e9a2c700480d9bb01fba070ba80a0e,129,12,9.30232558139535,2017-05-09 22:58:25,2018-08-19 14:19:27,>100
a3f0b55de503387383c7b1de3ad7f678,24,1,4.166666666666666,2017-09-26 18:54:19,2018-05-21 13:14:36,21-100
a3fa18b3f688ec0fca3eb8bfcbd2d5b3,1,0,0.0,2018-04-30 10:10:48,2018-04-30 10:10:48,1
a414555ce331b8c8aea4a9cb8395194d,7,0,0.0,2018-03-10 15:31:45,2018-05-04 14:46:10,6-20
a416b6a846a11724393025641d4edd5e,157,17,10.828025477707007,2017-01-26 16:48:24,2018-08-21 21:43:35,>100
a420f60ff1aa9acc80d0e42959f2b313,67,5,7.462686567164178,2017-08-16 01:00:34,2018-08-13 10:05:23,21-100
a425f92c199eb576938df686728acd20,16,0,0.0,2017-10-03 18:52:56,2018-07-30 12:02:51,6-20
a435b009cd956ea60748b5cfbddf2e24,3,1,33.33333333333333,2017-05-09 13:21:53,2017-07-26 10:05:21,2-5
a44fb5a447105f8469bdf16bf9159f25,19,4,21.052631578947366,2017-11-21 14:01:29,2018-08-03 14:48:36,6-20
a45314082d50d578a4721c9787ce09ab,2,0,0.0,2018-08-02 13:57:47,2018-08-18 12:56:03,2-5
a45765f8afb1e594b22bf9e974b46765,1,0,0.0,2017-03-09 14:27:38,2017-03-09 14:27:38,1
a478c7961d6a992065b24e63b366f90b,8,0,0.0,2017-02-09 09:33:26,2018-02-21 02:17:40,6-20
a49928bcdf77c55c6d6e05e09a9b4ca5,96,21,21.875,2017-06-07 20:32:48,2018-05-27 19:10:54,21-100
a4b6b9b992b46e9ef863637af96e04bc,6,1,16.666666666666664,2017-02-18 12:45:31,2017-07-01 13:23:05,6-20
a4b8d97cd5d3674eeff96abc99d8ed67,1,0,0.0,2018-06-13 12:16:02,2018-06-13 12:16:02,1
a4bd6e9adf39b63f43dc545d3ca1f53d,4,0,0.0,2017-04-15 09:42:38,2018-05-03 10:34:01,2-5
a4fc6eadaff1576af888509a53420f6a,1,0,0.0,2018-05-22 18:15:54,2018-05-22 18:15:54,1
a513150f33f99a06569e9cd5c4bb889b,2,0,0.0,2017-11-27 14:19:38,2017-12-01 15:32:44,2-5
a5259c149128e82c9d6d46e0c1c812bb,8,0,0.0,2017-07-31 13:45:07,2018-03-09 10:24:31,6-20
a53f60f05f822b5c621a50ff6a5cb362,4,0,0.0,2018-06-25 16:19:23,2018-08-17 22:35:51,2-5
a56a8043ebf66e42119618fb8cf232c6,1,0,0.0,2018-08-03 22:23:06,2018-08-03 22:23:06,1
a56e351445e5863fc8960640ba9190c7,3,0,0.0,2018-04-06 21:36:54,2018-04-27 14:04:53,2-5
a5a1bfcf728ab0e19182959cf0771ee4,21,1,4.761904761904762,2018-01-07 21:45:04,2018-08-20 22:09:12,21-100
a5bff0f43eb51f0cad7c37fac7244c8a,4,0,0.0,2017-02-20 13:31:57,2017-09-27 14:51:02,2-5
a5cba26a62b8b4d0145b68b841e62e7f,53,1,1.8867924528301887,2017-07-22 10:44:10,2018-08-20 17:09:20,21-100
a5dd1946fb63ada8bcaa0c9cd8f11e22,6,0,0.0,2017-09-08 14:15:39,2018-03-11 11:11:51,6-20
a5ff20ff766e7f50bd5066f33da14413,2,0,0.0,2018-08-19 22:38:41,2018-08-24 13:04:05,2-5
a61cc04793308395a840807104365121,1,0,0.0,2018-05-03 09:31:04,2018-05-03 09:31:04,1
a63bfbaa882c8f4542891b4e2246cc7f,6,0,0.0,2018-06-11 23:01:49,2018-08-23 18:19:17,6-20
a64e44665225d19dfc0277eeeaaccc57,6,0,0.0,2018-06-22 15:06:34,2018-08-22 14:53:45,6-20
a663d9c3797e90eac99ff60939416a56,1,0,0.0,2018-05-16 13:31:20,2018-05-16 13:31:20,1
a673821011d0cec28146ea42f5ab767f,125,13,10.4,2017-02-27 19:54:44,2018-08-22 01:35:54,>100
a67780aba9dd436e7ac0aa1f889e73ec,6,1,16.666666666666664,2017-11-24 12:23:11,2018-08-06 18:03:11,6-20
a69aa24cec11168e7e39a3fbc727e925,3,0,0.0,2018-06-13 11:29:48,2018-07-18 10:05:02,2-5
a6bd7d1ccdac48c6b33b28596b7eb122,15,1,6.666666666666667,2017-06-28 08:47:01,2018-07-22 16:18:31,6-20
a6fe7de3d16f6149ffe280349a8535a0,50,6,12.0,2017-07-11 19:38:14,2018-07-29 20:23:34,21-100
a70e9066dbfd10b6b97a3f54a1356762,2,0,0.0,2017-04-25 13:46:24,2017-11-20 18:11:00,2-5
a72c2f59332659e361d647515c698798,5,0,0.0,2018-01-14 17:09:25,2018-07-16 21:37:24,2-5
a72f15980dc3e9bfd1a49ac9b2f3af65,1,0,0.0,2018-07-25 16:18:46,2018-07-25 16:18:46,1
a7a9b880c49781da66651ccf4ba9ac38,3,0,0.0,2018-05-16 16:16:03,2018-07-06 11:54:40,2-5
a7b7354cc588f7566a848bcbb1ce3d96,2,0,0.0,2017-03-13 22:11:59,2017-03-23 15:16:21,2-5
a7c53f6b3b61adbdaa99dda97e8cbd56,1,0,0.0,2017-03-06 20:29:58,2017-03-06 20:29:58,1
a7c88262832dfc683781d6a421edefae,5,0,0.0,2017-03-13 17:02:01,2018-02-12 22:54:10,2-5
a7d0f8dd44f57ef6de7f7f02e3d82630,2,0,0.0,2018-06-25 12:06:07,2018-08-19 20:26:26,2-5
a7dc4098e4da6e41b426269d12ae7e91,2,0,0.0,2018-07-19 11:18:27,2018-08-10 10:39:43,2-5
a7ecf689b40a44361e259b28939023e4,1,0,0.0,2018-07-13 22:05:44,2018-07-13 22:05:44,1
a7f13822ceb966b076af67121f87b063,73,3,4.10958904109589,2016-10-04 18:52:56,2017-05-04 19:31:51,21-100
a806a4bb063ea7ca6d374eafa50a6058,5,0,0.0,2018-01-02 23:26:09,2018-02-12 17:56:55,2-5
a81466620e46a6970b22ef40379fdfc9,2,0,0.0,2017-10-11 10:15:04,2017-10-13 14:29:05,2-5
a8739afb32aaa45e01815ca76f76f54b,13,0,0.0,2018-06-07 22:47:32,2018-08-06 19:31:50,6-20
a888faf2d1baececa6baf9c3d603ee1f,53,5,9.433962264150944,2017-01-28 21:51:24,2018-05-02 03:50:02,21-100
a89e143d5211473ae18db9577ee34b64,1,0,0.0,2017-06-04 12:09:59,2017-06-04 12:09:59,1
a90a5da8b09e44264a177c0374a5ac87,3,0,0.0,2017-02-20 22:26:06,2017-03-08 20:17:07,2-5
a938325a4b357fd23a6a4d5bb126408e,24,1,4.166666666666666,2017-09-15 15:51:25,2018-08-14 14:57:20,21-100
a9415cf907dfa12f9ed18693244f5329,1,0,0.0,2018-01-19 16:34:05,2018-01-19 16:34:05,1
a99504ac23ed125aaf5302af6cc30af9,1,0,0.0,2017-10-14 14:45:58,2017-10-14 14:45:58,1
a9ae440659f48b7849df83e82734150b,1,0,0.0,2017-10-13 13:10:42,2017-10-13 13:10:42,1
a9b533a26e898b12e8b8d4c07279bf4d,4,0,0.0,2017-07-31 08:08:14,2017-12-08 19:31:04,2-5
aa17b35ce4de7b565be3249ba838944f,2,0,0.0,2017-08-24 21:26:40,2017-09-01 17:56:59,2-5
aa1eb17b9fdf6dfd546e25c45c7b9235,3,0,0.0,2017-12-01 11:14:08,2018-04-25 19:27:16,2-5
aa2640d851ec322526f1295bbeb20092,1,0,0.0,2018-05-06 21:13:51,2018-05-06 21:13:51,1
aa762680c40618316a896838866140ea,3,1,33.33333333333333,2018-04-06 22:32:42,2018-05-11 17:57:27,2-5
aa8af66c623d7d544dfe4bb85b5ebe3b,1,0,0.0,2018-06-03 19:46:12,2018-06-03 19:46:12,1
aac29b1b99776be73c3049939652091d,94,9,9.574468085106384,2017-01-25 12:48:49,2018-08-08 17:52:59,21-100
aac51c486b672a9850d59f3e84b1cf88,10,0,0.0,2018-08-12 09:56:51,2018-08-24 20:24:26,6-20
aadfe0417e61315688b6bd7043361e25,1,0,0.0,2017-08-03 08:40:25,2017-08-03 08:40:25,1
aae3bfea055532c57fb453ed3ec80b30,48,0,0.0,2017-01-18 17:20:39,2018-05-15 16:01:56,21-100
aae5953b9edddf14749c0d65d60eb4b9,2,0,0.0,2017-09-30 00:53:36,2017-10-18 21:52:56,2-5
aae5e7b457a3c72ee230a47d98fceda5,5,0,0.0,2018-04-05 14:35:51,2018-08-17 18:21:02,2-5
aaed1309374718fdd995ee4c58c9dfcd,104,3,2.8846153846153846,2016-10-09 11:43:43,2018-08-01 15:54:56,>100
aafe36600ce604f205b86b5084d3d767,129,5,3.875968992248062,2017-02-18 22:42:34,2018-08-16 09:28:54,>100
ab27bbbad5239bc31a34709275a70db4,3,0,0.0,2017-10-31 17:54:25,2018-07-03 10:16:32,2-5
ab3e0c171fe84a7ba7de130f19cfb485,6,2,33.33333333333333,2017-04-16 12:18:38,2018-04-05 18:57:58,6-20
ab75b89cc49c9ab3160d0c91565a442a,1,0,0.0,2017-07-05 16:05:20,2017-07-05 16:05:20,1
ab91571efab27993ff2f6b36e38055c3,3,1,33.33333333333333,2018-03-23 17:02:20,2018-07-25 17:22:27,2-5
ab9db4cf53b08b828b64dccaafc2d9f0,4,0,0.0,2017-05-18 17:35:59,2018-07-19 14:24:09,2-5
aba1721a889e04decc910aa13b768ef4,83,6,7.228915662650602,2017-02-08 14:36:40,2018-08-21 10:57:15,21-100
abbf6046bbdf1028606a5bc7f00c99e7,6,0,0.0,2018-01-24 00:33:52,2018-05-02 22:13:15,6-20
abc015ebac1d283a323ca9db35ede4b9,12,0,0.0,2017-02-10 10:31:39,2017-12-09 09:44:23,6-20
abcd2cb37d46c2c8fb1bf071c859fc5b,44,2,4.545454545454546,2017-05-29 15:28:10,2018-08-11 20:16:35,21-100
abe021b01ba992245271b9aa422032df,2,0,0.0,2017-02-04 18:54:15,2017-05-09 14:46:34,2-5
abe42c5d03695b4257b5c6cbf4e6784e,49,8,16.3265306122449,2017-08-31 17:25:03,2018-08-05 14:52:28,21-100
ac3508719a1d8f5b7614b798f70af136,101,2,1.9801980198019802,2017-05-23 21:17:18,2018-08-05 13:31:47,>100
ac51cac5e20d69ff485a54746488ef48,3,0,0.0,2018-01-14 18:50:16,2018-01-29 10:29:18,2-5
ac6417315ae5da8f9a38ee11de6f7780,7,1,14.285714285714285,2017-04-27 09:34:25,2018-03-27 11:44:20,6-20
ac9b01377919cdbd2a1bbb8d5837c70b,1,0,0.0,2018-08-05 18:53:35,2018-08-05 18:53:35,1
acadd4d36859671cb635527c6c977533,12,1,8.333333333333332,2017-12-15 16:15:10,2018-08-08 09:49:45,6-20
acb6c2ca5c82411c1fdb88d5fd5eb95e,10,0,0.0,2017-02-16 15:56:11,2018-08-01 15:56:40,6-20
acce39e832338debb07b02385cde5967,44,0,0.0,2018-05-12 17:10:13,2018-08-26 15:11:20,21-100
aced59e9b31ef866a94f9e7f29d8d418,61,2,3.278688524590164,2017-02-13 11:50:50,2018-08-26 04:51:22,21-100
acf974e4d5950ad143a247471b831eb9,5,0,0.0,2017-03-07 16:20:35,2017-10-30 13:27:55,2-5
ad14615bdd492b01b0d97922e87cb87f,1,0,0.0,2017-02-10 17:40:30,2017-02-10 17:40:30,1
ad273c9eb54ecb4532de4bf75bae9e4e,10,0,0.0,2017-03-01 11:31:23,2018-08-09 01:14:45,6-20
ad420dd0c4f92f8af951ac24b86d0cf5,42,3,7.142857142857142,2017-04-26 10:41:39,2018-08-24 18:00:29,21-100
ad75519a07f039025e83795a4418470f,3,0,0.0,2018-01-26 15:38:19,2018-08-15 16:08:01,2-5
ad781527c93d00d89a11eecd9dcad7c1,38,12,31.57894736842105,2017-07-17 20:24:19,2018-05-16 09:44:37,21-100
ad87df7699e83b8a91822a4a0b765c3a,5,0,0.0,2017-03-21 11:33:31,2017-06-25 16:32:29,2-5
ad8b531ae67582f096925cff5630d0d1,2,0,0.0,2017-10-08 20:45:59,2017-11-24 20:26:39,2-5
ad97a199236354e53fcd91a5a913e9a2,16,2,12.5,2017-11-16 20:47:34,2018-07-23 23:29:17,6-20
adbc26658d6c7b4b6219f9d934598091,88,12,13.636363636363635,2017-08-28 11:44:24,2018-08-21 12:31:00,21-100
adbe70ab2c97442046d393988c8d1d27,5,0,0.0,2017-09-07 13:07:38,2017-10-12 16:51:36,2-5
adcf50477d6a1f5d91bb9d54c4903cb5,16,3,18.75,2017-02-08 17:01:04,2018-06-29 16:03:27,6-20
ade45994b717ccee333492330fbf037b,10,0,0.0,2018-06-09 20:12:15,2018-08-15 18:26:46,6-20
aded58c8142dedc5494a81f948431fab,4,0,0.0,2018-04-01 19:44:52,2018-04-23 12:11:20,2-5
ae45ad30c2d2e5913094769690a239d2,1,0,0.0,2017-12-08 13:21:55,2017-12-08 13:21:55,1
ae45df84722b1d15c5f32b23a095746c,9,0,0.0,2018-02-22 18:41:33,2018-08-21 10:19:27,6-20
ae7ab174effdead6c241e547e4ca13f0,6,0,0.0,2018-06-11 10:22:49,2018-08-11 19:14:29,6-20
ae8bfdbf1c2a2a2dee92d799db0a31c6,8,0,0.0,2017-02-15 09:34:07,2017-05-15 17:58:25,6-20
ae9690c6e8fee182c28c9ff8e11ca52c,1,0,0.0,2016-10-09 23:25:13,2016-10-09 23:25:13,1
aeb36d67f1414f234d42a29e27cf1f17,4,1,25.0,2018-05-14 21:03:30,2018-08-06 20:17:40,2-5
aec99834ab5d38ead22766ada8497e87,1,0,0.0,2018-07-20 17:20:48,2018-07-20 17:20:48,1
af3ef48d0e13835e529c29ac573c63e5,21,1,4.761904761904762,2018-05-16 08:11:59,2018-08-22 19:43:54,21-100
af4a0e4cfe1d9c26b6712b1be25a72e5,21,1,4.761904761904762,2017-08-01 11:03:32,2018-03-15 22:35:02,21-100
af7cdac9d9897cddead9c6b08976c642,6,1,16.666666666666664,2018-03-14 08:57:54,2018-08-18 11:30:57,6-20
afa6714acee029b2dfdf357e5579cc03,16,2,12.5,2016-10-08 15:42:14,2018-08-20 11:23:16,6-20
afe0067131b73e40875c9b6c10bd2e21,45,2,4.444444444444445,2017-02-22 20:39:41,2018-06-10 22:56:17,21-100
b00af24704019bd2e1b335e70ad11f7c,1,0,0.0,2018-06-20 00:20:03,2018-06-20 00:20:03,1
b01c2b7b8599b325103ebcddc67413e1,4,0,0.0,2018-07-13 09:52:00,2018-08-18 21:10:16,2-5
b026643914f651e8371425e5b8a1e780,1,0,0.0,2017-07-07 10:26:23,2017-07-07 10:26:23,1
b0398568231ba5e6734af1881671a317,4,0,0.0,2018-03-22 14:59:06,2018-04-10 09:24:49,2-5
b05b432bf68945d4d9783f9e3ca29ee8,2,0,0.0,2017-09-11 21:19:55,2017-09-12 17:49:55,2-5
b080809eaacb49e5ca07290981472431,11,0,0.0,2017-02-24 17:04:27,2018-05-15 08:48:09,6-20
b0b346d3a89f5eb4c2968af3f083cd43,9,3,33.33333333333333,2017-11-14 12:22:53,2018-08-03 11:15:31,6-20
b0f2a6122a90a93eb03e68653dd960e3,6,0,0.0,2018-04-28 17:05:06,2018-08-08 16:54:04,6-20
b1204cfda1d4948679db3cfc0d3cb95c,6,0,0.0,2017-01-17 19:55:40,2018-07-25 21:44:39,6-20
b127efdabeffb5d559349c7b172eb75d,10,1,10.0,2017-01-26 13:51:54,2017-05-17 19:12:52,6-20
b12cfd255810394b60caef18ae163547,2,0,0.0,2017-11-20 16:52:14,2017-11-24 00:34:46,2-5
b14db04aa7881970e83ffa9426897925,78,8,10.256410256410255,2016-10-06 17:45:30,2018-08-19 18:43:15,21-100
b16d3dadc47d4eb18be3d88bad0775ce,10,0,0.0,2018-05-29 23:02:46,2018-08-16 22:06:01,6-20
b17b679f4f5ce2e03ce6968c62648246,50,8,16.0,2016-10-05 09:19:46,2018-05-14 12:37:29,21-100
b18871c324516afa228a13e8f1ef0ae9,9,1,11.11111111111111,2018-02-28 22:21:37,2018-06-18 18:47:16,6-20
b18dc380845b24038cfc48006478f099,43,5,11.627906976744185,2017-10-06 06:30:11,2018-08-03 11:34:23,21-100
b19c48688808720822399ffa9f2dbe2f,1,0,0.0,2018-08-22 14:14:50,2018-08-22 14:14:50,1
b19f3ca2ea475913750f25a5c37c8d8f,19,6,31.57894736842105,2017-10-24 17:39:10,2018-08-07 22:04:34,6-20
b1a81260566c1bac3114a6d124413f27,51,0,0.0,2018-03-11 10:24:44,2018-08-17 15:57:10,21-100
b1aaae6b66ad3c40f54b389d7ea4bee0,15,0,0.0,2017-01-22 11:08:52,2017-05-24 17:01:03,6-20
b1ac6ea7895bc3dd6f0f6f4abbdd2821,38,0,0.0,2017-03-11 17:05:35,2017-12-15 12:52:08,21-100
b1b3948701c5c72445495bd161b83a4c,14,9,64.28571428571429,2017-06-06 08:37:30,2017-08-09 21:38:40,6-20
b1fc4f64df5a0e8b6913ab38803c57a9,107,13,12.149532710280374,2017-05-09 10:49:49,2018-08-10 08:13:28,>100
b1fecf4da1fa2689bccffa0121953643,19,0,0.0,2016-10-04 15:35:35,2017-05-27 11:08:23,6-20
b2479f944e1b90cf8a5de1bbfde284d6,101,12,11.881188118811881,2018-01-12 18:17:53,2018-08-20 17:06:38,>100
b248792ac0b60ec3f93d80af1b4fae47,7,1,14.285714285714285,2018-07-23 23:48:21,2018-08-22 02:31:38,6-20
b26741d31a563d769b4af0465ab20c56,2,0,0.0,2018-02-20 18:17:18,2018-03-26 16:14:32,2-5
b274baf5bbd142410eb2958cf685d684,7,0,0.0,2018-05-16 12:51:33,2018-07-20 11:33:51,6-20
b29d3380981c51df13fc6fbe87e1763d,6,0,0.0,2018-04-28 14:49:58,2018-08-02 18:56:22,6-20
b2a6d334e2833acea353624840e25a0e,25,0,0.0,2017-08-05 18:56:35,2018-06-05 01:26:41,21-100
b2ac621f0d0322434d04a12b078b9369,30,3,10.0,2017-08-22 10:55:25,2018-08-16 15:59:08,21-100
b2ba3715d723d245138f291a6fe42594,324,22,6.790123456790123,2016-10-04 16:41:59,2018-08-22 08:25:48,>100
b2c97074649f92197d9387d9033dda5f,10,1,10.0,2018-04-23 10:28:37,2018-08-14 13:27:56,6-20
b2eecf5ea250510da76590ca79d60e5d,9,0,0.0,2017-03-05 04:18:49,2017-11-11 21:04:48,6-20
b2f4d63c7203f539a78252565ca32257,1,0,0.0,2017-09-09 22:15:52,2017-09-09 22:15:52,1
b32be1695eb7ec5f10f72d9610a12527,44,2,4.545454545454546,2017-11-24 22:29:43,2018-08-13 12:59:34,21-100
b335c59ab742f751a85db9c411a86739,30,1,3.3333333333333335,2016-10-04 13:22:56,2017-12-12 19:45:01,21-100
b33aaadd1a8891d2dfef0c4c3bdf0371,16,2,12.5,2018-01-12 10:45:12,2018-06-21 12:44:54,6-20
b33e7c55446eabf8fe1a42d037ac7d6d,149,17,11.409395973154362,2017-10-10 20:44:59,2018-08-15 16:14:22,>100
b347677812ea483b0f528eaf8cbc09b7,21,0,0.0,2017-11-24 12:12:36,2018-06-22 22:10:44,21-100
b372ee768ed69e46ca8cdbd267aa7a38,63,0,0.0,2017-03-18 11:24:06,2018-08-23 14:59:37,21-100
b37c4c02bda3161a7546a4e6d222d5b2,4,0,0.0,2017-04-23 12:07:48,2018-07-15 14:49:44,2-5
b3809b8d4394588a47c8470ea331e135,1,0,0.0,2018-07-06 19:46:58,2018-07-06 19:46:58,1
b39d7fe263ef469605dbb32608aee0af,43,2,4.651162790697675,2017-09-16 14:51:37,2018-08-23 12:47:56,21-100
b3b17aab11f273023a5f22ca52e1eb70,7,1,14.285714285714285,2018-01-25 13:07:28,2018-06-09 10:24:21,6-20
b3e2faf2c1004d674f16a3aa3197f0e1,3,0,0.0,2017-02-07 19:50:11,2017-05-10 10:34:13,2-5
b3f19518fcec265b2e97af287725f981,8,0,0.0,2017-03-20 20:01:39,2017-08-22 12:44:01,6-20
b410bdd36d5db7a65dcd42b7ead933b8,42,0,0.0,2018-01-24 15:42:08,2018-08-21 10:48:37,21-100
b416191c9813d821a295cfabafff4161,2,0,0.0,2017-07-28 14:33:15,2017-08-16 13:35:48,2-5
b43d8b707f887a30f4675391098354a0,3,1,33.33333333333333,2018-04-07 23:06:26,2018-07-22 19:49:25,2-5
b44dbfbf62e52125f3c15d230569ea91,4,0,0.0,2018-04-19 11:45:55,2018-08-10 10:03:27,2-5
b452cb0ae35044c4a53179c39f49fb06,2,0,0.0,2018-06-01 17:13:00,2018-06-02 13:16:37,2-5
b45d7ebfb7378630f1bcd74b6ff86ff7,3,0,0.0,2017-09-03 15:21:44,2017-10-05 15:13:49,2-5
b494891378bd8f4560abe576c52deacd,19,0,0.0,2018-06-28 18:50:51,2018-08-20 00:59:32,6-20
b499c00f28f4b7069ff6550af8c1348a,147,19,12.925170068027212,2016-10-03 22:31:31,2018-08-24 14:09:35,>100
b4a476fbd28de64b1e347abf9089366a,30,2,6.666666666666667,2017-03-29 19:09:42,2018-06-26 19:58:54,21-100
b4b447d715f9ab302a188fb43d3e96b3,5,0,0.0,2018-07-03 15:00:40,2018-08-26 22:19:40,2-5
b4f8921fcc4ff77b66bea6dda43dcd51,18,1,5.555555555555555,2018-05-19 16:23:57,2018-08-21 21:18:33,6-20
b4ffb71f0cb1b1c3d63fad021ecf93e1,143,3,2.097902097902098,2017-02-01 14:38:41,2018-08-18 10:55:43,>100
b55638ad525e906c698fa2ce742c1742,11,2,18.181818181818183,2017-11-06 19:23:13,2018-08-08 12:51:29,6-20
b561927807645834b59ef0d16ba55a24,85,12,14.117647058823529,2018-01-19 00:48:30,2018-08-26 20:57:20,21-100
b566ab0ef88016e00422755e305103c6,5,1,20.0,2018-03-11 10:26:01,2018-07-23 13:26:43,2-5
b56828a9f9027f3c918c04ca720d9e3c,3,1,33.33333333333333,2017-10-03 14:05:27,2018-05-02 12:17:02,2-5
b56906f7fd1696e043f1bcce164c487b,40,2,5.0,2016-10-06 14:59:56,2018-08-08 09:00:50,21-100
b586cd24c010a13916af621b0325fbba,6,0,0.0,2018-06-17 21:50:12,2018-08-23 11:27:36,6-20
b5abf4f36adc043117b4fca82c22984c,8,2,25.0,2017-04-11 12:05:15,2018-08-11 14:35:56,6-20
b5b800c4065bebf4d3442311c9857344,1,0,0.0,2018-05-01 12:29:30,2018-05-01 12:29:30,1
b5bb2b985208834bd5bd86c7a402bbad,2,0,0.0,2018-01-31 21:10:29,2018-04-21 22:27:34,2-5
b5d034ac251546e25afe9067f05c1539,1,0,0.0,2018-04-21 05:31:57,2018-04-21 05:31:57,1
b5dd7151a92ccaaa282cbe9681a05f44,1,0,0.0,2018-07-18 10:09:15,2018-07-18 10:09:15,1
b5e3e38609125694d2ea2417522a60b7,16,2,12.5,2017-04-16 20:39:21,2017-09-19 13:30:18,6-20
b5f0712d22a873b6797ab6cc65c3fcba,1,0,0.0,2018-08-13 12:22:49,2018-08-13 12:22:49,1
b5f49fe968dff6b112861e6cd8e192ef,1,0,0.0,2018-01-18 18:21:21,2018-01-18 18:21:21,1
b64d51f0435e884e8de603b1655155ae,17,2,11.76470588235294,2018-04-07 11:00:35,2018-08-24 10:35:52,6-20
b67d6c666e8dce1d078c882825e12704,7,0,0.0,2018-07-06 12:11:22,2018-08-08 16:42:07,6-20
b6d44737c043328708f6749c2dbe50bd,61,4,6.557377049180328,2017-03-15 12:56:04,2018-08-07 17:47:15,21-100
b6dc74ed30f124f95227bed4e43a3bed,9,1,11.11111111111111,2017-02-28 22:22:48,2017-12-05 10:31:53,6-20
b6e1504972665f739dec4facb9943775,14,1,7.142857142857142,2017-05-22 21:17:02,2018-03-26 12:35:07,6-20
b6f52e346160519c24a23af05410ad32,1,0,0.0,2018-04-26 08:13:16,2018-04-26 08:13:16,1
b74d1c09cb380e1d03a6f859c6f4224b,30,4,13.333333333333334,2018-02-23 16:51:37,2018-08-09 13:35:56,21-100
b76a1f8356322f12529c37b67d5c96c2,5,0,0.0,2017-12-19 19:01:13,2018-02-19 15:11:22,2-5
b76dba6c951ab00dc4edf0a1aa88037e,157,5,3.1847133757961785,2017-01-06 21:30:38,2018-08-27 20:03:07,>100
b76f4d90e85657a240495c876313adc5,1,0,0.0,2018-08-25 22:28:18,2018-08-25 22:28:18,1
b77a27b1864483e721dc831d5ba4afa0,1,0,0.0,2017-03-30 06:24:14,2017-03-30 06:24:14,1
b7ba853e9551f4558440881fd3e5c815,1,0,0.0,2016-10-06 16:17:56,2016-10-06 16:17:56,1
b7cc6c5e001441ae8cdd5c69a480cbe4,5,0,0.0,2017-02-26 23:33:43,2017-11-24 14:59:30,2-5
b7d5b4b87af9d42b601865d3f3810bff,1,0,0.0,2017-05-06 18:49:21,2017-05-06 18:49:21,1
b7e1750c1157341d2abd0251e07c186b,3,0,0.0,2017-02-14 13:18:53,2017-04-20 14:30:07,2-5
b7ed9fb14c8eadb37adb9c45d67ab0fb,7,0,0.0,2017-07-01 12:10:10,2018-07-27 20:09:23,6-20
b8114f2f589a6804810f04f99b36b498,8,0,0.0,2018-04-04 16:05:12,2018-08-17 10:28:31,6-20
b81e3a6c866a764974fe849821abeebd,8,0,0.0,2018-07-14 19:31:09,2018-08-15 22:06:09,6-20
b839e41795b7f3ad94cc2014a52f6796,33,1,3.0303030303030303,2018-03-01 10:18:57,2018-08-25 15:12:30,21-100
b83cedfb587e7911540e3f576d6917ce,24,1,4.166666666666666,2017-06-23 17:21:18,2018-05-14 12:20:47,21-100
b8555308bfdb4ca1ed54325a58da9a97,26,2,7.6923076923076925,2017-12-11 13:47:29,2018-08-23 11:29:01,21-100
b8578d2d823bd8e251f6fdd02b40902d,9,0,0.0,2018-04-12 20:58:52,2018-07-19 15:42:35,6-20
b8630e1121437d41cb08e3c749c2c2e2,12,1,8.333333333333332,2017-11-25 04:02:51,2018-08-06 09:14:27,6-20
b86a47b3366e3b5424a7b225781f4908,1,0,0.0,2018-01-05 10:01:43,2018-01-05 10:01:43,1
b87a7ea0c30fad2dd6781b74a0064859,9,2,22.22222222222222,2018-01-10 19:14:05,2018-07-02 14:00:47,6-20
b88e7c57cb2d8b973b7dd4a2bfa14b36,4,0,0.0,2017-05-21 13:09:50,2017-12-01 00:13:14,2-5
b8a0adc91af209270c2c725168eb00fd,6,0,0.0,2018-04-16 19:54:11,2018-06-27 10:15:28,6-20
b8bc237ba3788b23da09c0f1f3a3288c,45,1,2.2222222222222223,2017-08-07 08:31:36,2018-06-30 07:43:15,21-100
b8d890108a7a80e4f5d59eea9f362438,2,0,0.0,2017-09-05 08:05:20,2017-10-19 12:07:22,2-5
b906dd0e57f282c7089171b6ed07982e,2,0,0.0,2018-04-18 01:06:13,2018-06-25 17:58:26,2-5
b90e891671cffd9557f33a97dc523645,34,0,0.0,2017-08-18 16:54:56,2018-08-23 12:56:27,21-100
b92e3c8f9738272ff7c59e111e108d7c,62,2,3.225806451612903,2017-01-17 22:26:00,2018-08-07 15:23:50,21-100
b94cc9f10ddc85e4ba73a6f7974e7101,39,2,5.128205128205128,2017-11-02 09:30:52,2018-06-12 16:20:38,21-100
b98b715fe9e276204e2a3464f48cd796,4,0,0.0,2017-02-03 15:20:03,2018-04-16 17:59:29,2-5
b9a03475e6447e631b6799ec8274800f,10,0,0.0,2017-11-06 15:24:21,2018-07-28 19:42:23,6-20
b9c0ffa92f3ff9a5a3d45ef7213c0842,3,0,0.0,2017-09-17 06:44:58,2017-12-14 20:24:06,2-5
b9ca8e8baa5d4aa038394a700f63e69f,14,1,7.142857142857142,2018-04-23 14:23:32,2018-08-28 12:38:17,6-20
b9de031b671cd48b28fae9d828cbf2b4,1,0,0.0,2018-07-18 13:52:45,2018-07-18 13:52:45,1
b9ec22de23f18567de0e09d776ca0309,2,0,0.0,2018-06-22 14:30:06,2018-08-14 23:20:29,2-5
ba143b05f0110f0dc71ad71b4466ce92,83,10,12.048192771084338,2018-04-24 13:18:10,2018-08-18 21:58:12,21-100
ba5daa4041e1f15cdf34b76e3e18a450,15,0,0.0,2018-02-03 12:38:58,2018-08-20 11:16:03,6-20
ba6b4a237f92479743cf0ca06b67a9ac,8,1,12.5,2018-01-17 08:46:59,2018-08-03 18:35:52,6-20
ba6b68b55fe8704377a7d43c8e5c0185,5,0,0.0,2017-05-02 06:49:31,2017-06-03 14:27:54,2-5
ba6ce6de456f6c11d08c17701ba5c26f,6,0,0.0,2018-02-15 17:02:21,2018-07-23 19:41:14,6-20
ba89796db68db180bd389de96b2ff3b6,2,0,0.0,2018-07-13 13:42:50,2018-07-29 10:00:52,2-5
ba8e85df286308fe68a2ce83a8f8b2d6,1,0,0.0,2018-06-12 22:21:34,2018-06-12 22:21:34,1
ba90964cff9b9e0e6f32b23b82465f7b,38,2,5.263157894736842,2018-02-25 12:47:36,2018-08-15 18:28:56,21-100
baa49d93c8c8841e27400a300f5d74b2,6,0,0.0,2017-05-03 13:31:27,2017-06-05 12:57:58,6-20
bab0a8cd684e41ba6e2637dca0979d3b,1,0,0.0,2017-08-22 13:33:36,2017-08-22 13:33:36,1
babcc0ab201e4c60188427cae51a5b8b,1,0,0.0,2018-07-01 10:23:10,2018-07-01 10:23:10,1
bac44fa8e13424950488659b5f765c41,1,0,0.0,2016-10-04 22:43:33,2016-10-04 22:43:33,1
bac692d6c0ed08467878018e6cc9c26c,1,0,0.0,2018-07-31 16:21:04,2018-07-31 16:21:04,1
bacb1f0ed56ad24198f5810d2b3fe9a5,38,1,2.631578947368421,2017-04-30 21:10:28,2018-01-17 22:58:43,21-100
baeda7047354773262ba2405f97038ba,1,0,0.0,2017-09-30 07:55:03,2017-09-30 07:55:03,1
baf15155e37ef5492731459bdc05be8a,1,0,0.0,2017-03-16 11:18:01,2017-03-16 11:18:01,1
bafc5aa11e413978be29040f51342e70,9,1,11.11111111111111,2017-12-04 19:43:40,2018-01-25 09:28:33,6-20
bb135baca94c82fcb731335ad5b04a03,18,0,0.0,2017-01-21 06:58:31,2018-08-11 16:39:54,6-20
bb2afe2061d53c6968aa0cffa233a8ec,5,0,0.0,2018-05-09 17:11:55,2018-07-21 23:56:29,2-5
bb3dca718920a4d7ec3cc9ffb025108b,2,0,0.0,2017-02-08 13:09:38,2017-02-15 17:55:10,2-5
bb5bd94c8f59cc050072d2930c869cac,16,0,0.0,2017-02-12 18:43:37,2018-06-08 09:43:52,6-20
bb5d956dece964a06c12bceb66b923ae,2,0,0.0,2018-01-21 15:52:24,2018-02-19 12:18:48,2-5
bb7a14e229b1c95156719c3d9552eeee,10,1,10.0,2017-10-09 08:49:32,2018-04-20 12:56:37,6-20
bb7ad8a45c027be8ab075b8e465f8ca0,2,0,0.0,2018-07-22 22:54:11,2018-07-28 13:17:15,2-5
bba3293d6f5d5af2f415e004e8b93ae3,17,1,5.88235294117647,2017-09-02 21:01:18,2018-06-22 22:17:39,6-20
bba74270a87732727b5a3b4fd9ac1c39,35,0,0.0,2017-10-02 09:21:04,2018-05-31 13:18:45,21-100
bba8d0c234a52b87b3957037a215d1a4,1,0,0.0,2018-05-04 19:24:09,2018-05-04 19:24:09,1
bbad7e518d7af88a0897397ffdca1979,68,11,16.176470588235293,2017-06-05 11:30:05,2018-08-06 10:55:03,21-100
bbaff50f3b708fda865918715276cd87,12,2,16.666666666666664,2017-03-15 11:20:40,2018-08-06 21:40:05,6-20
bbd3acfe6de99892e73940d3fdceaf68,2,0,0.0,2018-08-18 15:57:06,2018-08-21 10:38:28,2-5
bbe87dce25ba8b38bb61cc7210a3f10b,2,0,0.0,2018-05-11 10:13:31,2018-08-24 09:18:20,2-5
bbf4a892cac7b82422baa711dffb8997,1,0,0.0,2018-06-11 11:35:34,2018-06-11 11:35:34,1
bbf9ad41dca6603e614efcdad7aab8c4,14,0,0.0,2017-02-05 17:07:34,2018-06-23 18:22:41,6-20
bc07d855eac23aab5ac8a120f21d16b2,11,2,18.181818181818183,2018-03-08 19:38:25,2018-08-12 13:26:21,6-20
bc2ac6b95e1accce9858528ee566c17e,18,0,0.0,2017-08-21 19:07:53,2018-05-21 17:38:06,6-20
bc302730ea8cf49b5c74f579febb5bbf,11,1,9.090909090909092,2017-08-07 12:44:28,2018-08-02 18:35:44,6-20
bc30de0d71bd6260b936a026b5cf7200,3,0,0.0,2018-04-11 16:10:27,2018-04-26 13:47:17,2-5
bc39d8938f90a3a2b98193723ed59774,2,0,0.0,2018-04-26 21:37:53,2018-06-21 15:08:30,2-5
bc47d5d1490df2b36add65d733eafaba,21,2,9.523809523809524,2018-01-11 15:08:00,2018-08-08 14:33:34,21-100
bc503e244f187939d10c92a5c8e378ce,6,0,0.0,2017-04-04 13:46:04,2018-02-26 18:30:59,6-20
bc8c8d665ec4664d286be0d521722b19,1,1,100.0,2018-08-06 15:03:53,2018-08-06 15:03:53,1
bca9230d3bbb4efa51872bf605a2f1ad,5,1,20.0,2018-06-07 14:01:50,2018-08-27 23:30:28,2-5
bcc9dd23e2a8bd8267cf92b19304a1b9,3,2,66.66666666666666,2018-01-19 23:31:34,2018-02-21 22:43:55,2-5
bccf933e006e9b94a6184af782963e77,45,1,2.2222222222222223,2017-10-06 19:38:37,2018-08-21 15:13:19,21-100
bcd2d7510d58e293f20fad6438c1b314,1,1,100.0,2017-02-09 11:38:52,2017-02-09 11:38:52,1
bce6a5ecf98e99fd2a8868b15c51f04b,14,2,14.285714285714285,2018-06-02 10:10:55,2018-08-22 10:51:09,6-20
bd0389da23d89b726abf911cccc54596,87,6,6.896551724137931,2017-03-13 19:41:54,2018-08-14 14:48:11,21-100
bd0a1b0aadca9a83d9304f7e8ff5fbd5,4,0,0.0,2018-07-15 21:50:53,2018-07-29 20:39:20,2-5
bd149ed516d4c5d418d5781f8e18919f,8,0,0.0,2017-10-31 14:13:14,2018-08-23 23:04:04,6-20
bd15ee794d5e640d9dd71b665b2ab15b,12,2,16.666666666666664,2018-03-21 12:59:12,2018-08-14 11:46:06,6-20
bd1d49a326abfa9b1036772e40445430,12,1,8.333333333333332,2017-11-07 22:51:11,2018-06-15 12:52:13,6-20
bd23da7354813347129d751591d1a6e2,86,2,2.3255813953488373,2017-07-17 11:44:41,2018-08-17 09:08:30,21-100
bd43e172d599bed47a85da877172ca8c,1,0,0.0,2018-07-17 23:29:45,2018-07-17 23:29:45,1
bd4431c1a8dfa744b59e1e2a8bc99b9e,7,0,0.0,2018-04-05 22:09:05,2018-08-14 12:35:00,6-20
bd4889b5e9133b35b66e42a8665cea5c,36,0,0.0,2017-04-08 19:30:11,2018-07-24 11:50:06,21-100
bd4ff04377f974574f7f0bf9d6ce7dde,4,1,25.0,2016-10-05 17:14:27,2017-02-20 12:16:48,2-5
bd65d163ded559eb90a10cd09fec178f,1,0,0.0,2017-08-21 10:31:19,2017-08-21 10:31:19,1
bd697db56ff8e7c9cd1abeb7f72029b2,21,0,0.0,2017-02-12 12:32:38,2018-08-10 12:30:45,21-100
bdae679a9b282249bc23b9b69dae9a99,6,0,0.0,2018-02-14 11:37:48,2018-08-13 12:13:40,6-20
bdb3edbaee43a761e2d4f258dc08f348,5,1,20.0,2017-11-21 22:22:38,2017-12-18 11:50:01,2-5
bdf0d02d36a1d839d0c39c4a887cdd49,5,0,0.0,2018-01-07 18:31:16,2018-02-04 20:00:08,2-5
be1e9e378700cecaa4ebf71433d7915c,2,2,100.0,2017-11-19 11:04:14,2018-01-22 17:08:00,2-5
be3b4b0f050a6aa1b2d901c4b77e979f,3,0,0.0,2018-04-26 09:05:59,2018-06-08 12:12:54,2-5
be67f78487e2cecb0d55bc769709e4f5,1,0,0.0,2018-03-23 17:06:29,2018-03-23 17:06:29,1
be7a093e5b4d147b36b72bb1f9e415e5,1,0,0.0,2018-07-07 10:44:58,2018-07-07 10:44:58,1
be8e909810184b9b19e886129149d8e5,15,2,13.333333333333334,2017-10-03 13:27:13,2018-05-13 13:20:54,6-20
be9a160a9011f627c3e121d076c1ec7b,5,0,0.0,2017-03-26 11:36:32,2017-10-27 23:57:47,2-5
beadbee30901a7f61d031b6b686095ad,64,15,23.4375,2018-05-28 18:47:40,2018-08-22 09:16:14,21-100
bec568278124768c474ee90971ca94d1,2,0,0.0,2018-06-17 22:38:30,2018-07-30 19:24:57,2-5
bede56095ba33c42038fb85f707b8a42,2,0,0.0,2017-08-20 19:28:57,2017-12-17 09:15:37,2-5
bee36b4f9a2b9fdcaff6ec05df202ed0,1,0,0.0,2017-02-11 17:06:41,2017-02-11 17:06:41,1
bf00385a5f7fc1ef39a13c2e9ee50a5f,28,0,0.0,2018-07-03 15:45:08,2018-08-27 19:59:06,21-100
bf0045791395e66460eb04749c68672a,2,0,0.0,2017-02-07 13:50:56,2017-03-15 21:04:08,2-5
bf100ecb7997df312b285358fb32f92c,20,0,0.0,2017-01-23 07:33:11,2018-02-04 20:43:44,6-20
bf3c6d2a28b2b5501e6c15448982dcc9,35,1,2.857142857142857,2017-05-29 22:47:27,2018-05-09 12:03:22,21-100
bf84056e679dbe9c69929847a40e338f,35,2,5.714285714285714,2018-02-19 11:58:17,2018-04-29 13:46:06,21-100
bf961104a38e01b9062ee026bb657dee,4,0,0.0,2017-02-02 13:51:50,2017-02-09 19:08:19,2-5
bfd27a966d91cfaafdb25d076585f0da,114,6,5.263157894736842,2017-02-05 12:45:04,2018-07-02 10:01:40,>100
bfd938b22bc99bce1ae60dc602889f52,4,0,0.0,2017-01-22 21:50:07,2017-04-03 07:55:19,2-5
bff9deb0ec77d437f3305a79cf25529e,5,0,0.0,2018-06-23 07:13:25,2018-08-16 22:31:19,2-5
c003204e1ab016dfa150abc119207b24,195,10,5.128205128205128,2017-10-18 23:51:56,2018-08-26 16:19:58,>100
c00396cbdd2e088fe4281baa5920aef1,1,0,0.0,2018-04-04 14:36:46,2018-04-04 14:36:46,1
c004e5ea15737026cecaee0447e00b75,1,1,100.0,2018-08-10 00:17:59,2018-08-10 00:17:59,1
c0098efcf800861dcae589affca31408,9,0,0.0,2017-12-06 18:59:33,2018-07-17 08:06:39,6-20
c013e57c075a06e5b5c48ee03c525719,42,2,4.761904761904762,2018-02-27 15:10:06,2018-08-26 19:04:05,21-100
c026ef0d72e9132d9fa112308090c8dc,1,0,0.0,2018-08-05 11:38:06,2018-08-05 11:38:06,1
c03121937e54a93fcc1825c3098bbb6e,7,0,0.0,2017-03-28 17:03:51,2018-05-03 20:52:38,6-20
c04d70d515d15a7e3db3a73320598566,3,0,0.0,2017-05-24 22:17:27,2017-11-13 10:38:36,2-5
c0563dd588b775f2e37747ef6ad6c92c,28,3,10.714285714285714,2017-02-28 15:22:46,2018-08-20 16:08:31,21-100
c092292535a57dacd95a8765f5518f87,1,0,0.0,2018-07-05 16:07:58,2018-07-05 16:07:58,1
c0aff2da32c17759d30b22fb0af6649d,4,0,0.0,2018-06-11 13:15:42,2018-08-22 15:27:49,2-5
c0e0b73d039eb9a99b6ce4cb7a429cd3,1,0,0.0,2018-06-15 15:53:06,2018-06-15 15:53:06,1
c0e6839516f5398edc34adf5f1d53d1a,1,0,0.0,2017-05-06 10:58:50,2017-05-06 10:58:50,1
c0f3eea2e14555b6faeea3dd58c1b1c3,1,0,0.0,2018-08-03 00:26:04,2018-08-03 00:26:04,1
c0f783394e37cd9c9d7f5f81141450fa,6,0,0.0,2017-11-10 13:49:38,2017-12-13 17:14:37,6-20
c113b8df1fc375bc3d73d29c1b1144d1,3,0,0.0,2017-06-15 10:15:14,2017-08-02 16:17:16,2-5
c12b92bf1c350f3e6bf88d3596219c86,17,1,5.88235294117647,2018-05-01 14:15:31,2018-08-13 15:17:31,6-20
c12d7463a579237ffb9248bd7cff378b,1,0,0.0,2016-10-06 13:16:56,2016-10-06 13:16:56,1
c13ef0cfbe42f190780f621ce81f2234,1,1,100.0,2018-01-18 13:36:21,2018-01-18 13:36:21,1
c13fb473e7cb8b83ccd543c094df0608,2,0,0.0,2017-01-30 22:18:53,2017-03-20 10:48:56,2-5
c1552b1dab6e6f760950368ae61fb600,2,0,0.0,2018-08-22 14:24:54,2018-08-25 11:00:52,2-5
c157bdeedcbc9a8e3c8bf0d87ff24428,7,0,0.0,2017-05-05 16:46:55,2017-08-20 12:22:14,6-20
c161d1327ebc3a156c09582ab2f59f6c,2,0,0.0,2017-08-04 13:54:51,2017-12-04 17:08:27,2-5
c18309219e789960add0b2255ca4b091,1,0,0.0,2017-12-05 13:49:27,2017-12-05 13:49:27,1
c1849d4d32d7a6cecd5aa471809d3135,3,0,0.0,2018-08-04 12:56:08,2018-08-26 22:41:03,2-5
c1d1ebb4745cc43cb6f05e9c8a705c9a,1,1,100.0,2017-04-20 20:47:53,2017-04-20 20:47:53,1
c1dde11f12d05c478f5de2d7319ad3b2,1,0,0.0,2018-08-19 18:13:40,2018-08-19 18:13:40,1
c1ed9e3daf6154542826a6996af0fb8c,8,1,12.5,2017-08-15 20:57:47,2018-03-02 15:27:23,6-20
c1f12f926d0ba950578b4fa41115cbb6,2,1,50.0,2018-02-24 12:00:07,2018-08-01 17:20:32,2-5
c240c4061717ac1806ae6ee72be3533b,1,0,0.0,2018-05-08 17:40:24,2018-05-08 17:40:24,1
c24173065483e421f9e5e7f599de101d,9,1,11.11111111111111,2017-07-11 14:17:47,2017-11-24 14:46:52,6-20
c26a2be5b53b7db6b276280da212a779,13,0,0.0,2017-08-08 13:37:37,2018-08-03 16:58:12,6-20
c26ba52cf8d2f34915f2f6b7ffa0a3f3,3,0,0.0,2017-12-10 22:31:27,2018-01-16 22:32:22,2-5
c273175f7c6c80fb02f051e2fc6d0d72,14,1,7.142857142857142,2017-01-25 16:25:03,2017-07-20 11:33:01,6-20
c286ec035ee04ba81c97508f0b5df544,1,0,0.0,2017-05-12 22:47:15,2017-05-12 22:47:15,1
c2bda99904207edd1834f03e0022b007,1,0,0.0,2017-09-27 09:25:55,2017-09-27 09:25:55,1
c2d70ce2c5d0a2eb75e78668236e6dc8,13,0,0.0,2017-09-22 11:58:32,2018-08-27 23:12:55,6-20
c31eff8334d6b3047ed34bebd4d62c36,120,14,11.666666666666666,2017-11-25 11:48:45,2018-08-17 08:05:07,>100
c3251e13f1bbda6c74e37c160f991e19,2,0,0.0,2017-03-18 18:18:22,2017-05-26 16:15:49,2-5
c32fc744b9160ac853450488e3cfea93,2,0,0.0,2018-05-04 14:21:11,2018-06-06 22:51:55,2-5
c33847515fa6305ce6feb1e818569f13,114,4,3.508771929824561,2018-05-09 20:36:26,2018-08-22 16:38:09,>100
c33a5c3c983090c8b78a28e65052a20d,8,0,0.0,2018-01-15 10:28:06,2018-06-24 23:22:22,6-20
c353f8fc0ce8344999f17d578eb69a5e,2,0,0.0,2017-01-23 07:23:50,2017-02-06 14:54:29,2-5
c35672b10ad50968f567ea3f4b91e877,18,1,5.555555555555555,2017-08-21 20:40:53,2018-08-04 16:27:58,6-20
c35affa65afd250151285c5917fc1c8a,8,1,12.5,2017-11-04 17:06:18,2018-06-25 11:15:35,6-20
c360e4787614ed31ac7a2f95d3b22dc6,1,0,0.0,2018-06-13 09:32:06,2018-06-13 09:32:06,1
c37b2059d4f90d4feead554e5246565e,12,3,25.0,2017-11-03 16:43:28,2018-07-02 20:39:32,6-20
c3867b4666c7d76867627c2f7fb22e21,228,25,10.964912280701753,2017-03-30 13:28:48,2018-07-09 00:04:47,>100
c394e193cda3b4225ff2094d32184849,2,0,0.0,2018-04-19 13:54:06,2018-05-13 23:54:31,2-5
c398bc00a606d33758afd91f4e64fd15,2,0,0.0,2018-05-30 22:12:22,2018-06-28 14:33:53,2-5
c3aad7dc65449ae90a5e9c3c6c1e78e0,6,0,0.0,2018-08-10 15:26:47,2018-08-23 00:23:11,6-20
c3acdfac4e3e97ff87529454fbc03642,12,1,8.333333333333332,2018-03-24 13:40:27,2018-08-16 18:52:14,6-20
c3cfdc648177fdbbbb35635a37472c53,278,4,1.4388489208633095,2017-01-27 17:16:40,2018-08-27 21:04:17,>100
c3e1abd72a42fe690fcd89cf5720fe29,13,0,0.0,2018-05-22 19:45:11,2018-08-13 13:36:58,6-20
c3e2398fcc7e581cda2e546557bf6968,1,0,0.0,2018-06-23 20:33:24,2018-06-23 20:33:24,1
c3ee2331a724e6fc02c4b698b57a73f3,2,0,0.0,2017-11-22 08:33:09,2017-12-02 09:45:39,2-5
c3f5668699a1b04c0fa61ecea1e2bff6,3,0,0.0,2018-03-26 06:56:38,2018-08-02 20:20:53,2-5
c3fe93ba3085f92855c97e57f38c8c05,6,0,0.0,2017-06-08 18:45:48,2018-07-24 23:30:08,6-20
c42fd8e4d47dfb18ce5222f2dd7752f9,7,2,28.57142857142857,2017-02-13 11:10:57,2017-05-21 15:02:45,6-20
c43d924a0f1688ee9fae0efcd6f539d4,1,0,0.0,2016-10-09 23:50:37,2016-10-09 23:50:37,1
c447f8dd3ed213f291d65ef074a268eb,7,0,0.0,2017-02-06 00:25:15,2017-06-19 02:03:15,6-20
c458e2045a8aa8964f8879af03fdcce6,4,0,0.0,2017-02-12 18:48:56,2017-05-05 12:35:47,2-5
c4af86330efa7a2620772227d2d670c9,4,0,0.0,2018-01-02 19:00:43,2018-06-15 20:46:53,2-5
c4d51195486dc781531876a7d00453d8,17,5,29.411764705882355,2018-03-31 21:04:40,2018-06-05 00:43:11,6-20
c4f7fee5b0db50e87766f5a4d1b1b758,5,0,0.0,2018-04-15 13:07:03,2018-04-17 20:37:20,2-5
c4fabeea6e569d42d02993bb1f4f1cbc,11,1,9.090909090909092,2018-01-12 12:45:01,2018-08-07 15:42:52,6-20
c4fb51fb1c5b7c07bc5e67be6e7e8f6e,15,2,13.333333333333334,2017-07-24 13:37:49,2018-08-12 18:23:47,6-20
c500367424994318b9e779ff1ae9a330,9,1,11.11111111111111,2017-09-01 09:24:39,2017-12-01 16:51:00,6-20
c510bc1718f0f2961eaa42a23330681a,12,0,0.0,2018-04-17 12:05:48,2018-08-13 19:38:49,6-20
c522be04e020c1e7b79f3acff36513d5,6,2,33.33333333333333,2018-04-23 01:40:58,2018-08-23 13:33:34,6-20
c52c644cc0dc85121207a27013efc6af,1,0,0.0,2018-08-10 14:19:56,2018-08-10 14:19:56,1
c53bcd3be457a342a97e39e5a9f0be22,5,0,0.0,2017-01-30 23:20:41,2018-07-22 20:44:34,2-5
c54679b132454625907c773d273d4126,7,0,0.0,2018-03-27 14:16:24,2018-07-28 18:11:21,6-20
c5e60e39c0f42b8e827daa13cff74afa,6,0,0.0,2018-08-15 16:58:08,2018-08-26 11:02:58,6-20
c5ebe6598748b0aeaa61cfb820478b92,3,0,0.0,2018-07-04 22:19:41,2018-08-28 14:01:04,2-5
c5f7e746b7e6d07def6c0dae9903279b,10,0,0.0,2018-04-15 18:59:34,2018-08-22 22:36:53,6-20
c5f7feb04a6a1fb3596322bfc3cf1917,11,1,9.090909090909092,2018-06-14 16:20:35,2018-08-17 09:07:53,6-20
c60b801f2d52c7f7f91de00870882a75,39,6,15.384615384615385,2018-01-27 19:13:48,2018-08-21 12:26:53,21-100
c611f4ce9ce875bcc063fa97fd4d7d12,1,1,100.0,2018-07-31 14:42:55,2018-07-31 14:42:55,1
c6218512d16fcac0af02fe92691cf274,8,0,0.0,2017-04-11 13:00:12,2017-06-02 14:34:31,6-20
c6381b1321d7d97717a5bb4ed5b77882,2,0,0.0,2018-07-09 20:42:03,2018-08-09 23:19:46,2-5
c6381d2d013342748761e906d45aff76,15,0,0.0,2017-10-31 23:50:58,2018-07-25 01:12:50,6-20
c64a2aec32cc408a8a4c6d7c46017f91,9,0,0.0,2017-11-24 14:41:34,2018-02-14 17:51:11,6-20
c66dccfb3f109511246da627dd5a2498,44,2,4.545454545454546,2018-01-15 13:54:27,2018-08-24 16:32:04,21-100
c679fb69a36e1d8349e8c50a217b4d58,14,1,7.142857142857142,2018-07-22 21:45:44,2018-08-20 15:12:17,6-20
c68fb906c8f4b4b946d8386bfa6e5467,45,1,2.2222222222222223,2017-03-18 17:09:49,2018-07-30 17:46:46,21-100
c6a7539d424a8402232c2228d7a03c5e,10,1,10.0,2017-09-05 13:30:15,2018-05-22 22:39:03,6-20
c6bda72e4dbf5c5866b13cb1810c6d03,59,2,3.389830508474576,2017-07-12 18:18:00,2018-08-23 18:06:57,21-100
c70a353f02429c00775a46a75fb787da,6,0,0.0,2018-07-17 18:27:15,2018-08-10 15:11:34,6-20
c70c1b0d8ca86052f45a432a38b73958,260,14,5.384615384615385,2018-04-06 17:12:41,2018-08-29 08:46:11,>100
c714262700f93defc16bf17a51a4cb23,4,0,0.0,2018-03-16 23:37:45,2018-05-15 00:50:44,2-5
c716e0b86ed568878475b60fbb6323ad,1,0,0.0,2018-03-26 13:11:28,2018-03-26 13:11:28,1
c7246702dc991a06d788120dc7544391,1,0,0.0,2018-02-19 22:45:39,2018-02-19 22:45:39,1
c72de06d72748d1a0dfb2125be43ba63,21,0,0.0,2018-05-10 12:09:59,2018-08-18 14:50:45,21-100
c731d18cea9bf687ffee82a241c25b11,24,0,0.0,2017-02-23 12:20:44,2018-08-27 12:39:11,21-100
c747d5b92c7648417faea95d36d763e8,1,0,0.0,2017-11-24 22:46:55,2017-11-24 22:46:55,1
c74f14c1e26cf1bd5bd34b6a1e274426,1,0,0.0,2018-01-27 19:05:19,2018-01-27 19:05:19,1
c76d418370990614e89e956c7a7567d9,2,0,0.0,2017-08-11 14:51:35,2017-09-12 13:52:34,2-5
c79151301b9d90985d1fa52879213105,3,0,0.0,2017-11-18 11:32:47,2017-12-04 23:06:51,2-5
c794dab4928dd97beb41d05514441e86,16,2,12.5,2017-12-08 09:46:41,2018-06-24 03:33:48,6-20
c7a0a13cbcf29d5ce51c8f80afdc0b89,8,0,0.0,2017-10-04 23:18:03,2018-08-08 23:12:35,6-20
c7b7db6c8f3c64a7cc1afa634db21d50,1,1,100.0,2018-03-11 10:27:45,2018-03-11 10:27:45,1
c7bb64409aa480bb7d0335faaaf3d242,4,0,0.0,2018-06-23 16:04:00,2018-07-02 10:34:59,2-5
c7c7b2682c648339a0e9846bb1023a39,2,0,0.0,2017-10-12 23:15:50,2017-12-13 18:53:25,2-5
c7dcd301ecfe5ab7f778ac172cf74be7,3,0,0.0,2016-10-04 12:06:11,2016-10-04 23:26:51,2-5
c7fdb77fdbff3c41981bc52f787e959e,9,1,11.11111111111111,2018-01-10 02:05:46,2018-07-21 19:34:46,6-20
c8025364abeecb115431bf95c11a747f,2,0,0.0,2018-05-16 19:07:31,2018-08-09 20:57:18,2-5
c8143b3069f6746a77421b5ce30a450c,1,0,0.0,2017-07-02 13:10:36,2017-07-02 13:10:36,1
c826c40d7b19f62a09e2d7c5e7295ee2,346,26,7.514450867052023,2017-08-27 13:02:01,2018-08-27 15:21:15,>100
c840d3fdbba0790404fdae73d253b253,9,0,0.0,2017-10-21 09:09:48,2018-06-29 12:41:16,6-20
c8417879a15366a17c30af34c798c332,25,1,4.0,2017-02-22 10:49:34,2017-09-28 20:11:40,21-100
c84592044b180dec206770c38603814b,14,0,0.0,2018-02-28 14:53:09,2018-05-12 11:42:27,6-20
c8467937e403e76a8ee9f0ab13f6f5ef,30,4,13.333333333333334,2017-09-21 15:17:42,2018-08-13 20:11:13,21-100
c847e075301870dd144a116762eaff9a,41,3,7.317073170731707,2017-02-15 12:18:51,2018-01-10 11:38:12,21-100
c864036feaab8c1659f65ea4faebe1da,58,2,3.4482758620689653,2017-07-19 16:15:37,2018-08-09 16:23:03,21-100
c8660dcf9ba70575f45d80fe28c27713,4,1,25.0,2017-02-07 13:59:49,2017-03-20 20:31:35,2-5
c8665a4dd081a2c436b1cd921079d0d9,1,0,0.0,2018-06-18 12:48:25,2018-06-18 12:48:25,1
c8771b1a10bb99bb34d3c459c5cffb53,1,0,0.0,2017-05-30 16:14:58,2017-05-30 16:14:58,1
c878515173c84a492ebe50d6b493230b,9,2,22.22222222222222,2017-03-13 14:28:41,2017-11-15 20:16:54,6-20
c87abc38c8ed3240861729e1aeadf221,1,0,0.0,2017-12-26 02:35:27,2017-12-26 02:35:27,1
c89cf7c468a48af70aada384e722f9e2,14,1,7.142857142857142,2017-06-07 16:38:50,2018-08-06 14:31:24,6-20
c8b0e2b0a7095e5d8219575d5e7e1181,84,6,7.142857142857142,2017-07-12 19:56:51,2018-08-17 12:03:54,21-100
c8b3445d737de6befde0c88ede534a5e,30,1,3.3333333333333335,2017-11-17 10:26:28,2018-06-27 09:21:40,21-100
c8c1bea22194a4eefa2dc9a9fa89f536,7,0,0.0,2018-06-04 10:34:10,2018-08-03 10:20:22,6-20
c8cc60ffd415254af5d9b9f34f32c369,8,0,0.0,2018-06-05 19:11:38,2018-08-15 17:47:48,6-20
c8e135e7b21ecbc36c1153a29d2f5a06,7,0,0.0,2017-02-01 14:39:07,2017-05-28 21:29:35,6-20
c963a25b8671419c6ce9eebe8fd03218,1,0,0.0,2018-05-01 01:28:38,2018-05-01 01:28:38,1
c97aa4ee7420f937da13b7f9e2228b99,1,0,0.0,2018-08-17 20:47:06,2018-08-17 20:47:06,1
c990d6cf976a5718aaedc539f383ab88,8,3,37.5,2017-10-05 15:37:40,2018-01-20 17:59:58,6-20
c9a06ece156bb057372c68718ec8909b,11,0,0.0,2016-10-07 12:06:30,2017-01-15 17:55:56,6-20
c9aafcd0621b2207c10e32c649cada4d,40,3,7.5,2018-07-14 21:25:42,2018-08-10 14:09:09,21-100
c9c7905cffc4ef9ff9f113554423e671,127,10,7.874015748031496,2017-06-02 09:41:21,2018-08-21 19:49:49,>100
c9d2ba8dde44a275ae06475ed1d2fafc,1,0,0.0,2017-02-06 00:33:42,2017-02-06 00:33:42,1
c9e5ad1f6647f5dbd1172adf6ae3cada,4,0,0.0,2017-10-23 22:10:42,2018-06-09 01:16:23,2-5
ca3bd7cd9f149df75950150d010fe4a2,68,1,1.4705882352941175,2017-01-25 11:32:02,2018-08-06 17:47:40,21-100
ca4b77513ac2040591b0d8fae6958380,14,2,14.285714285714285,2018-07-15 13:52:04,2018-08-22 10:28:17,6-20
ca5832c6960267b71041f74bb39e8b12,1,1,100.0,2017-06-19 17:11:51,2017-06-19 17:11:51,1
ca77545ca4d2dfd1431bf61334e2fa3c,6,0,0.0,2018-01-02 09:37:13,2018-04-24 15:34:22,6-20
ca7c6bd577e559472af1c699de9e764e,6,0,0.0,2018-03-22 11:49:41,2018-04-04 13:47:39,6-20
caa9bc43a9fe8cf9c564ddd8a03cc4a6,13,0,0.0,2018-04-16 13:04:33,2018-08-27 18:50:06,6-20
cab85505710c7cb9b720bceb52b01cee,201,4,1.9900497512437811,2016-10-08 04:01:53,2018-08-28 11:26:02,>100
cac4c8e7b1ca6252d8f20b2fc1a2e4af,74,13,17.56756756756757,2016-10-08 17:43:26,2018-08-16 04:29:53,21-100
cac4e0bc1a3269fa2b6ea5e763f6115b,2,0,0.0,2017-11-26 20:39:49,2018-03-27 05:53:39,2-5
cac63f48c38cd7d002a7e846dcd99a23,10,0,0.0,2017-11-27 22:26:08,2018-08-18 19:39:10,6-20
cac876b37d3abcd6bd76caca30277996,27,0,0.0,2018-02-13 12:38:05,2018-07-26 13:09:26,21-100
cad10cc982ab6a391570c211b995c17c,1,0,0.0,2018-04-22 12:03:21,2018-04-22 12:03:21,1
cad9969167c09b48ae6f1d123f7fa68d,1,0,0.0,2018-07-24 10:56:17,2018-07-24 10:56:17,1
cb0b3bcf14e0a709df412a99424a59d7,2,0,0.0,2018-04-05 22:53:51,2018-04-16 17:46:55,2-5
cb162c8eef257253782d245c08d9097c,1,0,0.0,2017-11-19 20:37:11,2017-11-19 20:37:11,1
cb32766839f443db85c82a43c4a6c19e,2,0,0.0,2017-02-10 15:43:45,2017-02-26 16:03:49,2-5
cb3dd9ce66268c7a3ca7241ac70ab58c,48,2,4.166666666666666,2017-02-07 01:47:42,2018-04-23 21:42:34,21-100
cb41bfbcbda0aea354a834ab222f9a59,11,4,36.36363636363637,2017-11-28 09:10:12,2018-07-06 16:21:43,6-20
cb4a705d00e100b9732d0ca34817d441,1,0,0.0,2017-11-24 22:07:05,2017-11-24 22:07:05,1
cb5df0dcb9e280b1780e9d589889f2c7,11,2,18.181818181818183,2017-01-29 14:57:59,2017-06-14 17:06:33,6-20
cb5ff1b9715e99589f3e0c7a6afab9e3,4,0,0.0,2018-08-02 12:05:14,2018-08-21 15:22:16,2-5
cb6c9f5888a7a090c75beaf615925792,11,0,0.0,2018-04-30 06:31:44,2018-08-19 19:12:14,6-20
cb810bd318f51b3dc3c753944d61a1fa,1,0,0.0,2018-08-16 15:02:31,2018-08-16 15:02:31,1
cb8bcce248bb1fb274ba762d8b971456,66,1,1.5151515151515151,2017-01-26 00:16:29,2018-08-14 17:42:27,21-100
cb9fb4ca75d7ba8437480e8dde64fe98,10,0,0.0,2017-06-07 16:32:26,2017-10-11 09:41:39,6-20
cbbd5ae8f53de5f5097cd8217b529e24,1,0,0.0,2017-02-10 21:37:36,2017-02-10 21:37:36,1
cbd996ad3c1b7dc71fd0e5f5df9087e2,160,13,8.125,2017-02-19 11:03:43,2018-08-27 22:12:59,>100
cbf09e831b0c11f6f23ffb51004db972,10,0,0.0,2018-05-03 11:21:25,2018-08-21 17:40:41,6-20
cc1f04647be106ba74e62b21f358af25,1,0,0.0,2018-06-22 12:48:41,2018-06-22 12:48:41,1
cc3d14116804f7209f3884f6367f1152,27,0,0.0,2017-05-03 21:07:12,2018-08-21 16:40:15,21-100
cc419e0650a3c5ba77189a1882b7556a,1651,87,5.269533615990309,2017-01-31 17:15:33,2018-08-27 16:12:22,>100
cc5a78bbad32776dc4e3af205218368c,33,1,3.0303030303030303,2018-05-08 13:49:19,2018-08-24 02:24:29,21-100
cc63f0dd2acba93ffed4fe9f8e0321fa,55,0,0.0,2018-05-10 14:37:54,2018-08-24 09:17:45,21-100
cc80e2f693fa6e2408f47ccf62413fc1,2,0,0.0,2017-11-27 17:51:39,2017-12-01 16:49:36,2-5
cca3071e3e9bb7d12640c9fbe2301306,699,34,4.86409155937053,2016-10-03 22:06:03,2018-08-22 22:53:19,>100
ccada0ef508e698917a6eab263375905,3,0,0.0,2017-07-13 09:44:51,2017-10-05 17:01:01,2-5
ccb83a794700270fde70898fe9ff368b,12,2,16.666666666666664,2017-02-21 21:50:47,2017-08-06 13:09:40,6-20
ccbd753e6863fe7314dc6c0ca5a074e7,1,0,0.0,2018-08-12 20:58:54,2018-08-12 20:58:54,1
ccc4bbb5f32a6ab2b7066a4130f114e3,184,12,6.521739130434782,2017-01-07 13:29:22,2018-08-21 20:53:43,>100
cce6ab8d1682639fe45ab70234f1665f,61,2,3.278688524590164,2017-05-31 17:06:39,2017-11-28 21:32:25,21-100
ccf8813e5a7d6c84d865cd38bfc2b130,26,1,3.8461538461538463,2017-08-30 15:25:39,2018-08-23 09:27:52,21-100
cd06602b43d8800bd0afad514919d35c,43,2,4.651162790697675,2017-01-26 11:48:46,2018-08-04 16:19:07,21-100
cd2169d9f31ff6fbb9ca3373b0c9e354,1,0,0.0,2018-06-15 11:46:28,2018-06-15 11:46:28,1
cd233f8bfa30ebfd651f47ee7d054951,1,0,0.0,2018-08-19 11:28:23,2018-08-19 11:28:23,1
cd3d09fbe6e3e9ff0c0ac0c300e93ae7,12,1,8.333333333333332,2018-06-27 12:13:43,2018-08-18 12:18:56,6-20
cd52a8efd71af3336b14b5039b951cc1,2,0,0.0,2017-09-11 15:20:28,2017-09-13 08:23:41,2-5
cd68562d3f44870c08922d380acae552,122,19,15.573770491803279,2017-04-16 19:48:10,2018-03-30 23:32:46,>100
cd6efc47efaabf134f8bdb654e10b4f1,31,2,6.451612903225806,2017-11-13 08:04:09,2018-08-15 14:18:13,21-100
cd843d4cf8ef32827de0396605163ba3,5,0,0.0,2017-07-28 10:36:12,2018-08-13 16:25:25,2-5
cda598c48d7c614bc1cad7d8ff6f0010,17,0,0.0,2018-03-17 21:11:23,2018-08-15 10:36:56,6-20
ce20a2ec1514c25e16f2b5b39bc818f0,4,0,0.0,2018-06-01 14:12:09,2018-08-13 14:18:20,2-5
ce248b21cb2adc36282ede306b7660e5,64,5,7.8125,2017-07-18 15:19:37,2018-08-04 12:12:10,21-100
ce27a3cc3c8cc1ea79d11e561e9bebb6,122,2,1.639344262295082,2016-10-04 12:53:17,2018-08-25 13:07:13,>100
ce33c6211beaa8fef4cae8b52db39862,1,0,0.0,2017-02-12 15:53:19,2017-02-12 15:53:19,1
ce3ad9de960102d0677a81f5d0bb7b2d,1,0,0.0,2018-07-30 12:20:10,2018-07-30 12:20:10,1
ce4755084bc097113867e6454f8f5e52,1,0,0.0,2018-06-12 11:26:30,2018-06-12 11:26:30,1
ce616e1913288884e7742faac9d981db,14,1,7.142857142857142,2018-05-19 20:17:34,2018-08-21 19:13:36,6-20
ce69a8021d18961dd2a40269b7c2c293,19,1,5.263157894736842,2018-03-27 20:39:09,2018-08-20 19:34:29,6-20
ce7d1888639e6fb06b2749cbfdac1ff7,78,7,8.974358974358974,2017-08-12 20:33:46,2018-08-18 13:33:20,21-100
cea729054f157f5870bdd321a958d994,24,1,4.166666666666666,2018-03-27 00:17:22,2018-08-13 13:59:20,21-100
ceaec5548eefc6e23e6607c5435102e7,198,10,5.05050505050505,2018-01-18 21:47:52,2018-08-15 20:48:09,>100
cecd97bc34ed8330bd4cd15713eda670,1,0,0.0,2018-08-13 17:09:30,2018-08-13 17:09:30,1
cee48807215b30a12ca2ca10ffb5f250,39,5,12.82051282051282,2017-08-04 15:34:27,2018-08-21 12:20:32,21-100
cf1313c6e2c01c2f4b014f97db4bcd2b,5,0,0.0,2018-06-15 15:55:16,2018-08-06 20:55:21,2-5
cf2384dd2f1dddea3f838efed0945e65,16,0,0.0,2017-03-09 20:28:23,2018-08-02 12:14:15,6-20
cf654707ed6a99f112c7ec3d6f314b8b,3,0,0.0,2018-05-14 08:59:51,2018-08-14 21:18:48,2-5
cf8ab1616079e2793aa29d524df01bb1,6,1,16.666666666666664,2017-12-01 14:09:20,2018-03-09 00:37:23,6-20
cfa5ab0e4d3fc212fd0b3410e7081c62,15,0,0.0,2017-10-15 16:50:20,2018-08-20 21:59:32,6-20
cfb1a033743668a192316f3c6d1d2671,143,14,9.79020979020979,2017-02-01 09:12:31,2018-08-10 23:06:33,>100
cfd7ddab722b902f7ac5b5f3ba6d723d,12,0,0.0,2018-06-07 18:54:10,2018-08-02 20:52:16,6-20
cfe94489ddd337d1e29e12f2a7205d10,20,1,5.0,2018-02-26 18:44:28,2018-08-22 18:20:04,6-20
d03698c2efd04a549382afa6623e27fb,18,1,5.555555555555555,2016-10-07 22:46:51,2018-07-31 20:19:04,6-20
d05ae8f7a5bd1d2a690a44cd079e4e27,77,5,6.493506493506493,2017-04-22 16:02:43,2018-08-18 12:25:09,21-100
d06d019f72a04e5497a0b64190af170c,17,0,0.0,2018-03-28 11:15:26,2018-08-21 17:00:16,6-20
d0d70d21e2234dd7cd3cf63fe414148a,8,0,0.0,2018-06-28 00:41:07,2018-08-15 20:43:17,6-20
d101c6da914ae3d53f7bee42283f2fe2,13,1,7.6923076923076925,2016-10-05 08:46:55,2017-05-30 09:27:49,6-20
d12c926d74ceff0a90a21184466ce161,76,1,1.3157894736842104,2016-10-06 23:21:10,2018-05-13 22:20:16,21-100
d13e50eaa47b4cbe9eb81465865d8cfc,66,6,9.090909090909092,2018-08-04 09:09:37,2018-08-28 10:00:01,21-100
d149de2f383552baea37a7198c2296ce,3,0,0.0,2018-08-20 21:01:51,2018-08-27 17:18:42,2-5
d1582f4043306e6b91afa6a8a884f898,9,1,11.11111111111111,2017-11-20 11:47:02,2018-02-12 20:28:01,6-20
d17f467e4bf608a510c20d82f4ba3b6b,11,2,18.181818181818183,2018-07-18 10:52:14,2018-07-31 20:20:14,6-20
d180e07dc1e58c31c3f0cd599dc4d945,1,0,0.0,2018-01-26 14:08:25,2018-01-26 14:08:25,1
d197aa8fbc64087f61984deef05f6227,6,0,0.0,2018-05-16 21:36:57,2018-08-21 13:46:22,6-20
d1a5cc844736958c11b8efab9a2b4c87,1,1,100.0,2017-10-23 13:04:06,2017-10-23 13:04:06,1
d1aa1ec0839dcab73a6161130eb1f94a,1,1,100.0,2017-04-19 10:20:51,2017-04-19 10:20:51,1
d1b65fc7debc3361ea86b5f14c68d2e2,39,1,2.564102564102564,2017-03-28 09:00:00,2018-06-06 20:01:45,21-100
d1b9d4be4b6f9ebd85f8acd6745ba612,11,0,0.0,2017-10-11 14:49:49,2018-08-21 17:03:40,6-20
d1c281d3ae149232351cd8c8cc885f0d,214,14,6.5420560747663545,2017-02-14 23:12:30,2018-08-16 18:04:47,>100
d1c7fa84e48cfa21a0e595167c1c500e,12,0,0.0,2018-03-24 18:25:24,2018-07-23 15:59:52,6-20
d1ef48b38baca7e831711c4a0aeb398f,28,2,7.142857142857142,2018-02-23 12:26:34,2018-07-25 21:14:25,21-100
d20b021d3efdf267a402c402a48ea64b,86,14,16.27906976744186,2017-02-26 15:43:16,2018-07-30 00:59:02,21-100
d23019c84ffae2d5ef2270367b8605fc,39,1,2.564102564102564,2017-10-10 10:47:08,2018-08-22 19:54:03,21-100
d2374cbcbb3ca4ab1086534108cc3ab7,514,27,5.252918287937743,2017-02-10 15:36:37,2018-08-21 11:28:41,>100
d2572f31e9023e9850ef986a636ff9bf,1,0,0.0,2017-03-25 12:28:48,2017-03-25 12:28:48,1
d25aa0aaacb370e912f8cf6efeba38b3,17,1,5.88235294117647,2018-03-11 12:49:14,2018-08-14 19:44:00,6-20
d263fa444c1504a75cbca5cc465f592a,1,0,0.0,2018-07-24 09:46:27,2018-07-24 09:46:27,1
d26aa40b90272d4843d63be7c1462c8d,2,0,0.0,2018-07-11 20:15:42,2018-08-01 12:43:05,2-5
d297f1055de2956aedfd3b04113dce3e,1,0,0.0,2018-08-20 22:00:09,2018-08-20 22:00:09,1
d29ba1220fb8634fa3a107e54497b8a4,9,0,0.0,2018-04-15 17:04:07,2018-08-15 21:17:21,6-20
d2df77822373f19934e87694d8640767,2,0,0.0,2018-04-18 19:29:53,2018-04-26 10:46:49,2-5
d2e753bb80b7d4faa77483ed00edc8ca,14,1,7.142857142857142,2017-10-06 16:05:51,2018-05-18 00:35:08,6-20
d2f3e277560ed4c6361284429b00f037,7,0,0.0,2017-07-08 11:34:46,2017-10-08 13:26:33,6-20
d32e3909cfb714fb2a6cb092c85b9c5f,10,2,20.0,2017-08-10 17:08:10,2018-04-25 10:36:34,6-20
d354c38a7182125a748cb10474fe963b,17,1,5.88235294117647,2017-05-02 17:07:34,2018-03-08 19:03:20,6-20
d3674f271c91f824f82d24d92011f669,20,2,10.0,2017-07-07 13:26:33,2018-08-12 20:53:01,6-20
d36b07fd3c5088e477a72d1fccfe29d4,1,0,0.0,2017-05-06 11:20:18,2017-05-06 11:20:18,1
d379f449f2a3b271bc01c0782020f705,28,1,3.571428571428571,2017-01-28 13:23:50,2018-08-22 10:48:54,21-100
d3891911c2feae53c52fea2bd14054e5,2,0,0.0,2018-06-04 19:02:10,2018-06-19 14:14:49,2-5
d3dcf0604eabf0224fbd5948b5e02f69,9,3,33.33333333333333,2018-02-15 08:09:22,2018-07-27 15:54:52,6-20
d3e7d37c0df9aef383f3f2a15b0dddfb,1,0,0.0,2018-07-22 11:50:22,2018-07-22 11:50:22,1
d3f39f05462b79a4562d35893a28f159,33,4,12.121212121212121,2017-08-23 13:10:47,2018-06-17 02:25:02,21-100
d4828feed4cda2cd9d6b37899a95a71e,1,0,0.0,2018-08-07 00:33:24,2018-08-07 00:33:24,1
d4910f1cdcfdabd48d6b316e395d4a23,11,0,0.0,2018-07-30 13:01:12,2018-08-17 17:13:02,6-20
d4a5e99e0dd915df64ba55a7fbd583fd,2,0,0.0,2017-10-26 11:22:23,2017-10-26 22:55:40,2-5
d4d99b60c4c94cd35acd502cec65dc8d,1,0,0.0,2016-10-09 12:13:58,2016-10-09 12:13:58,1
d4e12e7884759a14fa0f5f896c791cae,29,2,6.896551724137931,2017-09-07 15:21:22,2018-07-23 08:06:43,21-100
d4e4b5192cba4e0e66eb12a9d347239d,11,0,0.0,2017-03-14 00:25:55,2017-10-23 12:48:12,6-20
d4f117125b59ce73c3302f88ee40c458,17,0,0.0,2017-12-05 19:02:08,2018-08-12 15:55:36,6-20
d4f91e8be86b38da2ee35bc489645a9d,1,0,0.0,2016-10-08 09:50:08,2016-10-08 09:50:08,1
d4ffeb15b67e81ff9af2b4252d99fb7e,11,0,0.0,2018-04-26 13:43:04,2018-07-27 19:57:12,6-20
d50d79cb34e38265a8649c383dcffd48,70,3,4.285714285714286,2016-10-08 15:02:10,2018-08-10 10:56:10,21-100
d51e0a403fe2e689ece6c73359d96e12,18,2,11.11111111111111,2017-08-21 15:49:41,2018-07-25 11:49:46,6-20
d52cbce9845184537284a23c3bc3da0e,2,0,0.0,2018-02-02 00:54:15,2018-03-02 10:30:09,2-5
d558ebe531605a1285ab2b1bc3256dfb,3,0,0.0,2018-03-16 18:48:02,2018-06-09 18:56:00,2-5
d566c37fa119d5e66c4e9052e83ee4ea,65,0,0.0,2018-03-16 14:11:50,2018-08-26 19:39:08,21-100
d57e18d5f73c7ccb7f7339b61166898d,61,0,0.0,2017-09-10 12:54:36,2018-08-21 13:41:26,21-100
d58d521f3789def2e7a22715e0badd93,2,0,0.0,2017-11-10 10:25:55,2018-03-20 12:08:39,2-5
d594982fd877af63ace38ea1fca27c76,7,0,0.0,2018-06-29 18:11:23,2018-08-21 11:11:03,6-20
d598f929fc44e1e38678e7f47250ec04,1,0,0.0,2018-06-22 10:43:09,2018-06-22 10:43:09,1
d5b9a084373da994a6e37f732169a853,7,1,14.285714285714285,2018-01-20 21:21:28,2018-05-07 22:23:50,6-20
d5ba419e26d246a0719437cf37d9b46d,33,3,9.090909090909092,2017-05-05 18:30:01,2018-08-22 10:44:46,21-100
d5c530f4884a75ae0dba9c148718d278,5,1,20.0,2017-09-15 13:52:28,2017-11-28 14:56:51,2-5
d624126b9206f595fb3fbb6ba03b28a8,23,1,4.3478260869565215,2017-05-14 21:45:11,2018-08-16 19:27:59,21-100
d63c73efd41eb002280e7ec831424edb,2,0,0.0,2017-11-20 11:46:07,2018-05-29 14:21:11,2-5
d63f306de130e0391d38a792541723b8,1,0,0.0,2018-08-20 10:09:33,2018-08-20 10:09:33,1
d650b663c3b5f6fb392b6326366efa9a,57,3,5.263157894736842,2017-12-03 19:47:05,2018-08-13 22:51:49,21-100
d66c11a9572221d92fbb8c4897db5f9b,16,0,0.0,2018-06-23 22:12:28,2018-08-22 18:36:40,6-20
d66c305afaec317ebee552073a674429,38,1,2.631578947368421,2017-01-11 00:13:51,2017-05-19 18:41:40,21-100
d673a59aac7a70d8b01e6902bf090a11,79,6,7.59493670886076,2017-10-31 18:03:11,2018-08-23 00:20:45,21-100
d6ab728cf30867cf3f1a2e216ae2f9b7,12,0,0.0,2018-03-12 09:49:18,2018-08-21 15:43:35,6-20
d6b1ce66b035a475f00c017792ff9769,92,5,5.434782608695652,2018-03-17 14:39:25,2018-08-26 22:50:16,21-100
d6b664fa0667064c6d76394e7848d790,6,0,0.0,2017-05-04 01:04:02,2018-05-16 12:19:35,6-20
d6cd01c59123df02fc226eadbadb5f89,1,0,0.0,2018-01-11 23:07:22,2018-01-11 23:07:22,1
d71d863e5ef30d94e440c11be17dcd8f,23,3,13.043478260869565,2017-10-15 20:06:58,2018-05-02 18:57:37,21-100
d73cbd89533ce8b041a9190241453ac8,3,0,0.0,2017-03-23 12:31:36,2017-07-12 08:58:21,2-5
d7485b33791774c36108f8c69602d48d,10,1,10.0,2018-04-06 12:25:07,2018-07-24 22:56:00,6-20
d7827b2af99326a03b0ed9c7a24db0d3,1,0,0.0,2018-04-12 19:18:18,2018-04-12 19:18:18,1
d79e8478eed9999493990b44955fb22e,5,1,20.0,2018-06-28 09:14:43,2018-08-19 12:33:05,2-5
d7ab82074b5f1dfba46db123df101bff,2,0,0.0,2018-01-03 23:46:30,2018-01-04 12:52:13,2-5
d7b2377bae6ace1b11fc69a11900ac36,3,1,33.33333333333333,2017-08-31 18:00:12,2017-11-29 21:46:31,2-5
d7d517afce974cd491b8d52bb5b5b1fc,1,0,0.0,2018-08-16 02:24:08,2018-08-16 02:24:08,1
d7f1cfc638473be93baedbfd02208016,1,0,0.0,2018-07-19 01:00:07,2018-07-19 01:00:07,1
d85efbc8eff2b7adf524e2820569adc8,1,0,0.0,2018-05-12 22:49:25,2018-05-12 22:49:25,1
d8b8f2cf9ff6ba0389072541cb42498c,1,0,0.0,2018-05-23 10:49:50,2018-05-23 10:49:50,1
d8bf0fc082fd4a77fc2e5679b6c00133,1,0,0.0,2018-07-20 14:50:31,2018-07-20 14:50:31,1
d8c7ba53e7e38711eaef8c2849d6d2e1,22,0,0.0,2018-05-08 23:46:50,2018-08-21 06:58:44,21-100
d8cf3b6a2151949f930d0252b180ec42,6,0,0.0,2018-04-13 10:09:10,2018-06-21 11:12:14,6-20
d8d9567d0bfb0bc7eb845a205ba42657,4,1,25.0,2018-03-28 22:20:31,2018-08-22 08:25:48,2-5
d8dd176509baa37f359644d082bf7f7b,2,2,100.0,2017-11-16 13:02:20,2017-11-25 11:34:38,2-5
d90fe2229fee1a5da999ccd0c06c1667,3,0,0.0,2018-07-22 13:03:37,2018-08-08 19:23:00,2-5
d91fb3b7d041e83b64a00a3edfb37e4f,524,20,3.816793893129771,2017-02-07 23:53:13,2018-08-24 17:59:20,>100
d921b68bf747894be13a97ae52b0f386,77,1,1.2987012987012987,2018-04-17 08:33:54,2018-08-22 10:59:51,21-100
d93844a9c55ba7ce353388bcf849ea56,12,0,0.0,2017-03-15 08:19:58,2018-04-29 09:43:34,6-20
d93919c944be9cff128f6c9cb899eacb,33,5,15.151515151515152,2017-11-29 14:47:08,2018-07-24 14:38:19,21-100
d93b8458c6fe139d85cfa5eadbf55bd2,1,0,0.0,2017-11-19 19:35:01,2017-11-19 19:35:01,1
d9442042130b7fe579d1295f9f4a248f,19,1,5.263157894736842,2017-04-23 00:17:47,2017-09-11 20:01:57,6-20
d94a40fd42351c259927028d163af842,100,3,3.0,2017-07-22 07:12:13,2018-08-08 13:18:36,21-100
d94ba08b99bedd6a5f6c875ecc4a6fac,8,0,0.0,2017-04-12 11:02:29,2017-07-27 10:15:39,6-20
d97df38225e5abadaff1e72cb72b823c,28,4,14.285714285714285,2017-11-03 16:38:02,2018-08-08 17:25:12,21-100
d98eec89afa3380e14463da2aabaea72,168,4,2.380952380952381,2017-01-18 08:01:37,2018-08-27 10:46:53,>100
d9a84e1403de8da0c3aa531d6d108ba6,53,3,5.660377358490567,2018-02-22 15:13:31,2018-08-28 09:18:17,21-100
d9b00a97818674c7f8d8b1ef0e689679,1,0,0.0,2018-08-14 15:26:06,2018-08-14 15:26:06,1
d9bd94811c3338dceb4181f3dbc0c73e,54,3,5.555555555555555,2018-05-01 12:25:50,2018-08-21 15:39:07,21-100
d9c349beabc06aa6ff1c6d68b5e9e22e,1,0,0.0,2018-04-30 16:52:39,2018-04-30 16:52:39,1
d9cb0052a666de5308b32f32ad5f1b1c,3,0,0.0,2018-01-19 00:21:43,2018-05-15 22:07:28,2-5
d9cd369bffa979d1634f8e1318bf2f1b,3,0,0.0,2018-05-13 22:12:59,2018-08-10 11:02:08,2-5
d9d43faf741ceaa8da52fdbb81d9e0e3,4,0,0.0,2018-04-05 11:22:54,2018-08-07 09:46:50,2-5
d9e7e7778b32987280a6f2cb9a39c57d,11,2,18.181818181818183,2018-01-10 14:42:48,2018-06-08 16:40:18,6-20
d9e8c084b68fe958861d8f2c21202e6b,9,0,0.0,2017-10-05 11:57:47,2018-07-20 16:14:47,6-20
da03c298e3999e9d828591fc2179d109,4,0,0.0,2017-12-04 21:12:17,2018-02-28 16:31:10,2-5
da20530872245d6cd9d2f5725613c430,2,0,0.0,2017-10-18 23:22:09,2017-10-26 23:51:35,2-5
da2782c804606d2a5d8e1760dbb3e7ec,1,1,100.0,2017-11-26 00:47:01,2017-11-26 00:47:01,1
da3fede3469bf49b7293ce3fc45b294d,1,0,0.0,2018-03-17 18:07:02,2018-03-17 18:07:02,1
da6a60cc8cc724fe51be021ff8be779c,12,0,0.0,2018-05-21 21:49:53,2018-08-17 00:51:18,6-20
da7039f29f90ce5b4846ffc0fcc93beb,17,1,5.88235294117647,2018-04-20 08:04:26,2018-08-18 09:47:18,6-20
da8622b14eb17ae2831f4ac5b9dab84a,1311,87,6.636155606407322,2017-02-05 21:46:05,2018-08-28 21:56:30,>100
dace965ca58120f92f8d742a9fa1864b,8,0,0.0,2018-03-25 18:37:26,2018-05-19 16:18:30,6-20
daeb5653dd96c1b11860f72209795012,38,3,7.894736842105263,2017-09-07 16:56:45,2018-08-10 15:03:50,21-100
daf565f087a52def0fd5c5825b3661bc,9,0,0.0,2018-06-16 21:14:44,2018-08-22 12:44:03,6-20
db1f0f7c7e5e87f40b62226f020bb297,3,0,0.0,2017-04-03 18:04:29,2017-05-09 10:19:17,2-5
db2956745b3a8e9f3785c99f34b5d25e,45,4,8.88888888888889,2018-04-14 15:12:34,2018-08-10 23:54:45,21-100
db4350fd57ae30082dec7acbaacc17f9,136,5,3.6764705882352944,2017-03-06 19:45:34,2018-08-21 16:53:34,>100
db46ca7bce82b11f7e247539271fc390,16,0,0.0,2017-03-21 10:42:25,2017-07-05 09:08:28,6-20
db6a4d4b5f1f5f98820ce6ce2619e2de,1,0,0.0,2018-01-08 16:50:16,2018-01-08 16:50:16,1
db7ed69a53aa9fb1c01930ba54a88bbe,1,0,0.0,2018-06-22 18:52:53,2018-06-22 18:52:53,1
dbb9b48c841a0e39e21f98e1a6b2ec3e,108,4,3.7037037037037033,2017-01-11 10:24:36,2018-06-26 18:51:12,>100
dbbcfe2c8d026742134ac3e28ccde274,4,0,0.0,2017-07-25 09:07:16,2018-06-06 10:11:30,2-5
dbc22125167c298ef99da25668e1011f,394,10,2.5380710659898478,2017-04-09 13:43:53,2018-08-23 19:09:34,>100
dbc51f5e45d654ecc16cb68e6817ecea,1,0,0.0,2017-02-24 22:28:55,2017-02-24 22:28:55,1
dbd66278cbfe1aa1000f90a217ca4695,85,3,3.5294117647058822,2017-11-25 20:26:00,2018-08-23 00:09:30,21-100
dbdd0ec73a4817971d962698f2fea022,16,1,6.25,2018-04-30 11:04:32,2018-08-19 21:21:03,6-20
dbec9a0a7efeff029d4d9dce7dc4cc95,3,0,0.0,2018-06-15 21:45:12,2018-08-14 18:15:54,2-5
dc120d932ddf9d4dfb6fd68beefda622,1,0,0.0,2018-04-25 09:00:27,2018-04-25 09:00:27,1
dc317f341ab0e22f39acbd9dbf9b4a1f,55,3,5.454545454545454,2017-01-16 14:04:11,2018-07-01 17:40:56,21-100
dc4a0fc896dc34b0d5bfec8438291c80,225,15,6.666666666666667,2017-02-04 21:27:04,2018-08-20 12:55:19,>100
dc50afafdfa325eadc890c7fa42a8f4e,4,0,0.0,2018-06-25 16:10:17,2018-08-11 10:25:29,2-5
dc64d75cc406bb0697be983831430e60,4,0,0.0,2018-05-22 15:15:50,2018-08-16 09:41:52,2-5
dc7192adf8ba09569261f4a8d576afe0,7,0,0.0,2018-07-22 19:49:25,2018-08-22 18:50:34,6-20
dc8798cbf453b7e0f98745e396cc5616,35,2,5.714285714285714,2016-10-05 00:32:31,2017-11-06 21:04:43,21-100
dcb7367a92f5ffb89f1e2152ed260285,1,0,0.0,2018-03-18 16:47:16,2018-03-18 16:47:16,1
dcf3755cefcdc158ad0b7bdde51e871b,3,0,0.0,2018-03-18 14:44:29,2018-08-11 10:48:51,2-5
dd264199fc8b687ad029de7de6d760e6,1,0,0.0,2017-01-19 11:47:55,2017-01-19 11:47:55,1
dd2bdf855a9172734fbc3744021ae9b9,105,6,5.714285714285714,2016-10-05 12:44:09,2018-01-03 10:05:57,>100
dd39ad39b5d3df33037e141c72497ba6,2,0,0.0,2017-05-03 10:35:16,2017-06-10 22:07:50,2-5
dd4d95ba2d15c071e6c695e2ef6ce169,4,2,50.0,2018-07-08 17:12:30,2018-08-12 13:03:21,2-5
dd533b429f380718b70ad9922c294bae,39,4,10.256410256410255,2017-03-31 13:22:29,2017-12-29 11:40:59,21-100
dd5450b022b2d00a2145a66331e1aef6,1,0,0.0,2018-06-29 12:16:28,2018-06-29 12:16:28,1
dd55f1bb788714a40e7954c3be6df745,35,6,17.142857142857142,2017-11-10 09:22:13,2018-07-16 19:20:36,21-100
dd58ee93286b0821565574c570e9e1dc,2,0,0.0,2017-01-30 17:05:18,2017-05-06 15:22:18,2-5
dd7ddc04e1b6c2c614352b383efe2d36,121,15,12.396694214876034,2017-04-26 10:53:06,2018-07-25 15:40:35,>100
dd88d13bea9e4c2bf47daf224f8141e5,1,0,0.0,2018-04-10 23:09:48,2018-04-10 23:09:48,1
dd8a29ce82d5c705ba932d81494600a5,2,0,0.0,2017-05-25 21:25:09,2017-09-01 16:13:42,2-5
dd9661d3cda1e6feb237f0c4d8b26f2e,1,0,0.0,2017-10-12 09:19:59,2017-10-12 09:19:59,1
dda37071807e404c5bb2a1590c66326f,1,0,0.0,2018-04-24 08:37:20,2018-04-24 08:37:20,1
ddd51ae8cda92f3995a51fc0f0f3eec7,8,0,0.0,2017-01-28 18:30:17,2018-01-16 20:24:56,6-20
dde698c6d0bd24834c586e5111c2bba7,1,0,0.0,2018-07-30 02:16:14,2018-07-30 02:16:14,1
de09d00cfc265b8804c7df34075a68fa,3,0,0.0,2017-10-15 10:29:07,2018-05-07 15:48:42,2-5
de0c78824586e9a5f5f04fd84e25df39,14,0,0.0,2018-04-08 10:59:17,2018-08-03 14:39:54,6-20
de23c3b98a88888289c6f5cc1209054a,161,12,7.453416149068323,2017-05-05 14:21:17,2018-08-09 09:45:06,>100
de66a66f2dd06bb9ec37aa96987466a3,7,0,0.0,2016-10-10 11:08:53,2017-02-04 21:38:34,6-20
de722cd6dad950a92b7d4f82673f8833,337,12,3.5608308605341246,2018-01-09 15:59:12,2018-08-23 13:48:07,>100
de9727ca376d1be6ec121b110aa7954c,9,1,11.11111111111111,2018-05-15 14:07:20,2018-08-15 08:52:48,6-20
debe6615cd90cc0c2eac2b8988e1f628,5,0,0.0,2017-01-28 23:09:31,2017-03-20 19:58:27,2-5
dedcab67899479e4ea5dcc4eba47f587,2,0,0.0,2018-06-10 22:28:53,2018-08-17 17:59:38,2-5
dee656f0f566ed1aa85bd137c943f08f,92,4,4.3478260869565215,2017-10-10 19:29:16,2018-08-22 10:16:30,21-100
df0f42bc4c2142eacf0eaf2cffd0cfbb,14,0,0.0,2017-11-19 21:30:09,2018-07-15 01:16:15,6-20
df47da4ae86fa4db890d05aaf24e21d8,5,0,0.0,2018-07-23 17:57:33,2018-08-23 10:47:14,2-5
df560393f3a51e74553ab94004ba5c87,26,2,7.6923076923076925,2016-10-04 14:13:22,2018-03-10 21:24:16,21-100
df56d7b40d437f88407c5f78b63bc328,22,1,4.545454545454546,2017-10-19 10:05:02,2018-03-28 11:26:34,21-100
df683dfda87bf71ac3fc63063fba369d,1,1,100.0,2017-03-13 20:17:10,2017-03-13 20:17:10,1
df91910b6a03bb2e3358fa6a35e32f6f,13,0,0.0,2018-06-24 09:54:00,2018-08-14 21:21:39,6-20
dfa0c4c6229ab200a4a1336b4d7128ff,77,1,1.2987012987012987,2018-05-02 10:23:08,2018-08-23 07:36:13,21-100
dfc475d54e1b6dbeeb7d7d9bdaa63827,18,0,0.0,2018-02-21 14:30:22,2018-08-24 13:04:05,6-20
dfc5fb7259bb2b599ca565e6e9448f0f,33,1,3.0303030303030303,2017-07-27 19:34:53,2018-08-06 22:05:30,21-100
e00d85ce20ea50c1224c66ca5050527d,1,0,0.0,2017-07-13 11:24:43,2017-07-13 11:24:43,1
e0482f2c769468c3bbcd8a01e09d98c5,1,0,0.0,2018-08-10 20:43:30,2018-08-10 20:43:30,1
e0487761face83d64fcada2408959a36,2,0,0.0,2018-08-24 15:05:27,2018-08-27 18:58:15,2-5
e067ad2c1c0b48758eb1b5228bcf7a68,54,4,7.4074074074074066,2017-02-01 12:44:51,2018-08-13 20:25:15,21-100
e06f09ec0a4aca210779cf1cfc63cf19,29,2,6.896551724137931,2017-06-27 23:17:52,2017-12-19 23:35:40,21-100
e0878efa0e0b7e5313ac0b43bc04c081,26,4,15.384615384615385,2017-11-04 19:22:13,2018-03-05 08:58:05,21-100
e09887ca8c7bf8a4621ce481820414ef,2,1,50.0,2017-09-09 08:33:15,2017-11-14 10:04:27,2-5
e0a366315b1b726b6c7832d664c0f530,43,1,2.3255813953488373,2017-06-10 15:22:55,2018-08-16 22:08:23,21-100
e0a3c37054ade6478d923a6efc10f308,2,0,0.0,2018-07-03 20:23:05,2018-07-17 21:05:10,2-5
e0b162a693bc7f9eab00f783a31d60ea,1,0,0.0,2018-05-04 13:13:49,2018-05-04 13:13:49,1
e0eabded302882513ced4ea3eb0c7059,8,0,0.0,2018-04-02 03:54:22,2018-06-03 20:14:44,6-20
e1643dff33666ca629e3644c02738179,3,0,0.0,2018-05-11 00:09:19,2018-05-28 21:16:13,2-5
e1b12447a7563944843191754aeb5562,9,2,22.22222222222222,2017-09-12 13:52:02,2018-01-05 00:47:54,6-20
e1bed63d68ac36fe1f3061befe196af5,1,0,0.0,2017-01-30 18:30:53,2017-01-30 18:30:53,1
e1c76f339ebd5460999f25a2aa8c92c5,1,0,0.0,2018-05-12 17:51:47,2018-05-12 17:51:47,1
e1dc0754bada9ee4cfe9713f22f61292,12,0,0.0,2018-06-13 18:23:39,2018-08-20 14:38:06,6-20
e21a1e8be4715b0fcfd5385643bc49c4,20,0,0.0,2017-05-09 13:20:39,2018-02-22 20:29:58,6-20
e24d3429d294b2eb200b064ebb035879,19,1,5.263157894736842,2018-06-25 09:22:58,2018-08-26 04:53:46,6-20
e24fc9fcd865784fb25705606fe3dfe7,51,4,7.8431372549019605,2016-10-08 10:07:25,2018-03-26 23:31:51,21-100
e250d617a0ad591ba9bd663e584a895d,8,0,0.0,2018-02-26 19:29:46,2018-08-21 10:47:37,6-20
e256a62e0ac58c0edfba09966142d561,12,0,0.0,2018-04-15 18:43:59,2018-07-30 09:37:39,6-20
e26901d5ab434ce92fd9b5c256820a4e,197,3,1.5228426395939088,2017-01-30 15:32:24,2017-09-12 22:47:46,>100
e2a1ac9bf33e5549a2a4f834e70df2f8,5,0,0.0,2017-03-08 18:51:06,2017-07-06 14:51:37,2-5
e2aee0892199b1d92530e371abd825bf,36,5,13.88888888888889,2017-01-12 00:06:12,2018-07-31 20:54:24,21-100
e2c92f9c1c7746d899d18f2e158bbff7,12,0,0.0,2018-04-23 09:49:26,2018-08-07 16:05:28,6-20
e333046ce6517bd8bb510291d44f0130,68,3,4.411764705882353,2017-07-13 09:00:21,2018-08-24 16:27:11,21-100
e38db885400cd35c71dfd162f2c1dbcf,30,3,10.0,2017-08-20 19:32:32,2018-08-15 14:11:19,21-100
e3a386fc36e22064434e1fa256f6a9fa,16,2,12.5,2018-01-23 17:08:56,2018-08-16 06:29:04,6-20
e3b4998c7a498169dc7bce44e6bb6277,1,0,0.0,2017-02-12 20:37:36,2017-02-12 20:37:36,1
e3d3b3efac954a60d61be70b7e05b49b,3,0,0.0,2018-06-06 12:18:34,2018-06-25 01:28:11,2-5
e3dd723429d1b23614b7fa85e2c7a853,7,1,14.285714285714285,2018-03-25 14:10:37,2018-06-08 17:19:34,6-20
e3e290b38963293022cdcd6db8328103,3,0,0.0,2017-11-25 01:04:21,2017-12-03 20:13:13,2-5
e433f5fd4050e3352b5d83522b7fe24b,1,0,0.0,2018-08-23 11:45:59,2018-08-23 11:45:59,1
e439f7176d763f92de325271111b2fd5,6,0,0.0,2018-05-01 16:18:19,2018-08-01 11:11:04,6-20
e45edf75f568ed2f93f78d060e246e25,6,0,0.0,2018-06-06 11:26:30,2018-07-24 20:48:52,6-20
e48b04bf1aa1ef711caebeb7aede6180,25,0,0.0,2017-01-26 18:33:10,2018-07-31 16:16:19,21-100
e48cc16ab70bfa09e1401740dce0b3d7,14,0,0.0,2017-05-27 10:15:14,2018-06-14 10:51:59,6-20
e49c26c3edfa46d227d5121a6b6e4d37,34,0,0.0,2017-02-04 18:51:41,2018-07-25 14:20:31,21-100
e4ebd3f87bf70440014f07ddda7fbe03,7,0,0.0,2017-12-07 21:14:24,2018-03-05 18:13:14,6-20
e4f121bf6ef8b9a1d4d3e65dd0473fab,2,1,50.0,2018-04-01 21:17:46,2018-05-07 08:58:38,2-5
e4fc40017a6d22c46a14ac2e17f87c3e,1,0,0.0,2017-05-30 15:55:30,2017-05-30 15:55:30,1
e503f22be6a4f456d9851920a5d9c670,2,0,0.0,2018-07-30 12:28:26,2018-08-14 15:12:04,2-5
e504a4e2efaa45cbff7e268a2c58c956,10,3,30.0,2018-05-14 17:58:27,2018-08-15 10:11:11,6-20
e51f22821f0c12a16ad5c020cdcd55e9,4,0,0.0,2018-05-29 09:23:00,2018-08-07 15:17:28,2-5
e53d5b9b29d1218281f4a907ada18626,4,0,0.0,2018-07-20 16:50:02,2018-08-20 08:11:26,2-5
e546117ed9cafbc40239c0c78635c584,2,0,0.0,2018-04-23 17:07:27,2018-08-23 19:02:12,2-5
e5475dcab1e07b63d7f6e902d8f5eda8,19,1,5.263157894736842,2017-09-10 11:01:26,2018-08-06 20:27:28,6-20
e5545d4d4473876ea78c5bcebca365c3,1,0,0.0,2018-06-27 11:45:21,2018-06-27 11:45:21,1
e560e4022d8f7aebf155db95946c5c0f,2,0,0.0,2018-06-12 11:26:51,2018-07-11 20:39:58,2-5
e5899683388855d3dabe8913bbe365de,3,0,0.0,2018-07-01 22:28:19,2018-08-22 13:05:05,2-5
e58a5b390e28abc0b216cfb0e07d27d7,7,0,0.0,2018-04-25 19:54:53,2018-08-09 10:30:41,6-20
e595809a6c31ec4314fd06ef198c244d,1,0,0.0,2018-03-12 03:12:59,2018-03-12 03:12:59,1
e59aa562b9f8076dd550fcddf0e73491,69,6,8.695652173913043,2017-09-05 16:19:06,2018-08-20 14:22:51,21-100
e59e489e2ea74bd409b798b5daf49de3,3,0,0.0,2017-09-05 18:29:33,2018-05-01 15:58:00,2-5
e59e575a175fadcadf8479e191770425,1,0,0.0,2018-06-09 11:53:43,2018-06-09 11:53:43,1
e5a3438891c0bfdb9394643f95273d8e,216,34,15.74074074074074,2017-05-19 21:06:12,2018-04-11 10:56:21,>100
e5a38146df062edaf55c38afa99e42dc,120,9,7.5,2016-10-08 13:54:03,2018-08-21 17:33:29,>100
e5bd51692380fd8cabb19b756b95e714,2,2,100.0,2017-12-20 22:59:28,2017-12-23 01:03:28,2-5
e5c84227854980f1db19a58958c551d9,4,0,0.0,2018-07-26 16:14:02,2018-08-15 11:56:10,2-5
e5cbe890e679490127e9a390b46bbd20,2,0,0.0,2018-06-11 22:31:34,2018-08-19 20:04:58,2-5
e5d4b2b0c3bca22085f7a19a28de0c42,4,0,0.0,2017-08-26 13:41:37,2017-11-26 05:27:45,2-5
e5def42655b7490edac5a56fe8e9e603,1,0,0.0,2017-03-28 21:56:39,2017-03-28 21:56:39,1
e5e33c0d8e7e002f398f5dc4cbbb338f,26,2,7.6923076923076925,2017-03-04 17:36:19,2018-08-08 18:04:56,21-100
e5f9e61ceb5f523cc966e0f34095032f,4,1,25.0,2017-07-10 14:25:38,2018-02-28 11:29:07,2-5
e601b04acf48b4576e73ddca9481f0dc,15,0,0.0,2018-04-13 08:56:04,2018-08-27 11:19:47,6-20
e603cf3fec55f8697c9059638d6c8eb5,7,0,0.0,2017-02-07 11:32:53,2017-04-03 17:54:02,6-20
e627629ba868740e287800f1a9be81c2,11,0,0.0,2017-02-03 21:44:34,2017-07-13 13:08:15,6-20
e62b2d6ac10570a035a30bafcf01d263,62,7,11.29032258064516,2017-09-16 20:43:05,2018-08-20 13:42:28,21-100
e63e8bfa530fb16910dd6956e592bb81,41,2,4.878048780487805,2017-08-07 09:14:30,2018-08-28 10:44:03,21-100
e644cbadf7eeb30d0d29f335ce7d52ec,7,0,0.0,2018-07-03 09:10:24,2018-08-21 23:14:33,6-20
e64882b4ef12aee8d0faca4db5b681f4,1,0,0.0,2018-01-12 15:28:49,2018-01-12 15:28:49,1
e64d65bc8dbec2accda90c58de5d1246,12,3,25.0,2017-11-19 13:57:09,2018-03-15 09:38:31,6-20
e64ddbe1cbcf4f2fc3092b7c481f3f9d,1,0,0.0,2018-03-30 12:00:06,2018-03-30 12:00:06,1
e6a69c4a27dfdd98ffe5aa757ad744bc,21,0,0.0,2017-02-01 17:21:33,2018-06-10 18:20:21,21-100
e70053bf73d1b5863932e53a9fa47496,7,0,0.0,2018-02-14 13:38:33,2018-08-04 16:22:05,6-20
e72b4feb7abe210c52aa667abc25a3a2,1,0,0.0,2017-06-17 11:54:02,2017-06-17 11:54:02,1
e732329483fd5f27367dd997b47f598a,1,0,0.0,2017-08-31 15:28:40,2017-08-31 15:28:40,1
e73bf2cea7fe4b0b4d287a7568ed1099,4,0,0.0,2018-07-29 19:40:38,2018-08-26 10:48:04,2-5
e76ecc7e9a1a1e3c6df9d2a8261c423d,1,0,0.0,2017-08-13 10:23:44,2017-08-13 10:23:44,1
e7d5b006eb624f13074497221eb37807,28,2,7.142857142857142,2017-08-12 11:02:56,2018-07-19 13:03:38,21-100
e7df4cd29ab5abab70fb0783ddb53987,23,2,8.695652173913043,2017-02-16 12:58:36,2018-08-19 20:46:26,21-100
e7f3bf1ecd8526eb7f3b18059e6716e5,17,0,0.0,2017-02-28 17:39:47,2017-09-19 00:03:56,6-20
e819bcfade7b5d88a27325eb6cfd62c5,5,1,20.0,2018-07-20 14:35:51,2018-08-20 23:35:44,2-5
e81e1f9c3e762e620f3fb60a51499e16,17,1,5.88235294117647,2017-05-02 11:14:08,2018-04-25 20:10:45,6-20
e82de6494d91d3c4c54450f59b227a94,3,1,33.33333333333333,2017-10-09 01:17:54,2018-03-02 10:22:22,2-5
e83c76265fc54bf41eac728805e4da77,8,1,12.5,2017-02-10 17:43:20,2017-05-08 09:08:43,6-20
e83e93b71371817b11d78a63ff156aee,2,0,0.0,2017-02-07 20:31:37,2017-04-09 15:32:33,2-5
e84ad2127668df3aafc6b73531a0beb8,19,1,5.263157894736842,2017-12-11 15:30:13,2018-08-08 13:37:57,6-20
e88165a185134e13fdfc85d4fa654db8,2,1,50.0,2018-05-16 20:57:48,2018-06-18 09:27:06,2-5
e882b2a25a10b9c057cc49695f222c19,57,0,0.0,2018-01-04 19:07:29,2018-08-18 15:49:58,21-100
e883aa812c37a7413226856f4579fe91,26,1,3.8461538461538463,2018-02-04 20:43:02,2018-08-17 18:20:27,21-100
e88c9b79e592e370d6bd852eeefbf057,8,0,0.0,2017-05-21 19:53:52,2017-07-13 11:44:22,6-20
e88f7a2995ba184710d339c5c4bf2e30,2,0,0.0,2018-03-08 12:54:55,2018-04-26 10:43:55,2-5
e89c4adbe7b1d0819dbb636e16461cf1,24,3,12.5,2018-01-10 13:22:49,2018-08-17 16:12:59,21-100
e8a85b5f3df47be0984c55fd4064dbb4,8,1,12.5,2018-02-11 08:14:07,2018-08-21 08:35:57,6-20
e8b3a3a38279a82f0e5d006d5e5b7d2c,80,3,3.75,2017-10-10 01:06:52,2018-03-05 15:23:25,21-100
e8b4225284fbb02d16f200513f1f395d,30,3,10.0,2018-04-05 20:32:06,2018-08-19 11:55:56,21-100
e8dba4d70f7f2b20e775d09cae01142d,9,1,11.11111111111111,2018-05-29 21:59:03,2018-08-21 12:20:19,6-20
e8f6dc8e6a1dcde89d20e3995c8d90b3,35,3,8.571428571428571,2016-10-04 13:40:43,2017-11-30 02:29:55,21-100
e8ff5a6ceb895583033fc2a0f314e3c2,1,0,0.0,2018-08-26 14:17:08,2018-08-26 14:17:08,1
e908c0f3646e8b60375734a350d95d71,1,0,0.0,2017-04-05 16:12:50,2017-04-05 16:12:50,1
e94b64dc6979b302a5a5be1662c83bb6,2,0,0.0,2018-07-01 12:21:19,2018-07-03 19:34:23,2-5
e9511df20ccd82658a30c37b7fb343af,22,0,0.0,2017-11-23 19:55:23,2018-08-08 14:23:32,21-100
e96498ed8daaa3e9c23f7a62da76591c,34,5,14.705882352941178,2017-10-10 17:26:22,2018-07-19 20:37:53,21-100
e9729944ba65dc3ce425e0c5a22ae7b2,4,1,25.0,2018-05-03 07:32:52,2018-06-09 13:31:20,2-5
e9779976487b77c6d4ac45f75ec7afe9,645,39,6.046511627906977,2017-03-01 09:25:31,2018-08-28 01:57:12,>100
e9874ae10b2d60d43917b6bbfa13a599,1,0,0.0,2018-04-18 20:42:34,2018-04-18 20:42:34,1
e99e927c81e3f51739c94fcdfca9f10f,21,1,4.761904761904762,2017-01-26 22:15:22,2018-03-23 16:00:33,21-100
e9b6c33b71b67737693b4cfa68341c8d,1,0,0.0,2017-08-16 20:08:12,2017-08-16 20:08:12,1
e9bc59e7b60fc3063eb2290deda4cced,209,16,7.655502392344498,2017-03-07 16:07:57,2018-08-16 16:37:43,>100
e9c2dc0dd4ac38448289be644ac94f42,3,0,0.0,2018-07-03 23:37:11,2018-08-21 22:39:47,2-5
e9c6969d40e6a3d2d0f90013165c2b98,10,0,0.0,2017-11-06 08:57:51,2018-06-03 13:31:36,6-20
e9d99831abad74458942f21e16f33f92,130,13,10.0,2017-01-24 17:11:53,2018-08-26 20:58:26,>100
e9e446d01bd10a97a8ffcfc4a3a20cb2,3,0,0.0,2018-06-05 19:53:27,2018-07-08 19:59:16,2-5
ea00f977a203ff88adf7057cb7806998,18,1,5.555555555555555,2018-07-02 21:01:18,2018-08-20 22:53:49,6-20
ea1776927851da2532aa70d6a32c095a,2,0,0.0,2018-07-17 20:51:27,2018-07-20 17:53:08,2-5
ea3ebea5317b0efbc663ecc8ce5e9bc2,3,0,0.0,2018-05-03 08:15:45,2018-05-20 20:16:42,2-5
ea4e9ce63a2134743b4a92777437fcdd,3,0,0.0,2018-04-15 15:23:10,2018-08-21 10:00:51,2-5
ea566164622c6b439516ab18062c42cd,50,9,18.0,2017-11-12 23:19:39,2018-08-19 22:47:43,21-100
ea65d8b58316a6f2362f2a9e4b3e86ad,9,0,0.0,2018-03-01 16:43:57,2018-08-25 12:13:10,6-20
ea67327e24487bdfac5fbfa37ea124df,32,1,3.125,2018-01-07 23:08:30,2018-08-22 16:41:47,21-100
ea6b12bf9ffe2bac34602ec631d97a47,9,0,0.0,2017-02-12 00:20:45,2017-05-30 22:15:57,6-20
ea846a0e7ad98a741783e886d89dfa44,2,0,0.0,2018-08-07 09:30:10,2018-08-17 16:44:32,2-5
ea8482cd71df3c1969d7b9473ff13abc,1132,96,8.480565371024735,2017-08-15 12:54:48,2018-08-24 09:20:03,>100
eaaa46e98c9e61f6764dd1d7a2ab8b3e,1,0,0.0,2018-08-05 14:07:53,2018-08-05 14:07:53,1
ead2bab70821ea148476ae9bc08548ac,9,0,0.0,2017-10-04 16:29:59,2018-08-01 17:19:21,6-20
eae9af4811c294c56795d70e715b7337,1,0,0.0,2017-10-17 01:24:28,2017-10-17 01:24:28,1
eaf6d55068dea77334e8477d3878d89e,3,0,0.0,2018-06-26 11:01:38,2018-07-28 19:53:30,2-5
eb1bf309f4f6af9a97e9ddac3fdbeabe,1,0,0.0,2018-05-24 11:05:40,2018-05-24 11:05:40,1
eb3071b9f0b0ddaa2df5ea130f09f26b,9,1,11.11111111111111,2017-02-15 11:20:36,2018-05-16 10:05:44,6-20
eb4a59a06b3948e851a7d7a830bcbc42,1,0,0.0,2018-02-23 17:55:18,2018-02-23 17:55:18,1
eb4df17aed01d918c65f0f8d650900c0,11,3,27.27272727272727,2017-11-09 12:22:48,2018-08-15 15:01:55,6-20
eb5b6204dde3a6e03b5f1bb8479f055b,19,1,5.263157894736842,2017-12-16 19:22:08,2018-06-11 22:12:41,6-20
eb72802c83dc7547529c9546d1a9b8ef,8,0,0.0,2018-05-07 20:36:52,2018-07-27 10:59:09,6-20
eb9267cccc90f1b49c8d2f9887c7dd97,1,0,0.0,2018-05-06 21:44:22,2018-05-06 21:44:22,1
eb9cd5b35d95206585e2185318cb5c61,2,0,0.0,2018-06-21 12:24:00,2018-07-16 11:01:26,2-5
eba88037e1dca898cd02881f67ced679,6,1,16.666666666666664,2017-04-26 14:18:33,2018-03-10 17:32:15,6-20
ebd1417732defaf66c50b5a800eb293e,1,0,0.0,2017-03-28 09:40:41,2017-03-28 09:40:41,1
ebd2d60905fb58271facef5596b620d3,82,3,3.6585365853658534,2017-02-13 14:48:03,2018-08-17 18:41:50,21-100
ebe3dabc4955c9b0d695e7bda38bf5c3,1,1,100.0,2018-02-20 15:22:53,2018-02-20 15:22:53,1
ebef8d8c92b4fd3226e5d407bbff21ac,3,1,33.33333333333333,2017-01-29 13:42:10,2017-03-13 22:19:52,2-5
ec21206b7894c503788a684a7bc822a6,1,0,0.0,2017-11-14 20:28:14,2017-11-14 20:28:14,1
ec2e006556300a79a5a91e4876ab3a56,2,1,50.0,2018-02-02 14:26:45,2018-08-15 14:02:53,2-5
ec4608a1f76453166bb312b2968aeaf4,17,3,17.647058823529413,2017-02-22 15:57:47,2018-08-14 14:19:51,6-20
ec5c1d94df153d473b37f880977ae58e,2,0,0.0,2018-05-22 14:50:54,2018-06-03 13:21:09,2-5
ec80e49e69745ab6c14f984bf2149423,12,1,8.333333333333332,2018-02-04 22:12:07,2018-08-22 22:17:56,6-20
ec8463980a4e0ea9f8517aea1ed0c419,2,1,50.0,2018-07-16 16:35:30,2018-07-16 22:36:53,2-5
ec8879960bd2221d5c32f8e12f7da711,35,6,17.142857142857142,2017-05-16 22:35:38,2018-04-11 16:50:30,21-100
ec933281fb017b5020d06df29c3f77e8,8,0,0.0,2017-10-16 10:45:42,2018-07-30 21:21:05,6-20
ecccfa2bb93b34a3bf033cc5d1dcdc69,12,2,16.666666666666664,2016-09-15 12:16:38,2016-10-10 11:39:06,6-20
ececbfcff9804a2d6b40f589df8eef2b,97,9,9.278350515463918,2017-06-26 16:05:09,2018-08-15 16:54:26,21-100
ed4311e67debd72b8610a5347a743087,25,1,4.0,2017-12-14 14:07:48,2018-08-28 16:33:22,21-100
ed46f1eb4a638113deb2a1137b5f22e9,4,0,0.0,2018-07-26 16:11:51,2018-08-23 23:05:07,2-5
ed49da7cadefc454d6a67de249eab240,1,0,0.0,2016-10-08 16:02:07,2016-10-08 16:02:07,1
ed4acab38528488b65a9a9c603ff024a,31,0,0.0,2017-03-23 16:39:19,2018-07-27 15:27:42,21-100
ed859002ad59dbf8cf3602696a6c3000,6,0,0.0,2016-10-04 20:41:55,2017-01-23 20:35:00,6-20
ed8cb7b190ceb6067227478e48cf8dde,15,1,6.666666666666667,2018-07-19 15:36:35,2018-08-27 12:39:11,6-20
ed9eef5be0992d413d251fadba1a410d,3,0,0.0,2017-01-26 00:20:23,2017-03-17 10:30:06,2-5
edb1ef5e36e0c8cd84eb3c9b003e486d,165,12,7.2727272727272725,2017-09-28 09:48:29,2018-08-20 19:09:20,>100
edb58a1390adf273840030a3d6253829,1,0,0.0,2018-08-25 11:15:44,2018-08-25 11:15:44,1
edb65fe661681b1c0de8bd47c8655855,1,0,0.0,2017-04-26 12:37:33,2017-04-26 12:37:33,1
edc518ba25576a0188a0e8f2c3af186f,6,0,0.0,2018-06-30 20:06:44,2018-08-20 13:02:40,6-20
edd066cd02126d7800f9b66e980e9931,6,1,16.666666666666664,2017-06-17 11:42:52,2018-06-13 07:25:51,6-20
eddd1991bd6d9309995a480c39b95137,2,0,0.0,2017-11-06 13:59:41,2017-11-06 18:48:57,2-5
ede0c03645598cdfc63ca8237acbe73d,43,14,32.55813953488372,2018-02-21 12:25:12,2018-05-23 21:11:01,21-100
ede2977fbaf3738583170735ca403f6c,1,0,0.0,2018-02-25 17:37:45,2018-02-25 17:37:45,1
edf3fabebcc20f7463cc9c53da932ea8,1,1,100.0,2018-05-22 21:13:21,2018-05-22 21:13:21,1
edf96ef93ed595084bbcbd9224bd2894,25,2,8.0,2017-02-07 23:16:34,2018-08-16 15:32:45,21-100
ee27a8f15b1dded4d213a468ba4eb391,1,0,0.0,2017-05-24 18:14:34,2017-05-24 18:14:34,1
ee2fbacc2fc3794e656cc4d933d59ce7,2,0,0.0,2018-08-07 14:05:50,2018-08-21 21:36:22,2-5
eeb6de78f79159600292e314a77cbd18,82,3,3.6585365853658534,2017-02-18 18:28:46,2018-08-11 08:30:03,21-100
eebb3372362aa9a46975164bed19a7e7,4,2,50.0,2017-03-28 11:33:47,2017-05-09 20:50:26,2-5
eec3469d83e142f9a104886655338c37,4,0,0.0,2017-02-03 16:32:12,2018-08-17 14:22:37,2-5
eed78ac17f7f795a19a709745f00cd4e,22,0,0.0,2017-08-01 18:44:07,2018-07-17 14:25:51,21-100
ef0ace09169ac090589d85746e3e036f,128,10,7.8125,2017-11-14 10:43:54,2018-08-23 21:20:25,>100
ef2fbc2b607d8492bcffe657a4645434,19,2,10.526315789473683,2018-07-02 16:44:40,2018-08-26 11:44:34,6-20
ef30892870c278497523264be1be2241,9,0,0.0,2017-12-05 21:18:13,2018-01-31 18:59:31,6-20
ef506c96320abeedfb894c34db06f478,316,25,7.9113924050632916,2017-01-23 07:03:04,2018-08-21 13:16:24,>100
ef728fa1f17436c91ed1ccd03dcf9631,3,0,0.0,2018-07-23 18:35:14,2018-08-23 12:31:37,2-5
ef990a83bbea832f36ebe81376335aa8,43,9,20.930232558139537,2017-11-27 20:25:14,2018-08-12 18:43:51,21-100
ef9952469137ff190bacafe117f51537,5,0,0.0,2017-03-10 12:46:23,2017-05-30 15:57:13,2-5
efb628aa07c8ca93d7db0d85b91a4f5a,1,1,100.0,2017-11-17 08:47:34,2017-11-17 08:47:34,1
efcd8d2104f1a05d028af7bad20d974b,46,1,2.1739130434782608,2017-04-26 03:54:32,2018-08-22 03:16:24,21-100
efff9341f3f8f5237b44ff67ed36a7bf,5,0,0.0,2018-05-01 22:37:30,2018-08-15 19:42:43,2-5
f00e21b1e91a79653163b7fd8f293ff1,31,1,3.225806451612903,2017-03-25 21:54:29,2017-12-02 18:38:46,21-100
f00f5b35d0abcacbdd863672f4bb2c1a,1,0,0.0,2017-05-27 14:15:33,2017-05-27 14:15:33,1
f021c962aaba8ef6eb527a9c2c8394d1,5,0,0.0,2017-05-17 11:36:51,2017-08-06 17:55:55,2-5
f049a72cf58fd31b11f8919cade515e7,3,0,0.0,2018-07-25 12:03:29,2018-08-06 18:48:35,2-5
f0837c8d71434931d9e38e7b79234797,22,1,4.545454545454546,2017-11-18 12:08:24,2018-08-14 17:27:42,21-100
f08a5b9dd6767129688d001acafc21e5,11,0,0.0,2017-10-07 14:32:01,2018-01-16 09:15:25,6-20
f08c008c8a8d31417763738a1788a2a8,20,3,15.0,2017-10-10 23:58:26,2018-01-09 15:55:38,6-20
f09b760d23495ac9a7e00d29b769007c,1,0,0.0,2016-10-03 16:56:50,2016-10-03 16:56:50,1
f0b47fbbc6dee9aafe415a6e33051b3f,67,7,10.44776119402985,2017-07-25 10:57:26,2018-08-28 19:32:05,21-100
f0e103c63864d5405b958d984b6e94c9,11,0,0.0,2017-04-04 14:13:05,2017-08-26 00:59:30,6-20
f0ec78809fe0bc3edb11c9fe5b97b059,2,0,0.0,2018-06-09 12:47:27,2018-07-18 12:50:16,2-5
f114dca2828bf718548db175ebe2cfcd,1,0,0.0,2018-01-06 01:06:31,2018-01-06 01:06:31,1
f1198c871e0171278b63f40d112caeec,2,0,0.0,2017-08-15 21:33:49,2017-11-10 18:13:05,2-5
f125f3a310c2e5f822d116147de1e474,16,2,12.5,2018-01-15 19:59:47,2018-08-20 16:19:23,6-20
f12d3c2a14729ae461b920c11fe20fdc,9,0,0.0,2018-05-03 20:25:44,2018-07-31 20:56:04,6-20
f12ff17ad8bbf01ec5c33b17e506649b,28,3,10.714285714285714,2018-01-03 12:03:50,2018-05-22 11:20:15,21-100
f18112da765e0971ca5d510dec322bdd,2,0,0.0,2018-01-01 22:11:36,2018-01-02 19:20:35,2-5
f181738b150df1f37cb0bd72e705b193,36,3,8.333333333333332,2017-05-15 19:45:02,2018-08-22 16:51:32,21-100
f19516b9ff26bfeb091b30108db4ddbd,3,0,0.0,2017-09-24 06:37:27,2017-11-14 21:09:04,2-5
f1b854361f4e15d5851b494df66f22b2,3,0,0.0,2018-04-15 17:02:51,2018-07-25 15:35:55,2-5
f1b93673502375d491780bb49d615dbc,8,1,12.5,2018-03-11 19:07:43,2018-08-18 11:57:34,6-20
f1c1ac3f3efc07e659c035008e615e66,3,0,0.0,2017-03-30 12:39:15,2017-09-27 12:56:13,2-5
f1ce5fdecd64935c28b9ff932751d0dc,2,0,0.0,2017-03-25 21:48:06,2017-06-29 17:19:23,2-5
f1ed6bd0a9b11b581f16c851c6a5a527,17,1,5.88235294117647,2017-03-04 21:08:40,2018-05-19 00:41:02,6-20
f1fd5ab1181f827ffad998c1a5de7d74,15,0,0.0,2017-11-16 13:58:07,2018-08-09 06:47:46,6-20
f1fdf2d13186575751aa25876536d85c,1,0,0.0,2018-03-29 21:39:51,2018-03-29 21:39:51,1
f205b1a3ca9a34e0f8a228bae6e4c7b3,8,0,0.0,2018-07-13 12:35:28,2018-08-26 17:28:44,6-20
f214d28e8d8e3ef068748498ccc2f813,52,4,7.6923076923076925,2017-08-13 19:57:41,2018-08-19 13:40:36,21-100
f22a247b79dd22ecd91dc8e3b2a1b07c,8,2,25.0,2018-05-02 15:21:52,2018-08-23 20:21:35,6-20
f2336e113377dd21c744d9c4fc8293a9,4,0,0.0,2017-02-22 17:46:56,2017-09-15 13:18:29,2-5
f235413f677777a0738ff215d0184901,2,0,0.0,2017-01-16 18:36:49,2017-01-23 19:32:40,2-5
f25e239052084705e17a982bc600ab2a,8,0,0.0,2017-03-18 17:56:04,2018-08-15 18:01:23,6-20
f262cbc1c910c83959f849465454ddd3,189,14,7.4074074074074066,2017-11-04 10:25:02,2018-08-27 07:18:36,>100
f266295f49a28eee21f413e0cbb0521d,2,0,0.0,2017-11-08 18:18:31,2017-11-09 15:06:08,2-5
f26d70155c2b6326fcfa1780c8c684e4,1,0,0.0,2017-06-26 16:50:06,2017-06-26 16:50:06,1
f27e33c6d29b5138fa9967bcd445b6d5,93,8,8.60215053763441,2017-07-25 12:31:12,2018-08-25 20:24:40,21-100
f3041c2e75ec683697a6a5ea82192210,1,0,0.0,2017-02-05 20:43:42,2017-02-05 20:43:42,1
f307937c1bb287c3efc2a514b94b0d1d,1,0,0.0,2017-06-03 23:46:04,2017-06-03 23:46:04,1
f326006815956455b2859abd58fe7e39,9,0,0.0,2017-11-07 14:07:03,2018-08-01 13:30:49,6-20
f3295428338a40977a03f555246a70f4,7,1,14.285714285714285,2017-10-23 14:59:46,2018-02-05 23:24:02,6-20
f3511c85f59f8dec53d140501ee8e7a8,1,0,0.0,2017-08-13 20:03:35,2017-08-13 20:03:35,1
f356c348fbc8df6a882823e21f5ce8b7,2,0,0.0,2018-08-17 13:57:35,2018-08-20 12:40:44,2-5
f35b3c613c4f7b2275f4185d0a3c59ec,9,1,11.11111111111111,2018-02-28 07:37:29,2018-06-03 00:27:27,6-20
f35becee938e982bd615edf8ef12bcfb,6,0,0.0,2017-03-09 10:36:58,2017-08-02 18:18:33,6-20
f3862c2188522d89860c38a3ea8b550d,1,0,0.0,2018-05-15 17:41:00,2018-05-15 17:41:00,1
f3975e8a41157005d4bcbb358678cd9b,2,0,0.0,2018-04-02 16:10:57,2018-08-19 14:29:37,2-5
f3b80352b986ab4d1057a4b724be19d0,86,0,0.0,2017-02-17 22:27:53,2018-07-26 19:00:25,21-100
f3c38ab652836d21de61fb8314b69182,15,0,0.0,2018-04-11 13:05:11,2018-08-06 17:54:58,6-20
f3da5b2ff499efb8d4a6d371d175d7dd,77,9,11.688311688311687,2017-11-04 09:24:45,2018-07-10 15:47:15,21-100
f410c8873029fcc3809b9df6d0b28914,2,0,0.0,2018-08-08 18:22:24,2018-08-20 09:32:27,2-5
f419677537694f0462a91990df6ca44f,6,1,16.666666666666664,2017-12-27 08:36:53,2018-03-14 15:47:48,6-20
f41ce2e25237f9092cd8e6e7516c7a2f,26,0,0.0,2016-10-07 14:42:07,2017-12-18 14:55:09,21-100
f435898e493ba0356019a0b1cb8b55b1,10,0,0.0,2017-02-05 02:16:12,2018-05-25 10:23:03,6-20
f43827dd686be3a4a80e00aa299990fb,1,0,0.0,2018-01-25 10:09:48,2018-01-25 10:09:48,1
f44b6f775a2b390380e0e30b5c9d3eee,10,0,0.0,2017-06-30 20:06:54,2018-08-26 13:49:27,6-20
f44bdc12aa39f5271f0b95f66cd4c289,5,1,20.0,2017-11-20 15:39:42,2018-08-07 19:58:03,2-5
f45122a9ab94eb4f3f8953578bc0c560,184,13,7.065217391304348,2017-02-09 22:25:41,2018-08-22 09:39:57,>100
f457c46070d02cadd8a68551231220dd,195,11,5.641025641025641,2017-12-23 17:20:36,2018-06-30 13:24:32,>100
f46490624488d3ff7ce78613913a7711,80,9,11.25,2018-05-23 13:50:08,2018-08-21 16:39:32,21-100
f4a04f7be452aa3bb31760bf00055dd0,18,0,0.0,2017-10-31 21:47:13,2018-08-17 16:02:15,6-20
f4aba7c0bca51484c30ab7bdc34bcdd1,108,6,5.555555555555555,2016-10-10 14:02:01,2017-07-29 15:38:47,>100
f4c4daa86e30c7e5a553a8d518ac03a5,18,1,5.555555555555555,2017-03-21 14:37:07,2017-11-13 21:54:11,6-20
f4ce8ca9fa7157e3b33f536ac9a4487d,4,0,0.0,2018-07-16 08:45:31,2018-08-20 10:58:06,2-5
f4db9b37944bcb8873e6b456ee190bbf,21,2,9.523809523809524,2017-04-08 19:22:41,2018-08-15 10:31:34,21-100
f524ad65d7e0f1daab730ef2d2e86196,1,1,100.0,2018-01-29 22:29:52,2018-01-29 22:29:52,1
f52c2422904463fdd7741f99045fecb6,12,0,0.0,2018-06-15 21:52:01,2018-08-21 18:44:58,6-20
f593898ec748b7a8cb81fc04edafd98a,19,3,15.789473684210526,2017-09-17 16:34:35,2018-02-06 20:34:19,6-20
f5a590cf36251cf1162ea35bef76fe84,113,8,7.079646017699115,2017-03-28 18:48:20,2018-08-18 23:53:24,>100
f5b44895715ddfe3087dc414f30268f3,19,0,0.0,2017-09-18 12:19:09,2018-07-25 20:05:09,6-20
f5b84683a9bf9e1df748cf40f601b39c,1,0,0.0,2016-10-08 22:11:57,2016-10-08 22:11:57,1
f5f1f2c5f923f36ad79ea1d07185ddc9,10,1,10.0,2018-02-22 14:47:02,2018-04-04 18:42:39,6-20
f5f2ab9bdb6b30c14c61be68c5ed37da,18,1,5.555555555555555,2016-10-05 22:53:45,2017-12-04 19:12:17,6-20
f5f46307a4d15880ca14fab4ad9dfc9b,9,1,11.11111111111111,2017-07-12 14:37:58,2017-11-29 21:51:19,6-20
f5fea3ffed6c2e889bab72705557c63a,1,1,100.0,2017-04-18 23:53:54,2017-04-18 23:53:54,1
f6122bc84774df1b372bdb3bb88ddb9f,3,1,33.33333333333333,2017-10-04 09:43:36,2018-03-19 14:01:34,2-5
f615fe7efbef0f4f08fd3086bc7a3e60,22,2,9.090909090909092,2017-07-12 17:40:18,2017-10-09 20:20:21,21-100
f61c63d13f7cd800549d5acdd390ae72,26,2,7.6923076923076925,2017-09-14 10:23:41,2018-08-20 10:19:46,21-100
f626e15b7314c267e4429010866f70e9,5,0,0.0,2018-02-24 09:33:05,2018-07-30 20:48:59,2-5
f62d7bb4a613ec758a03342d46b580b2,32,3,9.375,2018-01-10 18:29:18,2018-08-09 18:02:26,21-100
f63d8f293af3a6454377546bd9dd19ff,17,1,5.88235294117647,2017-05-14 14:59:05,2018-02-13 16:01:40,6-20
f650a9708fa1bab22bdd8d3a818cc415,4,0,0.0,2017-01-25 13:42:49,2017-02-25 19:21:14,2-5
f664f98bfda2eaf266a23ff144e7a872,2,0,0.0,2017-07-18 11:48:20,2017-11-19 20:27:48,2-5
f67efa3f0b6761102a7f8c6b7b571f5d,31,0,0.0,2016-10-04 18:02:37,2018-04-09 10:47:49,21-100
f680f85bee2d253556ac91be391d2c82,45,1,2.2222222222222223,2017-09-30 19:19:56,2018-08-24 21:06:11,21-100
f682e0f848abafc6f41e0d4e868c66ef,2,1,50.0,2017-10-11 12:45:13,2018-05-18 14:37:45,2-5
f7315bb81aea4ddca2d39e249a801c98,2,0,0.0,2018-06-14 12:12:21,2018-08-01 15:15:05,2-5
f7496d659ca9fdaf323c0aae84176632,25,1,4.0,2016-10-08 10:55:44,2018-08-16 11:34:12,21-100
f76a3b1349b6df1ee875d1f3fa4340f0,24,7,29.166666666666668,2018-01-04 17:09:02,2018-08-17 19:14:14,21-100
f7720c4fa8e3aba4546301ab80ea1f1b,59,3,5.084745762711865,2017-03-28 23:13:25,2018-08-17 18:16:56,21-100
f783a638e9c6af4a7d0dbfde811e7a81,5,1,20.0,2018-02-04 03:44:01,2018-04-03 16:17:10,2-5
f789d2c4f2c2eb38fc4373e7a4b35264,44,2,4.545454545454546,2017-04-04 22:29:47,2018-08-22 11:28:14,21-100
f7ba60f8c3f99e7ee4042fdef03b70c4,218,30,13.761467889908257,2017-07-31 16:03:55,2018-08-26 22:37:58,>100
f7c31656c19db6275a8acadca289f426,1,0,0.0,2018-02-15 11:26:40,2018-02-15 11:26:40,1
f7ccf836d21b2fb1de37564105216cc1,69,5,7.246376811594203,2017-12-08 13:53:26,2018-08-19 22:12:22,21-100
f805b96fa705ba7995a221f1749dc141,7,0,0.0,2017-06-28 12:18:17,2018-03-14 16:13:12,6-20
f80edd2c5aaa505cc4b0a3b219abf4b8,116,6,5.172413793103448,2017-04-06 15:51:57,2018-08-27 12:59:16,>100
f8201cab383e484733266d1906e2fdfa,10,1,10.0,2017-06-17 15:21:29,2018-08-11 19:39:37,6-20
f84a00e60c73a49e7e851c9bdca3a5bb,88,9,10.227272727272728,2017-02-20 11:45:39,2018-07-25 11:32:31,21-100
f84fa566034f5e8e880a07ec624c56af,89,9,10.112359550561797,2017-07-21 00:45:06,2018-08-14 16:22:27,21-100
f88adb15807168d3c43d71021090ce4a,3,0,0.0,2018-04-23 22:45:21,2018-08-14 18:06:34,2-5
f8d5c7085db9a4ad2b8c1ffbeb2798c8,6,0,0.0,2017-03-30 11:59:33,2018-02-05 19:51:29,6-20
f8db351d8c4c4c22c6835c19a46f01b0,659,28,4.24886191198786,2017-01-25 22:46:24,2018-08-25 19:56:43,>100
f8e2c1b59cd4225a3e4fd0d013a76b93,2,0,0.0,2017-09-01 10:23:11,2017-12-31 02:09:21,2-5
f8f35af4634605e6693c17cc3ffff5a8,1,0,0.0,2017-11-12 18:04:56,2017-11-12 18:04:56,1
f90f77ef2799a27f80d90c425ca944f7,1,0,0.0,2018-05-15 08:42:18,2018-05-15 08:42:18,1
f918546be4bec7104d117789ba758b2b,20,3,15.0,2017-12-05 09:22:52,2018-06-26 15:07:53,6-20
f9244d45189d3a3605499abddeade7d5,20,0,0.0,2017-02-07 22:29:03,2018-08-18 12:45:56,6-20
f92d8c817434bd2d84d4e9c61322b7fa,5,0,0.0,2018-01-19 14:57:16,2018-07-26 18:24:47,2-5
f97e2b0650c2068227e1d366140eb62f,16,1,6.25,2017-06-14 17:57:21,2018-08-19 09:49:20,6-20
f9903dd0f812c7e771fcad47b6fff231,10,0,0.0,2017-11-15 10:43:50,2018-08-20 14:34:51,6-20
f9bbdd976532d50b7816d285a22bd01e,1,0,0.0,2017-09-14 21:21:35,2017-09-14 21:21:35,1
f9d010e39375d9c91dce3f40b73a2f84,4,1,25.0,2018-02-17 15:54:49,2018-07-23 09:02:12,2-5
f9ec7093df3a7b346b7bcf7864069ca3,9,0,0.0,2018-07-05 06:46:44,2018-08-26 20:08:21,6-20
f9eedec3129e8cc6b6429c42d0808c5b,2,0,0.0,2018-07-24 21:30:17,2018-07-26 00:39:18,2-5
f9f68daa2af419d38f745478bcb3da1a,1,0,0.0,2017-01-27 19:55:05,2017-01-27 19:55:05,1
fa14641f57b655e933124a9ea49cd7a5,7,0,0.0,2017-05-19 18:42:14,2018-02-05 13:55:53,6-20
fa1a9dec3a9940c072684a46728bf1fc,55,0,0.0,2016-10-06 12:22:07,2018-08-22 20:55:15,21-100
fa1c13f2614d7b5c4749cbc52fecda94,578,53,9.16955017301038,2017-01-07 20:45:31,2018-08-29 09:48:09,>100
fa3a0b5aabb344b9a92e3524b0202123,7,1,14.285714285714285,2018-01-26 00:09:45,2018-06-16 21:53:42,6-20
fa40cc5b934574b62717c68f3d678b6d,304,16,5.263157894736842,2016-10-10 00:01:50,2018-05-21 20:30:42,>100
fa5fdc4e4bb6bd1009ad0e4ac4096562,1,0,0.0,2016-10-10 12:39:06,2016-10-10 12:39:06,1
fa74b2f3287d296e9fbd2cc80f2d1cf1,5,2,40.0,2017-07-20 16:59:53,2017-12-20 08:32:26,2-5
fa8d335d68129e464e60c1826a683e96,1,0,0.0,2017-10-20 08:49:05,2017-10-20 08:49:05,1
fac1a9017ade7bdc94058fc1c969f355,9,0,0.0,2018-05-11 15:21:35,2018-08-17 14:01:36,6-20
fac35d150712afb921ec59ac5f39bb11,5,0,0.0,2018-02-24 14:37:03,2018-07-16 13:57:23,2-5
fad44952713764836814be105382aee5,32,0,0.0,2018-01-04 19:21:49,2018-08-14 08:38:20,21-100
fadb07c842a2aef5d5a676b85f220e71,7,0,0.0,2018-06-05 13:24:11,2018-08-27 15:04:59,6-20
fb3cfbc8a86f5d7fbb4d36b8df63f60d,10,0,0.0,2018-06-11 23:08:00,2018-08-18 15:58:52,6-20
fb503a924a0b9db19d83dd0ac6dbef8c,1,0,0.0,2017-05-16 00:48:59,2017-05-16 00:48:59,1
fb8904a8ea99f8831b64ce27db2c1765,2,0,0.0,2017-11-12 14:52:36,2017-11-24 21:39:39,2-5
fb89df7f89fd1b8f03fa2acca1ba7364,22,2,9.090909090909092,2017-10-10 20:21:15,2018-08-18 21:18:15,21-100
fbc14c0cf93505ef89f64665ffa4a7b5,18,1,5.555555555555555,2017-08-17 17:36:22,2018-08-08 21:34:09,6-20
fc0b214b59a83615fea981c6424a02ae,1,0,0.0,2018-08-17 10:15:31,2018-08-17 10:15:31,1
fc38b5dceee1a730fad8853453437fbd,5,0,0.0,2017-04-05 08:23:43,2017-12-15 19:13:52,2-5
fc4751cfe3b279c419615b9b00c1abb4,1,0,0.0,2017-02-16 15:53:00,2017-02-16 15:53:00,1
fc59392d66ef99377e50356ee4f3b4e1,5,0,0.0,2018-05-20 01:15:58,2018-08-12 07:47:57,2-5
fc5a0d7a310a7a41abf86a458585ff2b,1,0,0.0,2017-06-02 16:34:22,2017-06-02 16:34:22,1
fc6295add6f51a0936407ead70c1001d,1,0,0.0,2017-11-06 19:20:14,2017-11-06 19:20:14,1
fc906263ca5083d09dce42fe02247800,112,0,0.0,2017-04-11 12:45:06,2017-12-23 18:17:06,>100
fc908879b9ca1bd65419e54e50432d38,4,0,0.0,2017-12-18 10:29:38,2018-07-25 21:39:51,2-5
fcb5ace8bcc92f75707dc0f01a27d269,59,2,3.389830508474576,2017-11-23 13:18:15,2018-08-09 23:10:26,21-100
fcba71d4d5db057f43249145e4eb1e27,3,0,0.0,2017-10-30 21:45:33,2018-02-26 21:43:45,2-5
fcdd820084f17e9982427971e4e9d47f,16,2,12.5,2018-03-07 15:15:15,2018-08-17 11:15:25,6-20
fce62094ffe6a4009188ec44e681dfdd,4,1,25.0,2017-02-07 18:01:15,2018-03-01 18:07:51,2-5
fcf16b7a8697e559f0123190bb30177d,3,2,66.66666666666666,2018-02-18 18:41:59,2018-08-13 20:33:57,2-5
fd312b6bf05efac6c3772d5b52205d8a,2,0,0.0,2017-03-29 17:44:04,2017-06-26 16:04:07,2-5
fd386aa7bed2af3c7035c65506c9b4a3,69,7,10.144927536231885,2018-02-23 10:29:24,2018-08-28 14:11:30,21-100
fd435faa3c0422b60440ea3480d0e77c,1,0,0.0,2018-08-20 07:36:53,2018-08-20 07:36:53,1
fdaaf5bfda82b7b80535610c831b8d09,10,1,10.0,2017-09-05 22:14:52,2018-05-06 11:40:50,6-20
fdb9095204a334cd8872252ffec6f2db,46,3,6.521739130434782,2017-06-27 23:21:05,2018-05-28 10:55:14,21-100
fde0cc9ea29c8ccfc0a2c22256a58c71,35,1,2.857142857142857,2017-10-11 13:27:29,2018-08-19 19:06:06,21-100
fdf736c18c589ed030e058312203e1b2,1,0,0.0,2018-08-02 12:07:30,2018-08-02 12:07:30,1
fe19dce63ae80346207c6c55713d1023,1,0,0.0,2017-01-31 15:39:27,2017-01-31 15:39:27,1
fe1b067411b8c5066e962aa146ccee03,8,0,0.0,2018-07-24 13:41:59,2018-08-21 09:33:04,6-20
fe1bbc5feda5c8979a8a1b3b2512d5a6,9,1,11.11111111111111,2017-02-03 06:55:52,2017-07-14 17:24:41,6-20
fe2032dab1a61af8794248c8196565c9,293,26,8.873720136518772,2017-03-08 11:54:55,2018-08-21 15:12:32,>100
fe26f3ecb51a15e6d8335cd92da42562,7,1,14.285714285714285,2017-11-17 13:15:59,2018-02-18 21:05:38,6-20
fe49ee029e61e789a1f3a5525f57ba8d,16,1,6.25,2017-11-28 14:09:58,2018-03-19 12:58:21,6-20
fe4cd9461203cee790d36792420b310f,3,0,0.0,2017-03-13 08:11:00,2017-09-06 22:28:42,2-5
fe701d88b67eaca109dffd464d1be9f9,10,1,10.0,2017-11-21 23:13:30,2018-07-24 14:11:22,6-20
fe8055980a4ff7f64ed889c2b5926929,3,0,0.0,2018-06-11 13:46:46,2018-07-25 19:07:16,2-5
fe87f472055fbcf1d7e691c00b1560dc,6,1,16.666666666666664,2018-05-07 13:09:18,2018-08-19 21:44:37,6-20
fe9d9cf8631285d5982c6e2cf27fb114,1,0,0.0,2018-07-19 21:58:43,2018-07-19 21:58:43,1
feb793c88d836c3a75efa4b5a3465d70,1,0,0.0,2018-03-23 19:26:13,2018-03-23 19:26:13,1
febab0275244b9a49a623f0bd613ca2f,106,4,3.7735849056603774,2017-02-15 20:49:15,2018-08-17 20:05:53,>100
fec6275253471ace26d209bbaa64cd0f,9,0,0.0,2018-01-22 11:14:54,2018-07-06 16:38:58,6-20
fec8cd45395b3cb0c2b173d7739706a1,4,0,0.0,2018-01-04 11:11:33,2018-04-25 15:44:24,2-5
fedaedd3ca31d56ab33e92035e4b361c,1,0,0.0,2016-10-06 20:06:26,2016-10-06 20:06:26,1
fedf2c1386e137f296b3bbf3b635e69d,2,0,0.0,2018-02-28 09:08:07,2018-05-23 20:01:45,2-5
ff063b022a9a0aab91bad2c9088760b7,94,3,3.1914893617021276,2017-02-14 06:59:36,2018-08-20 14:39:22,21-100
ff1e15b778c700abdd4d239b81ac466d,7,0,0.0,2018-08-02 12:06:18,2018-08-21 18:42:15,6-20
ff1fb4c404b2efe68b03350a8dc24122,46,6,13.043478260869565,2018-01-20 23:30:17,2018-08-21 06:06:38,21-100
ff314fa6033cc68ec451c47aee2d6ba4,2,0,0.0,2017-01-25 09:09:46,2017-05-19 16:09:06,2-5
ff4e2d38692ce827b1a4f4b8196e680d,11,0,0.0,2017-08-20 16:31:57,2018-07-08 10:36:42,6-20
ff4ea69c2a729e83e63c7579e4ef8170,8,0,0.0,2017-02-28 19:07:02,2017-05-22 18:54:48,6-20
ff69aa92bb6b1bf9b8b7a51c2ed9cf8b,20,4,20.0,2017-12-02 19:55:21,2018-06-18 22:43:08,6-20
ff82e8873fba613f2261a9acc896fd84,4,0,0.0,2017-12-06 12:41:52,2018-02-16 19:30:29,2-5
ffa6adafb71b807dc13159e26431354c,17,0,0.0,2018-03-16 07:38:09,2018-08-13 14:18:44,6-20
ffad1e7127fb622cb64a900751590acd,10,0,0.0,2018-03-13 14:21:08,2018-07-14 17:40:59,6-20
ffc470761de7d0232558ba5e786e57b7,27,1,3.7037037037037033,2018-02-20 18:47:21,2018-08-17 20:31:07,21-100
ffdd9f82b9a447f6f8d4b91554cc7dd3,18,0,0.0,2017-03-05 16:21:27,2018-08-19 14:37:08,6-20
ffeee66ac5d5a62fe688b9d26f83f534,14,2,14.285714285714285,2017-09-30 15:56:56,2018-05-14 08:55:22,6-20
fffd5413c0700ac820c7069d66d98c89,57,7,12.280701754385964,2017-07-24 21:13:55,2018-08-26 19:56:12,21-100
ffff564a4f9085cd26170f4732393726,8,0,0.0,2016-10-07 17:37:49,2017-01-24 12:38:48,6-20
