year,month,uf,city_norm,diesel_common_mean,diesel_s10_mean,diesel_common_n_posts,diesel_s10_n_posts
2017,1,AC,CRUZEIRO DO SUL,4.129,4.2,42.0,26.0
2017,1,AC,RIO BRANCO,3.694,3.78,82.0,78.0
2017,1,AL,ARAPIRACA,3.139,3.246,43.0,60.0
2017,1,AL,DELMIRO GOUVEIA,3.212,3.332,35.0,35.0
2017,1,AL,MACEIO,3.085,3.201,50.0,34.0
2017,1,AL,MARECHAL DEODORO,2.958,3.101,18.0,6.0
2017,1,AL,PALMEIRA DOS INDIOS,3.074,3.241,40.0,30.0
2017,1,AL,RIO LARGO,3.079,3.104,26.0,29.0
2017,1,AL,SANTANA DO IPANEMA,3.061,3.202,25.0,20.0
2017,1,AM,HUMAITA,3.526,3.615,24.0,14.0
2017,1,AM,ITACOATIARA,3.617,3.757,36.0,28.0
2017,1,AM,MANACAPURU,3.214,3.346,28.0,22.0
2017,1,AM,MANAUS,3.225,3.356,86.0,101.0
2017,1,AM,PARINTINS,3.4,3.59,10.0,15.0
2017,1,AM,TEFE,,3.675,,20.0
2017,1,AP,MACAPA,3.687,4.066,51.0,42.0
2017,1,AP,SANTANA,3.621,4.055,20.0,8.0
2017,1,BA,ALAGOINHAS,2.903,3.044,33.0,35.0
2017,1,BA,BARREIRAS,3.151,3.273,55.0,50.0
2017,1,BA,BRUMADO,3.266,3.459,35.0,22.0
2017,1,BA,CAETITE,3.17,3.271,18.0,20.0
2017,1,BA,CAMACARI,3.065,3.147,34.0,34.0
2017,1,BA,CANDEIAS,3.101,3.199,35.0,35.0
2017,1,BA,CONCEICAO DO JACUIPE,2.912,3.016,45.0,45.0
2017,1,BA,EUNAPOLIS,3.193,3.444,23.0,30.0
2017,1,BA,FEIRA DE SANTANA,2.919,3.033,55.0,82.0
2017,1,BA,GUANAMBI,3.112,3.245,45.0,40.0
2017,1,BA,ILHEUS,3.252,3.436,40.0,35.0
2017,1,BA,IPIRA,2.917,3.055,25.0,14.0
2017,1,BA,IRECE,3.044,3.204,35.0,22.0
2017,1,BA,ITABUNA,3.142,3.258,54.0,63.0
2017,1,BA,ITAMARAJU,3.131,3.251,30.0,21.0
2017,1,BA,JACOBINA,2.956,3.104,25.0,20.0
2017,1,BA,JAGUAQUARA,3.037,3.145,35.0,28.0
2017,1,BA,JEQUIE,3.111,3.218,36.0,23.0
2017,1,BA,JUAZEIRO,2.966,3.127,32.0,36.0
2017,1,BA,LAURO DE FREITAS,2.969,3.05,7.0,40.0
2017,1,BA,LIVRAMENTO DE NOSSA SENHORA,3.224,3.334,26.0,18.0
2017,1,BA,PAULO AFONSO,3.125,3.234,26.0,35.0
2017,1,BA,POCOES,3.041,3.206,35.0,15.0
2017,1,BA,PORTO SEGURO,3.471,3.736,20.0,30.0
2017,1,BA,SALVADOR,3.064,3.169,83.0,179.0
2017,1,BA,SANTO ANTONIO DE JESUS,2.985,3.106,35.0,30.0
2017,1,BA,SENHOR DO BONFIM,3.049,3.165,40.0,21.0
2017,1,BA,SERRINHA,2.981,3.05,25.0,9.0
2017,1,BA,SIMOES FILHO,3.05,3.17,32.0,24.0
2017,1,BA,TEIXEIRA DE FREITAS,3.042,3.212,30.0,45.0
2017,1,BA,VALENCA,3.143,3.17,50.0,28.0
2017,1,BA,VITORIA DA CONQUISTA,3.066,3.256,37.0,19.0
2017,1,CE,BEBERIBE,3.202,3.336,5.0,20.0
2017,1,CE,CANINDE,3.295,3.399,30.0,35.0
2017,1,CE,CAUCAIA,,3.327,,102.0
2017,1,CE,CRATEUS,3.225,3.386,32.0,23.0
2017,1,CE,CRATO,3.208,3.316,50.0,26.0
2017,1,CE,FORTALEZA,,3.301,,360.0
2017,1,CE,ICO,3.235,3.357,29.0,25.0
2017,1,CE,IGUATU,3.241,3.369,27.0,30.0
2017,1,CE,IPU,3.262,3.391,30.0,25.0
2017,1,CE,ITAPIPOCA,3.288,3.412,33.0,32.0
2017,1,CE,JUAZEIRO DO NORTE,3.28,3.377,44.0,36.0
2017,1,CE,LIMOEIRO DO NORTE,3.26,3.429,27.0,15.0
2017,1,CE,MARACANAU,,3.297,,41.0
2017,1,CE,MORADA NOVA,3.207,3.346,30.0,10.0
2017,1,CE,QUIXADA,3.244,3.36,27.0,36.0
2017,1,CE,SOBRAL,3.227,3.353,50.0,56.0
2017,1,DF,BRASILIA,3.256,3.468,64.0,105.0
2017,1,ES,ARACRUZ,3.157,3.194,25.0,26.0
2017,1,ES,BARRA DE SAO FRANCISCO,3.115,3.287,20.0,20.0
2017,1,ES,CACHOEIRO DE ITAPEMIRIM,3.148,3.24,46.0,44.0
2017,1,ES,CARIACICA,3.027,3.185,26.0,17.0
2017,1,ES,COLATINA,3.229,3.306,26.0,32.0
2017,1,ES,GUARAPARI,3.169,3.331,36.0,32.0
2017,1,ES,ITAPEMIRIM,3.226,3.29,16.0,12.0
2017,1,ES,LINHARES,3.03,3.091,41.0,44.0
2017,1,ES,SAO MATEUS,3.101,3.237,28.0,20.0
2017,1,ES,SERRA,3.049,3.18,44.0,21.0
2017,1,ES,VILA VELHA,3.04,3.17,26.0,40.0
2017,1,ES,VITORIA,3.067,3.217,22.0,36.0
2017,1,GO,AGUAS LINDAS DE GOIAS,3.124,3.302,18.0,20.0
2017,1,GO,ANAPOLIS,3.099,3.258,57.0,30.0
2017,1,GO,APARECIDA DE GOIANIA,3.035,3.188,44.0,26.0
2017,1,GO,CALDAS NOVAS,3.148,3.346,37.0,23.0
2017,1,GO,CATALAO,3.163,3.358,35.0,30.0
2017,1,GO,FORMOSA,3.119,3.313,35.0,45.0
2017,1,GO,GOIANIA,3.109,3.279,128.0,61.0
2017,1,GO,GOIATUBA,3.13,3.293,44.0,27.0
2017,1,GO,ITUMBIARA,3.088,3.201,73.0,36.0
2017,1,GO,JATAI,3.32,3.513,62.0,54.0
2017,1,GO,LUZIANIA,3.124,3.349,47.0,19.0
2017,1,GO,MINEIROS,3.093,3.318,24.0,14.0
2017,1,GO,MORRINHOS,3.095,3.252,50.0,24.0
2017,1,GO,PORANGATU,3.134,3.25,28.0,20.0
2017,1,GO,RIO VERDE,3.21,3.362,35.0,70.0
2017,1,GO,TRINDADE,3.064,3.25,28.0,4.0
2017,1,GO,VALPARAISO DE GOIAS,3.112,3.281,28.0,16.0
2017,1,MA,ACAILANDIA,3.115,3.214,34.0,37.0
2017,1,MA,BACABAL,3.106,3.165,16.0,16.0
2017,1,MA,BALSAS,3.195,3.284,31.0,35.0
2017,1,MA,BARRA DO CORDA,3.032,3.13,26.0,34.0
2017,1,MA,CAXIAS,3.09,3.192,30.0,35.0
2017,1,MA,CODO,3.21,3.295,25.0,20.0
2017,1,MA,IMPERATRIZ,3.16,3.28,43.0,61.0
2017,1,MA,PINHEIRO,3.156,3.278,25.0,20.0
2017,1,MA,PRESIDENTE DUTRA,3.01,3.094,30.0,25.0
2017,1,MA,SANTA INES,3.17,3.298,18.0,25.0
2017,1,MA,SAO DOMINGOS DO MARANHAO,3.013,3.131,8.0,7.0
2017,1,MA,SAO JOSE DE RIBAMAR,3.03,3.169,24.0,30.0
2017,1,MA,SAO LUIS,3.063,3.168,60.0,108.0
2017,1,MA,TIMON,3.314,3.413,22.0,16.0
2017,1,MG,ALFENAS,3.174,3.286,25.0,22.0
2017,1,MG,ARAGUARI,3.051,3.205,60.0,48.0
2017,1,MG,ARAXA,3.109,3.2,43.0,30.0
2017,1,MG,BARBACENA,3.146,3.226,30.0,30.0
2017,1,MG,BELO HORIZONTE,3.045,3.224,34.0,80.0
2017,1,MG,BETIM,3.057,3.18,36.0,51.0
2017,1,MG,BOM DESPACHO,3.078,3.12,29.0,17.0
2017,1,MG,CAMPO BELO,3.068,3.244,23.0,12.0
2017,1,MG,CARATINGA,3.1,3.188,30.0,15.0
2017,1,MG,CATAGUASES,3.114,3.175,23.0,12.0
2017,1,MG,CONGONHAS,3.125,3.209,25.0,30.0
2017,1,MG,CONSELHEIRO LAFAIETE,3.093,3.106,29.0,11.0
2017,1,MG,CONTAGEM,3.0,3.102,70.0,32.0
2017,1,MG,CORONEL FABRICIANO,3.073,3.188,30.0,20.0
2017,1,MG,CURVELO,3.203,3.238,23.0,30.0
2017,1,MG,DIAMANTINA,3.247,3.324,12.0,16.0
2017,1,MG,DIVINOPOLIS,3.068,3.175,36.0,34.0
2017,1,MG,FORMIGA,3.092,3.239,30.0,7.0
2017,1,MG,FRUTAL,3.173,3.301,36.0,26.0
2017,1,MG,GOVERNADOR VALADARES,3.219,3.355,35.0,48.0
2017,1,MG,GUAXUPE,3.137,3.256,28.0,24.0
2017,1,MG,IPATINGA,3.086,3.163,44.0,32.0
2017,1,MG,ITABIRA,3.109,3.211,31.0,27.0
2017,1,MG,ITAJUBA,3.09,3.247,22.0,25.0
2017,1,MG,ITAUNA,2.969,3.231,25.0,10.0
2017,1,MG,ITUIUTABA,3.074,3.254,47.0,48.0
2017,1,MG,JANAUBA,3.18,3.395,30.0,25.0
2017,1,MG,JANUARIA,3.211,3.299,29.0,23.0
2017,1,MG,JOAO MONLEVADE,3.104,3.168,22.0,33.0
2017,1,MG,JOAO PINHEIRO,3.143,3.266,29.0,24.0
2017,1,MG,JUIZ DE FORA,3.091,3.213,36.0,44.0
2017,1,MG,LAVRAS,3.109,3.234,23.0,33.0
2017,1,MG,LEOPOLDINA,2.993,3.121,24.0,16.0
2017,1,MG,MANHUACU,3.099,3.175,25.0,29.0
2017,1,MG,MONTE CARMELO,3.132,3.269,45.0,32.0
2017,1,MG,MONTES CLAROS,3.085,3.288,65.0,44.0
2017,1,MG,MURIAE,3.124,3.215,30.0,40.0
2017,1,MG,NOVA LIMA,3.286,3.397,7.0,26.0
2017,1,MG,OLIVEIRA,2.921,3.023,44.0,20.0
2017,1,MG,OURO PRETO,3.204,3.296,20.0,16.0
2017,1,MG,PARA DE MINAS,3.279,3.34,34.0,31.0
2017,1,MG,PARACATU,3.258,3.356,15.0,25.0
2017,1,MG,PASSOS,3.113,3.207,30.0,35.0
2017,1,MG,PATOS DE MINAS,3.133,3.24,45.0,35.0
2017,1,MG,PATROCINIO,3.125,3.194,35.0,20.0
2017,1,MG,POCOS DE CALDAS,3.091,3.229,43.0,42.0
2017,1,MG,POUSO ALEGRE,3.106,3.218,39.0,49.0
2017,1,MG,RIBEIRAO DAS NEVES,3.063,3.176,25.0,18.0
2017,1,MG,SABARA,3.074,3.095,18.0,20.0
2017,1,MG,SANTA LUZIA,3.195,3.164,23.0,17.0
2017,1,MG,SAO JOAO DEL REI,3.173,3.264,15.0,20.0
2017,1,MG,SAO LOURENCO,3.168,3.276,24.0,15.0
2017,1,MG,SAO SEBASTIAO DO PARAISO,3.188,3.305,35.0,22.0
2017,1,MG,SETE LAGOAS,2.962,3.166,79.0,54.0
2017,1,MG,TEOFILO OTONI,3.092,3.143,51.0,45.0
2017,1,MG,TIMOTEO,3.023,3.175,30.0,10.0
2017,1,MG,TRES CORACOES,3.189,3.405,20.0,16.0
2017,1,MG,UBA,3.122,3.198,19.0,24.0
2017,1,MG,UBERABA,3.065,3.264,64.0,65.0
2017,1,MG,UBERLANDIA,3.031,3.292,68.0,32.0
2017,1,MG,UNAI,3.211,3.359,45.0,40.0
2017,1,MG,VARGINHA,3.177,3.271,30.0,40.0
2017,1,MG,VESPASIANO,3.068,3.21,19.0,21.0
2017,1,MG,VICOSA,3.323,3.394,5.0,20.0
2017,1,MS,CAMPO GRANDE,3.345,3.514,90.0,117.0
2017,1,MS,CORUMBA,3.513,3.666,35.0,20.0
2017,1,MS,COXIM,3.371,3.481,30.0,30.0
2017,1,MS,DOURADOS,3.413,3.584,31.0,42.0
2017,1,MS,NOVA ANDRADINA,3.404,3.466,25.0,26.0
2017,1,MS,PARANAIBA,3.479,3.577,30.0,27.0
2017,1,MS,PONTA PORA,3.322,3.487,10.0,20.0
2017,1,MS,TRES LAGOAS,3.516,3.624,50.0,55.0
2017,1,MT,ALTA FLORESTA,3.719,3.898,50.0,44.0
2017,1,MT,CACERES,3.339,3.463,33.0,38.0
2017,1,MT,CUIABA,3.357,3.478,98.0,158.0
2017,1,MT,RONDONOPOLIS,3.329,3.445,114.0,93.0
2017,1,MT,SINOP,3.419,3.551,45.0,60.0
2017,1,MT,SORRISO,3.573,3.697,28.0,50.0
2017,1,MT,VARZEA GRANDE,3.238,3.43,55.0,44.0
2017,1,PA,ABAETETUBA,3.408,3.464,15.0,15.0
2017,1,PA,ALENQUER,3.633,3.85,24.0,4.0
2017,1,PA,ALTAMIRA,3.539,3.844,25.0,25.0
2017,1,PA,ANANINDEUA,,3.362,,40.0
2017,1,PA,BELEM,,3.428,,54.0
2017,1,PA,BRAGANCA,,3.243,,25.0
2017,1,PA,CAMETA,3.4,3.45,12.0,4.0
2017,1,PA,CASTANHAL,3.209,3.318,30.0,30.0
2017,1,PA,CONCEICAO DO ARAGUAIA,3.541,3.648,24.0,20.0
2017,1,PA,ITAITUBA,3.326,3.474,30.0,35.0
2017,1,PA,MARABA,3.402,3.476,48.0,46.0
2017,1,PA,PARAGOMINAS,3.32,3.425,20.0,20.0
2017,1,PA,PARAUAPEBAS,3.549,3.604,28.0,45.0
2017,1,PA,REDENCAO,3.475,3.565,16.0,16.0
2017,1,PA,SANTANA DO ARAGUAIA,3.617,3.727,25.0,15.0
2017,1,PA,SANTAREM,3.364,3.45,55.0,42.0
2017,1,PA,XINGUARA,3.422,3.507,35.0,20.0
2017,1,PB,BAYEUX,3.011,3.072,22.0,26.0
2017,1,PB,CABEDELO,3.024,3.192,27.0,17.0
2017,1,PB,CAMPINA GRANDE,3.018,3.103,46.0,59.0
2017,1,PB,JOAO PESSOA,2.95,3.07,30.0,29.0
2017,1,PB,PATOS,3.016,3.128,30.0,20.0
2017,1,PB,SANTA RITA,3.022,3.122,20.0,20.0
2017,1,PB,SOUSA,3.159,3.254,20.0,25.0
2017,1,PE,ABREU E LIMA,,2.948,,29.0
2017,1,PE,ARARIPINA,3.119,3.15,40.0,40.0
2017,1,PE,ARCOVERDE,3.055,3.116,21.0,39.0
2017,1,PE,BELO JARDIM,2.975,3.001,22.0,35.0
2017,1,PE,CABO DE SANTO AGOSTINHO,,3.028,,24.0
2017,1,PE,CAMARAGIBE,,3.05,,28.0
2017,1,PE,CARUARU,3.117,3.029,3.0,80.0
2017,1,PE,GARANHUNS,2.911,2.987,31.0,60.0
2017,1,PE,GOIANA,2.914,2.986,15.0,20.0
2017,1,PE,GRAVATA,,3.02,,28.0
2017,1,PE,IGARASSU,,2.955,,36.0
2017,1,PE,JABOATAO DOS GUARARAPES,,3.009,,55.0
2017,1,PE,LAJEDO,2.953,3.007,20.0,16.0
2017,1,PE,OLINDA,,3.045,,40.0
2017,1,PE,PAULISTA,,2.995,,42.0
2017,1,PE,PETROLINA,3.159,3.223,40.0,32.0
2017,1,PE,RECIFE,,3.061,,96.0
2017,1,PE,SALGUEIRO,3.0,3.084,22.0,30.0
2017,1,PE,SANTA CRUZ DO CAPIBARIBE,2.94,3.056,4.0,35.0
2017,1,PE,SERRA TALHADA,3.044,3.109,16.0,30.0
2017,1,PE,SERTANIA,3.04,3.134,5.0,20.0
2017,1,PE,VITORIA DE SANTO ANTAO,2.954,2.998,34.0,40.0
2017,1,PI,CAMPO MAIOR,3.152,3.225,35.0,25.0
2017,1,PI,PARNAIBA,3.208,3.332,29.0,42.0
2017,1,PI,PICOS,3.139,3.205,37.0,32.0
2017,1,PI,PIRIPIRI,3.176,3.277,25.0,20.0
2017,1,PI,TERESINA,3.199,3.35,50.0,130.0
2017,1,PR,APUCARANA,2.968,3.096,51.0,44.0
2017,1,PR,ARAPONGAS,2.946,3.066,35.0,17.0
2017,1,PR,ARAUCARIA,2.874,2.968,35.0,26.0
2017,1,PR,ASSIS CHATEAUBRIAND,2.975,3.081,39.0,27.0
2017,1,PR,CAMBE,2.997,3.158,44.0,23.0
2017,1,PR,CAMPO LARGO,2.932,3.025,23.0,18.0
2017,1,PR,CAMPO MOURAO,2.928,3.026,55.0,46.0
2017,1,PR,CASCAVEL,3.001,3.151,32.0,54.0
2017,1,PR,CASTRO,3.017,3.123,23.0,26.0
2017,1,PR,CIANORTE,2.995,3.12,50.0,26.0
2017,1,PR,COLOMBO,2.886,3.015,70.0,53.0
2017,1,PR,CORNELIO PROCOPIO,2.993,3.064,25.0,22.0
2017,1,PR,CURITIBA,2.839,2.962,57.0,118.0
2017,1,PR,FOZ DO IGUACU,3.058,3.148,26.0,63.0
2017,1,PR,FRANCISCO BELTRAO,2.948,3.067,30.0,30.0
2017,1,PR,GUARAPUAVA,2.978,3.054,40.0,70.0
2017,1,PR,LARANJEIRAS DO SUL,3.046,3.126,26.0,25.0
2017,1,PR,LONDRINA,3.014,3.063,49.0,75.0
2017,1,PR,MARECHAL CANDIDO RONDON,3.006,3.064,30.0,16.0
2017,1,PR,MARINGA,2.931,3.087,35.0,70.0
2017,1,PR,PARANAGUA,2.905,3.047,39.0,37.0
2017,1,PR,PARANAVAI,2.999,3.065,29.0,34.0
2017,1,PR,PATO BRANCO,2.936,3.069,13.0,30.0
2017,1,PR,PINHAIS,2.921,3.111,34.0,35.0
2017,1,PR,PONTA GROSSA,2.926,3.016,45.0,55.0
2017,1,PR,SANTO ANTONIO DA PLATINA,2.872,2.972,27.0,29.0
2017,1,PR,SAO JOSE DOS PINHAIS,2.88,3.003,53.0,58.0
2017,1,PR,TOLEDO,3.042,3.119,50.0,30.0
2017,1,PR,UMUARAMA,2.937,3.052,29.0,50.0
2017,1,PR,UNIAO DA VITORIA,2.979,3.097,36.0,33.0
2017,1,RJ,ANGRA DOS REIS,3.511,3.573,15.0,25.0
2017,1,RJ,ARARUAMA,3.21,3.262,17.0,32.0
2017,1,RJ,BARRA DO PIRAI,3.241,3.361,25.0,30.0
2017,1,RJ,BARRA MANSA,3.15,3.426,44.0,30.0
2017,1,RJ,BELFORD ROXO,3.144,3.29,22.0,24.0
2017,1,RJ,CABO FRIO,3.291,3.395,11.0,31.0
2017,1,RJ,CAMPOS DOS GOYTACAZES,3.109,3.269,63.0,64.0
2017,1,RJ,DUQUE DE CAXIAS,3.156,3.327,60.0,60.0
2017,1,RJ,ITABORAI,3.128,3.256,35.0,30.0
2017,1,RJ,ITAGUAI,3.141,3.23,20.0,26.0
2017,1,RJ,ITAPERUNA,3.228,3.333,25.0,30.0
2017,1,RJ,MACAE,3.308,3.429,30.0,48.0
2017,1,RJ,MAGE,3.106,3.21,18.0,30.0
2017,1,RJ,MANGARATIBA,3.212,3.324,16.0,16.0
2017,1,RJ,MARICA,3.239,3.388,29.0,39.0
2017,1,RJ,NILOPOLIS,3.112,3.254,8.0,11.0
2017,1,RJ,NITEROI,3.204,3.375,24.0,74.0
2017,1,RJ,NOVA FRIBURGO,3.256,3.362,27.0,36.0
2017,1,RJ,NOVA IGUACU,3.151,3.338,43.0,44.0
2017,1,RJ,PARATY,3.478,3.646,10.0,35.0
2017,1,RJ,PETROPOLIS,3.192,3.301,45.0,47.0
2017,1,RJ,RESENDE,3.067,3.359,15.0,45.0
2017,1,RJ,RIO BONITO,3.197,3.356,25.0,27.0
2017,1,RJ,RIO DE JANEIRO,3.148,3.402,84.0,182.0
2017,1,RJ,SANTO ANTONIO DE PADUA,3.051,3.149,25.0,20.0
2017,1,RJ,SAO FRANCISCO DE ITABAPOANA,3.159,3.306,28.0,14.0
2017,1,RJ,SAO GONCALO,3.179,3.318,54.0,47.0
2017,1,RJ,SAO JOAO DE MERITI,3.143,3.345,33.0,22.0
2017,1,RJ,SAPUCAIA,2.989,3.077,50.0,30.0
2017,1,RJ,SAQUAREMA,3.228,3.385,20.0,25.0
2017,1,RJ,TERESOPOLIS,3.158,3.239,26.0,46.0
2017,1,RJ,TRES RIOS,3.091,3.292,24.0,39.0
2017,1,RJ,VALENCA,3.301,3.41,34.0,40.0
2017,1,RJ,VASSOURAS,3.107,3.337,16.0,24.0
2017,1,RJ,VOLTA REDONDA,3.267,3.504,23.0,12.0
2017,1,RN,CAICO,3.188,3.292,27.0,28.0
2017,1,RN,MOSSORO,3.202,3.378,85.0,67.0
2017,1,RN,NATAL,3.147,3.338,54.0,83.0
2017,1,RN,PARNAMIRIM,3.187,3.305,46.0,47.0
2017,1,RN,SAO JOSE DE MIPIBU,3.094,3.258,35.0,32.0
2017,1,RO,ARIQUEMES,3.444,3.545,36.0,36.0
2017,1,RO,CACOAL,3.403,3.509,40.0,34.0
2017,1,RO,GUAJARA MIRIM,3.463,3.515,15.0,10.0
2017,1,RO,JI PARANA,3.358,3.484,56.0,40.0
2017,1,RO,PIMENTA BUENO,3.511,3.608,30.0,30.0
2017,1,RO,PORTO VELHO,3.338,3.442,72.0,57.0
2017,1,RO,VILHENA,3.39,3.483,47.0,45.0
2017,1,RR,BOA VISTA,3.38,3.46,33.0,40.0
2017,1,RS,ALEGRETE,3.186,3.283,26.0,22.0
2017,1,RS,ALVORADA,2.994,3.106,15.0,15.0
2017,1,RS,BAGE,3.281,3.451,21.0,39.0
2017,1,RS,BENTO GONCALVES,3.024,3.188,17.0,40.0
2017,1,RS,CACAPAVA DO SUL,3.138,3.278,20.0,30.0
2017,1,RS,CACHOEIRA DO SUL,3.164,3.343,31.0,27.0
2017,1,RS,CACHOEIRINHA,2.861,3.009,41.0,33.0
2017,1,RS,CANOAS,2.845,3.083,38.0,29.0
2017,1,RS,CAXIAS DO SUL,3.043,3.241,17.0,50.0
2017,1,RS,CRUZ ALTA,3.017,3.157,35.0,15.0
2017,1,RS,ERECHIM,3.075,3.249,35.0,50.0
2017,1,RS,ESTEIO,2.864,3.072,27.0,28.0
2017,1,RS,GRAMADO,3.128,3.288,14.0,18.0
2017,1,RS,GRAVATAI,2.875,3.032,48.0,33.0
2017,1,RS,GUAIBA,2.895,3.085,32.0,32.0
2017,1,RS,IJUI,2.965,3.167,38.0,30.0
2017,1,RS,LAJEADO,2.981,3.154,15.0,27.0
2017,1,RS,NOVO HAMBURGO,2.839,3.039,42.0,59.0
2017,1,RS,OSORIO,2.939,3.117,24.0,30.0
2017,1,RS,PALMEIRA DAS MISSOES,3.029,3.181,24.0,29.0
2017,1,RS,PASSO FUNDO,3.098,3.296,36.0,55.0
2017,1,RS,PELOTAS,3.169,3.321,47.0,50.0
2017,1,RS,PORTO ALEGRE,2.898,3.136,26.0,51.0
2017,1,RS,RIO GRANDE,3.213,3.322,43.0,38.0
2017,1,RS,SANTA CRUZ DO SUL,3.059,3.166,34.0,41.0
2017,1,RS,SANTA MARIA,3.102,3.211,37.0,36.0
2017,1,RS,SANTA ROSA,3.178,3.372,30.0,32.0
2017,1,RS,SANTANA DO LIVRAMENTO,3.216,3.392,33.0,27.0
2017,1,RS,SANTO ANGELO,3.065,3.247,26.0,26.0
2017,1,RS,SAO BORJA,3.135,3.316,30.0,30.0
2017,1,RS,SAO GABRIEL,3.161,3.315,25.0,23.0
2017,1,RS,SAO LEOPOLDO,2.826,2.996,30.0,35.0
2017,1,RS,SAO LUIZ GONZAGA,3.021,3.193,25.0,20.0
2017,1,RS,SAPIRANGA,2.896,3.132,22.0,35.0
2017,1,RS,SAPUCAIA DO SUL,2.813,3.035,36.0,30.0
2017,1,RS,TORRES,3.025,3.168,21.0,24.0
2017,1,RS,TRAMANDAI,2.913,3.141,19.0,25.0
2017,1,RS,URUGUAIANA,3.142,3.247,21.0,35.0
2017,1,RS,VACARIA,3.013,3.151,30.0,44.0
2017,1,RS,VIAMAO,2.975,3.111,11.0,16.0
2017,1,SC,ARARANGUA,2.918,3.112,30.0,22.0
2017,1,SC,BALNEARIO CAMBORIU,,3.193,,33.0
2017,1,SC,BIGUACU,2.883,3.071,25.0,35.0
2017,1,SC,BLUMENAU,3.034,3.138,46.0,61.0
2017,1,SC,BRUSQUE,3.079,3.163,22.0,36.0
2017,1,SC,CACADOR,3.072,3.209,25.0,27.0
2017,1,SC,CHAPECO,3.099,3.241,25.0,32.0
2017,1,SC,CONCORDIA,3.05,3.21,24.0,21.0
2017,1,SC,CRICIUMA,2.944,3.12,38.0,53.0
2017,1,SC,FLORIANOPOLIS,3.27,3.303,32.0,70.0
2017,1,SC,ITAJAI,2.944,3.11,17.0,32.0
2017,1,SC,JARAGUA DO SUL,3.038,3.182,36.0,45.0
2017,1,SC,JOINVILLE,3.017,3.114,36.0,67.0
2017,1,SC,LAGES,3.061,3.206,16.0,28.0
2017,1,SC,LAGUNA,2.979,3.081,30.0,24.0
2017,1,SC,MAFRA,3.062,3.197,20.0,30.0
2017,1,SC,PALHOCA,3.035,3.169,52.0,65.0
2017,1,SC,SAO JOSE,3.049,3.207,22.0,47.0
2017,1,SC,SAO MIGUEL DO OESTE,3.106,3.132,15.0,15.0
2017,1,SC,TUBARAO,2.864,3.02,19.0,31.0
2017,1,SC,VIDEIRA,3.042,3.121,25.0,32.0
2017,1,SC,XANXERE,3.089,3.213,16.0,16.0
2017,1,SE,ARACAJU,3.113,3.34,7.0,56.0
2017,1,SE,ITABAIANA,3.047,3.137,40.0,40.0
2017,1,SE,LAGARTO,2.954,3.078,25.0,25.0
2017,1,SE,NOSSA SENHORA DO SOCORRO,3.044,3.164,35.0,35.0
2017,1,SP,ADAMANTINA,2.971,3.117,25.0,30.0
2017,1,SP,AMERICANA,2.939,3.119,18.0,43.0
2017,1,SP,AMPARO,3.042,3.147,55.0,37.0
2017,1,SP,ARACATUBA,3.061,3.215,58.0,83.0
2017,1,SP,ARARAQUARA,3.01,3.188,49.0,56.0
2017,1,SP,ARARAS,2.959,3.08,46.0,35.0
2017,1,SP,ASSIS,3.133,3.167,48.0,64.0
2017,1,SP,ATIBAIA,3.033,3.18,45.0,70.0
2017,1,SP,AVARE,3.166,3.216,45.0,45.0
2017,1,SP,BARRETOS,3.072,3.196,47.0,42.0
2017,1,SP,BARUERI,3.041,3.287,30.0,74.0
2017,1,SP,BAURU,2.954,3.114,62.0,65.0
2017,1,SP,BEBEDOURO,3.048,3.13,33.0,40.0
2017,1,SP,BIRIGUI,3.052,3.219,32.0,40.0
2017,1,SP,BOTUCATU,3.084,3.195,35.0,30.0
2017,1,SP,BRAGANCA PAULISTA,2.926,3.02,31.0,44.0
2017,1,SP,CACAPAVA,2.915,3.056,34.0,34.0
2017,1,SP,CAMPINAS,3.007,3.134,103.0,134.0
2017,1,SP,CAMPOS DO JORDAO,3.174,3.069,10.0,15.0
2017,1,SP,CAPAO BONITO,3.011,3.128,30.0,28.0
2017,1,SP,CARAGUATATUBA,3.167,3.305,29.0,33.0
2017,1,SP,CARAPICUIBA,3.023,3.124,14.0,33.0
2017,1,SP,CATANDUVA,3.066,3.168,25.0,35.0
2017,1,SP,COSMOPOLIS,3.015,3.17,20.0,10.0
2017,1,SP,COTIA,2.971,3.119,33.0,51.0
2017,1,SP,CRUZEIRO,3.048,3.099,22.0,20.0
2017,1,SP,CUBATAO,3.083,3.366,15.0,25.0
2017,1,SP,DIADEMA,2.979,3.125,26.0,51.0
2017,1,SP,DRACENA,3.103,3.228,28.0,28.0
2017,1,SP,EMBU DAS ARTES,3.015,3.121,55.0,40.0
2017,1,SP,FRANCA,2.968,3.084,86.0,77.0
2017,1,SP,GARCA,3.084,3.204,22.0,11.0
2017,1,SP,GUARATINGUETA,3.052,3.181,20.0,26.0
2017,1,SP,GUARUJA,3.141,3.277,13.0,43.0
2017,1,SP,GUARULHOS,3.006,3.16,59.0,84.0
2017,1,SP,HORTOLANDIA,2.875,3.073,44.0,34.0
2017,1,SP,IBITINGA,3.01,3.171,25.0,35.0
2017,1,SP,INDAIATUBA,3.088,3.181,31.0,59.0
2017,1,SP,ITANHAEM,3.062,3.27,16.0,16.0
2017,1,SP,ITAPECERICA DA SERRA,2.999,3.151,45.0,25.0
2017,1,SP,ITAPETININGA,2.99,3.106,55.0,53.0
2017,1,SP,ITAPEVA,3.025,3.123,38.0,42.0
2017,1,SP,ITAPEVI,3.139,3.1,16.0,16.0
2017,1,SP,ITAPIRA,2.951,3.076,44.0,38.0
2017,1,SP,ITAPOLIS,2.996,3.097,32.0,26.0
2017,1,SP,ITAQUAQUECETUBA,2.986,3.135,21.0,36.0
2017,1,SP,ITATIBA,2.945,3.118,44.0,55.0
2017,1,SP,ITU,2.953,3.109,35.0,60.0
2017,1,SP,JABOTICABAL,3.021,3.158,33.0,44.0
2017,1,SP,JACAREI,2.914,3.016,50.0,55.0
2017,1,SP,JALES,2.972,3.081,37.0,34.0
2017,1,SP,JANDIRA,3.005,3.086,10.0,15.0
2017,1,SP,JAU,3.028,3.153,26.0,37.0
2017,1,SP,JOSE BONIFACIO,2.889,3.024,48.0,43.0
2017,1,SP,JUNDIAI,3.059,3.246,43.0,79.0
2017,1,SP,LEME,2.987,3.102,49.0,46.0
2017,1,SP,LIMEIRA,2.957,3.09,73.0,90.0
2017,1,SP,LINS,3.092,3.153,44.0,28.0
2017,1,SP,LORENA,2.916,3.069,21.0,24.0
2017,1,SP,MARILIA,3.033,3.239,28.0,29.0
2017,1,SP,MATAO,3.049,3.146,42.0,36.0
2017,1,SP,MAUA,3.028,3.162,32.0,45.0
2017,1,SP,MIRASSOL,2.989,3.098,33.0,29.0
2017,1,SP,MOCOCA,2.898,2.994,50.0,29.0
2017,1,SP,MOGI DAS CRUZES,2.98,3.102,50.0,68.0
2017,1,SP,MOGI GUACU,3.031,3.154,47.0,50.0
2017,1,SP,MOGI MIRIM,2.956,3.087,35.0,41.0
2017,1,SP,MONTE ALTO,3.289,3.372,24.0,32.0
2017,1,SP,OLIMPIA,2.982,3.131,35.0,26.0
2017,1,SP,OSASCO,3.059,3.196,59.0,44.0
2017,1,SP,OURINHOS,3.071,3.168,46.0,55.0
2017,1,SP,PARAGUACU PAULISTA,3.029,3.187,40.0,26.0
2017,1,SP,PAULINIA,2.989,3.123,52.0,60.0
2017,1,SP,PINDAMONHANGABA,3.014,3.015,18.0,30.0
2017,1,SP,PIRACICABA,2.986,3.132,70.0,68.0
2017,1,SP,PIRASSUNUNGA,2.987,3.077,38.0,34.0
2017,1,SP,POA,3.081,3.158,11.0,21.0
2017,1,SP,PORTO FERREIRA,2.947,3.09,30.0,20.0
2017,1,SP,PRAIA GRANDE,3.077,3.189,20.0,40.0
2017,1,SP,PRESIDENTE PRUDENTE,3.088,3.244,57.0,55.0
2017,1,SP,PRESIDENTE VENCESLAU,3.085,3.254,40.0,32.0
2017,1,SP,RIBEIRAO PIRES,3.057,3.223,31.0,14.0
2017,1,SP,RIBEIRAO PRETO,2.969,3.12,38.0,83.0
2017,1,SP,RIO CLARO,2.958,3.108,46.0,54.0
2017,1,SP,SALTO,2.992,3.103,22.0,28.0
2017,1,SP,SANTA BARBARA D OESTE,2.965,3.104,38.0,42.0
2017,1,SP,SANTA CRUZ DO RIO PARDO,3.073,3.201,30.0,22.0
2017,1,SP,SANTO ANDRE,3.019,3.167,45.0,95.0
2017,1,SP,SANTOS,3.073,3.307,13.0,54.0
2017,1,SP,SAO BERNARDO DO CAMPO,3.06,3.183,25.0,70.0
2017,1,SP,SAO CAETANO DO SUL,2.993,3.235,14.0,41.0
2017,1,SP,SAO CARLOS,3.065,3.183,61.0,89.0
2017,1,SP,SAO JOAO DA BOA VISTA,2.961,3.103,47.0,51.0
2017,1,SP,SAO JOAQUIM DA BARRA,3.002,3.126,28.0,32.0
2017,1,SP,SAO JOSE DO RIO PRETO,2.948,3.127,65.0,63.0
2017,1,SP,SAO JOSE DOS CAMPOS,2.851,2.997,31.0,64.0
2017,1,SP,SAO PAULO,2.947,3.208,121.0,392.0
2017,1,SP,SAO ROQUE,3.095,3.16,14.0,30.0
2017,1,SP,SAO VICENTE,3.041,3.207,31.0,30.0
2017,1,SP,SERTAOZINHO,3.064,3.2,43.0,46.0
2017,1,SP,SOROCABA,2.985,3.086,75.0,105.0
2017,1,SP,SUMARE,2.971,3.091,54.0,45.0
2017,1,SP,SUZANO,2.99,3.115,34.0,43.0
2017,1,SP,TABOAO DA SERRA,3.115,3.089,25.0,33.0
2017,1,SP,TATUI,3.084,3.161,22.0,34.0
2017,1,SP,TAUBATE,2.929,3.038,21.0,44.0
2017,1,SP,TUPA,3.11,3.206,42.0,29.0
2017,1,SP,UBATUBA,,3.277,,38.0
2017,1,SP,VALINHOS,2.929,3.074,42.0,43.0
2017,1,SP,VARZEA PAULISTA,3.026,3.15,32.0,20.0
2017,1,SP,VINHEDO,3.066,3.182,28.0,50.0
2017,1,SP,VOTORANTIM,3.002,3.072,34.0,47.0
2017,1,SP,VOTUPORANGA,3.143,3.242,30.0,38.0
2017,1,TO,ARAGUAINA,3.113,3.205,40.0,55.0
2017,1,TO,GURUPI,3.249,3.34,35.0,42.0
2017,1,TO,PALMAS,3.063,3.13,18.0,28.0
2017,1,TO,PARAISO DO TOCANTINS,3.219,3.285,27.0,35.0
2017,1,TO,PORTO NACIONAL,2.99,3.083,23.0,23.0
2017,2,AC,CRUZEIRO DO SUL,4.156,4.189,27.0,16.0
2017,2,AC,RIO BRANCO,3.739,3.83,84.0,76.0
2017,2,AL,ARAPIRACA,3.137,3.23,29.0,38.0
2017,2,AL,DELMIRO GOUVEIA,3.249,3.369,21.0,21.0
2017,2,AL,MACEIO,3.104,3.188,27.0,26.0
2017,2,AL,MARECHAL DEODORO,2.971,3.172,16.0,6.0
2017,2,AL,PALMEIRA DOS INDIOS,3.073,3.223,24.0,18.0
2017,2,AL,RIO LARGO,3.198,3.274,18.0,7.0
2017,2,AL,SANTANA DO IPANEMA,3.062,3.169,15.0,12.0
2017,2,AM,HUMAITA,3.552,3.651,24.0,16.0
2017,2,AM,ITACOATIARA,3.636,3.775,37.0,24.0
2017,2,AM,MANACAPURU,3.195,3.352,28.0,22.0
2017,2,AM,MANAUS,3.267,3.373,61.0,66.0
2017,2,AM,PARINTINS,3.433,3.59,6.0,9.0
2017,2,AM,TEFE,,3.675,,12.0
2017,2,AP,MACAPA,3.661,4.078,52.0,40.0
2017,2,AP,SANTANA,3.616,4.055,20.0,8.0
2017,2,BA,ALAGOINHAS,2.891,3.009,21.0,19.0
2017,2,BA,BARREIRAS,3.134,3.259,33.0,30.0
2017,2,BA,BRUMADO,3.213,3.345,21.0,15.0
2017,2,BA,CAETITE,3.196,3.304,20.0,20.0
2017,2,BA,CAMACARI,3.089,3.198,32.0,35.0
2017,2,BA,CANDEIAS,3.072,3.173,21.0,21.0
2017,2,BA,CONCEICAO DO JACUIPE,2.909,3.023,27.0,27.0
2017,2,BA,EUNAPOLIS,3.141,3.41,13.0,18.0
2017,2,BA,FEIRA DE SANTANA,2.908,3.027,47.0,83.0
2017,2,BA,GUANAMBI,3.068,3.175,27.0,24.0
2017,2,BA,ILHEUS,3.261,3.43,24.0,23.0
2017,2,BA,IPIRA,2.969,3.092,15.0,12.0
2017,2,BA,IRECE,3.071,3.207,21.0,14.0
2017,2,BA,ITABUNA,3.166,3.303,34.0,39.0
2017,2,BA,ITAMARAJU,3.101,3.225,18.0,12.0
2017,2,BA,JACOBINA,2.948,3.097,15.0,12.0
2017,2,BA,JAGUAQUARA,3.045,3.162,21.0,20.0
2017,2,BA,JEQUIE,3.082,3.231,22.0,15.0
2017,2,BA,JUAZEIRO,2.99,3.163,30.0,36.0
2017,2,BA,LAURO DE FREITAS,3.157,3.165,3.0,41.0
2017,2,BA,LIVRAMENTO DE NOSSA SENHORA,3.224,3.33,18.0,12.0
2017,2,BA,PAULO AFONSO,3.126,3.221,16.0,21.0
2017,2,BA,POCOES,3.039,3.074,21.0,8.0
2017,2,BA,PORTO SEGURO,3.485,3.783,12.0,18.0
2017,2,BA,SALVADOR,3.081,3.199,61.0,195.0
2017,2,BA,SANTO ANTONIO DE JESUS,2.932,3.086,19.0,18.0
2017,2,BA,SENHOR DO BONFIM,3.05,3.158,24.0,15.0
2017,2,BA,SERRINHA,2.97,3.07,15.0,7.0
2017,2,BA,SIMOES FILHO,3.053,3.196,32.0,24.0
2017,2,BA,TEIXEIRA DE FREITAS,3.063,3.215,18.0,27.0
2017,2,BA,VALENCA,3.137,3.167,30.0,18.0
2017,2,BA,VITORIA DA CONQUISTA,3.044,3.137,31.0,17.0
2017,2,CE,BEBERIBE,3.21,3.334,3.0,12.0
2017,2,CE,CANINDE,3.289,3.423,18.0,21.0
2017,2,CE,CAUCAIA,,3.314,,63.0
2017,2,CE,CRATEUS,3.266,3.404,17.0,16.0
2017,2,CE,CRATO,3.212,3.319,29.0,17.0
2017,2,CE,FORTALEZA,,3.315,,215.0
2017,2,CE,ICO,3.247,3.364,17.0,15.0
2017,2,CE,IGUATU,3.19,3.376,16.0,17.0
2017,2,CE,IPU,3.272,3.413,18.0,15.0
2017,2,CE,ITAPIPOCA,3.276,3.442,21.0,19.0
2017,2,CE,JUAZEIRO DO NORTE,3.242,3.362,28.0,27.0
2017,2,CE,LIMOEIRO DO NORTE,3.203,3.429,16.0,10.0
2017,2,CE,MARACANAU,,3.287,,39.0
2017,2,CE,MORADA NOVA,3.221,3.39,18.0,6.0
2017,2,CE,QUIXADA,3.23,3.348,15.0,24.0
2017,2,CE,SOBRAL,3.216,3.352,36.0,36.0
2017,2,DF,BRASILIA,3.278,3.465,64.0,96.0
2017,2,ES,ARACRUZ,3.178,3.212,15.0,15.0
2017,2,ES,BARRA DE SAO FRANCISCO,3.12,3.273,12.0,12.0
2017,2,ES,CACHOEIRO DE ITAPEMIRIM,3.168,3.255,30.0,28.0
2017,2,ES,CARIACICA,3.076,3.211,21.0,22.0
2017,2,ES,COLATINA,3.248,3.344,28.0,32.0
2017,2,ES,GUARAPARI,3.173,3.308,36.0,36.0
2017,2,ES,ITAPEMIRIM,3.26,3.317,16.0,12.0
2017,2,ES,LINHARES,3.042,3.122,27.0,24.0
2017,2,ES,SAO MATEUS,3.182,3.316,28.0,19.0
2017,2,ES,SERRA,3.052,3.189,42.0,28.0
2017,2,ES,VILA VELHA,3.07,3.229,28.0,40.0
2017,2,ES,VITORIA,3.102,3.246,19.0,39.0
2017,2,GO,AGUAS LINDAS DE GOIAS,3.194,3.335,12.0,12.0
2017,2,GO,ANAPOLIS,3.148,3.326,57.0,32.0
2017,2,GO,APARECIDA DE GOIANIA,3.098,3.232,42.0,26.0
2017,2,GO,CALDAS NOVAS,3.148,3.312,22.0,15.0
2017,2,GO,CATALAO,3.177,3.367,21.0,18.0
2017,2,GO,FORMOSA,3.161,3.355,21.0,26.0
2017,2,GO,GOIANIA,3.173,3.34,130.0,57.0
2017,2,GO,GOIATUBA,3.187,3.357,27.0,15.0
2017,2,GO,ITUMBIARA,3.107,3.235,43.0,23.0
2017,2,GO,JATAI,3.343,3.538,36.0,33.0
2017,2,GO,LUZIANIA,3.112,3.378,48.0,16.0
2017,2,GO,MINEIROS,3.233,3.349,24.0,14.0
2017,2,GO,MORRINHOS,3.114,3.267,30.0,12.0
2017,2,GO,PORANGATU,3.163,3.257,27.0,19.0
2017,2,GO,RIO VERDE,3.223,3.405,21.0,42.0
2017,2,GO,TRINDADE,3.066,3.29,28.0,3.0
2017,2,GO,VALPARAISO DE GOIAS,3.162,3.35,32.0,10.0
2017,2,MA,ACAILANDIA,3.075,3.188,21.0,24.0
2017,2,MA,BACABAL,3.101,3.141,16.0,14.0
2017,2,MA,BALSAS,3.213,3.305,19.0,21.0
2017,2,MA,BARRA DO CORDA,3.051,3.155,28.0,32.0
2017,2,MA,CAXIAS,3.076,3.168,18.0,21.0
2017,2,MA,CODO,3.227,3.295,15.0,12.0
2017,2,MA,IMPERATRIZ,3.095,3.221,24.0,30.0
2017,2,MA,PINHEIRO,3.169,3.295,15.0,12.0
2017,2,MA,PRESIDENTE DUTRA,3.035,3.125,18.0,17.0
2017,2,MA,SANTA INES,3.153,3.292,12.0,15.0
2017,2,MA,SAO DOMINGOS DO MARANHAO,3.025,3.1,6.0,3.0
2017,2,MA,SAO JOSE DE RIBAMAR,3.011,3.131,26.0,28.0
2017,2,MA,SAO LUIS,3.083,3.185,59.0,115.0
2017,2,MA,TIMON,3.33,3.391,22.0,14.0
2017,2,MG,ALFENAS,3.188,3.32,17.0,19.0
2017,2,MG,ARAGUARI,3.073,3.236,60.0,48.0
2017,2,MG,ARAXA,3.125,3.198,27.0,18.0
2017,2,MG,BARBACENA,3.129,3.199,18.0,18.0
2017,2,MG,BELO HORIZONTE,3.024,3.213,24.0,54.0
2017,2,MG,BETIM,3.049,3.162,30.0,39.0
2017,2,MG,BOM DESPACHO,3.1,3.148,27.0,17.0
2017,2,MG,CAMPO BELO,3.08,3.247,24.0,8.0
2017,2,MG,CARATINGA,3.135,3.177,18.0,9.0
2017,2,MG,CATAGUASES,3.128,3.189,20.0,8.0
2017,2,MG,CONGONHAS,3.113,3.178,13.0,16.0
2017,2,MG,CONSELHEIRO LAFAIETE,3.152,3.179,15.0,9.0
2017,2,MG,CONTAGEM,2.965,3.089,57.0,25.0
2017,2,MG,CORONEL FABRICIANO,3.081,3.192,24.0,16.0
2017,2,MG,CURVELO,3.176,3.231,15.0,18.0
2017,2,MG,DIAMANTINA,3.262,3.369,10.0,16.0
2017,2,MG,DIVINOPOLIS,3.057,3.183,23.0,32.0
2017,2,MG,FORMIGA,3.059,3.219,22.0,9.0
2017,2,MG,FRUTAL,3.185,3.327,32.0,17.0
2017,2,MG,GOVERNADOR VALADARES,3.227,3.363,21.0,27.0
2017,2,MG,GUAXUPE,3.163,3.293,28.0,24.0
2017,2,MG,IPATINGA,3.063,3.151,32.0,29.0
2017,2,MG,ITABIRA,3.17,3.25,28.0,26.0
2017,2,MG,ITAJUBA,3.12,3.249,19.0,21.0
2017,2,MG,ITAUNA,2.976,3.242,15.0,6.0
2017,2,MG,ITUIUTABA,3.067,3.232,38.0,40.0
2017,2,MG,JANAUBA,3.173,3.38,18.0,13.0
2017,2,MG,JANUARIA,3.22,3.302,19.0,13.0
2017,2,MG,JOAO MONLEVADE,3.135,3.209,15.0,18.0
2017,2,MG,JOAO PINHEIRO,3.181,3.29,19.0,16.0
2017,2,MG,JUIZ DE FORA,3.121,3.219,18.0,24.0
2017,2,MG,LAVRAS,3.181,3.255,20.0,28.0
2017,2,MG,LEOPOLDINA,2.981,3.108,24.0,16.0
2017,2,MG,MANHUACU,3.061,3.146,25.0,30.0
2017,2,MG,MONTE CARMELO,3.153,3.274,27.0,18.0
2017,2,MG,MONTES CLAROS,3.073,3.31,39.0,27.0
2017,2,MG,MURIAE,3.139,3.228,18.0,24.0
2017,2,MG,NOVA LIMA,3.252,3.424,8.0,23.0
2017,2,MG,OLIVEIRA,2.988,3.071,29.0,16.0
2017,2,MG,OURO PRETO,3.251,3.277,20.0,16.0
2017,2,MG,PARA DE MINAS,3.278,3.347,18.0,21.0
2017,2,MG,PARACATU,3.283,3.385,9.0,15.0
2017,2,MG,PASSOS,3.107,3.206,20.0,29.0
2017,2,MG,PATOS DE MINAS,3.126,3.235,27.0,21.0
2017,2,MG,PATROCINIO,3.125,3.202,21.0,14.0
2017,2,MG,POCOS DE CALDAS,3.076,3.238,21.0,23.0
2017,2,MG,POUSO ALEGRE,3.089,3.208,36.0,39.0
2017,2,MG,RIBEIRAO DAS NEVES,3.039,3.186,22.0,15.0
2017,2,MG,SABARA,3.03,3.085,12.0,12.0
2017,2,MG,SANTA LUZIA,3.182,3.219,20.0,12.0
2017,2,MG,SAO JOAO DEL REI,3.156,3.26,12.0,16.0
2017,2,MG,SAO LOURENCO,3.183,3.296,15.0,9.0
2017,2,MG,SAO SEBASTIAO DO PARAISO,3.18,3.302,28.0,15.0
2017,2,MG,SETE LAGOAS,2.96,3.181,68.0,44.0
2017,2,MG,TEOFILO OTONI,3.111,3.191,31.0,25.0
2017,2,MG,TIMOTEO,3.012,3.152,18.0,6.0
2017,2,MG,TRES CORACOES,3.199,3.367,13.0,10.0
2017,2,MG,UBA,3.151,3.227,14.0,19.0
2017,2,MG,UBERABA,3.085,3.277,62.0,69.0
2017,2,MG,UBERLANDIA,3.04,3.252,72.0,32.0
2017,2,MG,UNAI,3.233,3.354,25.0,26.0
2017,2,MG,VARGINHA,3.202,3.261,27.0,32.0
2017,2,MG,VESPASIANO,3.075,3.183,19.0,17.0
2017,2,MG,VICOSA,3.349,3.372,3.0,12.0
2017,2,MS,CAMPO GRANDE,3.352,3.528,48.0,82.0
2017,2,MS,CORUMBA,3.562,3.683,19.0,12.0
2017,2,MS,COXIM,3.341,3.446,18.0,18.0
2017,2,MS,DOURADOS,3.351,3.493,21.0,28.0
2017,2,MS,NOVA ANDRADINA,3.397,3.488,15.0,17.0
2017,2,MS,PARANAIBA,3.479,3.582,18.0,19.0
2017,2,MS,PONTA PORA,3.34,3.504,6.0,12.0
2017,2,MS,TRES LAGOAS,3.542,3.647,30.0,33.0
2017,2,MT,ALTA FLORESTA,3.714,3.893,30.0,24.0
2017,2,MT,CACERES,3.306,3.428,18.0,27.0
2017,2,MT,CUIABA,3.37,3.48,81.0,135.0
2017,2,MT,RONDONOPOLIS,3.328,3.439,64.0,51.0
2017,2,MT,SINOP,3.441,3.572,27.0,36.0
2017,2,MT,SORRISO,3.581,3.696,20.0,30.0
2017,2,MT,VARZEA GRANDE,3.247,3.436,50.0,47.0
2017,2,PA,ABAETETUBA,3.5,3.573,9.0,9.0
2017,2,PA,ALENQUER,3.662,3.863,22.0,3.0
2017,2,PA,ALTAMIRA,3.491,3.723,15.0,15.0
2017,2,PA,ANANINDEUA,,3.309,,24.0
2017,2,PA,BELEM,,3.401,,53.0
2017,2,PA,BRAGANCA,,3.262,,15.0
2017,2,PA,CAMETA,3.41,3.425,12.0,4.0
2017,2,PA,CASTANHAL,3.186,3.302,18.0,18.0
2017,2,PA,CONCEICAO DO ARAGUAIA,3.559,3.654,22.0,18.0
2017,2,PA,ITAITUBA,3.234,3.373,18.0,21.0
2017,2,PA,MARABA,3.367,3.428,46.0,48.0
2017,2,PA,PARAGOMINAS,3.302,3.402,12.0,12.0
2017,2,PA,PARAUAPEBAS,3.575,3.636,18.0,27.0
2017,2,PA,REDENCAO,3.455,3.545,16.0,16.0
2017,2,PA,SANTANA DO ARAGUAIA,3.613,3.693,15.0,9.0
2017,2,PA,SANTAREM,3.324,3.407,33.0,24.0
2017,2,PA,XINGUARA,3.419,3.482,21.0,12.0
2017,2,PB,BAYEUX,3.01,3.038,20.0,24.0
2017,2,PB,CABEDELO,3.079,3.185,21.0,17.0
2017,2,PB,CAMPINA GRANDE,3.017,3.128,24.0,36.0
2017,2,PB,JOAO PESSOA,2.982,3.064,30.0,35.0
2017,2,PB,PATOS,3.033,3.155,18.0,12.0
2017,2,PB,SANTA RITA,3.017,3.115,12.0,12.0
2017,2,PB,SOUSA,3.153,3.252,12.0,15.0
2017,2,PE,ABREU E LIMA,,2.966,,26.0
2017,2,PE,ARARIPINA,3.073,3.094,24.0,24.0
2017,2,PE,ARCOVERDE,3.066,3.124,7.0,23.0
2017,2,PE,BELO JARDIM,2.977,3.032,12.0,21.0
2017,2,PE,CABO DE SANTO AGOSTINHO,,3.017,,24.0
2017,2,PE,CAMARAGIBE,,2.984,,28.0
2017,2,PE,CARUARU,2.972,3.01,4.0,46.0
2017,2,PE,GARANHUNS,2.906,2.982,16.0,36.0
2017,2,PE,GOIANA,2.9,2.963,2.0,17.0
2017,2,PE,GRAVATA,,3.0,,28.0
2017,2,PE,IGARASSU,,2.94,,23.0
2017,2,PE,JABOATAO DOS GUARARAPES,,3.004,,34.0
2017,2,PE,LAJEDO,3.005,3.045,20.0,16.0
2017,2,PE,OLINDA,,3.037,,22.0
2017,2,PE,PAULISTA,,2.97,,42.0
2017,2,PE,PETROLINA,3.119,3.193,39.0,39.0
2017,2,PE,RECIFE,,3.045,,62.0
2017,2,PE,SALGUEIRO,2.954,3.019,12.0,18.0
2017,2,PE,SANTA CRUZ DO CAPIBARIBE,,3.067,,21.0
2017,2,PE,SERRA TALHADA,3.043,3.097,6.0,18.0
2017,2,PE,SERTANIA,3.08,3.157,1.0,15.0
2017,2,PE,VITORIA DE SANTO ANTAO,2.948,2.985,18.0,24.0
2017,2,PI,CAMPO MAIOR,3.172,3.257,21.0,15.0
2017,2,PI,PARNAIBA,3.182,3.307,32.0,44.0
2017,2,PI,PICOS,3.149,3.179,23.0,20.0
2017,2,PI,PIRIPIRI,3.181,3.29,15.0,12.0
2017,2,PI,TERESINA,3.2,3.319,36.0,92.0
2017,2,PR,APUCARANA,2.989,3.096,44.0,40.0
2017,2,PR,ARAPONGAS,3.013,3.139,32.0,17.0
2017,2,PR,ARAUCARIA,2.864,2.973,30.0,27.0
2017,2,PR,ASSIS CHATEAUBRIAND,2.925,3.064,21.0,16.0
2017,2,PR,CAMBE,3.039,3.175,39.0,23.0
2017,2,PR,CAMPO LARGO,2.783,2.927,17.0,19.0
2017,2,PR,CAMPO MOURAO,2.908,2.996,50.0,40.0
2017,2,PR,CASCAVEL,3.02,3.105,38.0,50.0
2017,2,PR,CASTRO,2.97,3.077,19.0,21.0
2017,2,PR,CIANORTE,2.984,3.066,36.0,27.0
2017,2,PR,COLOMBO,2.862,3.031,60.0,50.0
2017,2,PR,CORNELIO PROCOPIO,2.932,3.006,20.0,17.0
2017,2,PR,CURITIBA,2.857,3.005,48.0,116.0
2017,2,PR,FOZ DO IGUACU,3.052,3.146,36.0,56.0
2017,2,PR,FRANCISCO BELTRAO,2.938,3.063,19.0,18.0
2017,2,PR,GUARAPUAVA,2.948,3.017,24.0,42.0
2017,2,PR,LARANJEIRAS DO SUL,3.011,3.111,16.0,17.0
2017,2,PR,LONDRINA,3.016,3.103,34.0,48.0
2017,2,PR,MARECHAL CANDIDO RONDON,3.038,3.079,16.0,12.0
2017,2,PR,MARINGA,2.931,3.083,29.0,58.0
2017,2,PR,PARANAGUA,2.92,3.083,24.0,36.0
2017,2,PR,PARANAVAI,2.929,3.02,23.0,27.0
2017,2,PR,PATO BRANCO,2.95,3.081,12.0,30.0
2017,2,PR,PINHAIS,2.974,3.109,27.0,28.0
2017,2,PR,PONTA GROSSA,2.87,2.976,33.0,48.0
2017,2,PR,SANTO ANTONIO DA PLATINA,2.911,3.007,23.0,24.0
2017,2,PR,SAO JOSE DOS PINHAIS,2.888,3.017,49.0,48.0
2017,2,PR,TOLEDO,3.022,3.094,39.0,23.0
2017,2,PR,UMUARAMA,2.903,3.025,30.0,45.0
2017,2,PR,UNIAO DA VITORIA,2.969,3.068,23.0,21.0
2017,2,RJ,ANGRA DOS REIS,3.542,3.606,9.0,15.0
2017,2,RJ,ARARUAMA,3.169,3.268,16.0,32.0
2017,2,RJ,BARRA DO PIRAI,3.252,3.386,15.0,18.0
2017,2,RJ,BARRA MANSA,3.121,3.388,24.0,18.0
2017,2,RJ,BELFORD ROXO,3.195,3.347,22.0,26.0
2017,2,RJ,CABO FRIO,3.384,3.476,8.0,32.0
2017,2,RJ,CAMPOS DOS GOYTACAZES,3.109,3.245,37.0,43.0
2017,2,RJ,DUQUE DE CAXIAS,3.172,3.352,57.0,65.0
2017,2,RJ,ITABORAI,3.11,3.24,23.0,21.0
2017,2,RJ,ITAGUAI,3.137,3.258,20.0,24.0
2017,2,RJ,ITAPERUNA,3.199,3.319,15.0,18.0
2017,2,RJ,MACAE,3.338,3.439,18.0,30.0
2017,2,RJ,MAGE,3.137,3.238,16.0,24.0
2017,2,RJ,MANGARATIBA,3.208,3.331,16.0,16.0
2017,2,RJ,MARICA,3.208,3.412,25.0,27.0
2017,2,RJ,NILOPOLIS,3.164,3.392,4.0,3.0
2017,2,RJ,NITEROI,3.217,3.419,16.0,41.0
2017,2,RJ,NOVA FRIBURGO,3.25,3.371,26.0,32.0
2017,2,RJ,NOVA IGUACU,3.151,3.345,45.0,45.0
2017,2,RJ,PARATY,3.513,3.68,8.0,28.0
2017,2,RJ,PETROPOLIS,3.186,3.305,31.0,40.0
2017,2,RJ,RESENDE,3.098,3.387,9.0,27.0
2017,2,RJ,RIO BONITO,3.24,3.35,21.0,20.0
2017,2,RJ,RIO DE JANEIRO,3.138,3.393,51.0,109.0
2017,2,RJ,SANTO ANTONIO DE PADUA,3.042,3.171,17.0,19.0
2017,2,RJ,SAO FRANCISCO DE ITABAPOANA,3.177,3.312,35.0,20.0
2017,2,RJ,SAO GONCALO,3.183,3.343,55.0,42.0
2017,2,RJ,SAO JOAO DE MERITI,3.121,3.338,17.0,14.0
2017,2,RJ,SAPUCAIA,2.973,3.069,30.0,18.0
2017,2,RJ,SAQUAREMA,3.272,3.409,12.0,15.0
2017,2,RJ,TERESOPOLIS,3.17,3.264,21.0,41.0
2017,2,RJ,TRES RIOS,3.052,3.265,16.0,25.0
2017,2,RJ,VALENCA,3.336,3.445,22.0,24.0
2017,2,RJ,VASSOURAS,3.14,3.352,14.0,25.0
2017,2,RJ,VOLTA REDONDA,3.299,3.484,22.0,14.0
2017,2,RN,CAICO,3.186,3.274,18.0,18.0
2017,2,RN,MOSSORO,3.169,3.347,52.0,37.0
2017,2,RN,NATAL,3.157,3.33,33.0,52.0
2017,2,RN,PARNAMIRIM,3.141,3.278,27.0,28.0
2017,2,RN,SAO JOSE DE MIPIBU,3.038,3.212,21.0,20.0
2017,2,RO,ARIQUEMES,3.403,3.505,36.0,36.0
2017,2,RO,CACOAL,3.315,3.411,24.0,18.0
2017,2,RO,GUAJARA MIRIM,3.439,3.492,9.0,6.0
2017,2,RO,JI PARANA,3.394,3.478,52.0,44.0
2017,2,RO,PIMENTA BUENO,3.48,3.553,18.0,18.0
2017,2,RO,PORTO VELHO,3.37,3.501,69.0,53.0
2017,2,RO,VILHENA,3.366,3.463,27.0,27.0
2017,2,RR,BOA VISTA,3.374,3.455,25.0,30.0
2017,2,RS,ALEGRETE,3.18,3.274,12.0,12.0
2017,2,RS,ALVORADA,3.045,3.166,12.0,6.0
2017,2,RS,BAGE,3.273,3.457,18.0,30.0
2017,2,RS,BENTO GONCALVES,2.985,3.175,7.0,18.0
2017,2,RS,CACAPAVA DO SUL,3.153,3.302,12.0,18.0
2017,2,RS,CACHOEIRA DO SUL,3.142,3.291,19.0,17.0
2017,2,RS,CACHOEIRINHA,2.832,2.962,33.0,28.0
2017,2,RS,CANOAS,2.861,3.076,36.0,27.0
2017,2,RS,CAXIAS DO SUL,3.077,3.217,18.0,46.0
2017,2,RS,CRUZ ALTA,3.046,3.12,23.0,13.0
2017,2,RS,ERECHIM,3.059,3.239,21.0,30.0
2017,2,RS,ESTEIO,2.917,3.113,35.0,35.0
2017,2,RS,GRAMADO,3.157,3.311,10.0,14.0
2017,2,RS,GRAVATAI,2.878,2.996,30.0,24.0
2017,2,RS,GUAIBA,2.95,3.138,24.0,20.0
2017,2,RS,IJUI,3.058,3.24,17.0,18.0
2017,2,RS,LAJEADO,3.07,3.189,13.0,15.0
2017,2,RS,NOVO HAMBURGO,2.843,3.054,30.0,34.0
2017,2,RS,OSORIO,2.995,3.153,17.0,18.0
2017,2,RS,PALMEIRA DAS MISSOES,3.088,3.261,16.0,15.0
2017,2,RS,PASSO FUNDO,3.124,3.293,20.0,32.0
2017,2,RS,PELOTAS,3.11,3.326,30.0,30.0
2017,2,RS,PORTO ALEGRE,2.949,3.204,43.0,69.0
2017,2,RS,RIO GRANDE,3.19,3.336,47.0,37.0
2017,2,RS,SANTA CRUZ DO SUL,3.025,3.132,26.0,24.0
2017,2,RS,SANTA MARIA,3.064,3.177,30.0,29.0
2017,2,RS,SANTA ROSA,3.157,3.29,18.0,18.0
2017,2,RS,SANTANA DO LIVRAMENTO,3.241,3.421,21.0,21.0
2017,2,RS,SANTO ANGELO,3.033,3.209,20.0,17.0
2017,2,RS,SAO BORJA,3.136,3.319,18.0,18.0
2017,2,RS,SAO GABRIEL,3.148,3.325,15.0,13.0
2017,2,RS,SAO LEOPOLDO,2.849,3.025,38.0,36.0
2017,2,RS,SAO LUIZ GONZAGA,3.021,3.179,15.0,12.0
2017,2,RS,SAPIRANGA,2.908,3.068,16.0,27.0
2017,2,RS,SAPUCAIA DO SUL,2.849,3.056,29.0,19.0
2017,2,RS,TORRES,3.047,3.157,13.0,16.0
2017,2,RS,TRAMANDAI,2.972,3.208,11.0,15.0
2017,2,RS,URUGUAIANA,3.182,3.315,21.0,24.0
2017,2,RS,VACARIA,3.045,3.161,20.0,28.0
2017,2,RS,VIAMAO,2.998,3.121,11.0,11.0
2017,2,SC,ARARANGUA,2.91,3.087,39.0,25.0
2017,2,SC,BALNEARIO CAMBORIU,3.229,3.227,3.0,42.0
2017,2,SC,BIGUACU,2.873,3.084,20.0,31.0
2017,2,SC,BLUMENAU,3.06,3.126,41.0,61.0
2017,2,SC,BRUSQUE,3.101,3.174,21.0,35.0
2017,2,SC,CACADOR,3.077,3.237,24.0,29.0
2017,2,SC,CHAPECO,3.081,3.203,19.0,34.0
2017,2,SC,CONCORDIA,3.089,3.239,15.0,17.0
2017,2,SC,CRICIUMA,2.955,3.119,28.0,44.0
2017,2,SC,FLORIANOPOLIS,3.311,3.382,28.0,79.0
2017,2,SC,ITAJAI,3.01,3.123,17.0,36.0
2017,2,SC,JARAGUA DO SUL,3.039,3.119,17.0,29.0
2017,2,SC,JOINVILLE,2.992,3.093,26.0,57.0
2017,2,SC,LAGES,3.122,3.206,12.0,28.0
2017,2,SC,LAGUNA,2.976,3.076,20.0,12.0
2017,2,SC,MAFRA,3.02,3.165,12.0,18.0
2017,2,SC,PALHOCA,3.098,3.191,28.0,42.0
2017,2,SC,SAO JOSE,3.057,3.235,22.0,49.0
2017,2,SC,SAO MIGUEL DO OESTE,3.119,3.138,9.0,9.0
2017,2,SC,TUBARAO,2.901,2.969,26.0,32.0
2017,2,SC,VIDEIRA,3.042,3.123,15.0,18.0
2017,2,SC,XANXERE,3.071,3.178,17.0,17.0
2017,2,SE,ARACAJU,3.152,3.294,13.0,49.0
2017,2,SE,ITABAIANA,3.065,3.155,24.0,24.0
2017,2,SE,LAGARTO,2.962,3.081,13.0,17.0
2017,2,SE,NOSSA SENHORA DO SOCORRO,3.029,3.142,21.0,21.0
2017,2,SP,ADAMANTINA,3.018,3.137,15.0,18.0
2017,2,SP,AMERICANA,2.957,3.098,15.0,44.0
2017,2,SP,AMPARO,3.068,3.165,33.0,24.0
2017,2,SP,ARACATUBA,3.056,3.209,59.0,70.0
2017,2,SP,ARARAQUARA,3.001,3.166,46.0,48.0
2017,2,SP,ARARAS,2.956,3.061,50.0,38.0
2017,2,SP,ASSIS,3.101,3.164,48.0,64.0
2017,2,SP,ATIBAIA,2.997,3.145,30.0,42.0
2017,2,SP,AVARE,3.146,3.192,27.0,27.0
2017,2,SP,BARRETOS,3.056,3.153,42.0,44.0
2017,2,SP,BARUERI,3.019,3.239,28.0,59.0
2017,2,SP,BAURU,2.951,3.108,67.0,64.0
2017,2,SP,BEBEDOURO,3.077,3.156,18.0,22.0
2017,2,SP,BIRIGUI,3.02,3.151,32.0,40.0
2017,2,SP,BOTUCATU,3.088,3.201,21.0,18.0
2017,2,SP,BRAGANCA PAULISTA,2.97,3.031,27.0,37.0
2017,2,SP,CACAPAVA,2.956,3.092,31.0,29.0
2017,2,SP,CAMPINAS,3.012,3.129,73.0,107.0
2017,2,SP,CAMPOS DO JORDAO,3.007,3.07,9.0,11.0
2017,2,SP,CAPAO BONITO,3.039,3.149,18.0,18.0
2017,2,SP,CARAGUATATUBA,3.23,3.348,34.0,45.0
2017,2,SP,CARAPICUIBA,3.011,3.127,12.0,29.0
2017,2,SP,CATANDUVA,3.048,3.158,21.0,37.0
2017,2,SP,COSMOPOLIS,2.965,3.169,18.0,8.0
2017,2,SP,COTIA,3.018,3.167,32.0,46.0
2017,2,SP,CRUZEIRO,3.054,3.113,21.0,14.0
2017,2,SP,CUBATAO,3.169,3.359,11.0,20.0
2017,2,SP,DIADEMA,2.932,3.162,8.0,33.0
2017,2,SP,DRACENA,3.098,3.205,35.0,34.0
2017,2,SP,EMBU DAS ARTES,3.057,3.179,44.0,32.0
2017,2,SP,FRANCA,2.966,3.084,49.0,45.0
2017,2,SP,GARCA,3.086,3.17,22.0,16.0
2017,2,SP,GUARATINGUETA,3.079,3.195,20.0,26.0
2017,2,SP,GUARUJA,3.123,3.336,11.0,35.0
2017,2,SP,GUARULHOS,3.002,3.164,60.0,86.0
2017,2,SP,HORTOLANDIA,2.899,3.089,30.0,29.0
2017,2,SP,IBITINGA,2.992,3.187,15.0,21.0
2017,2,SP,INDAIATUBA,3.095,3.164,24.0,44.0
2017,2,SP,ITANHAEM,3.089,3.418,16.0,8.0
2017,2,SP,ITAPECERICA DA SERRA,3.012,3.152,35.0,24.0
2017,2,SP,ITAPETININGA,2.992,3.099,33.0,33.0
2017,2,SP,ITAPEVA,3.042,3.163,24.0,24.0
2017,2,SP,ITAPEVI,3.155,3.091,8.0,16.0
2017,2,SP,ITAPIRA,2.989,3.12,37.0,30.0
2017,2,SP,ITAPOLIS,3.034,3.118,34.0,26.0
2017,2,SP,ITAQUAQUECETUBA,3.021,3.153,14.0,24.0
2017,2,SP,ITATIBA,2.994,3.112,40.0,41.0
2017,2,SP,ITU,2.987,3.113,21.0,36.0
2017,2,SP,JABOTICABAL,2.976,3.134,32.0,44.0
2017,2,SP,JACAREI,2.897,2.986,28.0,36.0
2017,2,SP,JALES,2.994,3.099,32.0,31.0
2017,2,SP,JANDIRA,3.007,3.07,8.0,12.0
2017,2,SP,JAU,3.035,3.129,36.0,38.0
2017,2,SP,JOSE BONIFACIO,2.878,2.995,32.0,29.0
2017,2,SP,JUNDIAI,3.059,3.243,40.0,68.0
2017,2,SP,LEME,2.982,3.094,30.0,27.0
2017,2,SP,LIMEIRA,2.954,3.115,59.0,74.0
2017,2,SP,LINS,3.076,3.142,46.0,26.0
2017,2,SP,LORENA,2.915,3.046,21.0,24.0
2017,2,SP,MARILIA,3.082,3.239,28.0,30.0
2017,2,SP,MATAO,3.065,3.167,44.0,35.0
2017,2,SP,MAUA,3.041,3.179,23.0,35.0
2017,2,SP,MIRASSOL,2.975,3.072,23.0,22.0
2017,2,SP,MOCOCA,2.918,3.01,30.0,18.0
2017,2,SP,MOGI DAS CRUZES,2.995,3.076,30.0,54.0
2017,2,SP,MOGI GUACU,3.05,3.179,36.0,40.0
2017,2,SP,MOGI MIRIM,2.965,3.096,28.0,36.0
2017,2,SP,MONTE ALTO,3.316,3.393,24.0,32.0
2017,2,SP,OLIMPIA,2.944,3.108,21.0,17.0
2017,2,SP,OSASCO,3.102,3.216,73.0,56.0
2017,2,SP,OURINHOS,3.038,3.133,30.0,34.0
2017,2,SP,PARAGUACU PAULISTA,3.006,3.169,24.0,15.0
2017,2,SP,PAULINIA,3.017,3.162,43.0,45.0
2017,2,SP,PINDAMONHANGABA,2.973,3.019,19.0,24.0
2017,2,SP,PIRACICABA,2.967,3.11,51.0,50.0
2017,2,SP,PIRASSUNUNGA,3.007,3.11,30.0,28.0
2017,2,SP,POA,3.122,3.19,13.0,14.0
2017,2,SP,PORTO FERREIRA,2.945,3.058,24.0,16.0
2017,2,SP,PRAIA GRANDE,3.134,3.215,27.0,46.0
2017,2,SP,PRESIDENTE PRUDENTE,3.084,3.237,57.0,59.0
2017,2,SP,PRESIDENTE VENCESLAU,3.087,3.245,40.0,32.0
2017,2,SP,RIBEIRAO PIRES,3.046,3.226,20.0,13.0
2017,2,SP,RIBEIRAO PRETO,2.933,3.115,41.0,76.0
2017,2,SP,RIO CLARO,2.919,3.084,29.0,44.0
2017,2,SP,SALTO,3.024,3.129,22.0,28.0
2017,2,SP,SANTA BARBARA D OESTE,2.944,3.122,24.0,25.0
2017,2,SP,SANTA CRUZ DO RIO PARDO,3.096,3.195,27.0,21.0
2017,2,SP,SANTO ANDRE,3.047,3.201,19.0,54.0
2017,2,SP,SANTOS,3.092,3.337,7.0,43.0
2017,2,SP,SAO BERNARDO DO CAMPO,3.073,3.2,9.0,47.0
2017,2,SP,SAO CAETANO DO SUL,3.055,3.218,8.0,29.0
2017,2,SP,SAO CARLOS,3.065,3.201,34.0,57.0
2017,2,SP,SAO JOAO DA BOA VISTA,2.952,3.101,36.0,41.0
2017,2,SP,SAO JOAQUIM DA BARRA,3.003,3.127,28.0,32.0
2017,2,SP,SAO JOSE DO RIO PRETO,2.954,3.142,66.0,59.0
2017,2,SP,SAO JOSE DOS CAMPOS,2.832,3.028,25.0,37.0
2017,2,SP,SAO PAULO,2.975,3.225,102.0,359.0
2017,2,SP,SAO ROQUE,3.111,3.171,6.0,18.0
2017,2,SP,SAO VICENTE,3.032,3.203,29.0,31.0
2017,2,SP,SERTAOZINHO,3.017,3.131,28.0,27.0
2017,2,SP,SOROCABA,2.989,3.069,45.0,63.0
2017,2,SP,SUMARE,2.956,3.088,52.0,44.0
2017,2,SP,SUZANO,3.01,3.123,28.0,38.0
2017,2,SP,TABOAO DA SERRA,3.204,3.13,17.0,22.0
2017,2,SP,TATUI,3.109,3.17,22.0,30.0
2017,2,SP,TAUBATE,2.982,3.081,18.0,29.0
2017,2,SP,TUPA,3.149,3.257,40.0,28.0
2017,2,SP,UBATUBA,3.299,3.31,1.0,34.0
2017,2,SP,VALINHOS,2.927,3.076,32.0,37.0
2017,2,SP,VARZEA PAULISTA,3.035,3.149,32.0,20.0
2017,2,SP,VINHEDO,3.064,3.187,24.0,40.0
2017,2,SP,VOTORANTIM,2.967,3.076,24.0,27.0
2017,2,SP,VOTUPORANGA,3.157,3.255,34.0,38.0
2017,2,TO,ARAGUAINA,3.058,3.158,24.0,33.0
2017,2,TO,GURUPI,3.291,3.365,21.0,23.0
2017,2,TO,PALMAS,3.061,3.154,23.0,28.0
2017,2,TO,PARAISO DO TOCANTINS,3.218,3.286,15.0,21.0
2017,2,TO,PORTO NACIONAL,2.944,3.049,11.0,14.0
2017,3,AC,CRUZEIRO DO SUL,4.152,4.192,47.0,27.0
2017,3,AC,RIO BRANCO,3.687,3.774,96.0,99.0
2017,3,AL,ARAPIRACA,3.097,3.196,42.0,60.0
2017,3,AL,DELMIRO GOUVEIA,3.25,3.37,35.0,35.0
2017,3,AL,MACEIO,3.092,3.166,39.0,35.0
2017,3,AL,MARECHAL DEODORO,2.971,3.152,24.0,10.0
2017,3,AL,PALMEIRA DOS INDIOS,3.048,3.182,40.0,30.0
2017,3,AL,RIO LARGO,3.148,3.28,36.0,26.0
2017,3,AL,SANTANA DO IPANEMA,3.046,3.13,24.0,19.0
2017,3,AM,HUMAITA,3.562,3.642,30.0,20.0
2017,3,AM,ITACOATIARA,3.636,3.783,44.0,35.0
2017,3,AM,MANACAPURU,3.141,3.339,45.0,27.0
2017,3,AM,MANAUS,3.203,3.326,93.0,107.0
2017,3,AM,PARINTINS,3.405,3.59,20.0,5.0
2017,3,AM,TEFE,,3.675,,20.0
2017,3,AP,MACAPA,3.645,4.049,62.0,53.0
2017,3,AP,SANTANA,3.527,4.002,28.0,13.0
2017,3,BA,ALAGOINHAS,2.866,2.984,33.0,32.0
2017,3,BA,BARREIRAS,3.089,3.196,55.0,50.0
2017,3,BA,BRUMADO,3.15,3.281,35.0,27.0
2017,3,BA,CAETITE,3.093,3.249,25.0,30.0
2017,3,BA,CAMACARI,3.044,3.162,39.0,46.0
2017,3,BA,CANDEIAS,3.038,3.137,35.0,35.0
2017,3,BA,CONCEICAO DO JACUIPE,2.838,2.938,45.0,45.0
2017,3,BA,EUNAPOLIS,3.058,3.311,25.0,34.0
2017,3,BA,FEIRA DE SANTANA,2.852,2.942,58.0,103.0
2017,3,BA,GUANAMBI,3.017,3.13,45.0,40.0
2017,3,BA,ILHEUS,3.241,3.381,40.0,40.0
2017,3,BA,IPIRA,2.961,3.097,25.0,15.0
2017,3,BA,IRECE,3.16,3.159,35.0,17.0
2017,3,BA,ITABUNA,3.124,3.26,55.0,65.0
2017,3,BA,ITAMARAJU,3.063,3.189,30.0,20.0
2017,3,BA,JACOBINA,2.947,3.097,23.0,20.0
2017,3,BA,JAGUAQUARA,2.968,3.075,35.0,31.0
2017,3,BA,JEQUIE,3.074,3.188,36.0,26.0
2017,3,BA,JUAZEIRO,2.973,3.111,39.0,40.0
2017,3,BA,LAURO DE FREITAS,3.1,3.111,6.0,51.0
2017,3,BA,LIVRAMENTO DE NOSSA SENHORA,3.187,3.281,30.0,25.0
2017,3,BA,PAULO AFONSO,3.054,3.18,25.0,35.0
2017,3,BA,POCOES,2.916,3.022,35.0,17.0
2017,3,BA,PORTO SEGURO,3.48,3.778,20.0,27.0
2017,3,BA,SALVADOR,3.055,3.157,82.0,228.0
2017,3,BA,SANTO ANTONIO DE JESUS,2.888,3.024,28.0,26.0
2017,3,BA,SENHOR DO BONFIM,3.003,3.133,38.0,23.0
2017,3,BA,SERRINHA,2.917,2.988,25.0,13.0
2017,3,BA,SIMOES FILHO,3.012,3.183,38.0,30.0
2017,3,BA,TEIXEIRA DE FREITAS,3.059,3.214,30.0,45.0
2017,3,BA,VALENCA,3.14,3.147,50.0,23.0
2017,3,BA,VITORIA DA CONQUISTA,2.924,3.146,30.0,30.0
2017,3,CE,BEBERIBE,3.208,3.337,7.0,20.0
2017,3,CE,CANINDE,3.233,3.351,30.0,35.0
2017,3,CE,CAUCAIA,,3.258,,101.0
2017,3,CE,CRATEUS,3.188,3.334,35.0,21.0
2017,3,CE,CRATO,3.161,3.255,48.0,27.0
2017,3,CE,FORTALEZA,,3.256,,360.0
2017,3,CE,ICO,3.175,3.315,27.0,29.0
2017,3,CE,IGUATU,3.232,3.369,39.0,26.0
2017,3,CE,IPU,3.17,3.366,30.0,30.0
2017,3,CE,ITAPIPOCA,3.206,3.362,30.0,34.0
2017,3,CE,JUAZEIRO DO NORTE,3.175,3.317,41.0,35.0
2017,3,CE,LIMOEIRO DO NORTE,3.211,3.395,29.0,19.0
2017,3,CE,MARACANAU,,3.181,,50.0
2017,3,CE,MORADA NOVA,3.178,3.328,30.0,10.0
2017,3,CE,QUIXADA,3.165,3.373,29.0,35.0
2017,3,CE,SOBRAL,3.187,3.324,50.0,60.0
2017,3,DF,BRASILIA,3.26,3.438,75.0,135.0
2017,3,ES,ARACRUZ,3.174,3.2,25.0,25.0
2017,3,ES,BARRA DE SAO FRANCISCO,3.107,3.254,20.0,20.0
2017,3,ES,CACHOEIRO DE ITAPEMIRIM,3.153,3.255,49.0,39.0
2017,3,ES,CARIACICA,3.03,3.203,28.0,23.0
2017,3,ES,COLATINA,3.165,3.274,36.0,40.0
2017,3,ES,GUARAPARI,3.152,3.274,42.0,45.0
2017,3,ES,ITAPEMIRIM,3.218,3.257,20.0,15.0
2017,3,ES,LINHARES,2.98,3.074,40.0,45.0
2017,3,ES,SAO MATEUS,3.158,3.292,35.0,25.0
2017,3,ES,SERRA,3.058,3.169,54.0,28.0
2017,3,ES,VILA VELHA,3.077,3.203,34.0,49.0
2017,3,ES,VITORIA,3.086,3.218,25.0,46.0
2017,3,GO,AGUAS LINDAS DE GOIAS,3.188,3.327,20.0,20.0
2017,3,GO,ANAPOLIS,3.078,3.229,66.0,45.0
2017,3,GO,APARECIDA DE GOIANIA,3.058,3.196,53.0,28.0
2017,3,GO,CALDAS NOVAS,3.11,3.243,39.0,24.0
2017,3,GO,CATALAO,3.131,3.302,35.0,30.0
2017,3,GO,FORMOSA,3.124,3.318,35.0,45.0
2017,3,GO,GOIANIA,3.142,3.291,163.0,89.0
2017,3,GO,GOIATUBA,3.149,3.301,44.0,28.0
2017,3,GO,ITUMBIARA,3.08,3.2,75.0,36.0
2017,3,GO,JATAI,3.283,3.469,59.0,53.0
2017,3,GO,LUZIANIA,3.107,3.356,57.0,21.0
2017,3,GO,MINEIROS,3.07,3.288,30.0,15.0
2017,3,GO,MORRINHOS,3.098,3.228,50.0,22.0
2017,3,GO,PORANGATU,3.135,3.252,34.0,25.0
2017,3,GO,RIO VERDE,3.18,3.341,34.0,74.0
2017,3,GO,TRINDADE,3.038,3.223,35.0,7.0
2017,3,GO,VALPARAISO DE GOIAS,3.149,3.345,35.0,15.0
2017,3,MA,ACAILANDIA,2.981,3.081,35.0,35.0
2017,3,MA,BACABAL,3.089,3.158,23.0,17.0
2017,3,MA,BALSAS,3.179,3.273,32.0,35.0
2017,3,MA,BARRA DO CORDA,3.024,3.135,35.0,40.0
2017,3,MA,CAXIAS,3.031,3.118,30.0,35.0
2017,3,MA,CODO,3.108,3.179,25.0,20.0
2017,3,MA,IMPERATRIZ,3.039,3.119,36.0,48.0
2017,3,MA,PINHEIRO,3.136,3.267,25.0,21.0
2017,3,MA,PRESIDENTE DUTRA,2.992,3.099,30.0,30.0
2017,3,MA,SANTA INES,3.022,3.12,20.0,25.0
2017,3,MA,SAO DOMINGOS DO MARANHAO,2.933,2.908,10.0,5.0
2017,3,MA,SAO JOSE DE RIBAMAR,3.021,3.134,30.0,37.0
2017,3,MA,SAO LUIS,3.043,3.156,75.0,142.0
2017,3,MA,TIMON,3.283,3.387,27.0,22.0
2017,3,MG,ALFENAS,3.096,3.265,17.0,19.0
2017,3,MG,ARAGUARI,3.006,3.148,75.0,60.0
2017,3,MG,ARAXA,3.08,3.165,41.0,30.0
2017,3,MG,BARBACENA,3.052,3.131,30.0,30.0
2017,3,MG,BELO HORIZONTE,2.998,3.155,56.0,85.0
2017,3,MG,BETIM,2.986,3.108,37.0,38.0
2017,3,MG,BOM DESPACHO,3.021,3.05,35.0,14.0
2017,3,MG,CAMPO BELO,3.018,3.163,32.0,13.0
2017,3,MG,CARATINGA,3.079,3.098,30.0,15.0
2017,3,MG,CATAGUASES,3.079,3.17,20.0,8.0
2017,3,MG,CONGONHAS,3.045,3.122,24.0,29.0
2017,3,MG,CONSELHEIRO LAFAIETE,3.151,3.179,25.0,15.0
2017,3,MG,CONTAGEM,2.939,3.05,60.0,32.0
2017,3,MG,CORONEL FABRICIANO,2.999,3.107,27.0,17.0
2017,3,MG,CURVELO,3.089,3.15,25.0,30.0
2017,3,MG,DIAMANTINA,3.201,3.309,10.0,20.0
2017,3,MG,DIVINOPOLIS,3.046,3.13,24.0,33.0
2017,3,MG,FORMIGA,2.972,3.115,23.0,5.0
2017,3,MG,FRUTAL,3.172,3.299,34.0,20.0
2017,3,MG,GOVERNADOR VALADARES,3.165,3.286,35.0,45.0
2017,3,MG,GUAXUPE,3.163,3.279,35.0,34.0
2017,3,MG,IPATINGA,2.967,3.056,35.0,32.0
2017,3,MG,ITABIRA,3.097,3.184,38.0,35.0
2017,3,MG,ITAJUBA,2.999,3.183,19.0,21.0
2017,3,MG,ITAUNA,2.939,3.21,25.0,10.0
2017,3,MG,ITUIUTABA,3.013,3.188,38.0,39.0
2017,3,MG,JANAUBA,3.101,3.291,30.0,21.0
2017,3,MG,JANUARIA,3.159,3.261,30.0,24.0
2017,3,MG,JOAO MONLEVADE,3.007,3.096,25.0,30.0
2017,3,MG,JOAO PINHEIRO,3.127,3.243,30.0,25.0
2017,3,MG,JUIZ DE FORA,3.046,3.171,34.0,41.0
2017,3,MG,LAVRAS,3.134,3.223,20.0,27.0
2017,3,MG,LEOPOLDINA,2.96,3.054,30.0,20.0
2017,3,MG,MANHUACU,3.008,3.13,30.0,27.0
2017,3,MG,MONTE CARMELO,3.124,3.235,45.0,31.0
2017,3,MG,MONTES CLAROS,3.029,3.267,64.0,45.0
2017,3,MG,MURIAE,3.088,3.164,30.0,40.0
2017,3,MG,NOVA LIMA,3.174,3.331,6.0,22.0
2017,3,MG,OLIVEIRA,2.932,3.0,30.0,17.0
2017,3,MG,OURO PRETO,3.201,3.198,25.0,20.0
2017,3,MG,PARA DE MINAS,3.219,3.291,31.0,35.0
2017,3,MG,PARACATU,3.246,3.343,15.0,23.0
2017,3,MG,PASSOS,3.078,3.152,20.0,24.0
2017,3,MG,PATOS DE MINAS,3.066,3.17,45.0,35.0
2017,3,MG,PATROCINIO,3.087,3.189,35.0,25.0
2017,3,MG,POCOS DE CALDAS,3.05,3.224,41.0,37.0
2017,3,MG,POUSO ALEGRE,3.054,3.154,35.0,40.0
2017,3,MG,RIBEIRAO DAS NEVES,2.972,3.116,19.0,14.0
2017,3,MG,SABARA,2.892,2.979,23.0,18.0
2017,3,MG,SANTA LUZIA,3.057,3.106,20.0,16.0
2017,3,MG,SAO JOAO DEL REI,3.1,3.176,12.0,16.0
2017,3,MG,SAO LOURENCO,3.118,3.226,25.0,15.0
2017,3,MG,SAO SEBASTIAO DO PARAISO,3.14,3.265,28.0,16.0
2017,3,MG,SETE LAGOAS,2.885,3.117,64.0,46.0
2017,3,MG,TEOFILO OTONI,3.089,3.177,50.0,40.0
2017,3,MG,TIMOTEO,2.94,3.079,30.0,10.0
2017,3,MG,TRES CORACOES,3.163,3.333,20.0,20.0
2017,3,MG,UBA,3.087,3.184,22.0,21.0
2017,3,MG,UBERABA,3.036,3.22,79.0,82.0
2017,3,MG,UBERLANDIA,3.016,3.213,90.0,40.0
2017,3,MG,UNAI,3.161,3.26,40.0,45.0
2017,3,MG,VARGINHA,3.115,3.204,27.0,33.0
2017,3,MG,VESPASIANO,3.017,3.117,18.0,14.0
2017,3,MG,VICOSA,3.277,3.317,5.0,20.0
2017,3,MS,CAMPO GRANDE,3.372,3.533,81.0,114.0
2017,3,MS,CORUMBA,3.516,3.639,30.0,20.0
2017,3,MS,COXIM,3.213,3.317,30.0,30.0
2017,3,MS,DOURADOS,3.379,3.468,34.0,39.0
2017,3,MS,NOVA ANDRADINA,3.375,3.476,30.0,25.0
2017,3,MS,PARANAIBA,3.384,3.486,32.0,33.0
2017,3,MS,PONTA PORA,3.206,3.439,10.0,20.0
2017,3,MS,TRES LAGOAS,3.503,3.624,51.0,55.0
2017,3,MT,ALTA FLORESTA,3.636,3.809,50.0,45.0
2017,3,MT,CACERES,3.199,3.311,30.0,45.0
2017,3,MT,CUIABA,3.346,3.476,115.0,172.0
2017,3,MT,RONDONOPOLIS,3.319,3.425,110.0,85.0
2017,3,MT,SINOP,3.438,3.539,40.0,55.0
2017,3,MT,SORRISO,3.54,3.65,35.0,50.0
2017,3,MT,VARZEA GRANDE,3.225,3.425,69.0,58.0
2017,3,PA,ABAETETUBA,3.503,3.573,18.0,15.0
2017,3,PA,ALENQUER,3.657,3.85,30.0,5.0
2017,3,PA,ALTAMIRA,3.425,3.666,25.0,25.0
2017,3,PA,ANANINDEUA,,3.217,,40.0
2017,3,PA,BELEM,,3.352,,68.0
2017,3,PA,BRAGANCA,,3.054,,25.0
2017,3,PA,CAMETA,3.396,3.4,14.0,11.0
2017,3,PA,CASTANHAL,3.088,3.196,30.0,30.0
2017,3,PA,CONCEICAO DO ARAGUAIA,3.581,3.655,30.0,25.0
2017,3,PA,ITAITUBA,3.139,3.27,26.0,31.0
2017,3,PA,MARABA,3.306,3.344,56.0,60.0
2017,3,PA,PARAGOMINAS,3.206,3.306,20.0,20.0
2017,3,PA,PARAUAPEBAS,3.496,3.56,27.0,45.0
2017,3,PA,REDENCAO,3.397,3.489,20.0,20.0
2017,3,PA,SANTANA DO ARAGUAIA,3.551,3.635,25.0,15.0
2017,3,PA,SANTAREM,3.252,3.334,55.0,45.0
2017,3,PA,XINGUARA,3.375,3.417,35.0,20.0
2017,3,PB,BAYEUX,2.971,3.021,28.0,34.0
2017,3,PB,CABEDELO,3.045,3.174,29.0,20.0
2017,3,PB,CAMPINA GRANDE,3.043,3.109,39.0,58.0
2017,3,PB,JOAO PESSOA,2.898,3.014,31.0,39.0
2017,3,PB,PATOS,3.033,3.155,30.0,20.0
2017,3,PB,SANTA RITA,2.955,3.066,20.0,17.0
2017,3,PB,SOUSA,3.173,3.225,17.0,22.0
2017,3,PE,ABREU E LIMA,,2.92,,35.0
2017,3,PE,ARARIPINA,3.017,3.028,40.0,40.0
2017,3,PE,ARCOVERDE,3.032,3.086,12.0,37.0
2017,3,PE,BELO JARDIM,2.983,2.986,15.0,35.0
2017,3,PE,CABO DE SANTO AGOSTINHO,,3.007,,30.0
2017,3,PE,CAMARAGIBE,,2.977,,35.0
2017,3,PE,CARUARU,2.97,3.013,1.0,76.0
2017,3,PE,GARANHUNS,2.901,2.948,28.0,60.0
2017,3,PE,GOIANA,,2.929,,31.0
2017,3,PE,GRAVATA,,2.978,,35.0
2017,3,PE,IGARASSU,,2.895,,39.0
2017,3,PE,JABOATAO DOS GUARARAPES,,2.949,,55.0
2017,3,PE,LAJEDO,2.957,3.006,20.0,23.0
2017,3,PE,OLINDA,,3.025,,39.0
2017,3,PE,PAULISTA,,2.968,,53.0
2017,3,PE,PETROLINA,3.089,3.18,43.0,47.0
2017,3,PE,RECIFE,,3.009,,96.0
2017,3,PE,SALGUEIRO,2.886,2.982,20.0,30.0
2017,3,PE,SANTA CRUZ DO CAPIBARIBE,,3.015,,37.0
2017,3,PE,SERRA TALHADA,3.004,3.052,10.0,30.0
2017,3,PE,SERTANIA,,3.111,,15.0
2017,3,PE,VITORIA DE SANTO ANTAO,2.89,2.966,26.0,40.0
2017,3,PI,CAMPO MAIOR,3.131,3.217,35.0,25.0
2017,3,PI,PARNAIBA,3.172,3.267,41.0,54.0
2017,3,PI,PICOS,3.117,3.152,40.0,31.0
2017,3,PI,PIRIPIRI,3.135,3.249,25.0,20.0
2017,3,PI,TERESINA,3.1,3.249,65.0,139.0
2017,3,PR,APUCARANA,2.977,3.078,42.0,39.0
2017,3,PR,ARAPONGAS,2.963,3.114,29.0,21.0
2017,3,PR,ARAUCARIA,2.785,2.925,29.0,28.0
2017,3,PR,ASSIS CHATEAUBRIAND,2.844,2.946,39.0,23.0
2017,3,PR,CAMBE,2.966,3.07,37.0,18.0
2017,3,PR,CAMPO LARGO,2.735,2.872,19.0,17.0
2017,3,PR,CAMPO MOURAO,2.881,2.951,57.0,40.0
2017,3,PR,CASCAVEL,2.926,3.027,44.0,69.0
2017,3,PR,CASTRO,2.9,2.99,20.0,23.0
2017,3,PR,CIANORTE,2.941,3.033,41.0,28.0
2017,3,PR,COLOMBO,2.817,2.995,51.0,48.0
2017,3,PR,CORNELIO PROCOPIO,2.908,3.029,17.0,16.0
2017,3,PR,CURITIBA,2.799,2.961,57.0,142.0
2017,3,PR,FOZ DO IGUACU,2.951,3.075,29.0,52.0
2017,3,PR,FRANCISCO BELTRAO,2.867,2.97,32.0,30.0
2017,3,PR,GUARAPUAVA,2.846,2.91,41.0,70.0
2017,3,PR,LARANJEIRAS DO SUL,2.881,3.008,20.0,31.0
2017,3,PR,LONDRINA,2.966,3.024,53.0,72.0
2017,3,PR,MARECHAL CANDIDO RONDON,2.994,3.056,25.0,20.0
2017,3,PR,MARINGA,2.867,3.04,24.0,62.0
2017,3,PR,PARANAGUA,2.875,3.035,28.0,31.0
2017,3,PR,PARANAVAI,2.857,2.938,24.0,28.0
2017,3,PR,PATO BRANCO,2.911,3.04,15.0,37.0
2017,3,PR,PINHAIS,2.92,3.05,26.0,28.0
2017,3,PR,PONTA GROSSA,2.82,2.91,32.0,45.0
2017,3,PR,SANTO ANTONIO DA PLATINA,2.864,2.939,24.0,23.0
2017,3,PR,SAO JOSE DOS PINHAIS,2.806,2.919,48.0,48.0
2017,3,PR,TOLEDO,2.94,3.024,37.0,22.0
2017,3,PR,UMUARAMA,2.817,2.949,29.0,42.0
2017,3,PR,UNIAO DA VITORIA,2.907,3.024,38.0,35.0
2017,3,RJ,ANGRA DOS REIS,3.542,3.603,15.0,25.0
2017,3,RJ,ARARUAMA,3.128,3.256,20.0,40.0
2017,3,RJ,BARRA DO PIRAI,3.253,3.374,28.0,30.0
2017,3,RJ,BARRA MANSA,3.119,3.373,43.0,31.0
2017,3,RJ,BELFORD ROXO,3.164,3.281,28.0,31.0
2017,3,RJ,CABO FRIO,3.373,3.486,15.0,40.0
2017,3,RJ,CAMPOS DOS GOYTACAZES,3.072,3.215,63.0,67.0
2017,3,RJ,DUQUE DE CAXIAS,3.147,3.298,73.0,83.0
2017,3,RJ,ITABORAI,3.07,3.208,40.0,35.0
2017,3,RJ,ITAGUAI,3.085,3.184,26.0,30.0
2017,3,RJ,ITAPERUNA,3.154,3.284,25.0,30.0
2017,3,RJ,MACAE,3.315,3.409,30.0,49.0
2017,3,RJ,MAGE,3.115,3.227,16.0,24.0
2017,3,RJ,MANGARATIBA,3.189,3.327,20.0,20.0
2017,3,RJ,MARICA,3.162,3.304,28.0,23.0
2017,3,RJ,NILOPOLIS,3.112,3.287,8.0,16.0
2017,3,RJ,NITEROI,3.168,3.341,23.0,74.0
2017,3,RJ,NOVA FRIBURGO,3.289,3.372,27.0,36.0
2017,3,RJ,NOVA IGUACU,3.128,3.291,52.0,58.0
2017,3,RJ,PARATY,3.486,3.645,8.0,27.0
2017,3,RJ,PETROPOLIS,3.179,3.334,34.0,39.0
2017,3,RJ,RESENDE,3.2,3.373,15.0,45.0
2017,3,RJ,RIO BONITO,3.201,3.292,24.0,20.0
2017,3,RJ,RIO DE JANEIRO,3.111,3.359,103.0,187.0
2017,3,RJ,SANTO ANTONIO DE PADUA,3.0,3.157,19.0,17.0
2017,3,RJ,SAO FRANCISCO DE ITABAPOANA,3.143,3.273,28.0,15.0
2017,3,RJ,SAO GONCALO,3.143,3.291,71.0,58.0
2017,3,RJ,SAO JOAO DE MERITI,3.131,3.254,35.0,28.0
2017,3,RJ,SAPUCAIA,2.915,2.992,50.0,30.0
2017,3,RJ,SAQUAREMA,3.214,3.356,20.0,25.0
2017,3,RJ,TERESOPOLIS,3.168,3.248,21.0,40.0
2017,3,RJ,TRES RIOS,2.988,3.208,25.0,40.0
2017,3,RJ,VALENCA,3.267,3.384,35.0,40.0
2017,3,RJ,VASSOURAS,3.095,3.319,16.0,29.0
2017,3,RJ,VOLTA REDONDA,3.272,3.475,31.0,19.0
2017,3,RN,CAICO,3.132,3.276,31.0,25.0
2017,3,RN,MOSSORO,3.107,3.321,84.0,64.0
2017,3,RN,NATAL,3.098,3.296,49.0,85.0
2017,3,RN,PARNAMIRIM,3.09,3.231,46.0,48.0
2017,3,RN,SAO JOSE DE MIPIBU,3.058,3.219,35.0,30.0
2017,3,RO,ARIQUEMES,3.306,3.407,45.0,45.0
2017,3,RO,CACOAL,3.259,3.325,40.0,40.0
2017,3,RO,GUAJARA MIRIM,3.37,3.453,15.0,10.0
2017,3,RO,JI PARANA,3.287,3.392,67.0,63.0
2017,3,RO,PIMENTA BUENO,3.408,3.488,30.0,30.0
2017,3,RO,PORTO VELHO,3.308,3.434,87.0,67.0
2017,3,RO,VILHENA,3.301,3.408,45.0,41.0
2017,3,RR,BOA VISTA,3.32,3.4,39.0,41.0
2017,3,RS,ALEGRETE,3.133,3.225,20.0,20.0
2017,3,RS,ALVORADA,2.999,3.166,12.0,6.0
2017,3,RS,BAGE,3.24,3.404,30.0,39.0
2017,3,RS,BENTO GONCALVES,2.943,3.092,21.0,24.0
2017,3,RS,CACAPAVA DO SUL,3.095,3.226,20.0,30.0
2017,3,RS,CACHOEIRA DO SUL,3.009,3.169,31.0,30.0
2017,3,RS,CACHOEIRINHA,2.792,2.922,32.0,28.0
2017,3,RS,CANOAS,2.813,3.053,44.0,29.0
2017,3,RS,CAXIAS DO SUL,2.911,3.132,20.0,64.0
2017,3,RS,CRUZ ALTA,3.031,3.127,37.0,24.0
2017,3,RS,ERECHIM,3.012,3.186,35.0,50.0
2017,3,RS,ESTEIO,2.891,3.099,27.0,27.0
2017,3,RS,GRAMADO,3.122,3.244,14.0,24.0
2017,3,RS,GRAVATAI,2.859,2.977,48.0,38.0
2017,3,RS,GUAIBA,2.934,3.111,35.0,31.0
2017,3,RS,IJUI,3.052,3.209,29.0,26.0
2017,3,RS,LAJEADO,2.882,3.076,16.0,26.0
2017,3,RS,NOVO HAMBURGO,2.807,3.025,50.0,56.0
2017,3,RS,OSORIO,2.947,3.107,29.0,30.0
2017,3,RS,PALMEIRA DAS MISSOES,2.971,3.093,25.0,28.0
2017,3,RS,PASSO FUNDO,3.097,3.257,30.0,55.0
2017,3,RS,PELOTAS,3.014,3.237,47.0,53.0
2017,3,RS,PORTO ALEGRE,2.883,3.148,23.0,60.0
2017,3,RS,RIO GRANDE,3.073,3.226,42.0,42.0
2017,3,RS,SANTA CRUZ DO SUL,2.969,3.056,27.0,34.0
2017,3,RS,SANTA MARIA,3.014,3.122,42.0,42.0
2017,3,RS,SANTA ROSA,3.089,3.262,30.0,30.0
2017,3,RS,SANTANA DO LIVRAMENTO,3.196,3.389,29.0,27.0
2017,3,RS,SANTO ANGELO,3.031,3.158,35.0,33.0
2017,3,RS,SAO BORJA,3.074,3.25,30.0,30.0
2017,3,RS,SAO GABRIEL,3.147,3.292,23.0,23.0
2017,3,RS,SAO LEOPOLDO,2.824,3.01,54.0,47.0
2017,3,RS,SAO LUIZ GONZAGA,2.983,3.142,25.0,19.0
2017,3,RS,SAPIRANGA,2.853,2.988,23.0,42.0
2017,3,RS,SAPUCAIA DO SUL,2.794,3.007,38.0,32.0
2017,3,RS,TORRES,2.987,3.11,20.0,25.0
2017,3,RS,TRAMANDAI,2.973,3.181,17.0,22.0
2017,3,RS,URUGUAIANA,3.141,3.247,24.0,32.0
2017,3,RS,VACARIA,2.967,3.088,28.0,45.0
2017,3,RS,VIAMAO,2.98,3.061,20.0,14.0
2017,3,SC,ARARANGUA,2.872,3.025,30.0,23.0
2017,3,SC,BALNEARIO CAMBORIU,3.229,3.256,4.0,36.0
2017,3,SC,BIGUACU,2.863,3.051,21.0,34.0
2017,3,SC,BLUMENAU,3.04,3.09,44.0,80.0
2017,3,SC,BRUSQUE,3.028,3.118,28.0,46.0
2017,3,SC,CACADOR,3.039,3.113,18.0,23.0
2017,3,SC,CHAPECO,3.002,3.157,28.0,43.0
2017,3,SC,CONCORDIA,3.043,3.22,14.0,17.0
2017,3,SC,CRICIUMA,2.953,3.113,26.0,44.0
2017,3,SC,FLORIANOPOLIS,3.292,3.343,29.0,97.0
2017,3,SC,ITAJAI,2.987,3.099,15.0,45.0
2017,3,SC,JARAGUA DO SUL,3.038,3.122,27.0,49.0
2017,3,SC,JOINVILLE,2.998,3.079,26.0,52.0
2017,3,SC,LAGES,3.078,3.159,15.0,35.0
2017,3,SC,LAGUNA,2.998,3.097,31.0,21.0
2017,3,SC,MAFRA,3.036,3.163,19.0,30.0
2017,3,SC,PALHOCA,3.023,3.118,47.0,70.0
2017,3,SC,SAO JOSE,3.008,3.134,41.0,58.0
2017,3,SC,SAO MIGUEL DO OESTE,3.089,3.111,15.0,15.0
2017,3,SC,TUBARAO,2.818,2.902,34.0,42.0
2017,3,SC,VIDEIRA,2.971,3.078,25.0,28.0
2017,3,SC,XANXERE,2.985,3.108,19.0,19.0
2017,3,SE,ARACAJU,3.021,3.226,15.0,66.0
2017,3,SE,ITABAIANA,2.987,3.072,40.0,40.0
2017,3,SE,LAGARTO,2.907,3.03,20.0,30.0
2017,3,SE,NOSSA SENHORA DO SOCORRO,2.971,3.064,35.0,35.0
2017,3,SP,ADAMANTINA,2.963,3.125,20.0,30.0
2017,3,SP,AMERICANA,2.877,2.999,25.0,50.0
2017,3,SP,AMPARO,3.057,3.153,55.0,38.0
2017,3,SP,ARACATUBA,3.018,3.169,73.0,93.0
2017,3,SP,ARARAQUARA,3.008,3.17,49.0,50.0
2017,3,SP,ARARAS,2.875,3.011,58.0,51.0
2017,3,SP,ASSIS,3.043,3.105,60.0,80.0
2017,3,SP,ATIBAIA,2.979,3.114,48.0,70.0
2017,3,SP,AVARE,3.122,3.169,45.0,45.0
2017,3,SP,BARRETOS,2.988,3.091,49.0,63.0
2017,3,SP,BARUERI,2.986,3.186,27.0,61.0
2017,3,SP,BAURU,2.908,3.047,82.0,81.0
2017,3,SP,BEBEDOURO,3.004,3.091,32.0,36.0
2017,3,SP,BIRIGUI,3.003,3.133,40.0,50.0
2017,3,SP,BOTUCATU,3.013,3.134,35.0,30.0
2017,3,SP,BRAGANCA PAULISTA,2.939,3.036,28.0,35.0
2017,3,SP,CACAPAVA,2.957,3.035,30.0,30.0
2017,3,SP,CAMPINAS,2.96,3.083,72.0,108.0
2017,3,SP,CAMPOS DO JORDAO,2.964,3.067,11.0,9.0
2017,3,SP,CAPAO BONITO,2.957,3.071,27.0,25.0
2017,3,SP,CARAGUATATUBA,3.197,3.311,24.0,36.0
2017,3,SP,CARAPICUIBA,2.974,3.049,12.0,27.0
2017,3,SP,CATANDUVA,3.006,3.096,28.0,44.0
2017,3,SP,COSMOPOLIS,2.963,3.092,16.0,8.0
2017,3,SP,COTIA,2.975,3.138,29.0,40.0
2017,3,SP,CRUZEIRO,2.995,3.011,21.0,15.0
2017,3,SP,CUBATAO,3.078,3.318,11.0,20.0
2017,3,SP,DIADEMA,2.945,3.114,23.0,48.0
2017,3,SP,DRACENA,3.049,3.167,28.0,24.0
2017,3,SP,EMBU DAS ARTES,3.012,3.136,44.0,32.0
2017,3,SP,FRANCA,2.92,3.044,79.0,81.0
2017,3,SP,GARCA,3.043,3.128,27.0,18.0
2017,3,SP,GUARATINGUETA,3.078,3.18,27.0,30.0
2017,3,SP,GUARUJA,2.975,3.269,12.0,35.0
2017,3,SP,GUARULHOS,2.928,3.061,51.0,75.0
2017,3,SP,HORTOLANDIA,2.867,3.062,34.0,27.0
2017,3,SP,IBITINGA,2.943,3.122,25.0,33.0
2017,3,SP,INDAIATUBA,3.028,3.107,33.0,44.0
2017,3,SP,ITANHAEM,3.091,3.304,11.0,11.0
2017,3,SP,ITAPECERICA DA SERRA,2.948,3.056,36.0,24.0
2017,3,SP,ITAPETININGA,2.924,3.028,55.0,55.0
2017,3,SP,ITAPEVA,3.066,3.18,40.0,38.0
2017,3,SP,ITAPEVI,3.089,3.092,10.0,16.0
2017,3,SP,ITAPIRA,2.923,3.057,36.0,29.0
2017,3,SP,ITAPOLIS,2.951,3.078,40.0,34.0
2017,3,SP,ITAQUAQUECETUBA,2.945,3.07,22.0,36.0
2017,3,SP,ITATIBA,2.962,3.07,40.0,40.0
2017,3,SP,ITU,2.914,3.057,35.0,60.0
2017,3,SP,JABOTICABAL,2.881,3.056,43.0,57.0
2017,3,SP,JACAREI,2.822,2.942,51.0,54.0
2017,3,SP,JALES,2.942,3.044,35.0,28.0
2017,3,SP,JANDIRA,2.912,3.027,8.0,12.0
2017,3,SP,JAU,2.99,3.094,38.0,44.0
2017,3,SP,JOSE BONIFACIO,2.817,2.925,50.0,43.0
2017,3,SP,JUNDIAI,3.037,3.211,38.0,66.0
2017,3,SP,LEME,2.939,3.033,48.0,45.0
2017,3,SP,LIMEIRA,2.919,3.111,57.0,74.0
2017,3,SP,LINS,3.059,3.088,51.0,39.0
2017,3,SP,LORENA,2.829,2.976,25.0,30.0
2017,3,SP,MARILIA,3.047,3.202,38.0,29.0
2017,3,SP,MATAO,2.993,3.124,55.0,45.0
2017,3,SP,MAUA,3.032,3.132,27.0,35.0
2017,3,SP,MIRASSOL,2.899,3.025,35.0,35.0
2017,3,SP,MOCOCA,2.868,2.954,50.0,30.0
2017,3,SP,MOGI DAS CRUZES,2.964,3.069,38.0,58.0
2017,3,SP,MOGI GUACU,2.997,3.112,32.0,37.0
2017,3,SP,MOGI MIRIM,2.902,3.044,28.0,37.0
2017,3,SP,MONTE ALTO,3.268,3.353,30.0,40.0
2017,3,SP,OLIMPIA,2.873,3.023,35.0,26.0
2017,3,SP,OSASCO,3.007,3.139,55.0,43.0
2017,3,SP,OURINHOS,2.99,3.09,46.0,57.0
2017,3,SP,PARAGUACU PAULISTA,3.006,3.123,40.0,23.0
2017,3,SP,PAULINIA,2.954,3.081,39.0,49.0
2017,3,SP,PINDAMONHANGABA,2.868,2.952,18.0,24.0
2017,3,SP,PIRACICABA,2.907,3.042,57.0,59.0
2017,3,SP,PIRASSUNUNGA,2.957,3.044,24.0,24.0
2017,3,SP,POA,3.073,3.094,13.0,14.0
2017,3,SP,PORTO FERREIRA,2.914,3.006,24.0,16.0
2017,3,SP,PRAIA GRANDE,3.068,3.181,24.0,37.0
2017,3,SP,PRESIDENTE PRUDENTE,3.044,3.188,66.0,72.0
2017,3,SP,PRESIDENTE VENCESLAU,2.999,3.174,50.0,40.0
2017,3,SP,RIBEIRAO PIRES,3.034,3.325,20.0,14.0
2017,3,SP,RIBEIRAO PRETO,2.924,3.132,51.0,107.0
2017,3,SP,RIO CLARO,2.888,3.027,29.0,44.0
2017,3,SP,SALTO,2.923,3.061,27.0,31.0
2017,3,SP,SANTA BARBARA D OESTE,2.903,3.05,38.0,42.0
2017,3,SP,SANTA CRUZ DO RIO PARDO,3.067,3.111,31.0,30.0
2017,3,SP,SANTO ANDRE,2.992,3.129,45.0,93.0
2017,3,SP,SANTOS,2.992,3.226,14.0,44.0
2017,3,SP,SAO BERNARDO DO CAMPO,3.012,3.156,24.0,75.0
2017,3,SP,SAO CAETANO DO SUL,2.943,3.192,9.0,44.0
2017,3,SP,SAO CARLOS,3.039,3.176,53.0,88.0
2017,3,SP,SAO JOAO DA BOA VISTA,2.929,3.076,43.0,37.0
2017,3,SP,SAO JOAQUIM DA BARRA,2.975,3.107,35.0,40.0
2017,3,SP,SAO JOSE DO RIO PRETO,2.912,3.093,80.0,72.0
2017,3,SP,SAO JOSE DOS CAMPOS,2.811,2.955,43.0,71.0
2017,3,SP,SAO PAULO,2.926,3.164,114.0,432.0
2017,3,SP,SAO ROQUE,3.082,3.118,10.0,30.0
2017,3,SP,SAO VICENTE,2.944,3.144,40.0,39.0
2017,3,SP,SERTAOZINHO,2.988,3.097,45.0,47.0
2017,3,SP,SOROCABA,2.921,3.006,74.0,105.0
2017,3,SP,SUMARE,2.928,3.048,59.0,52.0
2017,3,SP,SUZANO,2.934,3.039,30.0,38.0
2017,3,SP,TABOAO DA SERRA,3.153,3.103,17.0,20.0
2017,3,SP,TATUI,3.011,3.081,25.0,43.0
2017,3,SP,TAUBATE,2.848,3.043,22.0,45.0
2017,3,SP,TUPA,3.086,3.2,53.0,34.0
2017,3,SP,UBATUBA,3.299,3.251,3.0,35.0
2017,3,SP,VALINHOS,2.892,3.026,32.0,38.0
2017,3,SP,VARZEA PAULISTA,2.989,3.092,40.0,25.0
2017,3,SP,VINHEDO,3.037,3.166,29.0,39.0
2017,3,SP,VOTORANTIM,2.933,3.025,38.0,45.0
2017,3,SP,VOTUPORANGA,3.05,3.204,40.0,48.0
2017,3,TO,ARAGUAINA,2.967,3.08,40.0,52.0
2017,3,TO,GURUPI,3.166,3.243,35.0,40.0
2017,3,TO,PALMAS,3.024,3.141,27.0,35.0
2017,3,TO,PARAISO DO TOCANTINS,3.096,3.188,30.0,40.0
2017,3,TO,PORTO NACIONAL,2.857,2.937,20.0,23.0
2017,4,AC,CRUZEIRO DO SUL,4.131,4.166,39.0,24.0
2017,4,AC,RIO BRANCO,3.658,3.741,82.0,81.0
2017,4,AL,ARAPIRACA,3.051,3.122,35.0,49.0
2017,4,AL,DELMIRO GOUVEIA,3.138,3.24,27.0,27.0
2017,4,AL,MACEIO,3.093,3.152,27.0,34.0
2017,4,AL,MARECHAL DEODORO,2.942,3.115,16.0,8.0
2017,4,AL,PALMEIRA DOS INDIOS,3.032,3.157,32.0,24.0
2017,4,AL,RIO LARGO,3.069,3.218,20.0,28.0
2017,4,AL,SANTANA DO IPANEMA,3.024,3.106,19.0,14.0
2017,4,AM,HUMAITA,3.472,3.562,24.0,16.0
2017,4,AM,ITACOATIARA,3.596,3.719,38.0,25.0
2017,4,AM,MANACAPURU,3.119,3.258,35.0,20.0
2017,4,AM,MANAUS,3.147,3.27,84.0,83.0
2017,4,AM,PARINTINS,3.385,3.59,16.0,4.0
2017,4,AM,TEFE,,3.675,,16.0
2017,4,AP,MACAPA,3.596,4.04,48.0,44.0
2017,4,AP,SANTANA,3.47,4.0,24.0,12.0
2017,4,BA,ALAGOINHAS,2.815,2.94,28.0,26.0
2017,4,BA,BARREIRAS,3.081,3.177,44.0,37.0
2017,4,BA,BRUMADO,2.993,3.103,28.0,20.0
2017,4,BA,CAETITE,3.062,3.198,20.0,24.0
2017,4,BA,CAMACARI,2.951,3.071,28.0,38.0
2017,4,BA,CANDEIAS,2.969,3.065,28.0,28.0
2017,4,BA,CONCEICAO DO JACUIPE,2.747,2.88,36.0,36.0
2017,4,BA,EUNAPOLIS,3.007,3.218,23.0,23.0
2017,4,BA,FEIRA DE SANTANA,2.782,2.872,53.0,80.0
2017,4,BA,GUANAMBI,2.978,3.076,36.0,32.0
2017,4,BA,ILHEUS,3.196,3.355,33.0,32.0
2017,4,BA,IPIRA,2.929,3.045,20.0,15.0
2017,4,BA,IRECE,3.11,3.149,28.0,20.0
2017,4,BA,ITABUNA,3.059,3.206,44.0,53.0
2017,4,BA,ITAMARAJU,3.026,3.147,24.0,16.0
2017,4,BA,JACOBINA,2.939,3.097,20.0,16.0
2017,4,BA,JAGUAQUARA,2.887,3.01,28.0,28.0
2017,4,BA,JEQUIE,2.986,3.056,24.0,20.0
2017,4,BA,JUAZEIRO,2.949,3.076,31.0,35.0
2017,4,BA,LAURO DE FREITAS,2.916,3.012,7.0,41.0
2017,4,BA,LIVRAMENTO DE NOSSA SENHORA,3.111,3.226,24.0,18.0
2017,4,BA,PAULO AFONSO,2.993,3.158,20.0,28.0
2017,4,BA,POCOES,2.871,2.958,28.0,12.0
2017,4,BA,PORTO SEGURO,3.445,3.716,16.0,20.0
2017,4,BA,SALVADOR,3.008,3.109,60.0,180.0
2017,4,BA,SANTO ANTONIO DE JESUS,2.873,2.953,24.0,21.0
2017,4,BA,SENHOR DO BONFIM,2.989,3.107,32.0,20.0
2017,4,BA,SERRINHA,2.888,2.957,20.0,12.0
2017,4,BA,SIMOES FILHO,2.967,3.096,31.0,24.0
2017,4,BA,TEIXEIRA DE FREITAS,3.009,3.168,24.0,36.0
2017,4,BA,VALENCA,3.117,3.102,40.0,20.0
2017,4,BA,VITORIA DA CONQUISTA,2.922,3.124,29.0,17.0
2017,4,CE,BEBERIBE,3.122,3.269,4.0,16.0
2017,4,CE,CANINDE,3.18,3.262,24.0,28.0
2017,4,CE,CAUCAIA,,3.193,,82.0
2017,4,CE,CRATEUS,3.127,3.251,24.0,20.0
2017,4,CE,CRATO,3.082,3.192,37.0,24.0
2017,4,CE,FORTALEZA,,3.172,,286.0
2017,4,CE,ICO,3.12,3.218,20.0,27.0
2017,4,CE,IGUATU,3.204,3.336,29.0,23.0
2017,4,CE,IPU,3.065,3.229,24.0,24.0
2017,4,CE,ITAPIPOCA,3.164,3.25,24.0,28.0
2017,4,CE,JUAZEIRO DO NORTE,3.107,3.271,36.0,31.0
2017,4,CE,LIMOEIRO DO NORTE,3.189,3.292,19.0,19.0
2017,4,CE,MARACANAU,,3.134,,40.0
2017,4,CE,MORADA NOVA,3.106,3.223,24.0,8.0
2017,4,CE,QUIXADA,3.057,3.257,24.0,28.0
2017,4,CE,SOBRAL,3.136,3.23,40.0,48.0
2017,4,DF,BRASILIA,3.222,3.411,54.0,108.0
2017,4,ES,ARACRUZ,3.116,3.189,20.0,20.0
2017,4,ES,BARRA DE SAO FRANCISCO,3.075,3.231,16.0,16.0
2017,4,ES,CACHOEIRO DE ITAPEMIRIM,3.12,3.198,36.0,31.0
2017,4,ES,CARIACICA,3.008,3.144,22.0,24.0
2017,4,ES,COLATINA,3.148,3.254,28.0,32.0
2017,4,ES,GUARAPARI,3.128,3.219,34.0,32.0
2017,4,ES,ITAPEMIRIM,3.185,3.223,15.0,12.0
2017,4,ES,LINHARES,2.957,3.048,32.0,36.0
2017,4,ES,SAO MATEUS,3.119,3.268,28.0,20.0
2017,4,ES,SERRA,3.04,3.16,44.0,18.0
2017,4,ES,VILA VELHA,3.017,3.124,24.0,39.0
2017,4,ES,VITORIA,3.051,3.171,18.0,40.0
2017,4,GO,AGUAS LINDAS DE GOIAS,3.188,3.328,16.0,16.0
2017,4,GO,ANAPOLIS,3.043,3.182,55.0,37.0
2017,4,GO,APARECIDA DE GOIANIA,3.044,3.193,45.0,24.0
2017,4,GO,CALDAS NOVAS,3.064,3.226,30.0,20.0
2017,4,GO,CATALAO,3.128,3.291,28.0,24.0
2017,4,GO,FORMOSA,3.106,3.283,28.0,36.0
2017,4,GO,GOIANIA,3.087,3.225,133.0,65.0
2017,4,GO,GOIATUBA,3.086,3.199,36.0,20.0
2017,4,GO,ITUMBIARA,3.07,3.167,59.0,28.0
2017,4,GO,JATAI,3.247,3.386,49.0,44.0
2017,4,GO,LUZIANIA,3.071,3.253,46.0,19.0
2017,4,GO,MINEIROS,3.144,3.32,25.0,16.0
2017,4,GO,MORRINHOS,3.064,3.119,44.0,16.0
2017,4,GO,PORANGATU,3.091,3.203,28.0,21.0
2017,4,GO,RIO VERDE,3.17,3.297,30.0,59.0
2017,4,GO,TRINDADE,3.005,3.29,28.0,4.0
2017,4,GO,VALPARAISO DE GOIAS,3.144,3.344,26.0,14.0
2017,4,MA,ACAILANDIA,2.951,3.055,25.0,28.0
2017,4,MA,BACABAL,3.063,3.053,17.0,13.0
2017,4,MA,BALSAS,3.17,3.257,24.0,28.0
2017,4,MA,BARRA DO CORDA,3.014,3.127,27.0,31.0
2017,4,MA,CAXIAS,3.01,3.096,24.0,28.0
2017,4,MA,CODO,3.035,3.118,20.0,16.0
2017,4,MA,IMPERATRIZ,2.991,3.08,33.0,38.0
2017,4,MA,PINHEIRO,3.125,3.246,20.0,16.0
2017,4,MA,PRESIDENTE DUTRA,2.953,3.052,24.0,24.0
2017,4,MA,SANTA INES,2.987,3.084,16.0,20.0
2017,4,MA,SAO DOMINGOS DO MARANHAO,2.881,2.853,8.0,4.0
2017,4,MA,SAO JOSE DE RIBAMAR,2.84,3.01,23.0,29.0
2017,4,MA,SAO LUIS,2.944,3.08,53.0,115.0
2017,4,MA,TIMON,3.142,3.269,19.0,15.0
2017,4,MG,ALFENAS,3.046,3.224,16.0,20.0
2017,4,MG,ARAGUARI,2.986,3.13,60.0,48.0
2017,4,MG,ARAXA,3.041,3.129,32.0,24.0
2017,4,MG,BARBACENA,3.011,3.097,24.0,24.0
2017,4,MG,BELO HORIZONTE,2.963,3.143,37.0,70.0
2017,4,MG,BETIM,2.932,3.054,36.0,40.0
2017,4,MG,BOM DESPACHO,2.981,3.066,28.0,19.0
2017,4,MG,CAMPO BELO,2.962,3.139,25.0,11.0
2017,4,MG,CARATINGA,2.968,2.979,24.0,12.0
2017,4,MG,CATAGUASES,3.079,3.164,20.0,8.0
2017,4,MG,CONGONHAS,3.001,3.137,16.0,20.0
2017,4,MG,CONSELHEIRO LAFAIETE,3.087,3.162,20.0,12.0
2017,4,MG,CONTAGEM,2.88,3.003,53.0,37.0
2017,4,MG,CORONEL FABRICIANO,2.951,3.033,26.0,19.0
2017,4,MG,CURVELO,3.049,3.12,20.0,24.0
2017,4,MG,DIAMANTINA,3.155,3.294,8.0,17.0
2017,4,MG,DIVINOPOLIS,3.039,3.104,23.0,31.0
2017,4,MG,FORMIGA,2.976,3.165,21.0,10.0
2017,4,MG,FRUTAL,3.175,3.294,32.0,20.0
2017,4,MG,GOVERNADOR VALADARES,3.129,3.249,28.0,36.0
2017,4,MG,GUAXUPE,3.164,3.267,28.0,28.0
2017,4,MG,IPATINGA,2.952,3.051,34.0,30.0
2017,4,MG,ITABIRA,3.04,3.15,26.0,30.0
2017,4,MG,ITAJUBA,3.001,3.127,18.0,22.0
2017,4,MG,ITAUNA,2.949,3.159,20.0,8.0
2017,4,MG,ITUIUTABA,2.991,3.172,40.0,36.0
2017,4,MG,JANAUBA,3.051,3.227,23.0,16.0
2017,4,MG,JANUARIA,3.076,3.248,24.0,18.0
2017,4,MG,JOAO MONLEVADE,2.98,3.041,20.0,24.0
2017,4,MG,JOAO PINHEIRO,3.086,3.214,24.0,20.0
2017,4,MG,JUIZ DE FORA,3.01,3.163,26.0,33.0
2017,4,MG,LAVRAS,3.1,3.217,15.0,27.0
2017,4,MG,LEOPOLDINA,2.934,3.041,24.0,16.0
2017,4,MG,MANHUACU,2.969,3.083,28.0,27.0
2017,4,MG,MONTE CARMELO,3.102,3.182,35.0,31.0
2017,4,MG,MONTES CLAROS,2.923,3.118,52.0,36.0
2017,4,MG,MURIAE,3.049,3.126,24.0,32.0
2017,4,MG,NOVA LIMA,3.122,3.3,8.0,26.0
2017,4,MG,OLIVEIRA,2.923,3.003,26.0,20.0
2017,4,MG,OURO PRETO,3.172,3.184,17.0,19.0
2017,4,MG,PARA DE MINAS,3.197,3.262,25.0,28.0
2017,4,MG,PARACATU,3.221,3.312,12.0,20.0
2017,4,MG,PASSOS,3.032,3.078,18.0,24.0
2017,4,MG,PATOS DE MINAS,3.02,3.135,36.0,28.0
2017,4,MG,PATROCINIO,3.05,3.208,28.0,24.0
2017,4,MG,POCOS DE CALDAS,3.018,3.173,32.0,33.0
2017,4,MG,POUSO ALEGRE,3.037,3.134,33.0,41.0
2017,4,MG,RIBEIRAO DAS NEVES,2.872,3.01,24.0,12.0
2017,4,MG,SABARA,2.849,2.967,17.0,15.0
2017,4,MG,SANTA LUZIA,3.091,3.196,20.0,12.0
2017,4,MG,SAO JOAO DEL REI,3.063,3.152,12.0,16.0
2017,4,MG,SAO LOURENCO,3.06,3.179,20.0,12.0
2017,4,MG,SAO SEBASTIAO DO PARAISO,3.099,3.236,28.0,17.0
2017,4,MG,SETE LAGOAS,2.827,3.028,63.0,49.0
2017,4,MG,TEOFILO OTONI,3.039,3.119,40.0,32.0
2017,4,MG,TIMOTEO,2.908,3.059,24.0,8.0
2017,4,MG,TRES CORACOES,3.136,3.303,16.0,16.0
2017,4,MG,UBA,3.064,3.148,18.0,23.0
2017,4,MG,UBERABA,3.029,3.199,59.0,70.0
2017,4,MG,UBERLANDIA,2.964,3.177,72.0,32.0
2017,4,MG,UNAI,3.122,3.247,29.0,36.0
2017,4,MG,VARGINHA,3.107,3.184,33.0,36.0
2017,4,MG,VESPASIANO,2.971,3.093,22.0,19.0
2017,4,MG,VICOSA,3.204,3.236,4.0,16.0
2017,4,MS,CAMPO GRANDE,3.338,3.52,66.0,96.0
2017,4,MS,CORUMBA,3.484,3.622,22.0,16.0
2017,4,MS,COXIM,3.166,3.273,24.0,24.0
2017,4,MS,DOURADOS,3.378,3.496,22.0,34.0
2017,4,MS,NOVA ANDRADINA,3.347,3.442,24.0,20.0
2017,4,MS,PARANAIBA,3.352,3.464,24.0,28.0
2017,4,MS,PONTA PORA,3.19,3.407,8.0,16.0
2017,4,MS,TRES LAGOAS,3.425,3.522,43.0,44.0
2017,4,MT,ALTA FLORESTA,3.601,3.749,40.0,34.0
2017,4,MT,CACERES,3.159,3.26,24.0,36.0
2017,4,MT,CUIABA,3.326,3.45,88.0,144.0
2017,4,MT,RONDONOPOLIS,3.311,3.41,88.0,68.0
2017,4,MT,SINOP,3.402,3.512,28.0,41.0
2017,4,MT,SORRISO,3.502,3.618,28.0,40.0
2017,4,MT,VARZEA GRANDE,3.155,3.398,54.0,44.0
2017,4,PA,ABAETETUBA,3.505,3.573,16.0,12.0
2017,4,PA,ALENQUER,3.647,3.85,23.0,4.0
2017,4,PA,ALTAMIRA,3.384,3.636,20.0,20.0
2017,4,PA,ANANINDEUA,,3.189,,32.0
2017,4,PA,BELEM,,3.284,,56.0
2017,4,PA,BRAGANCA,,3.01,,20.0
2017,4,PA,CAMETA,3.275,3.378,8.0,9.0
2017,4,PA,CASTANHAL,3.019,3.135,24.0,24.0
2017,4,PA,CONCEICAO DO ARAGUAIA,3.562,3.644,24.0,17.0
2017,4,PA,ITAITUBA,3.122,3.248,20.0,24.0
2017,4,PA,MARABA,3.245,3.265,47.0,44.0
2017,4,PA,PARAGOMINAS,3.162,3.264,16.0,16.0
2017,4,PA,PARAUAPEBAS,3.423,3.506,17.0,36.0
2017,4,PA,REDENCAO,3.317,3.41,16.0,16.0
2017,4,PA,SANTANA DO ARAGUAIA,3.484,3.607,20.0,12.0
2017,4,PA,SANTAREM,3.188,3.27,44.0,36.0
2017,4,PA,XINGUARA,3.343,3.415,27.0,16.0
2017,4,PB,BAYEUX,2.982,3.031,24.0,24.0
2017,4,PB,CABEDELO,3.031,3.139,20.0,15.0
2017,4,PB,CAMPINA GRANDE,2.997,3.063,38.0,45.0
2017,4,PB,JOAO PESSOA,2.872,3.007,20.0,33.0
2017,4,PB,PATOS,2.988,3.084,24.0,19.0
2017,4,PB,SANTA RITA,2.917,3.022,13.0,12.0
2017,4,PB,SOUSA,3.123,3.192,12.0,16.0
2017,4,PE,ABREU E LIMA,,2.9,,28.0
2017,4,PE,ARARIPINA,2.973,2.98,32.0,32.0
2017,4,PE,ARCOVERDE,3.03,3.02,8.0,28.0
2017,4,PE,BELO JARDIM,2.982,2.978,12.0,28.0
2017,4,PE,CABO DE SANTO AGOSTINHO,,2.954,,24.0
2017,4,PE,CAMARAGIBE,,2.964,,28.0
2017,4,PE,CARUARU,,2.983,,61.0
2017,4,PE,GARANHUNS,2.903,2.907,24.0,45.0
2017,4,PE,GOIANA,,2.95,,24.0
2017,4,PE,GRAVATA,,2.965,,28.0
2017,4,PE,IGARASSU,,2.907,,32.0
2017,4,PE,JABOATAO DOS GUARARAPES,,2.957,,42.0
2017,4,PE,LAJEDO,2.871,2.913,16.0,20.0
2017,4,PE,OLINDA,,3.01,,36.0
2017,4,PE,PAULISTA,,2.959,,42.0
2017,4,PE,PETROLINA,3.06,3.162,36.0,39.0
2017,4,PE,RECIFE,,3.02,,84.0
2017,4,PE,SALGUEIRO,2.87,2.947,18.0,24.0
2017,4,PE,SANTA CRUZ DO CAPIBARIBE,,2.949,,28.0
2017,4,PE,SERRA TALHADA,2.902,2.955,8.0,24.0
2017,4,PE,SERTANIA,,3.106,,16.0
2017,4,PE,VITORIA DE SANTO ANTAO,2.857,2.932,18.0,32.0
2017,4,PI,CAMPO MAIOR,3.081,3.163,28.0,20.0
2017,4,PI,PARNAIBA,3.133,3.237,29.0,42.0
2017,4,PI,PICOS,3.008,3.054,33.0,26.0
2017,4,PI,PIRIPIRI,3.101,3.256,20.0,16.0
2017,4,PI,TERESINA,3.069,3.197,45.0,111.0
2017,4,PR,APUCARANA,2.94,3.065,42.0,41.0
2017,4,PR,ARAPONGAS,2.893,3.021,28.0,19.0
2017,4,PR,ARAUCARIA,2.758,2.87,31.0,28.0
2017,4,PR,ASSIS CHATEAUBRIAND,2.834,2.927,31.0,20.0
2017,4,PR,CAMBE,2.917,3.006,36.0,17.0
2017,4,PR,CAMPO LARGO,2.716,2.846,20.0,16.0
2017,4,PR,CAMPO MOURAO,2.835,2.898,51.0,35.0
2017,4,PR,CASCAVEL,2.893,2.989,45.0,47.0
2017,4,PR,CASTRO,2.896,2.98,20.0,21.0
2017,4,PR,CIANORTE,2.915,3.015,40.0,27.0
2017,4,PR,COLOMBO,2.811,2.992,52.0,48.0
2017,4,PR,CORNELIO PROCOPIO,2.904,3.019,19.0,16.0
2017,4,PR,CURITIBA,2.775,2.952,38.0,114.0
2017,4,PR,FOZ DO IGUACU,2.922,3.07,23.0,56.0
2017,4,PR,FRANCISCO BELTRAO,2.85,2.963,25.0,23.0
2017,4,PR,GUARAPUAVA,2.757,2.829,36.0,56.0
2017,4,PR,LARANJEIRAS DO SUL,2.885,2.958,19.0,20.0
2017,4,PR,LONDRINA,2.884,2.969,46.0,53.0
2017,4,PR,MARECHAL CANDIDO RONDON,2.893,2.97,21.0,16.0
2017,4,PR,MARINGA,2.835,2.994,29.0,56.0
2017,4,PR,PARANAGUA,2.877,3.01,32.0,28.0
2017,4,PR,PARANAVAI,2.833,2.918,22.0,25.0
2017,4,PR,PATO BRANCO,2.899,3.008,12.0,30.0
2017,4,PR,PINHAIS,2.879,3.023,32.0,28.0
2017,4,PR,PONTA GROSSA,2.796,2.906,36.0,46.0
2017,4,PR,SANTO ANTONIO DA PLATINA,2.857,2.933,25.0,23.0
2017,4,PR,SAO JOSE DOS PINHAIS,2.808,2.914,49.0,51.0
2017,4,PR,TOLEDO,2.908,2.996,31.0,24.0
2017,4,PR,UMUARAMA,2.777,2.919,33.0,39.0
2017,4,PR,UNIAO DA VITORIA,2.857,2.965,32.0,28.0
2017,4,RJ,ANGRA DOS REIS,3.542,3.58,12.0,20.0
2017,4,RJ,ARARUAMA,3.114,3.256,18.0,33.0
2017,4,RJ,BARRA DO PIRAI,3.255,3.366,24.0,24.0
2017,4,RJ,BARRA MANSA,3.121,3.337,36.0,26.0
2017,4,RJ,BELFORD ROXO,3.115,3.233,21.0,23.0
2017,4,RJ,CABO FRIO,3.361,3.462,12.0,32.0
2017,4,RJ,CAMPOS DOS GOYTACAZES,3.033,3.182,53.0,58.0
2017,4,RJ,DUQUE DE CAXIAS,3.139,3.274,55.0,64.0
2017,4,RJ,ITABORAI,3.018,3.149,34.0,28.0
2017,4,RJ,ITAGUAI,3.065,3.15,20.0,24.0
2017,4,RJ,ITAPERUNA,3.146,3.253,20.0,24.0
2017,4,RJ,MACAE,3.269,3.391,24.0,37.0
2017,4,RJ,MAGE,3.099,3.225,16.0,24.0
2017,4,RJ,MANGARATIBA,3.173,3.314,16.0,16.0
2017,4,RJ,MARICA,3.181,3.332,28.0,26.0
2017,4,RJ,NILOPOLIS,3.129,3.233,8.0,15.0
2017,4,RJ,NITEROI,3.172,3.325,17.0,59.0
2017,4,RJ,NOVA FRIBURGO,3.219,3.375,26.0,32.0
2017,4,RJ,NOVA IGUACU,3.08,3.251,44.0,49.0
2017,4,RJ,PARATY,3.446,3.623,11.0,27.0
2017,4,RJ,PETROPOLIS,3.158,3.325,38.0,38.0
2017,4,RJ,RESENDE,3.269,3.367,12.0,36.0
2017,4,RJ,RIO BONITO,3.175,3.272,24.0,20.0
2017,4,RJ,RIO DE JANEIRO,3.114,3.325,81.0,136.0
2017,4,RJ,SANTO ANTONIO DE PADUA,2.985,3.127,17.0,18.0
2017,4,RJ,SAO FRANCISCO DE ITABAPOANA,3.135,3.25,28.0,12.0
2017,4,RJ,SAO GONCALO,3.15,3.286,52.0,49.0
2017,4,RJ,SAO JOAO DE MERITI,3.06,3.204,25.0,24.0
2017,4,RJ,SAPUCAIA,2.928,3.001,40.0,24.0
2017,4,RJ,SAQUAREMA,3.163,3.307,16.0,20.0
2017,4,RJ,TERESOPOLIS,3.115,3.211,20.0,40.0
2017,4,RJ,TRES RIOS,2.974,3.166,20.0,32.0
2017,4,RJ,VALENCA,3.204,3.324,28.0,32.0
2017,4,RJ,VASSOURAS,3.043,3.29,14.0,24.0
2017,4,RJ,VOLTA REDONDA,3.289,3.482,25.0,10.0
2017,4,RN,CAICO,3.087,3.222,24.0,21.0
2017,4,RN,MOSSORO,3.076,3.247,67.0,51.0
2017,4,RN,NATAL,3.065,3.221,43.0,68.0
2017,4,RN,PARNAMIRIM,3.022,3.205,32.0,44.0
2017,4,RN,SAO JOSE DE MIPIBU,3.018,3.188,28.0,24.0
2017,4,RO,ARIQUEMES,3.267,3.367,36.0,36.0
2017,4,RO,CACOAL,3.233,3.305,32.0,32.0
2017,4,RO,GUAJARA MIRIM,3.343,3.465,12.0,8.0
2017,4,RO,JI PARANA,3.223,3.323,53.0,48.0
2017,4,RO,PIMENTA BUENO,3.408,3.486,24.0,24.0
2017,4,RO,PORTO VELHO,3.254,3.374,69.0,58.0
2017,4,RO,VILHENA,3.249,3.39,33.0,35.0
2017,4,RR,BOA VISTA,3.269,3.345,29.0,31.0
2017,4,RS,ALEGRETE,3.084,3.168,16.0,16.0
2017,4,RS,ALVORADA,2.9,3.11,9.0,9.0
2017,4,RS,BAGE,3.206,3.377,18.0,29.0
2017,4,RS,BENTO GONCALVES,2.955,3.074,12.0,23.0
2017,4,RS,CACAPAVA DO SUL,3.074,3.165,16.0,24.0
2017,4,RS,CACHOEIRA DO SUL,2.981,3.145,26.0,24.0
2017,4,RS,CACHOEIRINHA,2.767,2.894,32.0,28.0
2017,4,RS,CANOAS,2.803,3.037,35.0,25.0
2017,4,RS,CAXIAS DO SUL,2.926,3.106,22.0,51.0
2017,4,RS,CRUZ ALTA,3.016,3.171,26.0,17.0
2017,4,RS,ERECHIM,2.991,3.143,28.0,40.0
2017,4,RS,ESTEIO,2.883,3.087,26.0,25.0
2017,4,RS,GRAMADO,3.043,3.166,8.0,21.0
2017,4,RS,GRAVATAI,2.758,2.883,36.0,28.0
2017,4,RS,GUAIBA,2.923,3.089,28.0,26.0
2017,4,RS,IJUI,3.048,3.22,24.0,23.0
2017,4,RS,LAJEADO,2.863,3.035,14.0,19.0
2017,4,RS,NOVO HAMBURGO,2.752,2.962,43.0,43.0
2017,4,RS,OSORIO,2.801,2.962,20.0,24.0
2017,4,RS,PALMEIRA DAS MISSOES,2.904,3.013,20.0,21.0
2017,4,RS,PASSO FUNDO,3.071,3.25,26.0,43.0
2017,4,RS,PELOTAS,2.994,3.159,30.0,46.0
2017,4,RS,PORTO ALEGRE,2.787,3.097,18.0,60.0
2017,4,RS,RIO GRANDE,3.071,3.229,38.0,35.0
2017,4,RS,SANTA CRUZ DO SUL,2.889,2.994,34.0,27.0
2017,4,RS,SANTA MARIA,2.975,3.073,35.0,31.0
2017,4,RS,SANTA ROSA,3.062,3.231,26.0,24.0
2017,4,RS,SANTANA DO LIVRAMENTO,3.184,3.352,21.0,24.0
2017,4,RS,SANTO ANGELO,3.014,3.131,28.0,28.0
2017,4,RS,SAO BORJA,3.09,3.268,24.0,24.0
2017,4,RS,SAO GABRIEL,3.104,3.273,20.0,18.0
2017,4,RS,SAO LEOPOLDO,2.808,2.986,41.0,37.0
2017,4,RS,SAO LUIZ GONZAGA,2.876,2.99,20.0,16.0
2017,4,RS,SAPIRANGA,2.805,2.973,19.0,32.0
2017,4,RS,SAPUCAIA DO SUL,2.761,2.954,28.0,28.0
2017,4,RS,TORRES,2.938,3.075,16.0,20.0
2017,4,RS,TRAMANDAI,2.959,3.163,12.0,20.0
2017,4,RS,URUGUAIANA,3.132,3.243,21.0,28.0
2017,4,RS,VACARIA,2.895,3.051,18.0,36.0
2017,4,RS,VIAMAO,2.865,2.997,16.0,13.0
2017,4,SC,ARARANGUA,2.836,3.008,31.0,21.0
2017,4,SC,BALNEARIO CAMBORIU,3.147,3.171,4.0,36.0
2017,4,SC,BIGUACU,2.86,3.029,23.0,33.0
2017,4,SC,BLUMENAU,2.996,3.065,32.0,64.0
2017,4,SC,BRUSQUE,2.981,3.055,23.0,37.0
2017,4,SC,CACADOR,3.004,3.068,16.0,24.0
2017,4,SC,CHAPECO,2.989,3.132,24.0,33.0
2017,4,SC,CONCORDIA,2.98,3.143,20.0,20.0
2017,4,SC,CRICIUMA,2.953,3.099,24.0,44.0
2017,4,SC,FLORIANOPOLIS,3.147,3.31,25.0,82.0
2017,4,SC,ITAJAI,2.97,3.071,14.0,37.0
2017,4,SC,JARAGUA DO SUL,2.984,3.067,28.0,36.0
2017,4,SC,JOINVILLE,2.956,3.053,36.0,50.0
2017,4,SC,LAGES,3.113,3.171,12.0,28.0
2017,4,SC,LAGUNA,2.908,2.977,28.0,20.0
2017,4,SC,MAFRA,2.921,3.08,15.0,24.0
2017,4,SC,PALHOCA,2.991,3.017,36.0,53.0
2017,4,SC,SAO JOSE,2.99,3.084,26.0,50.0
2017,4,SC,SAO MIGUEL DO OESTE,3.067,3.092,12.0,12.0
2017,4,SC,TUBARAO,2.778,2.859,31.0,28.0
2017,4,SC,VIDEIRA,2.947,3.059,20.0,24.0
2017,4,SC,XANXERE,2.929,3.07,16.0,16.0
2017,4,SE,ARACAJU,3.056,3.191,15.0,50.0
2017,4,SE,ITABAIANA,2.97,3.06,32.0,32.0
2017,4,SE,LAGARTO,2.881,2.997,16.0,24.0
2017,4,SE,NOSSA SENHORA DO SOCORRO,2.918,3.029,29.0,30.0
2017,4,SP,ADAMANTINA,2.946,3.112,16.0,24.0
2017,4,SP,AMERICANA,2.859,2.977,16.0,45.0
2017,4,SP,AMPARO,3.03,3.153,39.0,32.0
2017,4,SP,ARACATUBA,2.979,3.105,61.0,75.0
2017,4,SP,ARARAQUARA,3.006,3.169,50.0,55.0
2017,4,SP,ARARAS,2.85,2.988,47.0,40.0
2017,4,SP,ASSIS,3.025,3.068,49.0,64.0
2017,4,SP,ATIBAIA,2.954,3.101,36.0,56.0
2017,4,SP,AVARE,3.077,3.147,36.0,36.0
2017,4,SP,BARRETOS,2.97,3.075,35.0,49.0
2017,4,SP,BARUERI,2.911,3.117,26.0,62.0
2017,4,SP,BAURU,2.887,3.025,64.0,63.0
2017,4,SP,BEBEDOURO,2.989,3.063,24.0,30.0
2017,4,SP,BIRIGUI,2.984,3.113,32.0,40.0
2017,4,SP,BOTUCATU,2.98,3.102,28.0,22.0
2017,4,SP,BRAGANCA PAULISTA,2.897,3.026,32.0,41.0
2017,4,SP,CACAPAVA,2.942,3.034,28.0,28.0
2017,4,SP,CAMPINAS,2.936,3.062,73.0,109.0
2017,4,SP,CAMPOS DO JORDAO,3.029,2.942,7.0,13.0
2017,4,SP,CAPAO BONITO,2.954,3.048,20.0,20.0
2017,4,SP,CARAGUATATUBA,3.166,3.258,26.0,36.0
2017,4,SP,CARAPICUIBA,2.947,3.012,12.0,28.0
2017,4,SP,CATANDUVA,2.958,3.036,27.0,31.0
2017,4,SP,COSMOPOLIS,2.955,3.092,16.0,8.0
2017,4,SP,COTIA,2.977,3.129,28.0,40.0
2017,4,SP,CRUZEIRO,2.97,3.003,16.0,20.0
2017,4,SP,CUBATAO,3.042,3.295,12.0,22.0
2017,4,SP,DIADEMA,2.913,3.092,25.0,38.0
2017,4,SP,DRACENA,3.009,3.097,28.0,24.0
2017,4,SP,EMBU DAS ARTES,2.965,3.099,44.0,32.0
2017,4,SP,FRANCA,2.926,3.024,60.0,62.0
2017,4,SP,GARCA,3.016,3.11,20.0,14.0
2017,4,SP,GUARATINGUETA,3.057,3.163,20.0,27.0
2017,4,SP,GUARUJA,3.081,3.246,13.0,35.0
2017,4,SP,GUARULHOS,2.893,3.042,50.0,75.0
2017,4,SP,HORTOLANDIA,2.846,3.036,32.0,24.0
2017,4,SP,IBITINGA,2.934,3.079,20.0,26.0
2017,4,SP,INDAIATUBA,3.028,3.094,29.0,47.0
2017,4,SP,ITANHAEM,3.108,3.293,14.0,9.0
2017,4,SP,ITAPECERICA DA SERRA,2.93,3.048,36.0,24.0
2017,4,SP,ITAPETININGA,2.894,3.014,45.0,42.0
2017,4,SP,ITAPEVA,3.04,3.135,32.0,36.0
2017,4,SP,ITAPEVI,3.054,3.098,11.0,14.0
2017,4,SP,ITAPIRA,2.903,3.029,36.0,31.0
2017,4,SP,ITAPOLIS,2.927,3.031,32.0,31.0
2017,4,SP,ITAQUAQUECETUBA,2.897,3.009,18.0,30.0
2017,4,SP,ITATIBA,2.968,3.077,40.0,38.0
2017,4,SP,ITU,2.913,3.025,28.0,56.0
2017,4,SP,JABOTICABAL,2.874,3.019,36.0,41.0
2017,4,SP,JACAREI,2.791,2.9,42.0,42.0
2017,4,SP,JALES,2.91,2.997,32.0,32.0
2017,4,SP,JANDIRA,2.899,2.997,8.0,12.0
2017,4,SP,JAU,2.929,3.056,31.0,39.0
2017,4,SP,JOSE BONIFACIO,2.799,2.887,40.0,34.0
2017,4,SP,JUNDIAI,2.996,3.181,42.0,65.0
2017,4,SP,LEME,2.868,3.0,36.0,36.0
2017,4,SP,LIMEIRA,2.906,3.092,62.0,70.0
2017,4,SP,LINS,3.038,3.085,39.0,31.0
2017,4,SP,LORENA,2.811,2.947,20.0,24.0
2017,4,SP,MARILIA,2.973,3.127,29.0,26.0
2017,4,SP,MATAO,2.947,3.119,44.0,36.0
2017,4,SP,MAUA,3.001,3.115,19.0,36.0
2017,4,SP,MIRASSOL,2.842,2.993,24.0,20.0
2017,4,SP,MOCOCA,2.84,2.937,40.0,22.0
2017,4,SP,MOGI DAS CRUZES,2.931,3.027,37.0,57.0
2017,4,SP,MOGI GUACU,2.946,3.082,32.0,30.0
2017,4,SP,MOGI MIRIM,2.883,3.03,27.0,39.0
2017,4,SP,MONTE ALTO,3.242,3.331,24.0,32.0
2017,4,SP,OLIMPIA,2.82,2.987,28.0,20.0
2017,4,SP,OSASCO,2.981,3.111,53.0,45.0
2017,4,SP,OURINHOS,2.892,3.007,36.0,44.0
2017,4,SP,PARAGUACU PAULISTA,2.974,3.039,32.0,20.0
2017,4,SP,PAULINIA,2.921,3.051,40.0,48.0
2017,4,SP,PINDAMONHANGABA,2.817,2.956,16.0,23.0
2017,4,SP,PIRACICABA,2.889,3.034,51.0,58.0
2017,4,SP,PIRASSUNUNGA,2.967,3.041,24.0,24.0
2017,4,SP,POA,2.971,3.059,15.0,15.0
2017,4,SP,PORTO FERREIRA,2.897,3.0,24.0,16.0
2017,4,SP,PRAIA GRANDE,3.056,3.161,23.0,36.0
2017,4,SP,PRESIDENTE PRUDENTE,3.016,3.153,52.0,58.0
2017,4,SP,PRESIDENTE VENCESLAU,2.957,3.146,40.0,32.0
2017,4,SP,RIBEIRAO PIRES,3.037,3.235,21.0,14.0
2017,4,SP,RIBEIRAO PRETO,2.907,3.082,52.0,81.0
2017,4,SP,RIO CLARO,2.883,2.986,29.0,41.0
2017,4,SP,SALTO,2.899,3.036,24.0,28.0
2017,4,SP,SANTA BARBARA D OESTE,2.852,2.989,26.0,34.0
2017,4,SP,SANTA CRUZ DO RIO PARDO,3.009,3.081,28.0,24.0
2017,4,SP,SANTO ANDRE,2.901,3.099,31.0,71.0
2017,4,SP,SANTOS,2.961,3.21,15.0,40.0
2017,4,SP,SAO BERNARDO DO CAMPO,2.953,3.131,23.0,62.0
2017,4,SP,SAO CAETANO DO SUL,2.799,3.162,4.0,32.0
2017,4,SP,SAO CARLOS,2.99,3.132,45.0,72.0
2017,4,SP,SAO JOAO DA BOA VISTA,2.891,3.019,44.0,37.0
2017,4,SP,SAO JOAQUIM DA BARRA,2.97,3.046,26.0,35.0
2017,4,SP,SAO JOSE DO RIO PRETO,2.824,3.016,65.0,59.0
2017,4,SP,SAO JOSE DOS CAMPOS,2.767,2.912,25.0,56.0
2017,4,SP,SAO PAULO,2.907,3.152,105.0,366.0
2017,4,SP,SAO ROQUE,3.001,3.07,10.0,24.0
2017,4,SP,SAO VICENTE,2.906,3.095,28.0,28.0
2017,4,SP,SERTAOZINHO,2.925,3.006,36.0,36.0
2017,4,SP,SOROCABA,2.895,3.001,56.0,84.0
2017,4,SP,SUMARE,2.906,2.998,47.0,49.0
2017,4,SP,SUZANO,2.881,3.019,26.0,40.0
2017,4,SP,TABOAO DA SERRA,3.107,3.087,20.0,20.0
2017,4,SP,TATUI,2.977,3.058,21.0,35.0
2017,4,SP,TAUBATE,2.786,3.021,18.0,38.0
2017,4,SP,TUPA,2.956,3.061,41.0,25.0
2017,4,SP,UBATUBA,3.279,3.136,5.0,35.0
2017,4,SP,VALINHOS,2.862,3.015,31.0,40.0
2017,4,SP,VARZEA PAULISTA,2.972,3.077,32.0,20.0
2017,4,SP,VINHEDO,3.036,3.16,30.0,39.0
2017,4,SP,VOTORANTIM,2.929,2.975,28.0,32.0
2017,4,SP,VOTUPORANGA,2.991,3.187,34.0,42.0
2017,4,TO,ARAGUAINA,2.944,2.994,32.0,40.0
2017,4,TO,GURUPI,3.122,3.19,28.0,32.0
2017,4,TO,PALMAS,2.975,3.059,20.0,28.0
2017,4,TO,PARAISO DO TOCANTINS,3.027,3.128,24.0,32.0
2017,4,TO,PORTO NACIONAL,2.797,2.893,13.0,21.0
2017,5,AC,CRUZEIRO DO SUL,4.119,4.145,47.0,28.0
2017,5,AC,RIO BRANCO,3.664,3.742,79.0,83.0
2017,5,AL,ARAPIRACA,3.069,3.121,40.0,65.0
2017,5,AL,DELMIRO GOUVEIA,3.159,3.265,30.0,30.0
2017,5,AL,MACEIO,3.089,3.161,37.0,35.0
2017,5,AL,MARECHAL DEODORO,2.938,3.115,20.0,10.0
2017,5,AL,PALMEIRA DOS INDIOS,3.038,3.162,40.0,30.0
2017,5,AL,RIO LARGO,3.072,3.227,25.0,35.0
2017,5,AL,SANTANA DO IPANEMA,3.032,3.087,25.0,19.0
2017,5,AM,HUMAITA,3.439,3.553,24.0,16.0
2017,5,AM,ITACOATIARA,3.596,3.728,50.0,34.0
2017,5,AM,MANACAPURU,3.064,3.19,40.0,23.0
2017,5,AM,MANAUS,3.12,3.27,92.0,107.0
2017,5,AM,PARINTINS,3.375,3.59,20.0,5.0
2017,5,AM,TEFE,,3.675,,20.0
2017,5,AP,MACAPA,3.553,4.018,59.0,54.0
2017,5,AP,SANTANA,3.451,4.019,30.0,15.0
2017,5,BA,ALAGOINHAS,2.82,2.972,31.0,32.0
2017,5,BA,BARREIRAS,3.103,3.214,55.0,49.0
2017,5,BA,BRUMADO,3.028,3.146,35.0,25.0
2017,5,BA,CAETITE,3.087,3.174,21.0,26.0
2017,5,BA,CAMACARI,2.948,3.081,34.0,51.0
2017,5,BA,CANDEIAS,2.976,3.066,35.0,35.0
2017,5,BA,CONCEICAO DO JACUIPE,2.775,2.88,45.0,45.0
2017,5,BA,EUNAPOLIS,3.094,3.337,25.0,34.0
2017,5,BA,FEIRA DE SANTANA,2.828,2.91,66.0,100.0
2017,5,BA,GUANAMBI,3.022,3.134,45.0,40.0
2017,5,BA,ILHEUS,3.19,3.338,45.0,40.0
2017,5,BA,IPIRA,2.925,3.056,25.0,20.0
2017,5,BA,IRECE,3.094,3.152,35.0,25.0
2017,5,BA,ITABUNA,3.077,3.226,55.0,70.0
2017,5,BA,ITAMARAJU,3.016,3.125,30.0,20.0
2017,5,BA,JACOBINA,2.965,3.093,25.0,20.0
2017,5,BA,JAGUAQUARA,2.904,3.02,35.0,35.0
2017,5,BA,JEQUIE,3.014,3.069,32.0,20.0
2017,5,BA,JUAZEIRO,2.995,3.095,40.0,45.0
2017,5,BA,LAURO DE FREITAS,2.899,3.035,11.0,50.0
2017,5,BA,LIVRAMENTO DE NOSSA SENHORA,3.122,3.242,30.0,22.0
2017,5,BA,PAULO AFONSO,2.989,3.154,25.0,35.0
2017,5,BA,POCOES,2.923,3.021,35.0,16.0
2017,5,BA,PORTO SEGURO,3.437,3.677,18.0,25.0
2017,5,BA,SALVADOR,3.014,3.127,79.0,228.0
2017,5,BA,SANTO ANTONIO DE JESUS,2.877,2.985,29.0,33.0
2017,5,BA,SENHOR DO BONFIM,3.04,3.127,40.0,25.0
2017,5,BA,SERRINHA,2.912,2.973,23.0,15.0
2017,5,BA,SIMOES FILHO,2.971,3.071,40.0,30.0
2017,5,BA,TEIXEIRA DE FREITAS,3.029,3.165,35.0,45.0
2017,5,BA,VALENCA,3.095,3.069,50.0,29.0
2017,5,BA,VITORIA DA CONQUISTA,2.991,3.096,35.0,25.0
2017,5,CE,BEBERIBE,3.126,3.273,5.0,20.0
2017,5,CE,CANINDE,3.195,3.322,30.0,35.0
2017,5,CE,CAUCAIA,,3.238,,103.0
2017,5,CE,CRATEUS,3.12,3.285,33.0,24.0
2017,5,CE,CRATO,3.092,3.198,47.0,34.0
2017,5,CE,FORTALEZA,,3.222,,360.0
2017,5,CE,ICO,3.162,3.276,23.0,33.0
2017,5,CE,IGUATU,3.244,3.379,36.0,31.0
2017,5,CE,IPU,3.116,3.251,30.0,30.0
2017,5,CE,ITAPIPOCA,3.188,3.289,30.0,35.0
2017,5,CE,JUAZEIRO DO NORTE,3.132,3.247,45.0,38.0
2017,5,CE,LIMOEIRO DO NORTE,3.203,3.285,20.0,25.0
2017,5,CE,MARACANAU,,3.194,,50.0
2017,5,CE,MORADA NOVA,3.176,3.287,30.0,10.0
2017,5,CE,QUIXADA,3.112,3.27,30.0,37.0
2017,5,CE,SOBRAL,3.112,3.232,51.0,60.0
2017,5,DF,BRASILIA,3.243,3.412,52.0,110.0
2017,5,ES,ARACRUZ,3.118,3.184,25.0,25.0
2017,5,ES,BARRA DE SAO FRANCISCO,3.09,3.248,20.0,20.0
2017,5,ES,CACHOEIRO DE ITAPEMIRIM,3.128,3.195,46.0,42.0
2017,5,ES,CARIACICA,2.979,3.118,23.0,19.0
2017,5,ES,COLATINA,3.126,3.233,33.0,40.0
2017,5,ES,GUARAPARI,3.136,3.212,44.0,43.0
2017,5,ES,ITAPEMIRIM,3.15,3.223,15.0,15.0
2017,5,ES,LINHARES,2.958,3.027,40.0,45.0
2017,5,ES,SAO MATEUS,3.102,3.24,35.0,25.0
2017,5,ES,SERRA,3.008,3.102,44.0,20.0
2017,5,ES,VILA VELHA,3.009,3.113,30.0,40.0
2017,5,ES,VITORIA,3.052,3.138,20.0,38.0
2017,5,GO,AGUAS LINDAS DE GOIAS,3.184,3.318,20.0,20.0
2017,5,GO,ANAPOLIS,3.035,3.194,71.0,41.0
2017,5,GO,APARECIDA DE GOIANIA,3.032,3.155,43.0,24.0
2017,5,GO,CALDAS NOVAS,3.053,3.226,39.0,28.0
2017,5,GO,CATALAO,3.119,3.265,37.0,28.0
2017,5,GO,FORMOSA,3.102,3.265,35.0,44.0
2017,5,GO,GOIANIA,3.051,3.185,163.0,95.0
2017,5,GO,GOIATUBA,3.083,3.199,37.0,23.0
2017,5,GO,ITUMBIARA,3.001,3.103,73.0,37.0
2017,5,GO,JATAI,3.237,3.417,49.0,45.0
2017,5,GO,LUZIANIA,3.068,3.252,58.0,25.0
2017,5,GO,MINEIROS,3.202,3.344,33.0,21.0
2017,5,GO,MORRINHOS,3.062,3.116,44.0,16.0
2017,5,GO,PORANGATU,3.059,3.174,33.0,26.0
2017,5,GO,RIO VERDE,3.136,3.255,35.0,75.0
2017,5,GO,TRINDADE,3.015,3.29,35.0,5.0
2017,5,GO,VALPARAISO DE GOIAS,3.057,3.327,35.0,15.0
2017,5,MA,ACAILANDIA,2.956,3.072,34.0,39.0
2017,5,MA,BACABAL,3.101,3.099,20.0,18.0
2017,5,MA,BALSAS,3.148,3.232,32.0,35.0
2017,5,MA,BARRA DO CORDA,2.985,3.113,30.0,35.0
2017,5,MA,CAXIAS,3.001,3.095,30.0,35.0
2017,5,MA,CODO,3.03,3.107,21.0,16.0
2017,5,MA,IMPERATRIZ,2.979,3.066,33.0,49.0
2017,5,MA,PINHEIRO,3.096,3.223,25.0,20.0
2017,5,MA,PRESIDENTE DUTRA,2.933,3.031,30.0,30.0
2017,5,MA,SANTA INES,2.987,3.075,20.0,25.0
2017,5,MA,SAO DOMINGOS DO MARANHAO,2.88,2.926,10.0,5.0
2017,5,MA,SAO JOSE DE RIBAMAR,2.846,3.06,27.0,36.0
2017,5,MA,SAO LUIS,2.951,3.068,71.0,139.0
2017,5,MA,TIMON,3.152,3.149,23.0,19.0
2017,5,MG,ALFENAS,3.058,3.214,17.0,28.0
2017,5,MG,ARAGUARI,3.023,3.164,75.0,60.0
2017,5,MG,ARAXA,3.084,3.175,38.0,31.0
2017,5,MG,BARBACENA,3.023,3.108,30.0,30.0
2017,5,MG,BELO HORIZONTE,2.969,3.161,33.0,64.0
2017,5,MG,BETIM,2.937,3.06,37.0,50.0
2017,5,MG,BOM DESPACHO,2.997,3.096,35.0,25.0
2017,5,MG,CAMPO BELO,3.003,3.138,31.0,13.0
2017,5,MG,CARATINGA,3.017,3.014,30.0,15.0
2017,5,MG,CATAGUASES,3.095,3.153,25.0,12.0
2017,5,MG,CONGONHAS,3.021,3.177,20.0,25.0
2017,5,MG,CONSELHEIRO LAFAIETE,3.064,3.123,25.0,12.0
2017,5,MG,CONTAGEM,2.899,3.013,65.0,51.0
2017,5,MG,CORONEL FABRICIANO,2.958,3.046,33.0,26.0
2017,5,MG,CURVELO,3.031,3.101,25.0,32.0
2017,5,MG,DIAMANTINA,3.161,3.319,10.0,21.0
2017,5,MG,DIVINOPOLIS,3.06,3.129,27.0,38.0
2017,5,MG,FORMIGA,3.005,3.22,25.0,11.0
2017,5,MG,FRUTAL,3.185,3.287,34.0,25.0
2017,5,MG,GOVERNADOR VALADARES,3.15,3.259,35.0,45.0
2017,5,MG,GUAXUPE,3.166,3.248,35.0,37.0
2017,5,MG,IPATINGA,2.964,3.071,43.0,33.0
2017,5,MG,ITABIRA,3.046,3.148,37.0,39.0
2017,5,MG,ITAJUBA,3.02,3.133,26.0,24.0
2017,5,MG,ITAUNA,2.992,3.144,25.0,10.0
2017,5,MG,ITUIUTABA,3.016,3.197,48.0,45.0
2017,5,MG,JANAUBA,3.054,3.234,30.0,20.0
2017,5,MG,JANUARIA,3.063,3.253,30.0,24.0
2017,5,MG,JOAO MONLEVADE,3.045,3.103,25.0,30.0
2017,5,MG,JOAO PINHEIRO,3.136,3.251,30.0,25.0
2017,5,MG,JUIZ DE FORA,3.026,3.187,26.0,34.0
2017,5,MG,LAVRAS,3.087,3.199,19.0,37.0
2017,5,MG,LEOPOLDINA,2.941,3.058,30.0,20.0
2017,5,MG,MANHUACU,2.969,3.079,35.0,35.0
2017,5,MG,MONTE CARMELO,3.094,3.218,40.0,40.0
2017,5,MG,MONTES CLAROS,2.897,3.084,66.0,42.0
2017,5,MG,MURIAE,3.064,3.142,30.0,40.0
2017,5,MG,NOVA LIMA,3.091,3.287,8.0,33.0
2017,5,MG,OLIVEIRA,2.965,3.062,38.0,22.0
2017,5,MG,OURO PRETO,3.191,3.227,20.0,25.0
2017,5,MG,PARA DE MINAS,3.248,3.302,30.0,35.0
2017,5,MG,PARACATU,3.199,3.301,15.0,25.0
2017,5,MG,PASSOS,2.999,3.087,25.0,30.0
2017,5,MG,PATOS DE MINAS,3.067,3.179,37.0,28.0
2017,5,MG,PATROCINIO,3.119,3.252,35.0,30.0
2017,5,MG,POCOS DE CALDAS,3.021,3.183,45.0,41.0
2017,5,MG,POUSO ALEGRE,3.07,3.169,43.0,52.0
2017,5,MG,RIBEIRAO DAS NEVES,2.917,3.045,30.0,16.0
2017,5,MG,SABARA,2.943,3.038,21.0,17.0
2017,5,MG,SANTA LUZIA,3.115,3.214,25.0,15.0
2017,5,MG,SAO JOAO DEL REI,3.086,3.159,15.0,20.0
2017,5,MG,SAO LOURENCO,3.063,3.18,25.0,15.0
2017,5,MG,SAO SEBASTIAO DO PARAISO,3.092,3.214,35.0,23.0
2017,5,MG,SETE LAGOAS,2.829,3.023,75.0,60.0
2017,5,MG,TEOFILO OTONI,3.037,3.118,50.0,40.0
2017,5,MG,TIMOTEO,2.889,3.077,30.0,10.0
2017,5,MG,TRES CORACOES,3.146,3.299,20.0,20.0
2017,5,MG,UBA,3.08,3.151,24.0,23.0
2017,5,MG,UBERABA,3.061,3.215,77.0,82.0
2017,5,MG,UBERLANDIA,2.978,3.197,87.0,40.0
2017,5,MG,UNAI,3.131,3.248,40.0,45.0
2017,5,MG,VARGINHA,3.1,3.161,45.0,45.0
2017,5,MG,VESPASIANO,2.979,3.096,23.0,23.0
2017,5,MG,VICOSA,3.129,3.222,5.0,20.0
2017,5,MS,CAMPO GRANDE,3.288,3.461,90.0,115.0
2017,5,MS,CORUMBA,3.482,3.625,25.0,20.0
2017,5,MS,COXIM,3.198,3.314,30.0,30.0
2017,5,MS,DOURADOS,3.376,3.497,27.0,45.0
2017,5,MS,NOVA ANDRADINA,3.345,3.412,30.0,25.0
2017,5,MS,PARANAIBA,3.379,3.517,30.0,35.0
2017,5,MS,PONTA PORA,3.244,3.442,10.0,20.0
2017,5,MS,TRES LAGOAS,3.432,3.522,52.0,55.0
2017,5,MT,ALTA FLORESTA,3.604,3.743,50.0,45.0
2017,5,MT,CACERES,3.18,3.281,25.0,36.0
2017,5,MT,CUIABA,3.319,3.441,90.0,141.0
2017,5,MT,RONDONOPOLIS,3.319,3.423,110.0,87.0
2017,5,MT,SINOP,3.408,3.525,30.0,50.0
2017,5,MT,SORRISO,3.501,3.622,31.0,50.0
2017,5,MT,VARZEA GRANDE,3.159,3.384,56.0,46.0
2017,5,PA,ABAETETUBA,3.489,3.573,20.0,15.0
2017,5,PA,ALENQUER,3.644,3.85,25.0,5.0
2017,5,PA,ALTAMIRA,3.377,3.614,25.0,25.0
2017,5,PA,ANANINDEUA,,3.185,,40.0
2017,5,PA,BELEM,,3.241,,65.0
2017,5,PA,BRAGANCA,,3.01,,25.0
2017,5,PA,CAMETA,3.275,3.375,10.0,10.0
2017,5,PA,CASTANHAL,2.984,3.134,30.0,30.0
2017,5,PA,CONCEICAO DO ARAGUAIA,3.473,3.525,25.0,19.0
2017,5,PA,ITAITUBA,3.1,3.233,21.0,26.0
2017,5,PA,MARABA,3.219,3.229,59.0,55.0
2017,5,PA,PARAGOMINAS,3.17,3.261,20.0,20.0
2017,5,PA,PARAUAPEBAS,3.425,3.498,23.0,45.0
2017,5,PA,REDENCAO,3.32,3.403,20.0,20.0
2017,5,PA,SANTANA DO ARAGUAIA,3.474,3.577,25.0,15.0
2017,5,PA,SANTAREM,3.189,3.268,55.0,43.0
2017,5,PA,XINGUARA,3.385,3.479,30.0,20.0
2017,5,PB,BAYEUX,2.978,3.032,30.0,30.0
2017,5,PB,CABEDELO,3.03,3.163,21.0,17.0
2017,5,PB,CAMPINA GRANDE,3.002,3.086,56.0,62.0
2017,5,PB,JOAO PESSOA,2.958,3.043,35.0,40.0
2017,5,PB,PATOS,2.992,3.08,30.0,25.0
2017,5,PB,SANTA RITA,2.93,3.028,15.0,15.0
2017,5,PB,SOUSA,3.123,3.192,15.0,20.0
2017,5,PE,ABREU E LIMA,,2.847,,35.0
2017,5,PE,ARARIPINA,2.999,3.011,38.0,40.0
2017,5,PE,ARCOVERDE,3.032,3.061,12.0,35.0
2017,5,PE,BELO JARDIM,2.987,2.979,15.0,35.0
2017,5,PE,CABO DE SANTO AGOSTINHO,,2.983,,30.0
2017,5,PE,CAMARAGIBE,,2.953,,35.0
2017,5,PE,CARUARU,,2.93,,64.0
2017,5,PE,GARANHUNS,2.867,2.872,25.0,55.0
2017,5,PE,GOIANA,,2.927,,32.0
2017,5,PE,GRAVATA,3.05,2.981,1.0,33.0
2017,5,PE,IGARASSU,,2.897,,40.0
2017,5,PE,JABOATAO DOS GUARARAPES,,2.919,,50.0
2017,5,PE,LAJEDO,2.85,2.894,20.0,25.0
2017,5,PE,OLINDA,,3.001,,41.0
2017,5,PE,PAULISTA,,2.915,,50.0
2017,5,PE,PETROLINA,3.087,3.181,43.0,50.0
2017,5,PE,RECIFE,,3.015,,102.0
2017,5,PE,SALGUEIRO,2.861,2.945,20.0,30.0
2017,5,PE,SANTA CRUZ DO CAPIBARIBE,,2.961,,35.0
2017,5,PE,SERRA TALHADA,2.917,2.951,10.0,32.0
2017,5,PE,SERTANIA,,3.106,,20.0
2017,5,PE,VITORIA DE SANTO ANTAO,2.861,2.922,20.0,40.0
2017,5,PI,CAMPO MAIOR,3.05,3.138,35.0,25.0
2017,5,PI,PARNAIBA,3.126,3.236,35.0,49.0
2017,5,PI,PICOS,2.999,3.044,36.0,35.0
2017,5,PI,PIRIPIRI,3.103,3.265,25.0,20.0
2017,5,PI,TERESINA,3.028,3.152,59.0,140.0
2017,5,PR,APUCARANA,2.962,3.046,54.0,52.0
2017,5,PR,ARAPONGAS,2.902,2.995,36.0,25.0
2017,5,PR,ARAUCARIA,2.752,2.846,38.0,35.0
2017,5,PR,ASSIS CHATEAUBRIAND,2.804,2.902,41.0,26.0
2017,5,PR,CAMBE,2.918,3.013,44.0,24.0
2017,5,PR,CAMPO LARGO,2.725,2.839,25.0,20.0
2017,5,PR,CAMPO MOURAO,2.81,2.865,63.0,49.0
2017,5,PR,CASCAVEL,2.866,2.942,60.0,59.0
2017,5,PR,CASTRO,2.856,2.945,25.0,25.0
2017,5,PR,CIANORTE,2.831,2.981,49.0,31.0
2017,5,PR,COLOMBO,2.818,3.004,65.0,60.0
2017,5,PR,CORNELIO PROCOPIO,2.86,2.973,25.0,23.0
2017,5,PR,CURITIBA,2.737,2.905,42.0,114.0
2017,5,PR,FOZ DO IGUACU,2.909,3.049,30.0,70.0
2017,5,PR,FRANCISCO BELTRAO,2.816,2.918,35.0,29.0
2017,5,PR,GUARAPUAVA,2.75,2.811,46.0,66.0
2017,5,PR,LARANJEIRAS DO SUL,2.887,2.958,25.0,25.0
2017,5,PR,LONDRINA,2.879,2.973,52.0,79.0
2017,5,PR,MARECHAL CANDIDO RONDON,2.866,2.948,28.0,20.0
2017,5,PR,MARINGA,2.788,2.98,40.0,68.0
2017,5,PR,PARANAGUA,2.89,3.03,41.0,31.0
2017,5,PR,PARANAVAI,2.843,2.927,30.0,35.0
2017,5,PR,PATO BRANCO,2.87,2.99,17.0,37.0
2017,5,PR,PINHAIS,2.879,3.022,39.0,35.0
2017,5,PR,PONTA GROSSA,2.785,2.845,50.0,49.0
2017,5,PR,SANTO ANTONIO DA PLATINA,2.811,2.933,29.0,25.0
2017,5,PR,SAO JOSE DOS PINHAIS,2.77,2.888,46.0,66.0
2017,5,PR,TOLEDO,2.888,2.946,43.0,27.0
2017,5,PR,UMUARAMA,2.768,2.893,32.0,55.0
2017,5,PR,UNIAO DA VITORIA,2.825,2.908,40.0,35.0
2017,5,RJ,ANGRA DOS REIS,3.529,3.558,11.0,21.0
2017,5,RJ,ARARUAMA,3.168,3.26,24.0,45.0
2017,5,RJ,BARRA DO PIRAI,3.255,3.366,30.0,30.0
2017,5,RJ,BARRA MANSA,3.134,3.365,46.0,32.0
2017,5,RJ,BELFORD ROXO,3.129,3.253,27.0,34.0
2017,5,RJ,CABO FRIO,3.361,3.456,15.0,40.0
2017,5,RJ,CAMPOS DOS GOYTACAZES,3.052,3.201,50.0,59.0
2017,5,RJ,DUQUE DE CAXIAS,3.13,3.283,58.0,65.0
2017,5,RJ,ITABORAI,3.037,3.2,40.0,35.0
2017,5,RJ,ITAGUAI,3.074,3.186,24.0,32.0
2017,5,RJ,ITAPERUNA,3.155,3.254,25.0,30.0
2017,5,RJ,MACAE,3.254,3.38,30.0,50.0
2017,5,RJ,MAGE,3.114,3.223,20.0,26.0
2017,5,RJ,MANGARATIBA,3.157,3.277,20.0,20.0
2017,5,RJ,MARICA,3.163,3.302,33.0,35.0
2017,5,RJ,NILOPOLIS,3.129,3.225,6.0,17.0
2017,5,RJ,NITEROI,3.177,3.337,19.0,59.0
2017,5,RJ,NOVA FRIBURGO,3.178,3.322,26.0,43.0
2017,5,RJ,NOVA IGUACU,3.099,3.247,51.0,62.0
2017,5,RJ,PARATY,3.433,3.624,15.0,35.0
2017,5,RJ,PETROPOLIS,3.153,3.31,34.0,54.0
2017,5,RJ,RESENDE,3.326,3.41,15.0,45.0
2017,5,RJ,RIO BONITO,3.118,3.284,30.0,25.0
2017,5,RJ,RIO DE JANEIRO,3.092,3.324,103.0,189.0
2017,5,RJ,SANTO ANTONIO DE PADUA,3.037,3.099,22.0,18.0
2017,5,RJ,SAO FRANCISCO DE ITABAPOANA,3.121,3.233,35.0,17.0
2017,5,RJ,SAO GONCALO,3.129,3.267,55.0,45.0
2017,5,RJ,SAO JOAO DE MERITI,3.106,3.212,30.0,28.0
2017,5,RJ,SAPUCAIA,2.962,3.029,50.0,28.0
2017,5,RJ,SAQUAREMA,3.169,3.321,20.0,25.0
2017,5,RJ,TERESOPOLIS,3.104,3.196,29.0,49.0
2017,5,RJ,TRES RIOS,2.991,3.162,25.0,40.0
2017,5,RJ,VALENCA,3.245,3.351,35.0,40.0
2017,5,RJ,VASSOURAS,3.225,3.38,22.0,25.0
2017,5,RJ,VOLTA REDONDA,3.302,3.501,27.0,10.0
2017,5,RN,CAICO,3.085,3.219,29.0,27.0
2017,5,RN,MOSSORO,3.101,3.247,85.0,64.0
2017,5,RN,NATAL,3.057,3.212,52.0,81.0
2017,5,RN,PARNAMIRIM,3.028,3.175,42.0,53.0
2017,5,RN,SAO JOSE DE MIPIBU,3.055,3.202,35.0,28.0
2017,5,RO,ARIQUEMES,3.251,3.348,45.0,45.0
2017,5,RO,CACOAL,3.233,3.312,39.0,39.0
2017,5,RO,GUAJARA MIRIM,3.343,3.465,15.0,10.0
2017,5,RO,JI PARANA,3.173,3.28,70.0,51.0
2017,5,RO,PIMENTA BUENO,3.405,3.487,30.0,30.0
2017,5,RO,PORTO VELHO,3.201,3.277,65.0,62.0
2017,5,RO,VILHENA,3.247,3.388,43.0,40.0
2017,5,RR,BOA VISTA,3.252,3.305,39.0,43.0
2017,5,RS,ALEGRETE,3.124,3.199,20.0,20.0
2017,5,RS,ALVORADA,2.948,3.091,10.0,12.0
2017,5,RS,BAGE,3.277,3.403,19.0,38.0
2017,5,RS,BENTO GONCALVES,2.966,3.083,21.0,34.0
2017,5,RS,CACAPAVA DO SUL,3.113,3.174,20.0,30.0
2017,5,RS,CACHOEIRA DO SUL,3.012,3.152,31.0,31.0
2017,5,RS,CACHOEIRINHA,2.803,2.942,42.0,36.0
2017,5,RS,CANOAS,2.802,2.993,30.0,28.0
2017,5,RS,CAXIAS DO SUL,2.98,3.167,16.0,66.0
2017,5,RS,CRUZ ALTA,3.008,3.155,38.0,25.0
2017,5,RS,ERECHIM,3.012,3.147,35.0,50.0
2017,5,RS,ESTEIO,2.912,3.073,40.0,33.0
2017,5,RS,GRAMADO,3.074,3.216,15.0,23.0
2017,5,RS,GRAVATAI,2.783,2.861,39.0,31.0
2017,5,RS,GUAIBA,2.909,3.054,35.0,33.0
2017,5,RS,IJUI,3.019,3.163,30.0,39.0
2017,5,RS,LAJEADO,2.917,3.066,18.0,25.0
2017,5,RS,NOVO HAMBURGO,2.765,2.962,55.0,54.0
2017,5,RS,OSORIO,2.793,2.979,25.0,30.0
2017,5,RS,PALMEIRA DAS MISSOES,2.997,3.123,25.0,27.0
2017,5,RS,PASSO FUNDO,3.097,3.26,32.0,53.0
2017,5,RS,PELOTAS,3.017,3.202,42.0,55.0
2017,5,RS,PORTO ALEGRE,2.949,3.121,26.0,72.0
2017,5,RS,RIO GRANDE,3.127,3.289,48.0,40.0
2017,5,RS,SANTA CRUZ DO SUL,2.918,3.013,38.0,40.0
2017,5,RS,SANTA MARIA,3.017,3.132,42.0,42.0
2017,5,RS,SANTA ROSA,3.062,3.208,28.0,32.0
2017,5,RS,SANTANA DO LIVRAMENTO,3.121,3.284,22.0,28.0
2017,5,RS,SANTO ANGELO,3.041,3.185,35.0,35.0
2017,5,RS,SAO BORJA,3.11,3.275,30.0,30.0
2017,5,RS,SAO GABRIEL,3.124,3.267,23.0,23.0
2017,5,RS,SAO LEOPOLDO,2.755,2.92,44.0,48.0
2017,5,RS,SAO LUIZ GONZAGA,2.952,3.07,25.0,20.0
2017,5,RS,SAPIRANGA,2.791,2.946,22.0,42.0
2017,5,RS,SAPUCAIA DO SUL,2.751,2.954,35.0,33.0
2017,5,RS,TORRES,2.958,3.087,19.0,24.0
2017,5,RS,TRAMANDAI,2.924,3.178,15.0,19.0
2017,5,RS,URUGUAIANA,3.072,3.197,20.0,35.0
2017,5,RS,VACARIA,2.918,3.066,20.0,45.0
2017,5,RS,VIAMAO,2.886,3.049,18.0,17.0
2017,5,SC,ARARANGUA,2.833,2.976,36.0,25.0
2017,5,SC,BALNEARIO CAMBORIU,3.032,3.058,3.0,45.0
2017,5,SC,BIGUACU,2.864,2.968,25.0,48.0
2017,5,SC,BLUMENAU,2.98,3.068,42.0,82.0
2017,5,SC,BRUSQUE,2.977,3.071,19.0,45.0
2017,5,SC,CACADOR,3.015,3.11,26.0,30.0
2017,5,SC,CHAPECO,2.97,3.144,23.0,35.0
2017,5,SC,CONCORDIA,3.048,3.195,23.0,23.0
2017,5,SC,CRICIUMA,2.839,3.022,31.0,54.0
2017,5,SC,FLORIANOPOLIS,3.157,3.252,26.0,96.0
2017,5,SC,ITAJAI,2.968,3.1,15.0,38.0
2017,5,SC,JARAGUA DO SUL,2.999,3.063,38.0,53.0
2017,5,SC,JOINVILLE,2.827,2.976,36.0,66.0
2017,5,SC,LAGES,3.113,3.171,15.0,35.0
2017,5,SC,LAGUNA,2.892,2.972,32.0,25.0
2017,5,SC,MAFRA,2.917,3.082,20.0,30.0
2017,5,SC,PALHOCA,2.907,2.969,37.0,70.0
2017,5,SC,SAO JOSE,2.908,3.055,20.0,67.0
2017,5,SC,SAO MIGUEL DO OESTE,3.046,3.08,13.0,15.0
2017,5,SC,TUBARAO,2.758,2.825,36.0,41.0
2017,5,SC,VIDEIRA,2.978,3.053,25.0,30.0
2017,5,SC,XANXERE,2.96,3.094,20.0,20.0
2017,5,SE,ARACAJU,3.0,3.212,12.0,64.0
2017,5,SE,ITABAIANA,2.966,3.056,40.0,40.0
2017,5,SE,LAGARTO,2.908,3.01,20.0,30.0
2017,5,SE,NOSSA SENHORA DO SOCORRO,2.897,3.021,35.0,40.0
2017,5,SP,ADAMANTINA,2.879,3.117,20.0,30.0
2017,5,SP,AMERICANA,2.848,2.988,18.0,58.0
2017,5,SP,AMPARO,3.028,3.142,50.0,40.0
2017,5,SP,ARACATUBA,2.975,3.099,76.0,97.0
2017,5,SP,ARARAQUARA,3.003,3.169,61.0,66.0
2017,5,SP,ARARAS,2.866,2.996,62.0,45.0
2017,5,SP,ASSIS,3.027,3.084,60.0,80.0
2017,5,SP,ATIBAIA,2.958,3.13,45.0,64.0
2017,5,SP,AVARE,3.127,3.182,36.0,36.0
2017,5,SP,BARRETOS,2.991,3.096,43.0,63.0
2017,5,SP,BARUERI,2.924,3.109,34.0,79.0
2017,5,SP,BAURU,2.891,3.025,78.0,80.0
2017,5,SP,BEBEDOURO,2.996,3.045,29.0,35.0
2017,5,SP,BIRIGUI,2.982,3.103,33.0,41.0
2017,5,SP,BOTUCATU,3.002,3.101,28.0,24.0
2017,5,SP,BRAGANCA PAULISTA,2.892,3.054,31.0,50.0
2017,5,SP,CACAPAVA,2.965,3.024,35.0,33.0
2017,5,SP,CAMPINAS,2.943,3.061,95.0,136.0
2017,5,SP,CAMPOS DO JORDAO,3.109,3.013,9.0,16.0
2017,5,SP,CAPAO BONITO,2.987,3.077,27.0,27.0
2017,5,SP,CARAGUATATUBA,3.154,3.254,34.0,45.0
2017,5,SP,CARAPICUIBA,2.969,3.02,14.0,36.0
2017,5,SP,CATANDUVA,2.952,3.054,32.0,38.0
2017,5,SP,COSMOPOLIS,2.997,3.114,20.0,10.0
2017,5,SP,COTIA,3.0,3.139,36.0,54.0
2017,5,SP,CRUZEIRO,3.018,3.033,20.0,25.0
2017,5,SP,CUBATAO,3.045,3.29,15.0,28.0
2017,5,SP,DIADEMA,2.887,3.115,26.0,54.0
2017,5,SP,DRACENA,3.02,3.127,35.0,30.0
2017,5,SP,EMBU DAS ARTES,2.992,3.122,55.0,40.0
2017,5,SP,FRANCA,2.918,3.021,82.0,81.0
2017,5,SP,GARCA,3.048,3.148,23.0,21.0
2017,5,SP,GUARATINGUETA,3.05,3.179,25.0,35.0
2017,5,SP,GUARUJA,3.066,3.255,18.0,44.0
2017,5,SP,GUARULHOS,2.92,3.048,64.0,92.0
2017,5,SP,HORTOLANDIA,2.855,3.021,40.0,30.0
2017,5,SP,IBITINGA,2.934,3.081,20.0,28.0
2017,5,SP,INDAIATUBA,3.063,3.112,35.0,51.0
2017,5,SP,ITANHAEM,3.056,3.325,20.0,10.0
2017,5,SP,ITAPECERICA DA SERRA,2.98,3.082,45.0,30.0
2017,5,SP,ITAPETININGA,2.91,3.019,55.0,50.0
2017,5,SP,ITAPEVA,3.067,3.15,40.0,45.0
2017,5,SP,ITAPEVI,3.037,3.108,13.0,20.0
2017,5,SP,ITAPIRA,2.902,3.037,45.0,40.0
2017,5,SP,ITAPOLIS,2.967,3.059,40.0,31.0
2017,5,SP,ITAQUAQUECETUBA,2.941,3.067,22.0,36.0
2017,5,SP,ITATIBA,2.946,3.073,48.0,52.0
2017,5,SP,ITU,2.914,3.015,39.0,70.0
2017,5,SP,JABOTICABAL,2.894,3.018,45.0,50.0
2017,5,SP,JACAREI,2.822,2.921,44.0,61.0
2017,5,SP,JALES,2.892,2.989,38.0,42.0
2017,5,SP,JANDIRA,2.899,3.019,10.0,15.0
2017,5,SP,JAU,2.972,3.074,47.0,45.0
2017,5,SP,JOSE BONIFACIO,2.816,2.938,50.0,45.0
2017,5,SP,JUNDIAI,2.986,3.154,55.0,85.0
2017,5,SP,LEME,2.918,3.048,36.0,36.0
2017,5,SP,LIMEIRA,2.935,3.094,72.0,89.0
2017,5,SP,LINS,3.036,3.084,39.0,29.0
2017,5,SP,LORENA,2.86,2.978,20.0,24.0
2017,5,SP,MARILIA,2.902,3.038,35.0,29.0
2017,5,SP,MATAO,2.949,3.116,44.0,36.0
2017,5,SP,MAUA,3.029,3.122,35.0,46.0
2017,5,SP,MIRASSOL,2.837,2.978,31.0,25.0
2017,5,SP,MOCOCA,2.859,2.967,50.0,23.0
2017,5,SP,MOGI DAS CRUZES,2.951,3.028,41.0,70.0
2017,5,SP,MOGI GUACU,2.945,3.07,37.0,43.0
2017,5,SP,MOGI MIRIM,2.882,3.043,35.0,49.0
2017,5,SP,MONTE ALTO,3.227,3.322,24.0,32.0
2017,5,SP,OLIMPIA,2.859,3.019,26.0,20.0
2017,5,SP,OSASCO,2.996,3.128,65.0,53.0
2017,5,SP,OURINHOS,2.974,3.109,36.0,44.0
2017,5,SP,PARAGUACU PAULISTA,2.989,3.061,40.0,21.0
2017,5,SP,PAULINIA,2.942,3.06,52.0,60.0
2017,5,SP,PINDAMONHANGABA,2.759,2.9,15.0,27.0
2017,5,SP,PIRACICABA,2.927,3.058,62.0,77.0
2017,5,SP,PIRASSUNUNGA,2.981,3.061,32.0,32.0
2017,5,SP,POA,3.048,3.059,19.0,18.0
2017,5,SP,PORTO FERREIRA,2.898,2.997,30.0,20.0
2017,5,SP,PRAIA GRANDE,3.048,3.123,27.0,46.0
2017,5,SP,PRESIDENTE PRUDENTE,3.017,3.13,74.0,74.0
2017,5,SP,PRESIDENTE VENCESLAU,2.957,3.128,40.0,32.0
2017,5,SP,RIBEIRAO PIRES,3.037,3.271,24.0,18.0
2017,5,SP,RIBEIRAO PRETO,2.937,3.108,61.0,88.0
2017,5,SP,RIO CLARO,2.873,3.0,37.0,52.0
2017,5,SP,SALTO,2.899,3.067,34.0,35.0
2017,5,SP,SANTA BARBARA D OESTE,2.916,3.018,32.0,44.0
2017,5,SP,SANTA CRUZ DO RIO PARDO,2.998,3.073,34.0,31.0
2017,5,SP,SANTO ANDRE,2.962,3.11,40.0,91.0
2017,5,SP,SANTOS,3.043,3.26,16.0,56.0
2017,5,SP,SAO BERNARDO DO CAMPO,2.968,3.148,27.0,76.0
2017,5,SP,SAO CAETANO DO SUL,2.787,3.168,5.0,44.0
2017,5,SP,SAO CARLOS,3.023,3.151,51.0,92.0
2017,5,SP,SAO JOAO DA BOA VISTA,2.899,3.033,50.0,47.0
2017,5,SP,SAO JOAQUIM DA BARRA,2.982,3.05,27.0,41.0
2017,5,SP,SAO JOSE DO RIO PRETO,2.844,3.038,79.0,81.0
2017,5,SP,SAO JOSE DOS CAMPOS,2.751,2.93,25.0,70.0
2017,5,SP,SAO PAULO,2.893,3.122,126.0,479.0
2017,5,SP,SAO ROQUE,3.067,3.088,10.0,30.0
2017,5,SP,SAO VICENTE,2.918,3.103,35.0,32.0
2017,5,SP,SERTAOZINHO,2.911,2.995,45.0,48.0
2017,5,SP,SOROCABA,2.924,3.023,70.0,105.0
2017,5,SP,SUMARE,2.876,3.002,61.0,52.0
2017,5,SP,SUZANO,2.892,3.031,32.0,47.0
2017,5,SP,TABOAO DA SERRA,3.099,3.046,25.0,25.0
2017,5,SP,TATUI,3.023,3.1,30.0,40.0
2017,5,SP,TAUBATE,2.819,3.019,24.0,43.0
2017,5,SP,TUPA,2.928,3.041,50.0,37.0
2017,5,SP,UBATUBA,3.249,3.15,10.0,40.0
2017,5,SP,VALINHOS,2.888,3.004,42.0,45.0
2017,5,SP,VARZEA PAULISTA,2.956,3.085,40.0,25.0
2017,5,SP,VINHEDO,3.084,3.168,29.0,50.0
2017,5,SP,VOTORANTIM,2.941,3.004,35.0,39.0
2017,5,SP,VOTUPORANGA,2.975,3.192,44.0,49.0
2017,5,TO,ARAGUAINA,2.966,3.003,40.0,50.0
2017,5,TO,GURUPI,3.163,3.208,37.0,40.0
2017,5,TO,PALMAS,2.872,2.902,14.0,24.0
2017,5,TO,PARAISO DO TOCANTINS,3.031,3.111,30.0,40.0
2017,5,TO,PORTO NACIONAL,2.768,2.855,21.0,26.0
2017,6,AC,CRUZEIRO DO SUL,4.119,4.128,36.0,20.0
2017,6,AC,RIO BRANCO,3.642,3.726,100.0,101.0
2017,6,AL,ARAPIRACA,3.029,3.093,30.0,48.0
2017,6,AL,DELMIRO GOUVEIA,3.124,3.227,26.0,26.0
2017,6,AL,MACEIO,3.076,3.15,37.0,38.0
2017,6,AL,MARECHAL DEODORO,2.883,3.089,14.0,8.0
2017,6,AL,PALMEIRA DOS INDIOS,3.002,3.109,32.0,24.0
2017,6,AL,RIO LARGO,2.979,3.156,20.0,28.0
2017,6,AL,SANTANA DO IPANEMA,3.006,3.061,20.0,16.0
2017,6,AM,HUMAITA,3.427,3.526,30.0,18.0
2017,6,AM,ITACOATIARA,3.602,3.71,36.0,28.0
2017,6,AM,MANACAPURU,3.065,3.165,34.0,16.0
2017,6,AM,MANAUS,3.025,3.199,71.0,79.0
2017,6,AM,PARINTINS,3.375,3.59,16.0,4.0
2017,6,AM,TEFE,,3.675,,16.0
2017,6,AP,MACAPA,3.496,4.007,46.0,42.0
2017,6,AP,SANTANA,3.427,4.007,24.0,12.0
2017,6,BA,ALAGOINHAS,2.819,2.963,28.0,28.0
2017,6,BA,BARREIRAS,3.108,3.213,44.0,40.0
2017,6,BA,BRUMADO,3.095,3.182,26.0,24.0
2017,6,BA,CAETITE,3.063,3.151,16.0,20.0
2017,6,BA,CAMACARI,2.898,3.019,28.0,40.0
2017,6,BA,CANDEIAS,2.957,3.05,28.0,28.0
2017,6,BA,CONCEICAO DO JACUIPE,2.752,2.845,36.0,36.0
2017,6,BA,EUNAPOLIS,3.033,3.244,17.0,30.0
2017,6,BA,FEIRA DE SANTANA,2.809,2.891,54.0,81.0
2017,6,BA,GUANAMBI,2.995,3.105,36.0,32.0
2017,6,BA,ILHEUS,3.186,3.307,34.0,32.0
2017,6,BA,IPIRA,2.917,3.036,20.0,16.0
2017,6,BA,IRECE,3.101,3.157,28.0,20.0
2017,6,BA,ITABUNA,3.047,3.195,44.0,56.0
2017,6,BA,ITAMARAJU,3.005,3.1,24.0,16.0
2017,6,BA,JACOBINA,2.961,3.092,20.0,16.0
2017,6,BA,JAGUAQUARA,2.884,3.021,28.0,28.0
2017,6,BA,JEQUIE,3.015,3.047,30.0,20.0
2017,6,BA,JUAZEIRO,3.011,3.103,36.0,34.0
2017,6,BA,LAURO DE FREITAS,2.917,3.004,7.0,40.0
2017,6,BA,LIVRAMENTO DE NOSSA SENHORA,3.093,3.202,24.0,16.0
2017,6,BA,PAULO AFONSO,2.979,3.118,20.0,28.0
2017,6,BA,POCOES,2.868,2.962,28.0,12.0
2017,6,BA,PORTO SEGURO,3.433,3.705,12.0,20.0
2017,6,BA,SALVADOR,2.971,3.08,66.0,185.0
2017,6,BA,SANTO ANTONIO DE JESUS,2.81,2.921,24.0,26.0
2017,6,BA,SENHOR DO BONFIM,2.959,3.017,32.0,20.0
2017,6,BA,SERRINHA,2.891,2.945,20.0,12.0
2017,6,BA,SIMOES FILHO,2.943,3.033,32.0,24.0
2017,6,BA,TEIXEIRA DE FREITAS,3.035,3.149,32.0,32.0
2017,6,BA,VALENCA,3.071,3.07,40.0,24.0
2017,6,BA,VITORIA DA CONQUISTA,2.982,3.081,28.0,20.0
2017,6,CE,BEBERIBE,3.1,3.225,4.0,16.0
2017,6,CE,CANINDE,3.238,3.343,24.0,28.0
2017,6,CE,CAUCAIA,,3.2,,81.0
2017,6,CE,CRATEUS,3.133,3.295,28.0,20.0
2017,6,CE,CRATO,3.092,3.183,38.0,32.0
2017,6,CE,FORTALEZA,,3.173,,288.0
2017,6,CE,ICO,3.094,3.223,22.0,26.0
2017,6,CE,IGUATU,3.194,3.324,30.0,26.0
2017,6,CE,IPU,3.109,3.231,24.0,24.0
2017,6,CE,ITAPIPOCA,3.136,3.244,24.0,26.0
2017,6,CE,JUAZEIRO DO NORTE,3.065,3.169,35.0,32.0
2017,6,CE,LIMOEIRO DO NORTE,3.137,3.269,15.0,16.0
2017,6,CE,MARACANAU,,3.156,,40.0
2017,6,CE,MORADA NOVA,3.142,3.27,24.0,8.0
2017,6,CE,QUIXADA,3.105,3.246,24.0,32.0
2017,6,CE,SOBRAL,3.113,3.218,42.0,48.0
2017,6,DF,BRASILIA,3.223,3.393,64.0,145.0
2017,6,ES,ARACRUZ,3.097,3.171,20.0,20.0
2017,6,ES,BARRA DE SAO FRANCISCO,3.042,3.194,16.0,16.0
2017,6,ES,CACHOEIRO DE ITAPEMIRIM,3.097,3.174,40.0,32.0
2017,6,ES,CARIACICA,2.965,3.114,29.0,26.0
2017,6,ES,COLATINA,3.085,3.189,26.0,32.0
2017,6,ES,GUARAPARI,3.108,3.197,32.0,32.0
2017,6,ES,ITAPEMIRIM,3.12,3.19,12.0,12.0
2017,6,ES,LINHARES,2.929,2.989,32.0,36.0
2017,6,ES,SAO MATEUS,3.067,3.184,28.0,20.0
2017,6,ES,SERRA,3.001,3.101,54.0,27.0
2017,6,ES,VILA VELHA,2.999,3.139,28.0,44.0
2017,6,ES,VITORIA,3.042,3.112,23.0,47.0
2017,6,GO,AGUAS LINDAS DE GOIAS,3.185,3.322,16.0,16.0
2017,6,GO,ANAPOLIS,2.996,3.149,50.0,32.0
2017,6,GO,APARECIDA DE GOIANIA,3.001,3.146,54.0,32.0
2017,6,GO,CALDAS NOVAS,3.052,3.203,34.0,18.0
2017,6,GO,CATALAO,3.11,3.263,28.0,24.0
2017,6,GO,FORMOSA,3.091,3.266,28.0,35.0
2017,6,GO,GOIANIA,2.993,3.171,131.0,75.0
2017,6,GO,GOIATUBA,3.094,3.224,44.0,30.0
2017,6,GO,ITUMBIARA,2.955,3.058,57.0,30.0
2017,6,GO,JATAI,3.183,3.346,60.0,53.0
2017,6,GO,LUZIANIA,3.035,3.247,47.0,18.0
2017,6,GO,MINEIROS,3.179,3.336,24.0,18.0
2017,6,GO,MORRINHOS,3.044,3.104,54.0,24.0
2017,6,GO,PORANGATU,3.052,3.144,28.0,20.0
2017,6,GO,RIO VERDE,3.102,3.177,28.0,62.0
2017,6,GO,TRINDADE,2.962,3.19,28.0,4.0
2017,6,GO,VALPARAISO DE GOIAS,3.021,3.238,28.0,13.0
2017,6,MA,ACAILANDIA,2.932,3.065,28.0,32.0
2017,6,MA,BACABAL,3.09,3.095,12.0,14.0
2017,6,MA,BALSAS,3.123,3.208,24.0,28.0
2017,6,MA,BARRA DO CORDA,2.983,3.12,24.0,28.0
2017,6,MA,CAXIAS,2.949,3.068,24.0,28.0
2017,6,MA,CODO,3.026,3.102,16.0,12.0
2017,6,MA,IMPERATRIZ,2.963,3.04,32.0,45.0
2017,6,MA,PINHEIRO,3.052,3.176,20.0,16.0
2017,6,MA,PRESIDENTE DUTRA,2.913,3.011,22.0,24.0
2017,6,MA,SANTA INES,3.002,3.065,16.0,20.0
2017,6,MA,SAO DOMINGOS DO MARANHAO,2.825,2.868,12.0,8.0
2017,6,MA,SAO JOSE DE RIBAMAR,2.883,3.025,20.0,30.0
2017,6,MA,SAO LUIS,2.892,3.044,54.0,115.0
2017,6,MA,TIMON,3.05,3.138,20.0,16.0
2017,6,MG,ALFENAS,3.05,3.174,20.0,16.0
2017,6,MG,ARAGUARI,2.964,3.121,60.0,48.0
2017,6,MG,ARAXA,3.043,3.127,28.0,28.0
2017,6,MG,BARBACENA,3.003,3.083,24.0,24.0
2017,6,MG,BELO HORIZONTE,2.946,3.151,37.0,85.0
2017,6,MG,BETIM,2.916,3.03,30.0,40.0
2017,6,MG,BOM DESPACHO,2.977,3.064,28.0,22.0
2017,6,MG,CAMPO BELO,2.984,3.129,28.0,12.0
2017,6,MG,CARATINGA,3.0,3.042,24.0,12.0
2017,6,MG,CATAGUASES,3.107,3.154,20.0,8.0
2017,6,MG,CONGONHAS,3.08,3.159,16.0,20.0
2017,6,MG,CONSELHEIRO LAFAIETE,3.071,3.129,20.0,8.0
2017,6,MG,CONTAGEM,2.896,3.022,53.0,47.0
2017,6,MG,CORONEL FABRICIANO,2.915,3.061,28.0,20.0
2017,6,MG,CURVELO,2.982,3.071,24.0,24.0
2017,6,MG,DIAMANTINA,3.155,3.325,8.0,16.0
2017,6,MG,DIVINOPOLIS,3.022,3.106,19.0,35.0
2017,6,MG,FORMIGA,2.933,3.06,24.0,4.0
2017,6,MG,FRUTAL,3.196,3.302,26.0,22.0
2017,6,MG,GOVERNADOR VALADARES,3.096,3.201,24.0,40.0
2017,6,MG,GUAXUPE,3.119,3.188,28.0,32.0
2017,6,MG,IPATINGA,2.935,2.962,36.0,32.0
2017,6,MG,ITABIRA,3.033,3.141,28.0,28.0
2017,6,MG,ITAJUBA,2.992,3.072,18.0,22.0
2017,6,MG,ITAUNA,2.959,3.099,24.0,4.0
2017,6,MG,ITUIUTABA,2.998,3.164,44.0,40.0
2017,6,MG,JANAUBA,3.009,3.157,22.0,16.0
2017,6,MG,JANUARIA,3.066,3.253,24.0,18.0
2017,6,MG,JOAO MONLEVADE,3.021,3.082,20.0,24.0
2017,6,MG,JOAO PINHEIRO,3.144,3.241,24.0,20.0
2017,6,MG,JUIZ DE FORA,2.997,3.142,34.0,42.0
2017,6,MG,LAVRAS,3.064,3.179,13.0,27.0
2017,6,MG,LEOPOLDINA,2.911,3.008,24.0,16.0
2017,6,MG,MANHUACU,2.969,3.076,24.0,28.0
2017,6,MG,MONTE CARMELO,3.057,3.195,32.0,32.0
2017,6,MG,MONTES CLAROS,2.866,3.083,54.0,33.0
2017,6,MG,MURIAE,3.049,3.127,24.0,32.0
2017,6,MG,NOVA LIMA,3.143,3.289,8.0,28.0
2017,6,MG,OLIVEIRA,2.921,3.052,29.0,23.0
2017,6,MG,OURO PRETO,3.145,3.177,16.0,20.0
2017,6,MG,PARA DE MINAS,3.218,3.282,24.0,28.0
2017,6,MG,PARACATU,3.198,3.301,12.0,20.0
2017,6,MG,PASSOS,2.989,3.066,24.0,28.0
2017,6,MG,PATOS DE MINAS,3.012,3.112,44.0,35.0
2017,6,MG,PATROCINIO,3.099,3.249,28.0,24.0
2017,6,MG,POCOS DE CALDAS,3.005,3.166,33.0,32.0
2017,6,MG,POUSO ALEGRE,3.026,3.139,38.0,40.0
2017,6,MG,RIBEIRAO DAS NEVES,2.926,3.078,24.0,15.0
2017,6,MG,SABARA,2.956,3.046,13.0,16.0
2017,6,MG,SANTA LUZIA,3.068,3.137,20.0,13.0
2017,6,MG,SAO JOAO DEL REI,3.035,3.139,12.0,16.0
2017,6,MG,SAO LOURENCO,3.05,3.166,20.0,14.0
2017,6,MG,SAO SEBASTIAO DO PARAISO,3.071,3.219,28.0,18.0
2017,6,MG,SETE LAGOAS,2.799,3.038,58.0,42.0
2017,6,MG,TEOFILO OTONI,3.014,3.082,40.0,32.0
2017,6,MG,TIMOTEO,2.855,2.993,22.0,10.0
2017,6,MG,TRES CORACOES,3.145,3.295,16.0,16.0
2017,6,MG,UBA,3.029,3.118,18.0,22.0
2017,6,MG,UBERABA,3.062,3.217,60.0,69.0
2017,6,MG,UBERLANDIA,2.968,3.205,68.0,35.0
2017,6,MG,UNAI,3.098,3.194,32.0,36.0
2017,6,MG,VARGINHA,3.1,3.15,36.0,36.0
2017,6,MG,VESPASIANO,3.02,3.128,20.0,18.0
2017,6,MG,VICOSA,3.129,3.213,4.0,16.0
2017,6,MS,CAMPO GRANDE,3.225,3.436,65.0,92.0
2017,6,MS,CORUMBA,3.468,3.61,20.0,16.0
2017,6,MS,COXIM,3.146,3.246,24.0,24.0
2017,6,MS,DOURADOS,3.321,3.463,20.0,36.0
2017,6,MS,NOVA ANDRADINA,3.349,3.408,24.0,20.0
2017,6,MS,PARANAIBA,3.373,3.51,24.0,28.0
2017,6,MS,PONTA PORA,3.257,3.439,8.0,16.0
2017,6,MS,TRES LAGOAS,3.376,3.48,40.0,44.0
2017,6,MT,ALTA FLORESTA,3.574,3.718,40.0,36.0
2017,6,MT,CACERES,3.153,3.278,35.0,45.0
2017,6,MT,CUIABA,3.311,3.419,115.0,171.0
2017,6,MT,RONDONOPOLIS,3.282,3.383,88.0,72.0
2017,6,MT,SINOP,3.351,3.462,28.0,44.0
2017,6,MT,SORRISO,3.405,3.544,26.0,40.0
2017,6,MT,VARZEA GRANDE,3.146,3.359,65.0,59.0
2017,6,PA,ABAETETUBA,3.403,3.556,16.0,12.0
2017,6,PA,ALENQUER,3.652,3.85,20.0,4.0
2017,6,PA,ALTAMIRA,3.264,3.548,20.0,20.0
2017,6,PA,ANANINDEUA,,3.164,,32.0
2017,6,PA,BELEM,,3.225,,55.0
2017,6,PA,BRAGANCA,,3.01,,20.0
2017,6,PA,CAMETA,3.213,3.375,8.0,8.0
2017,6,PA,CASTANHAL,2.969,3.107,24.0,24.0
2017,6,PA,CONCEICAO DO ARAGUAIA,3.45,3.505,21.0,17.0
2017,6,PA,ITAITUBA,3.003,3.166,18.0,20.0
2017,6,PA,MARABA,3.177,3.199,48.0,46.0
2017,6,PA,PARAGOMINAS,3.052,3.146,16.0,16.0
2017,6,PA,PARAUAPEBAS,3.415,3.469,20.0,36.0
2017,6,PA,REDENCAO,3.316,3.388,16.0,16.0
2017,6,PA,SANTANA DO ARAGUAIA,3.472,3.567,18.0,14.0
2017,6,PA,SANTAREM,3.133,3.209,44.0,36.0
2017,6,PA,XINGUARA,3.355,3.448,22.0,18.0
2017,6,PB,BAYEUX,2.954,3.005,24.0,24.0
2017,6,PB,CABEDELO,3.037,3.086,30.0,25.0
2017,6,PB,CAMPINA GRANDE,2.984,3.087,40.0,46.0
2017,6,PB,JOAO PESSOA,2.889,2.978,35.0,39.0
2017,6,PB,PATOS,2.958,3.042,24.0,20.0
2017,6,PB,SANTA RITA,2.944,3.039,12.0,12.0
2017,6,PB,SOUSA,3.126,3.147,12.0,16.0
2017,6,PE,ABREU E LIMA,,2.839,,28.0
2017,6,PE,ARARIPINA,2.988,3.006,28.0,32.0
2017,6,PE,ARCOVERDE,3.03,3.053,8.0,28.0
2017,6,PE,BELO JARDIM,2.982,2.991,12.0,28.0
2017,6,PE,CABO DE SANTO AGOSTINHO,,2.956,,24.0
2017,6,PE,CAMARAGIBE,,2.936,,28.0
2017,6,PE,CARUARU,,2.94,,78.0
2017,6,PE,GARANHUNS,2.867,2.874,20.0,44.0
2017,6,PE,GOIANA,,2.9,,26.0
2017,6,PE,GRAVATA,,2.935,,28.0
2017,6,PE,IGARASSU,,2.849,,32.0
2017,6,PE,JABOATAO DOS GUARARAPES,,2.898,,44.0
2017,6,PE,LAJEDO,2.85,2.894,16.0,20.0
2017,6,PE,OLINDA,,2.963,,31.0
2017,6,PE,PAULISTA,,2.904,,39.0
2017,6,PE,PETROLINA,3.115,3.205,38.0,34.0
2017,6,PE,RECIFE,,2.98,,80.0
2017,6,PE,SALGUEIRO,2.807,2.898,16.0,24.0
2017,6,PE,SANTA CRUZ DO CAPIBARIBE,,2.946,,28.0
2017,6,PE,SERRA TALHADA,2.78,2.932,2.0,30.0
2017,6,PE,SERTANIA,,3.083,,16.0
2017,6,PE,VITORIA DE SANTO ANTAO,2.76,2.901,12.0,32.0
2017,6,PI,CAMPO MAIOR,3.05,3.138,28.0,20.0
2017,6,PI,PARNAIBA,3.121,3.219,34.0,46.0
2017,6,PI,PICOS,2.975,3.027,28.0,36.0
2017,6,PI,PIRIPIRI,3.081,3.236,20.0,16.0
2017,6,PI,TERESINA,2.982,3.146,46.0,112.0
2017,6,PR,APUCARANA,2.936,3.011,43.0,43.0
2017,6,PR,ARAPONGAS,2.797,2.925,30.0,16.0
2017,6,PR,ARAUCARIA,2.693,2.76,30.0,24.0
2017,6,PR,ASSIS CHATEAUBRIAND,2.693,2.812,31.0,20.0
2017,6,PR,CAMBE,2.842,2.95,34.0,16.0
2017,6,PR,CAMPO LARGO,2.707,2.81,18.0,24.0
2017,6,PR,CAMPO MOURAO,2.779,2.839,49.0,40.0
2017,6,PR,CASCAVEL,2.833,2.935,38.0,55.0
2017,6,PR,CASTRO,2.789,2.888,20.0,20.0
2017,6,PR,CIANORTE,2.813,2.948,40.0,26.0
2017,6,PR,COLOMBO,2.801,2.998,52.0,48.0
2017,6,PR,CORNELIO PROCOPIO,2.837,2.929,16.0,19.0
2017,6,PR,CURITIBA,2.657,2.867,56.0,138.0
2017,6,PR,FOZ DO IGUACU,2.892,2.999,25.0,56.0
2017,6,PR,FRANCISCO BELTRAO,2.771,2.87,26.0,26.0
2017,6,PR,GUARAPUAVA,2.689,2.764,36.0,52.0
2017,6,PR,LARANJEIRAS DO SUL,2.84,2.912,20.0,20.0
2017,6,PR,LONDRINA,2.865,2.975,38.0,74.0
2017,6,PR,MARECHAL CANDIDO RONDON,2.848,2.923,20.0,16.0
2017,6,PR,MARINGA,2.736,2.906,26.0,62.0
2017,6,PR,PARANAGUA,2.818,2.949,31.0,24.0
2017,6,PR,PARANAVAI,2.756,2.846,27.0,28.0
2017,6,PR,PATO BRANCO,2.81,2.93,12.0,30.0
2017,6,PR,PINHAIS,2.854,3.0,32.0,28.0
2017,6,PR,PONTA GROSSA,2.77,2.82,44.0,35.0
2017,6,PR,SANTO ANTONIO DA PLATINA,2.737,2.824,20.0,22.0
2017,6,PR,SAO JOSE DOS PINHAIS,2.715,2.825,35.0,55.0
2017,6,PR,TOLEDO,2.807,2.874,32.0,29.0
2017,6,PR,UMUARAMA,2.714,2.805,24.0,41.0
2017,6,PR,UNIAO DA VITORIA,2.737,2.831,32.0,24.0
2017,6,RJ,ANGRA DOS REIS,3.479,3.521,10.0,16.0
2017,6,RJ,ARARUAMA,3.175,3.265,24.0,36.0
2017,6,RJ,BARRA DO PIRAI,3.263,3.366,24.0,24.0
2017,6,RJ,BARRA MANSA,3.155,3.374,39.0,25.0
2017,6,RJ,BELFORD ROXO,3.113,3.201,22.0,26.0
2017,6,RJ,CABO FRIO,3.36,3.449,12.0,32.0
2017,6,RJ,CAMPOS DOS GOYTACAZES,3.038,3.157,64.0,70.0
2017,6,RJ,DUQUE DE CAXIAS,3.113,3.26,66.0,84.0
2017,6,RJ,ITABORAI,2.999,3.145,36.0,28.0
2017,6,RJ,ITAGUAI,3.035,3.125,20.0,24.0
2017,6,RJ,ITAPERUNA,3.119,3.211,20.0,24.0
2017,6,RJ,MACAE,3.214,3.33,24.0,40.0
2017,6,RJ,MAGE,3.106,3.236,15.0,20.0
2017,6,RJ,MANGARATIBA,3.127,3.237,16.0,16.0
2017,6,RJ,MARICA,3.212,3.343,27.0,30.0
2017,6,RJ,NILOPOLIS,3.129,3.311,8.0,10.0
2017,6,RJ,NITEROI,3.102,3.326,31.0,65.0
2017,6,RJ,NOVA FRIBURGO,3.17,3.312,21.0,34.0
2017,6,RJ,NOVA IGUACU,3.042,3.221,45.0,46.0
2017,6,RJ,PARATY,3.424,3.646,12.0,28.0
2017,6,RJ,PETROPOLIS,3.145,3.282,37.0,46.0
2017,6,RJ,RESENDE,3.316,3.414,12.0,36.0
2017,6,RJ,RIO BONITO,3.166,3.249,24.0,20.0
2017,6,RJ,RIO DE JANEIRO,3.083,3.306,77.0,137.0
2017,6,RJ,SANTO ANTONIO DE PADUA,2.953,3.072,20.0,12.0
2017,6,RJ,SAO FRANCISCO DE ITABAPOANA,3.096,3.187,28.0,14.0
2017,6,RJ,SAO GONCALO,3.114,3.242,62.0,59.0
2017,6,RJ,SAO JOAO DE MERITI,3.05,3.172,26.0,22.0
2017,6,RJ,SAPUCAIA,2.863,2.944,40.0,24.0
2017,6,RJ,SAQUAREMA,3.159,3.327,16.0,20.0
2017,6,RJ,TERESOPOLIS,3.099,3.176,24.0,42.0
2017,6,RJ,TRES RIOS,2.981,3.152,20.0,32.0
2017,6,RJ,VALENCA,3.224,3.32,28.0,32.0
2017,6,RJ,VASSOURAS,3.152,3.356,12.0,20.0
2017,6,RJ,VOLTA REDONDA,3.269,3.506,38.0,15.0
2017,6,RN,CAICO,3.043,3.156,22.0,20.0
2017,6,RN,MOSSORO,3.041,3.163,64.0,58.0
2017,6,RN,NATAL,3.04,3.16,44.0,65.0
2017,6,RN,PARNAMIRIM,2.969,3.114,36.0,42.0
2017,6,RN,SAO JOSE DE MIPIBU,2.957,3.124,28.0,18.0
2017,6,RO,ARIQUEMES,3.197,3.304,34.0,36.0
2017,6,RO,CACOAL,3.147,3.221,31.0,31.0
2017,6,RO,GUAJARA MIRIM,3.317,3.418,12.0,8.0
2017,6,RO,JI PARANA,3.118,3.21,56.0,40.0
2017,6,RO,PIMENTA BUENO,3.292,3.334,20.0,24.0
2017,6,RO,PORTO VELHO,3.158,3.27,85.0,81.0
2017,6,RO,VILHENA,3.168,3.291,39.0,33.0
2017,6,RR,BOA VISTA,3.141,3.193,33.0,35.0
2017,6,RS,ALEGRETE,3.088,3.115,16.0,16.0
2017,6,RS,ALVORADA,2.963,3.066,8.0,12.0
2017,6,RS,BAGE,3.203,3.33,18.0,30.0
2017,6,RS,BENTO GONCALVES,2.959,3.048,20.0,29.0
2017,6,RS,CACAPAVA DO SUL,3.032,3.09,16.0,24.0
2017,6,RS,CACHOEIRA DO SUL,3.036,3.181,24.0,22.0
2017,6,RS,CACHOEIRINHA,2.8,2.934,30.0,28.0
2017,6,RS,CANOAS,2.789,2.95,36.0,38.0
2017,6,RS,CAXIAS DO SUL,2.896,3.088,15.0,57.0
2017,6,RS,CRUZ ALTA,3.005,3.152,28.0,20.0
2017,6,RS,ERECHIM,2.914,3.086,32.0,40.0
2017,6,RS,ESTEIO,2.896,3.06,30.0,26.0
2017,6,RS,GRAMADO,3.05,3.197,13.0,15.0
2017,6,RS,GRAVATAI,2.763,2.862,45.0,39.0
2017,6,RS,GUAIBA,2.88,3.024,28.0,28.0
2017,6,RS,IJUI,2.956,3.079,24.0,30.0
2017,6,RS,LAJEADO,2.887,2.988,14.0,20.0
2017,6,RS,NOVO HAMBURGO,2.746,2.955,40.0,45.0
2017,6,RS,OSORIO,2.847,3.022,18.0,24.0
2017,6,RS,PALMEIRA DAS MISSOES,2.932,3.054,20.0,20.0
2017,6,RS,PASSO FUNDO,2.923,3.178,24.0,44.0
2017,6,RS,PELOTAS,3.026,3.239,38.0,45.0
2017,6,RS,PORTO ALEGRE,2.869,3.064,47.0,90.0
2017,6,RS,RIO GRANDE,2.981,3.146,58.0,55.0
2017,6,RS,SANTA CRUZ DO SUL,2.882,3.023,24.0,28.0
2017,6,RS,SANTA MARIA,2.932,3.044,30.0,35.0
2017,6,RS,SANTA ROSA,3.029,3.196,20.0,24.0
2017,6,RS,SANTANA DO LIVRAMENTO,2.951,3.135,25.0,35.0
2017,6,RS,SANTO ANGELO,2.956,3.095,26.0,28.0
2017,6,RS,SAO BORJA,3.054,3.216,24.0,24.0
2017,6,RS,SAO GABRIEL,3.068,3.2,18.0,18.0
2017,6,RS,SAO LEOPOLDO,2.734,2.888,33.0,36.0
2017,6,RS,SAO LUIZ GONZAGA,2.929,3.044,20.0,16.0
2017,6,RS,SAPIRANGA,2.77,2.919,14.0,36.0
2017,6,RS,SAPUCAIA DO SUL,2.703,2.963,26.0,26.0
2017,6,RS,TORRES,2.92,3.038,15.0,21.0
2017,6,RS,TRAMANDAI,2.882,3.141,12.0,18.0
2017,6,RS,URUGUAIANA,3.01,3.128,16.0,28.0
2017,6,RS,VACARIA,2.906,3.048,18.0,36.0
2017,6,RS,VIAMAO,2.9,3.043,12.0,16.0
2017,6,SC,ARARANGUA,2.784,2.939,27.0,22.0
2017,6,SC,BALNEARIO CAMBORIU,3.013,3.057,7.0,36.0
2017,6,SC,BIGUACU,2.847,2.933,24.0,41.0
2017,6,SC,BLUMENAU,2.915,3.015,37.0,65.0
2017,6,SC,BRUSQUE,2.967,3.03,20.0,35.0
2017,6,SC,CACADOR,2.978,3.056,24.0,25.0
2017,6,SC,CHAPECO,2.936,3.085,21.0,37.0
2017,6,SC,CONCORDIA,3.031,3.177,20.0,20.0
2017,6,SC,CRICIUMA,2.804,2.998,25.0,45.0
2017,6,SC,FLORIANOPOLIS,3.108,3.215,22.0,88.0
2017,6,SC,ITAJAI,2.895,2.989,17.0,50.0
2017,6,SC,JARAGUA DO SUL,2.994,3.062,32.0,44.0
2017,6,SC,JOINVILLE,2.806,2.945,31.0,51.0
2017,6,SC,LAGES,3.074,3.139,12.0,28.0
2017,6,SC,LAGUNA,2.878,2.954,25.0,24.0
2017,6,SC,MAFRA,2.895,3.055,16.0,24.0
2017,6,SC,PALHOCA,2.912,2.975,33.0,58.0
2017,6,SC,SAO JOSE,2.901,3.037,16.0,56.0
2017,6,SC,SAO MIGUEL DO OESTE,2.94,3.02,8.0,12.0
2017,6,SC,TUBARAO,2.734,2.803,27.0,31.0
2017,6,SC,VIDEIRA,2.927,3.0,20.0,24.0
2017,6,SC,XANXERE,2.967,3.091,16.0,16.0
2017,6,SE,ARACAJU,2.996,3.171,8.0,51.0
2017,6,SE,ITABAIANA,2.897,2.979,32.0,32.0
2017,6,SE,LAGARTO,2.898,3.007,16.0,24.0
2017,6,SE,NOSSA SENHORA DO SOCORRO,2.88,2.999,28.0,32.0
2017,6,SP,ADAMANTINA,2.9,3.089,18.0,20.0
2017,6,SP,AMERICANA,2.829,2.958,18.0,45.0
2017,6,SP,AMPARO,2.984,3.102,41.0,30.0
2017,6,SP,ARACATUBA,2.943,3.062,60.0,78.0
2017,6,SP,ARARAQUARA,3.004,3.163,49.0,49.0
2017,6,SP,ARARAS,2.859,2.959,52.0,34.0
2017,6,SP,ASSIS,2.996,3.045,48.0,64.0
2017,6,SP,ATIBAIA,2.871,3.024,45.0,53.0
2017,6,SP,AVARE,3.035,3.09,45.0,45.0
2017,6,SP,BARRETOS,2.949,3.049,33.0,54.0
2017,6,SP,BARUERI,2.919,3.139,26.0,62.0
2017,6,SP,BAURU,2.835,2.97,61.0,68.0
2017,6,SP,BEBEDOURO,2.986,2.992,28.0,22.0
2017,6,SP,BIRIGUI,2.935,3.047,39.0,49.0
2017,6,SP,BOTUCATU,2.951,3.063,35.0,25.0
2017,6,SP,BRAGANCA PAULISTA,2.896,3.035,18.0,40.0
2017,6,SP,CACAPAVA,2.919,2.953,24.0,28.0
2017,6,SP,CAMPINAS,2.898,3.034,71.0,112.0
2017,6,SP,CAMPOS DO JORDAO,3.066,2.98,6.0,14.0
2017,6,SP,CAPAO BONITO,2.895,2.98,20.0,20.0
2017,6,SP,CARAGUATATUBA,3.137,3.242,28.0,36.0
2017,6,SP,CARAPICUIBA,2.97,2.975,14.0,28.0
2017,6,SP,CATANDUVA,2.947,3.045,24.0,36.0
2017,6,SP,COSMOPOLIS,2.933,3.078,16.0,8.0
2017,6,SP,COTIA,2.961,3.108,34.0,46.0
2017,6,SP,CRUZEIRO,2.96,3.048,20.0,16.0
2017,6,SP,CUBATAO,3.056,3.258,14.0,22.0
2017,6,SP,DIADEMA,2.831,3.108,12.0,44.0
2017,6,SP,DRACENA,2.977,3.091,28.0,28.0
2017,6,SP,EMBU DAS ARTES,2.912,3.04,44.0,34.0
2017,6,SP,FRANCA,2.896,3.001,60.0,66.0
2017,6,SP,GARCA,3.021,3.157,22.0,13.0
2017,6,SP,GUARATINGUETA,3.028,3.142,22.0,26.0
2017,6,SP,GUARUJA,3.065,3.235,13.0,35.0
2017,6,SP,GUARULHOS,2.888,3.011,48.0,77.0
2017,6,SP,HORTOLANDIA,2.826,2.979,32.0,30.0
2017,6,SP,IBITINGA,2.89,3.041,25.0,35.0
2017,6,SP,INDAIATUBA,3.011,3.084,27.0,45.0
2017,6,SP,ITANHAEM,3.001,3.333,17.0,8.0
2017,6,SP,ITAPECERICA DA SERRA,2.899,2.999,36.0,24.0
2017,6,SP,ITAPETININGA,2.813,2.943,44.0,40.0
2017,6,SP,ITAPEVA,3.033,3.12,32.0,36.0
2017,6,SP,ITAPEVI,3.016,3.124,12.0,16.0
2017,6,SP,ITAPIRA,2.882,3.026,36.0,33.0
2017,6,SP,ITAPOLIS,2.943,3.025,34.0,26.0
2017,6,SP,ITAQUAQUECETUBA,2.917,3.039,20.0,32.0
2017,6,SP,ITATIBA,2.91,3.027,36.0,39.0
2017,6,SP,ITU,2.89,2.991,32.0,56.0
2017,6,SP,JABOTICABAL,2.883,2.952,36.0,44.0
2017,6,SP,JACAREI,2.792,2.865,39.0,46.0
2017,6,SP,JALES,2.774,2.892,28.0,32.0
2017,6,SP,JANDIRA,2.899,2.999,8.0,12.0
2017,6,SP,JAU,2.981,3.08,34.0,32.0
2017,6,SP,JOSE BONIFACIO,2.784,2.888,40.0,36.0
2017,6,SP,JUNDIAI,2.95,3.089,47.0,59.0
2017,6,SP,LEME,2.888,3.017,45.0,45.0
2017,6,SP,LIMEIRA,2.881,3.043,58.0,71.0
2017,6,SP,LINS,3.02,3.043,45.0,35.0
2017,6,SP,LORENA,2.783,2.928,25.0,35.0
2017,6,SP,MARILIA,2.897,3.014,45.0,35.0
2017,6,SP,MATAO,2.944,3.086,55.0,43.0
2017,6,SP,MAUA,3.003,3.104,22.0,38.0
2017,6,SP,MIRASSOL,2.808,2.922,28.0,20.0
2017,6,SP,MOCOCA,2.856,2.969,40.0,20.0
2017,6,SP,MOGI DAS CRUZES,2.866,2.96,37.0,60.0
2017,6,SP,MOGI GUACU,2.896,3.023,32.0,34.0
2017,6,SP,MOGI MIRIM,2.868,3.03,28.0,40.0
2017,6,SP,MONTE ALTO,3.18,3.276,30.0,40.0
2017,6,SP,OLIMPIA,2.822,2.952,35.0,25.0
2017,6,SP,OSASCO,2.981,3.086,53.0,44.0
2017,6,SP,OURINHOS,2.92,3.047,45.0,55.0
2017,6,SP,PARAGUACU PAULISTA,2.956,3.034,32.0,20.0
2017,6,SP,PAULINIA,2.902,3.026,40.0,48.0
2017,6,SP,PINDAMONHANGABA,2.814,2.92,19.0,23.0
2017,6,SP,PIRACICABA,2.864,3.003,48.0,65.0
2017,6,SP,PIRASSUNUNGA,2.919,3.042,28.0,28.0
2017,6,SP,POA,2.916,3.054,14.0,16.0
2017,6,SP,PORTO FERREIRA,2.885,2.968,24.0,16.0
2017,6,SP,PRAIA GRANDE,3.035,3.118,25.0,36.0
2017,6,SP,PRESIDENTE PRUDENTE,2.979,3.094,51.0,63.0
2017,6,SP,PRESIDENTE VENCESLAU,2.909,3.055,49.0,45.0
2017,6,SP,RIBEIRAO PIRES,3.004,3.22,20.0,20.0
2017,6,SP,RIBEIRAO PRETO,2.879,3.101,32.0,85.0
2017,6,SP,RIO CLARO,2.883,3.023,30.0,42.0
2017,6,SP,SALTO,2.839,3.011,28.0,28.0
2017,6,SP,SANTA BARBARA D OESTE,2.831,2.99,30.0,38.0
2017,6,SP,SANTA CRUZ DO RIO PARDO,2.949,3.019,24.0,28.0
2017,6,SP,SANTO ANDRE,2.914,3.118,20.0,70.0
2017,6,SP,SANTOS,2.98,3.202,19.0,44.0
2017,6,SP,SAO BERNARDO DO CAMPO,2.902,3.109,22.0,61.0
2017,6,SP,SAO CAETANO DO SUL,2.746,3.079,6.0,34.0
2017,6,SP,SAO CARLOS,2.967,3.094,43.0,68.0
2017,6,SP,SAO JOAO DA BOA VISTA,2.89,3.024,39.0,34.0
2017,6,SP,SAO JOAQUIM DA BARRA,2.953,3.02,20.0,36.0
2017,6,SP,SAO JOSE DO RIO PRETO,2.81,2.98,61.0,63.0
2017,6,SP,SAO JOSE DOS CAMPOS,2.721,2.874,25.0,55.0
2017,6,SP,SAO PAULO,2.899,3.124,96.0,371.0
2017,6,SP,SAO ROQUE,3.017,2.996,8.0,24.0
2017,6,SP,SAO VICENTE,2.918,3.058,29.0,28.0
2017,6,SP,SERTAOZINHO,2.847,2.943,36.0,37.0
2017,6,SP,SOROCABA,2.868,2.99,56.0,84.0
2017,6,SP,SUMARE,2.875,2.989,48.0,44.0
2017,6,SP,SUZANO,2.887,3.02,26.0,38.0
2017,6,SP,TABOAO DA SERRA,3.089,3.001,20.0,24.0
2017,6,SP,TATUI,2.993,3.072,24.0,32.0
2017,6,SP,TAUBATE,2.817,2.993,19.0,35.0
2017,6,SP,TUPA,2.914,3.024,40.0,28.0
2017,6,SP,UBATUBA,3.232,3.147,6.0,34.0
2017,6,SP,VALINHOS,2.824,2.985,28.0,42.0
2017,6,SP,VARZEA PAULISTA,2.927,3.046,32.0,24.0
2017,6,SP,VINHEDO,3.045,3.147,24.0,40.0
2017,6,SP,VOTORANTIM,2.906,2.962,27.0,28.0
2017,6,SP,VOTUPORANGA,2.996,3.175,32.0,40.0
2017,6,TO,ARAGUAINA,2.944,2.985,32.0,40.0
2017,6,TO,GURUPI,3.127,3.17,30.0,34.0
2017,6,TO,PALMAS,2.828,2.828,16.0,31.0
2017,6,TO,PARAISO DO TOCANTINS,3.011,3.081,24.0,32.0
2017,6,TO,PORTO NACIONAL,2.714,2.811,16.0,20.0
2017,7,AC,CRUZEIRO DO SUL,4.147,4.167,38.0,21.0
2017,7,AC,RIO BRANCO,3.631,3.717,80.0,80.0
2017,7,AL,ARAPIRACA,2.956,3.0,30.0,47.0
2017,7,AL,DELMIRO GOUVEIA,3.199,3.306,25.0,25.0
2017,7,AL,MACEIO,3.066,3.134,24.0,30.0
2017,7,AL,MARECHAL DEODORO,2.885,3.052,20.0,8.0
2017,7,AL,PALMEIRA DOS INDIOS,3.012,3.112,32.0,24.0
2017,7,AL,RIO LARGO,3.016,3.206,20.0,28.0
2017,7,AL,SANTANA DO IPANEMA,3.007,3.105,20.0,16.0
2017,7,AM,HUMAITA,3.442,3.514,24.0,14.0
2017,7,AM,ITACOATIARA,3.618,3.751,39.0,24.0
2017,7,AM,MANACAPURU,3.035,3.157,38.0,18.0
2017,7,AM,MANAUS,3.056,3.179,78.0,89.0
2017,7,AM,PARINTINS,3.309,3.59,14.0,8.0
2017,7,AM,TEFE,,3.675,,16.0
2017,7,AP,MACAPA,3.397,3.978,54.0,34.0
2017,7,AP,SANTANA,3.378,3.937,24.0,12.0
2017,7,BA,ALAGOINHAS,2.841,2.978,32.0,24.0
2017,7,BA,BARREIRAS,3.094,3.194,44.0,40.0
2017,7,BA,BRUMADO,3.116,3.217,26.0,24.0
2017,7,BA,CAETITE,3.117,3.185,17.0,18.0
2017,7,BA,CAMACARI,2.904,3.02,28.0,40.0
2017,7,BA,CANDEIAS,2.953,3.046,28.0,28.0
2017,7,BA,CONCEICAO DO JACUIPE,2.758,2.852,36.0,36.0
2017,7,BA,EUNAPOLIS,3.034,3.201,15.0,29.0
2017,7,BA,FEIRA DE SANTANA,2.784,2.873,53.0,71.0
2017,7,BA,GUANAMBI,3.005,3.12,36.0,32.0
2017,7,BA,ILHEUS,3.173,3.302,40.0,38.0
2017,7,BA,IPIRA,2.919,3.066,20.0,16.0
2017,7,BA,IRECE,3.111,3.147,24.0,24.0
2017,7,BA,ITABUNA,2.998,3.138,44.0,56.0
2017,7,BA,ITAMARAJU,3.024,3.149,30.0,20.0
2017,7,BA,JACOBINA,2.963,3.101,20.0,16.0
2017,7,BA,JAGUAQUARA,2.839,2.939,28.0,28.0
2017,7,BA,JEQUIE,3.051,3.112,30.0,16.0
2017,7,BA,JUAZEIRO,3.023,3.119,30.0,36.0
2017,7,BA,LAURO DE FREITAS,2.955,3.019,8.0,40.0
2017,7,BA,LIVRAMENTO DE NOSSA SENHORA,3.122,3.227,30.0,20.0
2017,7,BA,PAULO AFONSO,2.974,3.113,20.0,28.0
2017,7,BA,POCOES,2.914,2.987,28.0,12.0
2017,7,BA,PORTO SEGURO,3.433,3.705,12.0,20.0
2017,7,BA,SALVADOR,2.981,3.08,63.0,193.0
2017,7,BA,SANTO ANTONIO DE JESUS,2.859,2.925,26.0,22.0
2017,7,BA,SENHOR DO BONFIM,2.979,3.054,32.0,20.0
2017,7,BA,SERRINHA,2.84,2.906,18.0,14.0
2017,7,BA,SIMOES FILHO,2.932,3.043,31.0,24.0
2017,7,BA,TEIXEIRA DE FREITAS,2.982,3.138,32.0,32.0
2017,7,BA,VALENCA,3.013,3.048,40.0,24.0
2017,7,BA,VITORIA DA CONQUISTA,2.933,3.026,28.0,20.0
2017,7,CE,BEBERIBE,3.125,3.223,4.0,16.0
2017,7,CE,CANINDE,3.21,3.322,24.0,28.0
2017,7,CE,CAUCAIA,,3.128,,81.0
2017,7,CE,CRATEUS,3.125,3.259,24.0,22.0
2017,7,CE,CRATO,3.08,3.161,47.0,36.0
2017,7,CE,FORTALEZA,,3.134,,288.0
2017,7,CE,ICO,3.037,3.171,21.0,31.0
2017,7,CE,IGUATU,3.116,3.261,27.0,29.0
2017,7,CE,IPU,3.132,3.221,24.0,24.0
2017,7,CE,ITAPIPOCA,3.123,3.216,26.0,24.0
2017,7,CE,JUAZEIRO DO NORTE,2.994,3.078,36.0,36.0
2017,7,CE,LIMOEIRO DO NORTE,3.078,3.179,14.0,14.0
2017,7,CE,MARACANAU,,3.108,,39.0
2017,7,CE,MORADA NOVA,3.118,3.231,24.0,8.0
2017,7,CE,QUIXADA,3.073,3.157,24.0,32.0
2017,7,CE,SOBRAL,3.122,3.214,55.0,60.0
2017,7,DF,BRASILIA,3.186,3.285,61.0,105.0
2017,7,ES,ARACRUZ,3.136,3.202,25.0,25.0
2017,7,ES,BARRA DE SAO FRANCISCO,3.044,3.208,16.0,16.0
2017,7,ES,CACHOEIRO DE ITAPEMIRIM,3.088,3.175,40.0,37.0
2017,7,ES,CARIACICA,2.982,3.124,21.0,19.0
2017,7,ES,COLATINA,3.096,3.204,25.0,31.0
2017,7,ES,GUARAPARI,3.099,3.214,33.0,36.0
2017,7,ES,ITAPEMIRIM,3.097,3.171,12.0,12.0
2017,7,ES,LINHARES,2.879,2.936,32.0,36.0
2017,7,ES,SAO MATEUS,3.067,3.204,28.0,20.0
2017,7,ES,SERRA,3.013,3.102,43.0,23.0
2017,7,ES,VILA VELHA,3.023,3.14,24.0,38.0
2017,7,ES,VITORIA,3.018,3.117,18.0,38.0
2017,7,GO,AGUAS LINDAS DE GOIAS,3.18,3.327,16.0,16.0
2017,7,GO,ANAPOLIS,3.028,3.165,52.0,32.0
2017,7,GO,APARECIDA DE GOIANIA,2.974,3.112,35.0,31.0
2017,7,GO,CALDAS NOVAS,3.036,3.185,33.0,19.0
2017,7,GO,CATALAO,3.082,3.222,28.0,24.0
2017,7,GO,FORMOSA,3.061,3.198,28.0,36.0
2017,7,GO,GOIANIA,3.016,3.164,126.0,76.0
2017,7,GO,GOIATUBA,3.047,3.177,35.0,23.0
2017,7,GO,ITUMBIARA,2.976,3.086,58.0,32.0
2017,7,GO,JATAI,3.185,3.351,49.0,42.0
2017,7,GO,LUZIANIA,3.034,3.2,46.0,20.0
2017,7,GO,MINEIROS,3.189,3.39,24.0,18.0
2017,7,GO,MORRINHOS,2.983,3.074,43.0,18.0
2017,7,GO,PORANGATU,3.06,3.194,27.0,21.0
2017,7,GO,RIO VERDE,3.089,3.179,28.0,64.0
2017,7,GO,TRINDADE,2.973,3.223,28.0,3.0
2017,7,GO,VALPARAISO DE GOIAS,2.99,3.199,27.0,12.0
2017,7,MA,ACAILANDIA,2.912,3.022,29.0,31.0
2017,7,MA,BACABAL,2.982,3.044,10.0,16.0
2017,7,MA,BALSAS,3.091,3.183,24.0,28.0
2017,7,MA,BARRA DO CORDA,3.007,3.117,23.0,28.0
2017,7,MA,CAXIAS,2.917,3.002,34.0,39.0
2017,7,MA,CODO,3.035,3.113,16.0,12.0
2017,7,MA,IMPERATRIZ,2.917,2.994,36.0,40.0
2017,7,MA,PINHEIRO,3.052,3.16,20.0,16.0
2017,7,MA,PRESIDENTE DUTRA,2.874,2.952,22.0,24.0
2017,7,MA,SANTA INES,2.891,2.996,16.0,20.0
2017,7,MA,SAO DOMINGOS DO MARANHAO,2.697,2.795,12.0,8.0
2017,7,MA,SAO JOSE DE RIBAMAR,2.819,3.003,16.0,32.0
2017,7,MA,SAO LUIS,2.892,3.043,47.0,121.0
2017,7,MA,TIMON,3.042,3.159,16.0,16.0
2017,7,MG,ALFENAS,3.081,3.219,23.0,21.0
2017,7,MG,ARAGUARI,2.927,3.08,58.0,48.0
2017,7,MG,ARAXA,3.021,3.126,35.0,34.0
2017,7,MG,BARBACENA,2.963,3.045,24.0,25.0
2017,7,MG,BELO HORIZONTE,2.931,3.147,32.0,74.0
2017,7,MG,BETIM,2.919,3.035,39.0,51.0
2017,7,MG,BOM DESPACHO,2.992,3.088,28.0,22.0
2017,7,MG,CAMPO BELO,2.941,3.11,26.0,12.0
2017,7,MG,CARATINGA,2.994,3.053,24.0,12.0
2017,7,MG,CATAGUASES,3.152,3.196,20.0,8.0
2017,7,MG,CONGONHAS,3.055,3.115,16.0,20.0
2017,7,MG,CONSELHEIRO LAFAIETE,3.067,3.165,20.0,8.0
2017,7,MG,CONTAGEM,2.895,3.024,67.0,61.0
2017,7,MG,CORONEL FABRICIANO,2.93,3.054,25.0,18.0
2017,7,MG,CURVELO,2.979,3.07,24.0,24.0
2017,7,MG,DIAMANTINA,3.124,3.311,8.0,16.0
2017,7,MG,DIVINOPOLIS,3.033,3.107,19.0,32.0
2017,7,MG,FORMIGA,2.957,3.085,24.0,4.0
2017,7,MG,FRUTAL,3.191,3.281,20.0,20.0
2017,7,MG,GOVERNADOR VALADARES,3.068,3.215,30.0,50.0
2017,7,MG,GUAXUPE,3.122,3.193,28.0,32.0
2017,7,MG,IPATINGA,2.931,2.978,46.0,37.0
2017,7,MG,ITABIRA,3.015,3.119,30.0,31.0
2017,7,MG,ITAJUBA,3.036,3.144,27.0,23.0
2017,7,MG,ITAUNA,2.898,3.048,24.0,4.0
2017,7,MG,ITUIUTABA,2.992,3.165,38.0,53.0
2017,7,MG,JANAUBA,3.027,3.221,20.0,16.0
2017,7,MG,JANUARIA,3.094,3.278,24.0,16.0
2017,7,MG,JOAO MONLEVADE,3.0,3.05,20.0,24.0
2017,7,MG,JOAO PINHEIRO,3.156,3.266,24.0,20.0
2017,7,MG,JUIZ DE FORA,2.979,3.131,26.0,34.0
2017,7,MG,LAVRAS,3.059,3.2,19.0,33.0
2017,7,MG,LEOPOLDINA,2.899,2.961,24.0,18.0
2017,7,MG,MANHUACU,2.996,3.077,30.0,32.0
2017,7,MG,MONTE CARMELO,3.035,3.156,32.0,32.0
2017,7,MG,MONTES CLAROS,2.915,3.115,55.0,33.0
2017,7,MG,MURIAE,3.06,3.139,24.0,32.0
2017,7,MG,NOVA LIMA,3.19,3.321,10.0,35.0
2017,7,MG,OLIVEIRA,2.914,3.048,28.0,24.0
2017,7,MG,OURO PRETO,3.195,3.243,20.0,25.0
2017,7,MG,PARA DE MINAS,3.141,3.229,24.0,28.0
2017,7,MG,PARACATU,3.221,3.309,15.0,25.0
2017,7,MG,PASSOS,2.985,3.086,24.0,28.0
2017,7,MG,PATOS DE MINAS,2.995,3.098,45.0,36.0
2017,7,MG,PATROCINIO,3.077,3.178,28.0,24.0
2017,7,MG,POCOS DE CALDAS,3.004,3.163,32.0,31.0
2017,7,MG,POUSO ALEGRE,3.046,3.163,38.0,37.0
2017,7,MG,RIBEIRAO DAS NEVES,2.841,3.022,24.0,16.0
2017,7,MG,SABARA,2.936,3.039,13.0,23.0
2017,7,MG,SANTA LUZIA,2.973,3.077,20.0,12.0
2017,7,MG,SAO JOAO DEL REI,3.032,3.11,12.0,16.0
2017,7,MG,SAO LOURENCO,2.971,3.093,20.0,16.0
2017,7,MG,SAO SEBASTIAO DO PARAISO,3.123,3.27,35.0,23.0
2017,7,MG,SETE LAGOAS,2.724,3.015,52.0,44.0
2017,7,MG,TEOFILO OTONI,2.967,3.023,40.0,30.0
2017,7,MG,TIMOTEO,2.838,2.991,20.0,12.0
2017,7,MG,TRES CORACOES,3.145,3.281,20.0,20.0
2017,7,MG,UBA,3.013,3.106,16.0,20.0
2017,7,MG,UBERABA,3.051,3.243,57.0,66.0
2017,7,MG,UBERLANDIA,2.969,3.194,71.0,35.0
2017,7,MG,UNAI,3.068,3.169,32.0,38.0
2017,7,MG,VARGINHA,3.115,3.149,36.0,36.0
2017,7,MG,VESPASIANO,2.985,3.101,24.0,20.0
2017,7,MG,VICOSA,3.129,3.213,4.0,16.0
2017,7,MS,CAMPO GRANDE,3.15,3.393,65.0,99.0
2017,7,MS,CORUMBA,3.475,3.617,20.0,16.0
2017,7,MS,COXIM,3.146,3.245,24.0,24.0
2017,7,MS,DOURADOS,3.292,3.452,20.0,36.0
2017,7,MS,NOVA ANDRADINA,3.254,3.316,24.0,20.0
2017,7,MS,PARANAIBA,3.338,3.446,24.0,28.0
2017,7,MS,PONTA PORA,3.215,3.419,8.0,16.0
2017,7,MS,TRES LAGOAS,3.337,3.455,40.0,44.0
2017,7,MT,ALTA FLORESTA,3.56,3.717,40.0,36.0
2017,7,MT,CACERES,3.179,3.295,30.0,36.0
2017,7,MT,CUIABA,3.299,3.418,94.0,133.0
2017,7,MT,RONDONOPOLIS,3.252,3.345,88.0,72.0
2017,7,MT,SINOP,3.299,3.416,28.0,46.0
2017,7,MT,SORRISO,3.34,3.455,32.0,40.0
2017,7,MT,VARZEA GRANDE,3.135,3.342,52.0,49.0
2017,7,PA,ABAETETUBA,3.371,3.529,16.0,12.0
2017,7,PA,ALENQUER,3.695,3.889,20.0,8.0
2017,7,PA,ALTAMIRA,3.257,3.54,18.0,20.0
2017,7,PA,ANANINDEUA,,3.1,,32.0
2017,7,PA,BELEM,,3.19,,58.0
2017,7,PA,BRAGANCA,,3.018,,20.0
2017,7,PA,CAMETA,3.208,3.341,8.0,8.0
2017,7,PA,CASTANHAL,2.955,3.05,24.0,24.0
2017,7,PA,CONCEICAO DO ARAGUAIA,3.406,3.449,20.0,16.0
2017,7,PA,ITAITUBA,2.927,3.086,16.0,20.0
2017,7,PA,MARABA,3.139,3.151,40.0,52.0
2017,7,PA,PARAGOMINAS,2.95,3.046,16.0,16.0
2017,7,PA,PARAUAPEBAS,3.415,3.46,20.0,36.0
2017,7,PA,REDENCAO,3.317,3.388,16.0,16.0
2017,7,PA,SANTANA DO ARAGUAIA,3.382,3.481,20.0,16.0
2017,7,PA,SANTAREM,3.053,3.138,44.0,40.0
2017,7,PA,XINGUARA,3.382,3.474,20.0,16.0
2017,7,PB,BAYEUX,2.896,2.946,24.0,24.0
2017,7,PB,CABEDELO,3.001,3.094,23.0,22.0
2017,7,PB,CAMPINA GRANDE,2.99,3.078,34.0,48.0
2017,7,PB,JOAO PESSOA,2.938,3.039,22.0,56.0
2017,7,PB,PATOS,2.981,3.063,30.0,25.0
2017,7,PB,SANTA RITA,2.933,3.028,12.0,12.0
2017,7,PB,SOUSA,3.067,3.135,12.0,16.0
2017,7,PE,ABREU E LIMA,,2.794,,28.0
2017,7,PE,ARARIPINA,2.987,2.984,35.0,40.0
2017,7,PE,ARCOVERDE,3.073,3.047,10.0,37.0
2017,7,PE,BELO JARDIM,2.982,2.979,12.0,28.0
2017,7,PE,CABO DE SANTO AGOSTINHO,,2.942,,22.0
2017,7,PE,CAMARAGIBE,,2.931,,28.0
2017,7,PE,CARUARU,,2.978,,64.0
2017,7,PE,GARANHUNS,2.864,2.882,16.0,44.0
2017,7,PE,GOIANA,,2.938,,25.0
2017,7,PE,GRAVATA,,2.95,,28.0
2017,7,PE,IGARASSU,,2.828,,32.0
2017,7,PE,JABOATAO DOS GUARARAPES,,2.858,,45.0
2017,7,PE,LAJEDO,2.819,2.815,18.0,20.0
2017,7,PE,OLINDA,,2.974,,32.0
2017,7,PE,PAULISTA,,2.951,,40.0
2017,7,PE,PETROLINA,3.043,3.159,36.0,38.0
2017,7,PE,RECIFE,,2.96,,74.0
2017,7,PE,SALGUEIRO,2.737,2.838,16.0,24.0
2017,7,PE,SANTA CRUZ DO CAPIBARIBE,,2.911,,26.0
2017,7,PE,SERRA TALHADA,2.78,2.911,4.0,28.0
2017,7,PE,SERTANIA,,3.009,,16.0
2017,7,PE,VITORIA DE SANTO ANTAO,2.771,2.866,12.0,32.0
2017,7,PI,CAMPO MAIOR,3.046,3.12,24.0,24.0
2017,7,PI,PARNAIBA,3.139,3.23,46.0,63.0
2017,7,PI,PICOS,2.928,2.982,24.0,32.0
2017,7,PI,PIRIPIRI,3.058,3.195,20.0,16.0
2017,7,PI,TERESINA,2.983,3.147,54.0,134.0
2017,7,PR,APUCARANA,2.894,2.989,52.0,52.0
2017,7,PR,ARAPONGAS,2.746,2.925,28.0,16.0
2017,7,PR,ARAUCARIA,2.677,2.735,37.0,32.0
2017,7,PR,ASSIS CHATEAUBRIAND,2.697,2.801,32.0,20.0
2017,7,PR,CAMBE,2.848,2.956,45.0,20.0
2017,7,PR,CAMPO LARGO,2.666,2.783,16.0,22.0
2017,7,PR,CAMPO MOURAO,2.701,2.761,53.0,37.0
2017,7,PR,CASCAVEL,2.784,2.909,41.0,55.0
2017,7,PR,CASTRO,2.734,2.862,22.0,20.0
2017,7,PR,CIANORTE,2.744,2.863,40.0,24.0
2017,7,PR,COLOMBO,2.772,2.973,54.0,46.0
2017,7,PR,CORNELIO PROCOPIO,2.794,2.881,20.0,16.0
2017,7,PR,CURITIBA,2.624,2.879,38.0,117.0
2017,7,PR,FOZ DO IGUACU,2.821,2.937,24.0,56.0
2017,7,PR,FRANCISCO BELTRAO,2.77,2.862,37.0,29.0
2017,7,PR,GUARAPUAVA,2.671,2.749,36.0,52.0
2017,7,PR,LARANJEIRAS DO SUL,2.753,2.788,21.0,24.0
2017,7,PR,LONDRINA,2.813,2.927,32.0,67.0
2017,7,PR,MARECHAL CANDIDO RONDON,2.799,2.876,22.0,16.0
2017,7,PR,MARINGA,2.702,2.856,34.0,74.0
2017,7,PR,PARANAGUA,2.809,2.9,33.0,24.0
2017,7,PR,PARANAVAI,2.731,2.812,31.0,33.0
2017,7,PR,PATO BRANCO,2.777,2.918,12.0,30.0
2017,7,PR,PINHAIS,2.799,2.951,38.0,35.0
2017,7,PR,PONTA GROSSA,2.747,2.812,45.0,36.0
2017,7,PR,SANTO ANTONIO DA PLATINA,2.709,2.811,26.0,30.0
2017,7,PR,SAO JOSE DOS PINHAIS,2.659,2.774,33.0,57.0
2017,7,PR,TOLEDO,2.783,2.828,36.0,25.0
2017,7,PR,UMUARAMA,2.684,2.775,28.0,39.0
2017,7,PR,UNIAO DA VITORIA,2.745,2.831,32.0,24.0
2017,7,RJ,ANGRA DOS REIS,3.431,3.502,12.0,20.0
2017,7,RJ,ARARUAMA,3.204,3.294,30.0,50.0
2017,7,RJ,BARRA DO PIRAI,3.246,3.369,24.0,24.0
2017,7,RJ,BARRA MANSA,3.145,3.383,37.0,28.0
2017,7,RJ,BELFORD ROXO,3.113,3.195,20.0,28.0
2017,7,RJ,CABO FRIO,3.32,3.479,12.0,32.0
2017,7,RJ,CAMPOS DOS GOYTACAZES,2.973,3.116,50.0,54.0
2017,7,RJ,DUQUE DE CAXIAS,3.119,3.282,53.0,67.0
2017,7,RJ,ITABORAI,3.024,3.126,32.0,28.0
2017,7,RJ,ITAGUAI,3.02,3.127,16.0,26.0
2017,7,RJ,ITAPERUNA,3.106,3.201,20.0,24.0
2017,7,RJ,MACAE,3.173,3.291,24.0,40.0
2017,7,RJ,MAGE,3.106,3.236,14.0,22.0
2017,7,RJ,MANGARATIBA,3.183,3.234,17.0,16.0
2017,7,RJ,MARICA,3.223,3.354,34.0,37.0
2017,7,RJ,NILOPOLIS,3.199,3.211,4.0,8.0
2017,7,RJ,NITEROI,3.135,3.259,23.0,59.0
2017,7,RJ,NOVA FRIBURGO,3.166,3.264,19.0,31.0
2017,7,RJ,NOVA IGUACU,3.062,3.185,44.0,45.0
2017,7,RJ,PARATY,3.406,3.592,12.0,28.0
2017,7,RJ,PETROPOLIS,3.166,3.231,34.0,52.0
2017,7,RJ,RESENDE,3.286,3.392,15.0,43.0
2017,7,RJ,RIO BONITO,3.158,3.22,24.0,20.0
2017,7,RJ,RIO DE JANEIRO,3.093,3.335,84.0,185.0
2017,7,RJ,SANTO ANTONIO DE PADUA,2.953,3.103,25.0,15.0
2017,7,RJ,SAO FRANCISCO DE ITABAPOANA,3.114,3.182,28.0,14.0
2017,7,RJ,SAO GONCALO,3.116,3.235,50.0,46.0
2017,7,RJ,SAO JOAO DE MERITI,3.056,3.139,14.0,26.0
2017,7,RJ,SAPUCAIA,2.789,2.888,40.0,24.0
2017,7,RJ,SAQUAREMA,3.133,3.307,16.0,20.0
2017,7,RJ,TERESOPOLIS,3.134,3.21,25.0,60.0
2017,7,RJ,TRES RIOS,2.948,3.12,20.0,32.0
2017,7,RJ,VALENCA,3.179,3.264,26.0,34.0
2017,7,RJ,VASSOURAS,3.151,3.359,14.0,22.0
2017,7,RJ,VOLTA REDONDA,3.29,3.54,28.0,13.0
2017,7,RN,CAICO,3.048,3.161,18.0,23.0
2017,7,RN,MOSSORO,3.008,3.161,64.0,57.0
2017,7,RN,NATAL,2.987,3.145,44.0,64.0
2017,7,RN,PARNAMIRIM,2.985,3.111,39.0,40.0
2017,7,RN,SAO JOSE DE MIPIBU,2.906,3.069,24.0,16.0
2017,7,RO,ARIQUEMES,3.168,3.262,32.0,36.0
2017,7,RO,CACOAL,3.064,3.136,32.0,32.0
2017,7,RO,GUAJARA MIRIM,3.244,3.314,12.0,8.0
2017,7,RO,JI PARANA,3.055,3.169,52.0,39.0
2017,7,RO,PIMENTA BUENO,3.115,3.16,16.0,24.0
2017,7,RO,PORTO VELHO,3.113,3.239,71.0,61.0
2017,7,RO,VILHENA,3.154,3.26,50.0,43.0
2017,7,RR,BOA VISTA,3.031,3.095,31.0,34.0
2017,7,RS,ALEGRETE,3.087,3.135,20.0,20.0
2017,7,RS,ALVORADA,2.944,3.033,9.0,10.0
2017,7,RS,BAGE,3.171,3.296,22.0,34.0
2017,7,RS,BENTO GONCALVES,2.936,3.006,20.0,30.0
2017,7,RS,CACAPAVA DO SUL,2.909,3.02,16.0,24.0
2017,7,RS,CACHOEIRA DO SUL,2.957,3.085,33.0,29.0
2017,7,RS,CACHOEIRINHA,2.684,2.827,40.0,36.0
2017,7,RS,CANOAS,2.821,2.962,31.0,39.0
2017,7,RS,CAXIAS DO SUL,2.887,3.054,19.0,51.0
2017,7,RS,CRUZ ALTA,2.953,3.105,28.0,19.0
2017,7,RS,ERECHIM,2.915,3.058,32.0,40.0
2017,7,RS,ESTEIO,2.836,3.034,26.0,28.0
2017,7,RS,GRAMADO,3.039,3.171,16.0,16.0
2017,7,RS,GRAVATAI,2.712,2.847,36.0,35.0
2017,7,RS,GUAIBA,2.92,3.021,24.0,24.0
2017,7,RS,IJUI,2.852,3.013,22.0,30.0
2017,7,RS,LAJEADO,2.86,3.011,14.0,18.0
2017,7,RS,NOVO HAMBURGO,2.716,2.889,41.0,49.0
2017,7,RS,OSORIO,2.664,2.817,20.0,24.0
2017,7,RS,PALMEIRA DAS MISSOES,2.925,2.963,20.0,20.0
2017,7,RS,PASSO FUNDO,2.944,3.123,32.0,43.0
2017,7,RS,PELOTAS,2.975,3.184,32.0,42.0
2017,7,RS,PORTO ALEGRE,2.838,3.024,37.0,81.0
2017,7,RS,RIO GRANDE,2.967,3.145,50.0,42.0
2017,7,RS,SANTA CRUZ DO SUL,2.836,2.986,30.0,32.0
2017,7,RS,SANTA MARIA,2.955,3.066,32.0,37.0
2017,7,RS,SANTA ROSA,2.943,3.08,16.0,24.0
2017,7,RS,SANTANA DO LIVRAMENTO,2.987,3.155,18.0,29.0
2017,7,RS,SANTO ANGELO,2.918,3.075,28.0,20.0
2017,7,RS,SAO BORJA,2.958,3.073,24.0,24.0
2017,7,RS,SAO GABRIEL,3.024,3.163,18.0,18.0
2017,7,RS,SAO LEOPOLDO,2.735,2.865,35.0,36.0
2017,7,RS,SAO LUIZ GONZAGA,2.797,2.899,20.0,16.0
2017,7,RS,SAPIRANGA,2.787,2.879,26.0,32.0
2017,7,RS,SAPUCAIA DO SUL,2.683,2.814,26.0,28.0
2017,7,RS,TORRES,2.894,3.033,16.0,20.0
2017,7,RS,TRAMANDAI,2.825,3.007,16.0,19.0
2017,7,RS,URUGUAIANA,3.003,3.122,20.0,26.0
2017,7,RS,VACARIA,2.831,2.992,16.0,33.0
2017,7,RS,VIAMAO,2.81,3.029,12.0,16.0
2017,7,SC,ARARANGUA,2.703,2.852,32.0,22.0
2017,7,SC,BALNEARIO CAMBORIU,3.064,3.034,8.0,36.0
2017,7,SC,BIGUACU,2.878,2.95,25.0,40.0
2017,7,SC,BLUMENAU,2.872,2.938,49.0,61.0
2017,7,SC,BRUSQUE,2.874,2.982,15.0,36.0
2017,7,SC,CACADOR,2.898,3.018,24.0,28.0
2017,7,SC,CHAPECO,2.873,3.061,18.0,33.0
2017,7,SC,CONCORDIA,2.97,3.063,18.0,16.0
2017,7,SC,CRICIUMA,2.733,2.905,31.0,44.0
2017,7,SC,FLORIANOPOLIS,3.01,3.157,16.0,84.0
2017,7,SC,ITAJAI,2.799,2.971,13.0,39.0
2017,7,SC,JARAGUA DO SUL,2.858,2.9,27.0,40.0
2017,7,SC,JOINVILLE,2.804,2.912,29.0,53.0
2017,7,SC,LAGES,3.003,3.068,12.0,28.0
2017,7,SC,LAGUNA,2.764,2.878,24.0,24.0
2017,7,SC,MAFRA,2.878,3.023,16.0,24.0
2017,7,SC,PALHOCA,2.91,2.976,35.0,56.0
2017,7,SC,SAO JOSE,2.895,2.987,20.0,59.0
2017,7,SC,SAO MIGUEL DO OESTE,2.91,2.951,8.0,12.0
2017,7,SC,TUBARAO,2.653,2.762,27.0,32.0
2017,7,SC,VIDEIRA,2.867,2.921,18.0,26.0
2017,7,SC,XANXERE,2.909,3.018,16.0,16.0
2017,7,SE,ARACAJU,2.934,3.127,10.0,53.0
2017,7,SE,ITABAIANA,2.854,2.936,32.0,32.0
2017,7,SE,LAGARTO,2.837,2.959,16.0,22.0
2017,7,SE,NOSSA SENHORA DO SOCORRO,2.838,2.968,28.0,32.0
2017,7,SP,ADAMANTINA,2.891,3.129,17.0,22.0
2017,7,SP,AMERICANA,2.793,2.957,16.0,43.0
2017,7,SP,AMPARO,2.967,3.063,40.0,30.0
2017,7,SP,ARACATUBA,2.928,3.047,59.0,83.0
2017,7,SP,ARARAQUARA,2.987,3.137,46.0,49.0
2017,7,SP,ARARAS,2.836,2.95,49.0,38.0
2017,7,SP,ASSIS,2.975,3.006,48.0,64.0
2017,7,SP,ATIBAIA,2.933,3.086,54.0,66.0
2017,7,SP,AVARE,3.01,3.072,36.0,36.0
2017,7,SP,BARRETOS,2.938,3.065,33.0,56.0
2017,7,SP,BARUERI,2.913,3.121,28.0,61.0
2017,7,SP,BAURU,2.829,2.974,59.0,70.0
2017,7,SP,BEBEDOURO,2.907,2.952,26.0,22.0
2017,7,SP,BIRIGUI,2.889,3.008,32.0,40.0
2017,7,SP,BOTUCATU,2.912,3.02,28.0,20.0
2017,7,SP,BRAGANCA PAULISTA,2.88,3.033,30.0,48.0
2017,7,SP,CACAPAVA,2.911,2.973,24.0,28.0
2017,7,SP,CAMPINAS,2.929,3.051,74.0,124.0
2017,7,SP,CAMPOS DO JORDAO,3.032,3.099,8.0,12.0
2017,7,SP,CAPAO BONITO,2.916,2.997,20.0,20.0
2017,7,SP,CARAGUATATUBA,3.156,3.255,29.0,33.0
2017,7,SP,CARAPICUIBA,2.933,3.008,13.0,39.0
2017,7,SP,CATANDUVA,2.952,3.056,29.0,32.0
2017,7,SP,COSMOPOLIS,2.881,3.045,16.0,8.0
2017,7,SP,COTIA,2.954,3.082,31.0,44.0
2017,7,SP,CRUZEIRO,2.988,3.024,20.0,25.0
2017,7,SP,CUBATAO,3.018,3.269,14.0,22.0
2017,7,SP,DIADEMA,2.885,3.073,24.0,32.0
2017,7,SP,DRACENA,2.919,3.052,28.0,32.0
2017,7,SP,EMBU DAS ARTES,2.886,2.993,55.0,40.0
2017,7,SP,FRANCA,2.859,2.967,55.0,68.0
2017,7,SP,GARCA,2.97,3.115,22.0,14.0
2017,7,SP,GUARATINGUETA,3.043,3.172,21.0,28.0
2017,7,SP,GUARUJA,3.134,3.22,14.0,35.0
2017,7,SP,GUARULHOS,2.901,2.999,49.0,78.0
2017,7,SP,HORTOLANDIA,2.847,2.989,39.0,40.0
2017,7,SP,IBITINGA,2.854,2.974,20.0,27.0
2017,7,SP,INDAIATUBA,2.99,3.064,26.0,46.0
2017,7,SP,ITANHAEM,3.038,3.274,15.0,10.0
2017,7,SP,ITAPECERICA DA SERRA,2.903,3.017,44.0,32.0
2017,7,SP,ITAPETININGA,2.792,2.933,42.0,37.0
2017,7,SP,ITAPEVA,2.971,3.061,32.0,36.0
2017,7,SP,ITAPEVI,3.067,3.035,10.0,14.0
2017,7,SP,ITAPIRA,2.871,3.004,36.0,34.0
2017,7,SP,ITAPOLIS,2.948,3.041,36.0,23.0
2017,7,SP,ITAQUAQUECETUBA,2.869,3.027,22.0,32.0
2017,7,SP,ITATIBA,2.919,3.048,46.0,51.0
2017,7,SP,ITU,2.901,2.997,32.0,56.0
2017,7,SP,JABOTICABAL,2.916,2.99,36.0,40.0
2017,7,SP,JACAREI,2.746,2.859,35.0,49.0
2017,7,SP,JALES,2.806,2.916,40.0,40.0
2017,7,SP,JANDIRA,2.879,3.009,10.0,10.0
2017,7,SP,JAU,2.935,3.101,32.0,33.0
2017,7,SP,JOSE BONIFACIO,2.757,2.872,40.0,36.0
2017,7,SP,JUNDIAI,2.956,3.113,46.0,61.0
2017,7,SP,LEME,2.861,2.99,35.0,39.0
2017,7,SP,LIMEIRA,2.864,3.024,55.0,73.0
2017,7,SP,LINS,3.001,3.029,37.0,28.0
2017,7,SP,LORENA,2.72,2.873,20.0,28.0
2017,7,SP,MARILIA,2.904,3.032,36.0,29.0
2017,7,SP,MATAO,2.958,3.084,44.0,36.0
2017,7,SP,MAUA,2.945,3.066,24.0,37.0
2017,7,SP,MIRASSOL,2.811,2.928,28.0,20.0
2017,7,SP,MOCOCA,2.853,2.991,40.0,21.0
2017,7,SP,MOGI DAS CRUZES,2.846,2.964,29.0,55.0
2017,7,SP,MOGI GUACU,2.953,3.083,43.0,47.0
2017,7,SP,MOGI MIRIM,2.827,2.996,24.0,40.0
2017,7,SP,MONTE ALTO,3.04,3.173,24.0,32.0
2017,7,SP,OLIMPIA,2.802,2.926,28.0,23.0
2017,7,SP,OSASCO,3.016,3.124,64.0,61.0
2017,7,SP,OURINHOS,2.848,3.025,36.0,44.0
2017,7,SP,PARAGUACU PAULISTA,2.946,3.032,32.0,20.0
2017,7,SP,PAULINIA,2.815,2.927,40.0,48.0
2017,7,SP,PINDAMONHANGABA,2.834,2.904,24.0,27.0
2017,7,SP,PIRACICABA,2.815,2.949,51.0,60.0
2017,7,SP,PIRASSUNUNGA,2.938,3.035,34.0,38.0
2017,7,SP,POA,2.907,3.042,16.0,14.0
2017,7,SP,PORTO FERREIRA,2.9,2.97,30.0,20.0
2017,7,SP,PRAIA GRANDE,3.024,3.039,19.0,39.0
2017,7,SP,PRESIDENTE PRUDENTE,2.974,3.076,49.0,63.0
2017,7,SP,PRESIDENTE VENCESLAU,2.945,3.053,36.0,36.0
2017,7,SP,RIBEIRAO PIRES,2.941,3.189,20.0,20.0
2017,7,SP,RIBEIRAO PRETO,2.924,3.127,34.0,92.0
2017,7,SP,RIO CLARO,2.831,2.982,28.0,41.0
2017,7,SP,SALTO,2.824,2.991,28.0,28.0
2017,7,SP,SANTA BARBARA D OESTE,2.84,3.008,40.0,38.0
2017,7,SP,SANTA CRUZ DO RIO PARDO,2.918,2.965,24.0,28.0
2017,7,SP,SANTO ANDRE,2.882,3.031,45.0,72.0
2017,7,SP,SANTOS,3.007,3.271,6.0,41.0
2017,7,SP,SAO BERNARDO DO CAMPO,2.97,3.091,21.0,59.0
2017,7,SP,SAO CAETANO DO SUL,2.639,3.011,4.0,36.0
2017,7,SP,SAO CARLOS,2.921,3.047,49.0,90.0
2017,7,SP,SAO JOAO DA BOA VISTA,2.868,2.969,38.0,33.0
2017,7,SP,SAO JOAQUIM DA BARRA,2.955,3.014,22.0,36.0
2017,7,SP,SAO JOSE DO RIO PRETO,2.789,2.971,55.0,61.0
2017,7,SP,SAO JOSE DOS CAMPOS,2.708,2.895,22.0,57.0
2017,7,SP,SAO PAULO,2.908,3.097,97.0,370.0
2017,7,SP,SAO ROQUE,3.005,2.959,8.0,24.0
2017,7,SP,SAO VICENTE,2.904,3.067,26.0,29.0
2017,7,SP,SERTAOZINHO,2.863,2.98,36.0,36.0
2017,7,SP,SOROCABA,2.884,3.037,70.0,105.0
2017,7,SP,SUMARE,2.864,2.966,49.0,43.0
2017,7,SP,SUZANO,2.821,2.977,26.0,38.0
2017,7,SP,TABOAO DA SERRA,3.071,2.986,20.0,24.0
2017,7,SP,TATUI,2.962,3.059,27.0,40.0
2017,7,SP,TAUBATE,2.802,2.936,22.0,38.0
2017,7,SP,TUPA,2.936,3.054,40.0,28.0
2017,7,SP,UBATUBA,3.232,3.056,6.0,32.0
2017,7,SP,VALINHOS,2.786,2.936,30.0,40.0
2017,7,SP,VARZEA PAULISTA,2.937,3.034,32.0,24.0
2017,7,SP,VINHEDO,3.034,3.125,25.0,40.0
2017,7,SP,VOTORANTIM,2.874,2.947,24.0,30.0
2017,7,SP,VOTUPORANGA,2.965,3.094,34.0,42.0
2017,7,TO,ARAGUAINA,2.899,2.913,33.0,40.0
2017,7,TO,GURUPI,3.099,3.201,28.0,32.0
2017,7,TO,PALMAS,2.816,2.93,16.0,28.0
2017,7,TO,PARAISO DO TOCANTINS,2.989,3.024,30.0,40.0
2017,7,TO,PORTO NACIONAL,2.652,2.732,16.0,20.0
2017,8,AC,CRUZEIRO DO SUL,4.236,4.257,22.0,14.0
2017,8,AC,RIO BRANCO,3.776,3.865,103.0,99.0
2017,8,AL,ARAPIRACA,3.09,3.126,23.0,37.0
2017,8,AL,DELMIRO GOUVEIA,3.249,3.338,12.0,12.0
2017,8,AL,MACEIO,3.14,3.167,35.0,42.0
2017,8,AL,PALMEIRA DOS INDIOS,3.097,3.18,24.0,18.0
2017,8,AL,RIO LARGO,3.202,3.338,10.0,14.0
2017,8,AM,ITACOATIARA,3.727,3.864,23.0,21.0
2017,8,AM,MANACAPURU,3.066,3.14,18.0,10.0
2017,8,AM,MANAUS,3.129,3.286,97.0,106.0
2017,8,AM,PARINTINS,3.446,3.57,10.0,4.0
2017,8,AM,TEFE,,3.9,,8.0
2017,8,AP,MACAPA,3.477,4.033,75.0,23.0
2017,8,AP,SANTANA,3.594,4.023,10.0,6.0
2017,8,BA,ALAGOINHAS,2.917,3.057,21.0,21.0
2017,8,BA,BARREIRAS,3.231,3.319,22.0,20.0
2017,8,BA,BRUMADO,3.262,3.361,18.0,18.0
2017,8,BA,CAETITE,3.322,3.414,8.0,10.0
2017,8,BA,CAMACARI,3.091,3.173,21.0,33.0
2017,8,BA,EUNAPOLIS,3.258,3.417,9.0,15.0
2017,8,BA,FEIRA DE SANTANA,2.934,3.014,38.0,61.0
2017,8,BA,GUANAMBI,3.197,3.318,18.0,15.0
2017,8,BA,ILHEUS,3.231,3.349,16.0,16.0
2017,8,BA,IPIRA,3.022,3.174,10.0,8.0
2017,8,BA,IRECE,3.251,3.318,18.0,18.0
2017,8,BA,ITABUNA,3.264,3.35,20.0,22.0
2017,8,BA,ITAMARAJU,3.203,3.295,12.0,8.0
2017,8,BA,JACOBINA,3.087,3.202,10.0,8.0
2017,8,BA,JAGUAQUARA,3.035,3.135,21.0,21.0
2017,8,BA,JEQUIE,3.176,3.256,14.0,12.0
2017,8,BA,JUAZEIRO,3.154,3.272,23.0,18.0
2017,8,BA,LAURO DE FREITAS,3.055,3.162,4.0,20.0
2017,8,BA,LIVRAMENTO DE NOSSA SENHORA,3.248,3.334,12.0,7.0
2017,8,BA,PAULO AFONSO,3.165,3.268,10.0,14.0
2017,8,BA,POCOES,3.058,3.146,21.0,9.0
2017,8,BA,PORTO SEGURO,3.466,3.803,6.0,10.0
2017,8,BA,SALVADOR,3.07,3.208,80.0,230.0
2017,8,BA,SANTO ANTONIO DE JESUS,3.008,3.101,18.0,18.0
2017,8,BA,SENHOR DO BONFIM,3.088,3.187,16.0,10.0
2017,8,BA,SERRINHA,3.009,3.128,15.0,9.0
2017,8,BA,SIMOES FILHO,3.043,3.187,16.0,12.0
2017,8,BA,TEIXEIRA DE FREITAS,3.237,3.34,24.0,24.0
2017,8,BA,VALENCA,3.136,3.185,20.0,12.0
2017,8,BA,VITORIA DA CONQUISTA,3.164,3.261,21.0,15.0
2017,8,CE,CANINDE,3.359,3.456,18.0,21.0
2017,8,CE,CAUCAIA,,3.253,,42.0
2017,8,CE,CRATEUS,3.327,3.503,12.0,12.0
2017,8,CE,CRATO,3.177,3.235,20.0,13.0
2017,8,CE,FORTALEZA,,3.197,,359.0
2017,8,CE,ICO,3.16,3.228,6.0,14.0
2017,8,CE,IGUATU,3.381,3.527,23.0,19.0
2017,8,CE,ITAPIPOCA,3.197,3.299,12.0,12.0
2017,8,CE,JUAZEIRO DO NORTE,3.181,3.232,29.0,30.0
2017,8,CE,LIMOEIRO DO NORTE,3.193,3.388,9.0,6.0
2017,8,CE,MARACANAU,,3.204,,20.0
2017,8,CE,QUIXADA,3.296,3.432,19.0,24.0
2017,8,CE,SOBRAL,3.251,3.367,22.0,24.0
2017,8,DF,BRASILIA,3.278,3.409,75.0,132.0
2017,8,ES,ARACRUZ,3.28,3.334,10.0,10.0
2017,8,ES,CACHOEIRO DE ITAPEMIRIM,3.185,3.289,20.0,18.0
2017,8,ES,CARIACICA,3.092,3.243,17.0,16.0
2017,8,ES,COLATINA,3.201,3.304,14.0,14.0
2017,8,ES,GUARAPARI,3.207,3.34,28.0,26.0
2017,8,ES,LINHARES,3.124,3.183,16.0,18.0
2017,8,ES,SAO MATEUS,3.189,3.308,21.0,15.0
2017,8,ES,SERRA,3.109,3.215,22.0,12.0
2017,8,ES,VILA VELHA,3.129,3.278,12.0,33.0
2017,8,ES,VITORIA,3.112,3.251,25.0,49.0
2017,8,GO,AGUAS LINDAS DE GOIAS,3.245,3.368,12.0,12.0
2017,8,GO,ANAPOLIS,3.214,3.35,28.0,16.0
2017,8,GO,APARECIDA DE GOIANIA,3.114,3.225,31.0,20.0
2017,8,GO,CALDAS NOVAS,3.243,3.396,15.0,11.0
2017,8,GO,CATALAO,3.25,3.369,21.0,19.0
2017,8,GO,FORMOSA,3.131,3.272,14.0,18.0
2017,8,GO,GOIANIA,3.162,3.297,116.0,122.0
2017,8,GO,GOIATUBA,3.205,3.349,27.0,18.0
2017,8,GO,ITUMBIARA,3.112,3.199,29.0,15.0
2017,8,GO,JATAI,3.308,3.448,36.0,30.0
2017,8,GO,LUZIANIA,3.191,3.326,24.0,13.0
2017,8,GO,MINEIROS,3.208,3.468,18.0,10.0
2017,8,GO,MORRINHOS,3.176,3.253,22.0,9.0
2017,8,GO,PORANGATU,3.148,3.244,20.0,16.0
2017,8,GO,RIO VERDE,3.186,3.299,14.0,32.0
2017,8,GO,TRINDADE,3.134,3.238,21.0,4.0
2017,8,GO,VALPARAISO DE GOIAS,3.176,3.363,16.0,8.0
2017,8,MA,ACAILANDIA,3.061,3.14,21.0,21.0
2017,8,MA,BACABAL,2.98,3.012,6.0,8.0
2017,8,MA,BALSAS,3.191,3.274,18.0,21.0
2017,8,MA,BARRA DO CORDA,3.047,3.147,10.0,12.0
2017,8,MA,CAXIAS,3.009,3.09,12.0,14.0
2017,8,MA,CODO,3.14,3.207,8.0,6.0
2017,8,MA,IMPERATRIZ,3.078,3.18,24.0,33.0
2017,8,MA,PINHEIRO,3.258,3.347,10.0,8.0
2017,8,MA,PRESIDENTE DUTRA,2.966,3.078,12.0,12.0
2017,8,MA,SANTA INES,3.109,3.175,8.0,10.0
2017,8,MA,SAO JOSE DE RIBAMAR,3.013,3.106,7.0,15.0
2017,8,MA,SAO LUIS,2.954,3.105,68.0,136.0
2017,8,MG,ALFENAS,3.148,3.315,10.0,8.0
2017,8,MG,ARAGUARI,3.125,3.272,28.0,24.0
2017,8,MG,ARAXA,3.182,3.287,14.0,15.0
2017,8,MG,BARBACENA,3.088,3.231,12.0,14.0
2017,8,MG,BELO HORIZONTE,3.106,3.275,39.0,92.0
2017,8,MG,BETIM,3.009,3.123,16.0,20.0
2017,8,MG,BOM DESPACHO,3.16,3.271,14.0,12.0
2017,8,MG,CAMPO BELO,3.084,3.241,15.0,12.0
2017,8,MG,CARATINGA,3.15,3.216,12.0,6.0
2017,8,MG,CONGONHAS,3.174,3.265,12.0,15.0
2017,8,MG,CONSELHEIRO LAFAIETE,3.177,3.285,10.0,4.0
2017,8,MG,CONTAGEM,2.99,3.117,24.0,25.0
2017,8,MG,CORONEL FABRICIANO,3.098,3.205,10.0,6.0
2017,8,MG,CURVELO,3.137,3.23,19.0,20.0
2017,8,MG,DIVINOPOLIS,3.159,3.295,8.0,12.0
2017,8,MG,FORMIGA,3.115,3.24,18.0,3.0
2017,8,MG,FRUTAL,3.315,3.427,10.0,10.0
2017,8,MG,GOVERNADOR VALADARES,3.227,3.343,12.0,20.0
2017,8,MG,GUAXUPE,3.154,3.232,14.0,16.0
2017,8,MG,IPATINGA,3.048,3.119,20.0,19.0
2017,8,MG,ITABIRA,3.176,3.288,14.0,16.0
2017,8,MG,ITAJUBA,3.183,3.274,9.0,11.0
2017,8,MG,ITAUNA,3.027,3.199,11.0,3.0
2017,8,MG,ITUIUTABA,3.096,3.236,16.0,21.0
2017,8,MG,JANAUBA,3.196,3.412,8.0,8.0
2017,8,MG,JANUARIA,3.258,3.383,18.0,12.0
2017,8,MG,JOAO MONLEVADE,3.147,3.156,10.0,12.0
2017,8,MG,JOAO PINHEIRO,3.288,3.425,18.0,15.0
2017,8,MG,JUIZ DE FORA,3.129,3.339,10.0,17.0
2017,8,MG,LAVRAS,3.216,3.36,7.0,13.0
2017,8,MG,LEOPOLDINA,3.078,3.211,12.0,6.0
2017,8,MG,MANHUACU,3.111,3.211,11.0,9.0
2017,8,MG,MONTE CARMELO,3.205,3.29,16.0,16.0
2017,8,MG,MONTES CLAROS,3.08,3.295,42.0,26.0
2017,8,MG,MURIAE,3.205,3.323,14.0,14.0
2017,8,MG,NOVA LIMA,3.354,3.427,4.0,14.0
2017,8,MG,OLIVEIRA,3.082,3.193,14.0,12.0
2017,8,MG,OURO PRETO,3.294,3.353,7.0,10.0
2017,8,MG,PARA DE MINAS,3.426,3.541,12.0,14.0
2017,8,MG,PARACATU,3.392,3.476,6.0,10.0
2017,8,MG,PASSOS,3.161,3.274,12.0,14.0
2017,8,MG,PATOS DE MINAS,3.176,3.257,18.0,16.0
2017,8,MG,PATROCINIO,3.198,3.306,14.0,12.0
2017,8,MG,POCOS DE CALDAS,3.144,3.293,24.0,24.0
2017,8,MG,POUSO ALEGRE,3.127,3.246,18.0,22.0
2017,8,MG,SABARA,3.073,3.177,4.0,10.0
2017,8,MG,SAO JOAO DEL REI,3.189,3.297,6.0,8.0
2017,8,MG,SAO SEBASTIAO DO PARAISO,3.242,3.376,14.0,9.0
2017,8,MG,SETE LAGOAS,2.94,3.181,26.0,22.0
2017,8,MG,TEOFILO OTONI,3.174,3.271,28.0,24.0
2017,8,MG,TIMOTEO,3.03,3.16,10.0,6.0
2017,8,MG,TRES CORACOES,3.27,3.462,8.0,8.0
2017,8,MG,UBA,3.187,3.298,10.0,10.0
2017,8,MG,UBERABA,3.198,3.363,50.0,50.0
2017,8,MG,UBERLANDIA,3.113,3.305,37.0,18.0
2017,8,MG,UNAI,3.229,3.369,24.0,28.0
2017,8,MG,VARGINHA,3.205,3.326,14.0,18.0
2017,8,MG,VICOSA,3.297,3.389,3.0,12.0
2017,8,MS,CAMPO GRANDE,3.294,3.545,84.0,127.0
2017,8,MS,CORUMBA,3.505,3.64,15.0,12.0
2017,8,MS,COXIM,3.373,3.473,12.0,12.0
2017,8,MS,DOURADOS,3.401,3.593,15.0,26.0
2017,8,MS,NOVA ANDRADINA,3.469,3.533,12.0,10.0
2017,8,MS,PONTA PORA,3.376,3.493,6.0,12.0
2017,8,MS,TRES LAGOAS,3.61,3.7,20.0,22.0
2017,8,MT,ALTA FLORESTA,3.711,3.805,30.0,27.0
2017,8,MT,CACERES,3.35,3.481,14.0,18.0
2017,8,MT,CUIABA,3.368,3.475,120.0,177.0
2017,8,MT,RONDONOPOLIS,3.414,3.531,66.0,52.0
2017,8,MT,SINOP,3.566,3.661,16.0,24.0
2017,8,MT,SORRISO,3.608,3.729,27.0,30.0
2017,8,MT,VARZEA GRANDE,3.353,3.458,28.0,28.0
2017,8,PA,ABAETETUBA,3.46,3.59,12.0,9.0
2017,8,PA,ALENQUER,3.818,4.0,10.0,2.0
2017,8,PA,ALTAMIRA,3.431,3.759,17.0,16.0
2017,8,PA,ANANINDEUA,,3.221,,14.0
2017,8,PA,BELEM,,3.303,,70.0
2017,8,PA,BRAGANCA,,3.088,,15.0
2017,8,PA,CAMETA,3.188,3.265,4.0,4.0
2017,8,PA,CASTANHAL,3.097,3.203,18.0,18.0
2017,8,PA,CONCEICAO DO ARAGUAIA,3.484,3.582,10.0,8.0
2017,8,PA,ITAITUBA,3.201,3.295,12.0,15.0
2017,8,PA,MARABA,3.313,3.372,20.0,24.0
2017,8,PA,PARAGOMINAS,3.159,3.249,12.0,12.0
2017,8,PA,PARAUAPEBAS,3.587,3.611,12.0,18.0
2017,8,PA,REDENCAO,3.465,3.502,6.0,9.0
2017,8,PA,SANTAREM,3.227,3.32,33.0,30.0
2017,8,PA,XINGUARA,3.426,3.44,10.0,8.0
2017,8,PB,BAYEUX,2.925,2.97,18.0,18.0
2017,8,PB,CABEDELO,2.97,3.102,12.0,10.0
2017,8,PB,CAMPINA GRANDE,3.089,3.163,27.0,34.0
2017,8,PB,JOAO PESSOA,2.987,3.086,19.0,43.0
2017,8,PB,PATOS,3.061,3.138,12.0,10.0
2017,8,PB,SOUSA,3.136,3.199,6.0,8.0
2017,8,PE,ARARIPINA,3.083,3.089,13.0,17.0
2017,8,PE,ARCOVERDE,3.17,3.084,4.0,16.0
2017,8,PE,BELO JARDIM,2.982,2.995,6.0,14.0
2017,8,PE,CABO DE SANTO AGOSTINHO,,3.038,,18.0
2017,8,PE,CARUARU,,3.029,,32.0
2017,8,PE,GARANHUNS,2.969,2.956,15.0,34.0
2017,8,PE,GOIANA,,3.095,,12.0
2017,8,PE,IGARASSU,,2.895,,24.0
2017,8,PE,JABOATAO DOS GUARARAPES,,2.993,,22.0
2017,8,PE,LAJEDO,2.952,2.961,10.0,15.0
2017,8,PE,OLINDA,,3.006,,16.0
2017,8,PE,PAULISTA,,3.07,,29.0
2017,8,PE,PETROLINA,3.155,3.297,22.0,18.0
2017,8,PE,RECIFE,,3.086,,97.0
2017,8,PE,SALGUEIRO,2.945,3.008,11.0,14.0
2017,8,PE,SANTA CRUZ DO CAPIBARIBE,,3.026,,12.0
2017,8,PE,SERRA TALHADA,2.95,3.018,3.0,21.0
2017,8,PE,VITORIA DE SANTO ANTAO,2.806,2.914,6.0,16.0
2017,8,PI,PARNAIBA,3.249,3.349,18.0,25.0
2017,8,PI,PICOS,3.071,3.124,16.0,16.0
2017,8,PI,PIRIPIRI,3.176,3.26,15.0,12.0
2017,8,PI,TERESINA,3.106,3.243,46.0,118.0
2017,8,PR,APUCARANA,2.988,3.091,19.0,22.0
2017,8,PR,ARAPONGAS,2.93,3.048,14.0,11.0
2017,8,PR,ARAUCARIA,2.799,2.881,15.0,14.0
2017,8,PR,ASSIS CHATEAUBRIAND,2.942,3.02,17.0,12.0
2017,8,PR,CAMBE,2.922,3.091,18.0,8.0
2017,8,PR,CAMPO LARGO,2.828,2.974,8.0,10.0
2017,8,PR,CAMPO MOURAO,2.923,2.947,41.0,28.0
2017,8,PR,CASCAVEL,2.972,3.054,20.0,28.0
2017,8,PR,CASTRO,2.938,3.054,18.0,15.0
2017,8,PR,CIANORTE,2.924,3.017,18.0,12.0
2017,8,PR,COLOMBO,2.808,3.022,39.0,36.0
2017,8,PR,CORNELIO PROCOPIO,2.898,3.033,12.0,8.0
2017,8,PR,CURITIBA,2.786,2.993,61.0,137.0
2017,8,PR,FOZ DO IGUACU,2.922,3.049,10.0,28.0
2017,8,PR,FRANCISCO BELTRAO,2.875,2.973,16.0,12.0
2017,8,PR,GUARAPUAVA,2.86,2.932,18.0,26.0
2017,8,PR,LONDRINA,2.867,3.025,19.0,45.0
2017,8,PR,MARECHAL CANDIDO RONDON,3.01,3.091,12.0,10.0
2017,8,PR,MARINGA,2.943,3.002,7.0,33.0
2017,8,PR,PARANAGUA,2.868,2.993,16.0,10.0
2017,8,PR,PARANAVAI,2.932,3.024,12.0,13.0
2017,8,PR,PATO BRANCO,3.103,3.113,6.0,16.0
2017,8,PR,PINHAIS,2.891,3.092,14.0,14.0
2017,8,PR,PONTA GROSSA,2.79,2.899,24.0,18.0
2017,8,PR,SANTO ANTONIO DA PLATINA,2.803,2.93,9.0,13.0
2017,8,PR,SAO JOSE DOS PINHAIS,2.767,2.906,20.0,30.0
2017,8,PR,TOLEDO,2.945,3.018,22.0,21.0
2017,8,PR,UMUARAMA,2.85,2.974,10.0,16.0
2017,8,PR,UNIAO DA VITORIA,2.952,3.068,23.0,21.0
2017,8,RJ,ANGRA DOS REIS,3.555,3.622,5.0,10.0
2017,8,RJ,ARARUAMA,3.266,3.348,12.0,20.0
2017,8,RJ,BARRA DO PIRAI,3.361,3.501,12.0,12.0
2017,8,RJ,BARRA MANSA,3.254,3.49,27.0,23.0
2017,8,RJ,BELFORD ROXO,3.237,3.312,10.0,8.0
2017,8,RJ,CABO FRIO,3.476,3.567,9.0,24.0
2017,8,RJ,CAMPOS DOS GOYTACAZES,3.193,3.294,22.0,30.0
2017,8,RJ,DUQUE DE CAXIAS,3.201,3.43,45.0,51.0
2017,8,RJ,ITABORAI,3.2,3.335,15.0,10.0
2017,8,RJ,ITAGUAI,3.175,3.251,13.0,18.0
2017,8,RJ,ITAPERUNA,3.231,3.341,10.0,12.0
2017,8,RJ,MACAE,3.317,3.456,18.0,30.0
2017,8,RJ,MAGE,3.221,3.314,9.0,9.0
2017,8,RJ,MARICA,3.374,3.464,14.0,15.0
2017,8,RJ,NILOPOLIS,3.099,3.322,2.0,8.0
2017,8,RJ,NITEROI,3.272,3.353,13.0,53.0
2017,8,RJ,NOVA FRIBURGO,3.252,3.482,14.0,16.0
2017,8,RJ,NOVA IGUACU,3.261,3.353,25.0,40.0
2017,8,RJ,PETROPOLIS,3.241,3.294,16.0,26.0
2017,8,RJ,RESENDE,3.276,3.482,5.0,18.0
2017,8,RJ,RIO BONITO,3.191,3.309,12.0,10.0
2017,8,RJ,RIO DE JANEIRO,3.23,3.444,94.0,140.0
2017,8,RJ,SANTO ANTONIO DE PADUA,3.069,3.169,10.0,6.0
2017,8,RJ,SAO FRANCISCO DE ITABAPOANA,3.148,3.311,14.0,6.0
2017,8,RJ,SAO GONCALO,3.243,3.372,40.0,38.0
2017,8,RJ,SAO JOAO DE MERITI,3.14,3.287,14.0,12.0
2017,8,RJ,SAPUCAIA,3.036,3.112,30.0,18.0
2017,8,RJ,SAQUAREMA,3.322,3.509,8.0,8.0
2017,8,RJ,TERESOPOLIS,3.151,3.281,10.0,24.0
2017,8,RJ,TRES RIOS,3.105,3.274,10.0,16.0
2017,8,RJ,VALENCA,3.339,3.485,18.0,27.0
2017,8,RJ,VOLTA REDONDA,3.451,3.589,12.0,8.0
2017,8,RN,CAICO,3.094,3.26,18.0,14.0
2017,8,RN,MOSSORO,3.115,3.309,34.0,29.0
2017,8,RN,NATAL,3.088,3.257,52.0,82.0
2017,8,RN,PARNAMIRIM,3.08,3.188,27.0,25.0
2017,8,RO,ARIQUEMES,3.323,3.418,16.0,18.0
2017,8,RO,CACOAL,3.348,3.43,24.0,24.0
2017,8,RO,JI PARANA,3.174,3.273,26.0,18.0
2017,8,RO,PIMENTA BUENO,3.313,3.367,12.0,18.0
2017,8,RO,PORTO VELHO,3.236,3.349,73.0,88.0
2017,8,RO,VILHENA,3.315,3.43,20.0,18.0
2017,8,RR,BOA VISTA,3.143,3.2,39.0,42.0
2017,8,RS,ALEGRETE,3.211,3.278,8.0,8.0
2017,8,RS,ALVORADA,3.023,3.199,6.0,4.0
2017,8,RS,BAGE,3.383,3.483,11.0,22.0
2017,8,RS,BENTO GONCALVES,3.057,3.143,9.0,15.0
2017,8,RS,CACHOEIRA DO SUL,3.066,3.2,14.0,10.0
2017,8,RS,CACHOEIRINHA,2.879,2.98,20.0,14.0
2017,8,RS,CANOAS,2.956,3.119,24.0,39.0
2017,8,RS,CAXIAS DO SUL,3.061,3.23,6.0,28.0
2017,8,RS,CRUZ ALTA,2.996,3.116,23.0,15.0
2017,8,RS,ERECHIM,3.062,3.199,16.0,20.0
2017,8,RS,ESTEIO,2.971,3.114,22.0,21.0
2017,8,RS,GRAMADO,3.16,3.26,8.0,6.0
2017,8,RS,GRAVATAI,2.826,2.956,27.0,30.0
2017,8,RS,GUAIBA,2.972,3.065,10.0,16.0
2017,8,RS,IJUI,3.053,3.165,14.0,22.0
2017,8,RS,LAJEADO,2.999,3.106,6.0,10.0
2017,8,RS,NOVO HAMBURGO,2.875,3.023,26.0,38.0
2017,8,RS,OSORIO,2.762,2.892,10.0,12.0
2017,8,RS,PASSO FUNDO,3.048,3.243,19.0,34.0
2017,8,RS,PELOTAS,3.131,3.36,16.0,22.0
2017,8,RS,PORTO ALEGRE,2.966,3.135,42.0,111.0
2017,8,RS,RIO GRANDE,3.136,3.335,22.0,20.0
2017,8,RS,SANTA CRUZ DO SUL,3.062,3.183,23.0,21.0
2017,8,RS,SANTA MARIA,3.079,3.22,16.0,18.0
2017,8,RS,SANTA ROSA,3.106,3.238,17.0,18.0
2017,8,RS,SANTANA DO LIVRAMENTO,3.196,3.363,14.0,12.0
2017,8,RS,SANTO ANGELO,3.122,3.242,21.0,19.0
2017,8,RS,SAO GABRIEL,3.235,3.392,8.0,8.0
2017,8,RS,SAO LEOPOLDO,2.868,2.998,21.0,29.0
2017,8,RS,SAO LUIZ GONZAGA,2.977,3.064,10.0,8.0
2017,8,RS,SAPIRANGA,2.883,2.996,15.0,27.0
2017,8,RS,SAPUCAIA DO SUL,2.808,2.997,14.0,12.0
2017,8,RS,TORRES,2.995,3.154,12.0,14.0
2017,8,RS,URUGUAIANA,3.128,3.216,12.0,12.0
2017,8,RS,VACARIA,2.923,3.097,11.0,24.0
2017,8,RS,VIAMAO,2.971,3.167,7.0,8.0
2017,8,SC,ARARANGUA,2.835,2.94,21.0,15.0
2017,8,SC,BALNEARIO CAMBORIU,3.126,3.182,3.0,18.0
2017,8,SC,BIGUACU,2.925,3.033,17.0,29.0
2017,8,SC,BLUMENAU,2.991,3.081,20.0,30.0
2017,8,SC,BRUSQUE,3.016,3.1,12.0,27.0
2017,8,SC,CACADOR,3.037,3.092,11.0,14.0
2017,8,SC,CHAPECO,3.028,3.194,15.0,27.0
2017,8,SC,CONCORDIA,3.096,3.239,10.0,8.0
2017,8,SC,CRICIUMA,2.912,3.019,32.0,33.0
2017,8,SC,FLORIANOPOLIS,3.174,3.236,17.0,103.0
2017,8,SC,ITAJAI,2.911,3.048,6.0,20.0
2017,8,SC,JARAGUA DO SUL,2.944,3.035,22.0,29.0
2017,8,SC,JOINVILLE,2.959,3.038,15.0,30.0
2017,8,SC,LAGES,3.113,3.159,6.0,14.0
2017,8,SC,LAGUNA,2.904,2.961,16.0,21.0
2017,8,SC,MAFRA,3.036,3.143,8.0,12.0
2017,8,SC,PALHOCA,3.025,3.081,14.0,30.0
2017,8,SC,SAO JOSE,2.996,3.036,14.0,43.0
2017,8,SC,TUBARAO,2.84,2.94,13.0,16.0
2017,8,SC,VIDEIRA,3.02,3.093,15.0,18.0
2017,8,SC,XANXERE,3.057,3.16,8.0,8.0
2017,8,SE,ARACAJU,3.182,3.311,8.0,71.0
2017,8,SE,ITABAIANA,3.053,3.143,24.0,23.0
2017,8,SE,LAGARTO,2.985,3.054,8.0,10.0
2017,8,SE,NOSSA SENHORA DO SOCORRO,3.042,3.171,21.0,24.0
2017,8,SP,ADAMANTINA,2.976,3.21,8.0,12.0
2017,8,SP,AMERICANA,2.873,3.086,16.0,31.0
2017,8,SP,AMPARO,3.105,3.212,20.0,15.0
2017,8,SP,ARACATUBA,3.052,3.177,47.0,62.0
2017,8,SP,ARARAQUARA,3.116,3.264,24.0,24.0
2017,8,SP,ARARAS,2.92,3.038,38.0,35.0
2017,8,SP,ASSIS,3.124,3.14,24.0,32.0
2017,8,SP,ATIBAIA,3.064,3.214,20.0,28.0
2017,8,SP,AVARE,3.176,3.221,18.0,18.0
2017,8,SP,BARRETOS,3.241,3.32,25.0,42.0
2017,8,SP,BARUERI,3.016,3.16,14.0,30.0
2017,8,SP,BAURU,2.977,3.114,30.0,36.0
2017,8,SP,BEBEDOURO,3.067,3.158,10.0,12.0
2017,8,SP,BIRIGUI,3.124,3.19,18.0,32.0
2017,8,SP,BOTUCATU,3.038,3.169,16.0,10.0
2017,8,SP,BRAGANCA PAULISTA,2.973,3.18,14.0,15.0
2017,8,SP,CACAPAVA,3.076,3.116,12.0,14.0
2017,8,SP,CAMPINAS,3.071,3.192,29.0,60.0
2017,8,SP,CARAGUATATUBA,3.231,3.343,13.0,17.0
2017,8,SP,CARAPICUIBA,3.069,3.16,5.0,14.0
2017,8,SP,CATANDUVA,3.091,3.213,15.0,17.0
2017,8,SP,COSMOPOLIS,3.029,3.174,12.0,6.0
2017,8,SP,COTIA,3.016,3.145,18.0,20.0
2017,8,SP,CRUZEIRO,3.126,3.099,9.0,9.0
2017,8,SP,CUBATAO,3.383,3.504,7.0,12.0
2017,8,SP,DIADEMA,3.027,3.177,14.0,36.0
2017,8,SP,DRACENA,3.024,3.127,14.0,16.0
2017,8,SP,EMBU DAS ARTES,2.997,3.125,22.0,16.0
2017,8,SP,FRANCA,2.987,3.108,28.0,32.0
2017,8,SP,GARCA,3.128,3.253,13.0,14.0
2017,8,SP,GUARATINGUETA,3.231,3.348,10.0,14.0
2017,8,SP,GUARUJA,3.167,3.307,11.0,26.0
2017,8,SP,GUARULHOS,2.996,3.131,22.0,42.0
2017,8,SP,HORTOLANDIA,2.99,3.093,14.0,17.0
2017,8,SP,IBITINGA,3.034,3.175,10.0,14.0
2017,8,SP,INDAIATUBA,3.138,3.178,10.0,24.0
2017,8,SP,ITANHAEM,3.199,3.499,8.0,4.0
2017,8,SP,ITAPECERICA DA SERRA,2.995,3.087,16.0,16.0
2017,8,SP,ITAPETININGA,2.978,3.075,22.0,18.0
2017,8,SP,ITAPEVA,3.075,3.167,23.0,25.0
2017,8,SP,ITAPIRA,3.077,3.156,18.0,18.0
2017,8,SP,ITAPOLIS,3.052,3.14,27.0,18.0
2017,8,SP,ITAQUAQUECETUBA,3.057,3.143,12.0,18.0
2017,8,SP,ITATIBA,3.027,3.148,20.0,22.0
2017,8,SP,ITU,3.059,3.143,16.0,28.0
2017,8,SP,JABOTICABAL,3.01,3.122,27.0,30.0
2017,8,SP,JACAREI,2.912,3.035,18.0,24.0
2017,8,SP,JALES,2.877,2.988,16.0,16.0
2017,8,SP,JAU,3.015,3.164,20.0,18.0
2017,8,SP,JOSE BONIFACIO,2.916,3.038,30.0,27.0
2017,8,SP,JUNDIAI,3.1,3.243,22.0,32.0
2017,8,SP,LEME,2.991,3.133,28.0,33.0
2017,8,SP,LIMEIRA,2.923,3.107,26.0,38.0
2017,8,SP,LINS,3.101,3.165,18.0,16.0
2017,8,SP,LORENA,2.98,3.08,10.0,14.0
2017,8,SP,MARILIA,3.01,3.155,24.0,26.0
2017,8,SP,MATAO,3.109,3.212,22.0,18.0
2017,8,SP,MAUA,3.079,3.176,18.0,30.0
2017,8,SP,MIRASSOL,2.951,3.044,14.0,10.0
2017,8,SP,MOCOCA,2.935,3.069,30.0,18.0
2017,8,SP,MOGI DAS CRUZES,3.087,3.228,24.0,28.0
2017,8,SP,MOGI GUACU,3.103,3.209,19.0,18.0
2017,8,SP,MOGI MIRIM,2.926,3.113,12.0,22.0
2017,8,SP,MONTE ALTO,3.206,3.336,18.0,24.0
2017,8,SP,OLIMPIA,2.966,3.107,14.0,12.0
2017,8,SP,OSASCO,3.126,3.257,27.0,23.0
2017,8,SP,OURINHOS,2.945,3.121,18.0,22.0
2017,8,SP,PARAGUACU PAULISTA,3.024,3.149,24.0,15.0
2017,8,SP,PAULINIA,3.012,3.133,24.0,24.0
2017,8,SP,PINDAMONHANGABA,2.953,3.099,10.0,10.0
2017,8,SP,PIRACICABA,2.95,3.062,24.0,28.0
2017,8,SP,PIRASSUNUNGA,3.043,3.139,12.0,13.0
2017,8,SP,POA,3.037,3.199,10.0,6.0
2017,8,SP,PORTO FERREIRA,2.98,3.089,12.0,8.0
2017,8,SP,PRAIA GRANDE,2.966,3.191,12.0,18.0
2017,8,SP,PRESIDENTE PRUDENTE,3.078,3.182,22.0,36.0
2017,8,SP,PRESIDENTE VENCESLAU,3.102,3.207,18.0,18.0
2017,8,SP,RIBEIRAO PIRES,3.117,3.278,15.0,15.0
2017,8,SP,RIBEIRAO PRETO,3.013,3.193,25.0,40.0
2017,8,SP,RIO CLARO,2.977,3.12,24.0,33.0
2017,8,SP,SALTO,2.978,3.151,12.0,12.0
2017,8,SP,SANTA BARBARA D OESTE,2.96,3.145,16.0,15.0
2017,8,SP,SANTA CRUZ DO RIO PARDO,3.108,3.126,12.0,14.0
2017,8,SP,SANTO ANDRE,3.054,3.204,26.0,54.0
2017,8,SP,SANTOS,3.197,3.236,12.0,21.0
2017,8,SP,SAO BERNARDO DO CAMPO,3.116,3.247,9.0,54.0
2017,8,SP,SAO CAETANO DO SUL,2.869,3.246,2.0,18.0
2017,8,SP,SAO CARLOS,3.013,3.135,20.0,34.0
2017,8,SP,SAO JOAO DA BOA VISTA,2.959,3.083,17.0,19.0
2017,8,SP,SAO JOSE DO RIO PRETO,2.942,3.109,48.0,40.0
2017,8,SP,SAO JOSE DOS CAMPOS,2.849,3.02,10.0,26.0
2017,8,SP,SAO PAULO,2.996,3.249,102.0,480.0
2017,8,SP,SAO ROQUE,3.068,3.16,6.0,12.0
2017,8,SP,SAO VICENTE,3.035,3.215,23.0,27.0
2017,8,SP,SERTAOZINHO,2.972,3.083,18.0,18.0
2017,8,SP,SOROCABA,3.026,3.159,28.0,42.0
2017,8,SP,SUMARE,2.991,3.055,24.0,22.0
2017,8,SP,SUZANO,3.053,3.205,20.0,30.0
2017,8,SP,TABOAO DA SERRA,3.147,3.072,10.0,12.0
2017,8,SP,TATUI,3.118,3.23,10.0,16.0
2017,8,SP,TAUBATE,2.995,3.089,8.0,21.0
2017,8,SP,TUPA,3.086,3.197,30.0,21.0
2017,8,SP,UBATUBA,3.149,3.203,4.0,16.0
2017,8,SP,VALINHOS,2.973,3.081,25.0,28.0
2017,8,SP,VARZEA PAULISTA,3.083,3.206,16.0,12.0
2017,8,SP,VINHEDO,3.256,3.341,18.0,27.0
2017,8,SP,VOTORANTIM,2.98,3.065,14.0,18.0
2017,8,SP,VOTUPORANGA,3.046,3.146,24.0,30.0
2017,8,TO,ARAGUAINA,3.007,3.049,18.0,20.0
2017,8,TO,GURUPI,3.109,3.194,21.0,24.0
2017,8,TO,PALMAS,3.005,3.073,22.0,35.0
2017,8,TO,PARAISO DO TOCANTINS,3.042,3.109,12.0,16.0
2017,8,TO,PORTO NACIONAL,2.793,2.948,6.0,10.0
2017,9,AC,CRUZEIRO DO SUL,4.285,4.339,13.0,8.0
2017,9,AC,RIO BRANCO,3.837,3.919,78.0,84.0
2017,9,AL,ARAPIRACA,3.219,3.232,16.0,25.0
2017,9,AL,DELMIRO GOUVEIA,3.296,3.373,12.0,12.0
2017,9,AL,MACEIO,3.171,3.245,38.0,39.0
2017,9,AL,PALMEIRA DOS INDIOS,3.209,3.303,16.0,12.0
2017,9,AL,RIO LARGO,3.212,3.32,12.0,14.0
2017,9,AM,ITACOATIARA,3.712,3.874,17.0,14.0
2017,9,AM,MANACAPURU,3.078,3.15,16.0,10.0
2017,9,AM,MANAUS,3.248,3.361,80.0,73.0
2017,9,AM,PARINTINS,3.42,3.59,8.0,4.0
2017,9,AM,TEFE,,3.9,,6.0
2017,9,AP,MACAPA,3.453,3.892,61.0,24.0
2017,9,AP,SANTANA,3.594,4.023,10.0,6.0
2017,9,BA,ALAGOINHAS,2.967,3.087,14.0,14.0
2017,9,BA,BARREIRAS,3.247,3.336,22.0,20.0
2017,9,BA,BRUMADO,3.311,3.39,12.0,12.0
2017,9,BA,CAETITE,3.354,3.452,8.0,10.0
2017,9,BA,CAMACARI,3.105,3.182,15.0,22.0
2017,9,BA,EUNAPOLIS,3.32,3.462,9.0,14.0
2017,9,BA,FEIRA DE SANTANA,2.99,3.068,23.0,39.0
2017,9,BA,GUANAMBI,3.31,3.421,18.0,16.0
2017,9,BA,ILHEUS,3.244,3.384,16.0,16.0
2017,9,BA,IPIRA,2.961,3.178,10.0,6.0
2017,9,BA,IRECE,3.232,3.293,12.0,12.0
2017,9,BA,ITABUNA,3.266,3.366,20.0,24.0
2017,9,BA,ITAMARAJU,3.295,3.418,12.0,8.0
2017,9,BA,JACOBINA,3.122,3.245,10.0,8.0
2017,9,BA,JAGUAQUARA,3.066,3.166,14.0,14.0
2017,9,BA,JEQUIE,3.183,3.28,14.0,10.0
2017,9,BA,JUAZEIRO,3.174,3.326,14.0,14.0
2017,9,BA,LAURO DE FREITAS,2.985,3.126,4.0,20.0
2017,9,BA,LIVRAMENTO DE NOSSA SENHORA,3.292,3.381,12.0,7.0
2017,9,BA,PAULO AFONSO,3.105,3.196,10.0,14.0
2017,9,BA,POCOES,3.128,3.264,14.0,6.0
2017,9,BA,PORTO SEGURO,3.553,3.833,6.0,10.0
2017,9,BA,SALVADOR,3.101,3.215,61.0,184.0
2017,9,BA,SANTO ANTONIO DE JESUS,3.088,3.191,12.0,12.0
2017,9,BA,SENHOR DO BONFIM,3.09,3.187,16.0,10.0
2017,9,BA,SERRINHA,3.113,3.224,10.0,7.0
2017,9,BA,SIMOES FILHO,3.009,3.142,16.0,12.0
2017,9,BA,TEIXEIRA DE FREITAS,3.248,3.365,15.0,16.0
2017,9,BA,VALENCA,3.16,3.216,20.0,12.0
2017,9,BA,VITORIA DA CONQUISTA,3.208,3.332,14.0,11.0
2017,9,CE,CANINDE,3.403,3.484,13.0,14.0
2017,9,CE,CAUCAIA,,3.228,,42.0
2017,9,CE,CRATEUS,3.192,3.431,12.0,12.0
2017,9,CE,CRATO,3.222,3.327,20.0,14.0
2017,9,CE,FORTALEZA,,3.309,,287.0
2017,9,CE,ICO,3.264,3.315,5.0,16.0
2017,9,CE,IGUATU,3.418,3.544,13.0,15.0
2017,9,CE,ITAPIPOCA,3.218,3.287,12.0,12.0
2017,9,CE,JUAZEIRO DO NORTE,3.266,3.328,18.0,21.0
2017,9,CE,LIMOEIRO DO NORTE,3.237,3.373,10.0,6.0
2017,9,CE,MARACANAU,,3.172,,20.0
2017,9,CE,QUIXADA,3.322,3.449,14.0,16.0
2017,9,CE,SOBRAL,3.28,3.401,21.0,24.0
2017,9,DF,BRASILIA,3.421,3.641,55.0,94.0
2017,9,ES,ARACRUZ,3.356,3.436,10.0,10.0
2017,9,ES,CACHOEIRO DE ITAPEMIRIM,3.29,3.388,22.0,18.0
2017,9,ES,CARIACICA,3.172,3.304,12.0,10.0
2017,9,ES,COLATINA,3.363,3.471,13.0,15.0
2017,9,ES,GUARAPARI,3.257,3.391,18.0,18.0
2017,9,ES,LINHARES,3.194,3.259,16.0,18.0
2017,9,ES,SAO MATEUS,3.251,3.36,14.0,10.0
2017,9,ES,SERRA,3.109,3.238,18.0,15.0
2017,9,ES,VILA VELHA,3.17,3.332,7.0,21.0
2017,9,ES,VITORIA,3.173,3.288,22.0,36.0
2017,9,GO,AGUAS LINDAS DE GOIAS,3.428,3.541,8.0,8.0
2017,9,GO,ANAPOLIS,3.222,3.382,29.0,16.0
2017,9,GO,APARECIDA DE GOIANIA,3.158,3.26,20.0,15.0
2017,9,GO,CALDAS NOVAS,3.187,3.336,14.0,11.0
2017,9,GO,CATALAO,3.34,3.438,14.0,12.0
2017,9,GO,FORMOSA,3.261,3.411,14.0,17.0
2017,9,GO,GOIANIA,3.202,3.341,81.0,105.0
2017,9,GO,GOIATUBA,3.247,3.382,17.0,12.0
2017,9,GO,ITUMBIARA,3.2,3.297,28.0,15.0
2017,9,GO,JATAI,3.391,3.526,25.0,22.0
2017,9,GO,LUZIANIA,3.186,3.295,24.0,10.0
2017,9,GO,MINEIROS,3.282,3.549,12.0,8.0
2017,9,GO,MORRINHOS,3.239,3.321,21.0,9.0
2017,9,GO,PORANGATU,3.222,3.336,13.0,10.0
2017,9,GO,RIO VERDE,3.276,3.39,14.0,32.0
2017,9,GO,TRINDADE,3.129,3.29,14.0,2.0
2017,9,GO,VALPARAISO DE GOIAS,3.18,3.328,13.0,7.0
2017,9,MA,ACAILANDIA,3.149,3.234,14.0,14.0
2017,9,MA,BACABAL,3.054,3.046,8.0,8.0
2017,9,MA,BALSAS,3.237,3.316,12.0,14.0
2017,9,MA,BARRA DO CORDA,3.015,3.127,10.0,12.0
2017,9,MA,CAXIAS,3.055,3.167,12.0,14.0
2017,9,MA,CODO,3.14,3.207,8.0,6.0
2017,9,MA,IMPERATRIZ,3.139,3.22,14.0,22.0
2017,9,MA,PINHEIRO,3.148,3.215,10.0,8.0
2017,9,MA,PRESIDENTE DUTRA,3.028,3.12,8.0,8.0
2017,9,MA,SANTA INES,3.189,3.253,8.0,10.0
2017,9,MA,SAO JOSE DE RIBAMAR,3.099,3.158,10.0,12.0
2017,9,MA,SAO LUIS,3.09,3.185,49.0,114.0
2017,9,MG,ALFENAS,3.367,3.499,10.0,8.0
2017,9,MG,ARAGUARI,3.263,3.409,30.0,24.0
2017,9,MG,ARAXA,3.294,3.368,14.0,14.0
2017,9,MG,BARBACENA,3.224,3.305,10.0,14.0
2017,9,MG,BELO HORIZONTE,3.192,3.368,37.0,72.0
2017,9,MG,BETIM,3.118,3.215,16.0,20.0
2017,9,MG,BOM DESPACHO,3.281,3.38,12.0,10.0
2017,9,MG,CAMPO BELO,3.245,3.343,10.0,8.0
2017,9,MG,CARATINGA,3.326,3.374,12.0,6.0
2017,9,MG,CONGONHAS,3.222,3.321,8.0,10.0
2017,9,MG,CONSELHEIRO LAFAIETE,3.212,3.352,10.0,4.0
2017,9,MG,CONTAGEM,3.111,3.226,25.0,27.0
2017,9,MG,CORONEL FABRICIANO,3.172,3.312,8.0,8.0
2017,9,MG,CURVELO,3.221,3.293,12.0,12.0
2017,9,MG,DIVINOPOLIS,3.259,3.371,10.0,10.0
2017,9,MG,FORMIGA,3.231,3.29,12.0,2.0
2017,9,MG,FRUTAL,3.319,3.463,10.0,10.0
2017,9,MG,GOVERNADOR VALADARES,3.288,3.422,12.0,20.0
2017,9,MG,GUAXUPE,3.237,3.33,14.0,16.0
2017,9,MG,IPATINGA,3.145,3.232,19.0,17.0
2017,9,MG,ITABIRA,3.286,3.396,14.0,14.0
2017,9,MG,ITAJUBA,3.273,3.363,8.0,12.0
2017,9,MG,ITAUNA,3.146,3.199,12.0,2.0
2017,9,MG,ITUIUTABA,3.197,3.34,15.0,21.0
2017,9,MG,JANAUBA,3.252,3.396,8.0,6.0
2017,9,MG,JANUARIA,3.323,3.436,12.0,8.0
2017,9,MG,JOAO MONLEVADE,3.178,3.202,10.0,12.0
2017,9,MG,JOAO PINHEIRO,3.423,3.563,12.0,10.0
2017,9,MG,JUIZ DE FORA,3.24,3.382,10.0,22.0
2017,9,MG,LAVRAS,3.282,3.43,7.0,14.0
2017,9,MG,LEOPOLDINA,3.173,3.291,12.0,8.0
2017,9,MG,MANHUACU,3.184,3.245,10.0,9.0
2017,9,MG,MONTE CARMELO,3.299,3.414,16.0,16.0
2017,9,MG,MONTES CLAROS,3.127,3.34,28.0,16.0
2017,9,MG,MURIAE,3.287,3.353,12.0,16.0
2017,9,MG,NOVA LIMA,3.339,3.432,4.0,13.0
2017,9,MG,OLIVEIRA,3.191,3.27,14.0,12.0
2017,9,MG,OURO PRETO,3.387,3.449,9.0,11.0
2017,9,MG,PARA DE MINAS,3.481,3.56,12.0,14.0
2017,9,MG,PARACATU,3.454,3.59,6.0,10.0
2017,9,MG,PASSOS,3.203,3.313,12.0,13.0
2017,9,MG,PATOS DE MINAS,3.275,3.359,18.0,16.0
2017,9,MG,PATROCINIO,3.254,3.355,14.0,12.0
2017,9,MG,POCOS DE CALDAS,3.258,3.414,16.0,16.0
2017,9,MG,POUSO ALEGRE,3.148,3.296,18.0,18.0
2017,9,MG,SABARA,3.149,3.241,4.0,10.0
2017,9,MG,SAO JOAO DEL REI,3.206,3.297,6.0,8.0
2017,9,MG,SAO SEBASTIAO DO PARAISO,3.32,3.462,14.0,9.0
2017,9,MG,SETE LAGOAS,2.99,3.213,28.0,20.0
2017,9,MG,TEOFILO OTONI,3.289,3.385,16.0,16.0
2017,9,MG,TIMOTEO,3.135,3.236,10.0,6.0
2017,9,MG,TRES CORACOES,3.432,3.59,7.0,8.0
2017,9,MG,UBA,3.208,3.253,8.0,12.0
2017,9,MG,UBERABA,3.239,3.387,31.0,33.0
2017,9,MG,UBERLANDIA,3.135,3.334,38.0,16.0
2017,9,MG,UNAI,3.271,3.43,16.0,20.0
2017,9,MG,VARGINHA,3.315,3.363,14.0,18.0
2017,9,MG,VICOSA,3.398,3.529,2.0,8.0
2017,9,MS,CAMPO GRANDE,3.36,3.605,71.0,94.0
2017,9,MS,CORUMBA,3.625,3.767,10.0,9.0
2017,9,MS,COXIM,3.524,3.624,12.0,12.0
2017,9,MS,DOURADOS,3.536,3.689,10.0,17.0
2017,9,MS,NOVA ANDRADINA,3.523,3.594,12.0,10.0
2017,9,MS,PONTA PORA,3.43,3.631,4.0,8.0
2017,9,MS,TRES LAGOAS,3.654,3.765,20.0,22.0
2017,9,MT,ALTA FLORESTA,3.84,3.907,20.0,18.0
2017,9,MT,CACERES,3.458,3.568,14.0,18.0
2017,9,MT,CUIABA,3.486,3.557,91.0,148.0
2017,9,MT,RONDONOPOLIS,3.486,3.594,44.0,36.0
2017,9,MT,SINOP,3.62,3.713,16.0,24.0
2017,9,MT,SORRISO,3.695,3.813,18.0,20.0
2017,9,MT,VARZEA GRANDE,3.415,3.516,22.0,26.0
2017,9,PA,ABAETETUBA,3.485,3.623,8.0,6.0
2017,9,PA,ALENQUER,3.852,4.025,10.0,4.0
2017,9,PA,ALTAMIRA,3.577,3.825,10.0,12.0
2017,9,PA,ANANINDEUA,,3.251,,14.0
2017,9,PA,BELEM,,3.336,,56.0
2017,9,PA,BRAGANCA,,3.143,,10.0
2017,9,PA,CAMETA,3.16,3.24,4.0,4.0
2017,9,PA,CASTANHAL,3.134,3.231,11.0,13.0
2017,9,PA,CONCEICAO DO ARAGUAIA,3.514,3.625,10.0,8.0
2017,9,PA,ITAITUBA,3.286,3.375,8.0,10.0
2017,9,PA,MARABA,3.389,3.446,18.0,26.0
2017,9,PA,PARAGOMINAS,3.28,3.375,8.0,8.0
2017,9,PA,PARAUAPEBAS,3.569,3.638,12.0,18.0
2017,9,PA,REDENCAO,3.468,3.534,5.0,7.0
2017,9,PA,SANTAREM,3.297,3.398,22.0,20.0
2017,9,PA,XINGUARA,3.352,3.375,10.0,8.0
2017,9,PB,BAYEUX,3.06,3.11,11.0,11.0
2017,9,PB,CABEDELO,3.135,3.198,8.0,10.0
2017,9,PB,CAMPINA GRANDE,3.102,3.191,19.0,25.0
2017,9,PB,JOAO PESSOA,3.084,3.142,21.0,43.0
2017,9,PB,PATOS,3.155,3.226,12.0,10.0
2017,9,PB,SOUSA,3.123,3.187,6.0,8.0
2017,9,PE,ARARIPINA,3.113,3.106,12.0,16.0
2017,9,PE,ARCOVERDE,3.168,3.111,4.0,16.0
2017,9,PE,BELO JARDIM,2.999,3.014,6.0,14.0
2017,9,PE,CABO DE SANTO AGOSTINHO,,3.075,,12.0
2017,9,PE,CARUARU,2.89,3.108,2.0,30.0
2017,9,PE,GARANHUNS,2.984,2.967,10.0,24.0
2017,9,PE,GOIANA,,3.071,,12.0
2017,9,PE,IGARASSU,,3.031,,16.0
2017,9,PE,JABOATAO DOS GUARARAPES,,3.005,,22.0
2017,9,PE,LAJEDO,3.032,3.057,8.0,11.0
2017,9,PE,OLINDA,,3.09,,16.0
2017,9,PE,PAULISTA,,3.074,,19.0
2017,9,PE,PETROLINA,3.255,3.357,18.0,20.0
2017,9,PE,RECIFE,,3.084,,82.0
2017,9,PE,SALGUEIRO,2.999,3.089,6.0,8.0
2017,9,PE,SANTA CRUZ DO CAPIBARIBE,,3.158,,12.0
2017,9,PE,SERRA TALHADA,3.015,3.106,2.0,14.0
2017,9,PE,VITORIA DE SANTO ANTAO,2.928,2.991,5.0,16.0
2017,9,PI,PARNAIBA,3.29,3.39,17.0,25.0
2017,9,PI,PICOS,3.119,3.168,16.0,16.0
2017,9,PI,PIRIPIRI,3.203,3.292,10.0,8.0
2017,9,PI,TERESINA,3.219,3.373,46.0,112.0
2017,9,PR,APUCARANA,3.078,3.206,19.0,22.0
2017,9,PR,ARAPONGAS,3.033,3.104,16.0,8.0
2017,9,PR,ARAUCARIA,2.93,3.035,14.0,14.0
2017,9,PR,ASSIS CHATEAUBRIAND,3.018,3.093,18.0,10.0
2017,9,PR,CAMBE,3.034,3.199,16.0,9.0
2017,9,PR,CAMPO LARGO,2.893,3.013,8.0,10.0
2017,9,PR,CAMPO MOURAO,2.986,3.048,28.0,18.0
2017,9,PR,CASCAVEL,3.045,3.162,24.0,30.0
2017,9,PR,CASTRO,3.078,3.167,12.0,10.0
2017,9,PR,CIANORTE,3.06,3.144,18.0,12.0
2017,9,PR,COLOMBO,2.918,3.109,26.0,24.0
2017,9,PR,CORNELIO PROCOPIO,2.971,3.11,8.0,10.0
2017,9,PR,CURITIBA,2.947,3.109,41.0,114.0
2017,9,PR,FOZ DO IGUACU,3.068,3.185,12.0,28.0
2017,9,PR,FRANCISCO BELTRAO,3.021,3.097,16.0,12.0
2017,9,PR,GUARAPUAVA,3.013,3.085,18.0,26.0
2017,9,PR,LONDRINA,3.018,3.136,13.0,28.0
2017,9,PR,MARECHAL CANDIDO RONDON,3.088,3.159,12.0,9.0
2017,9,PR,MARINGA,3.029,3.146,9.0,31.0
2017,9,PR,PARANAGUA,2.947,3.021,14.0,15.0
2017,9,PR,PARANAVAI,3.092,3.169,10.0,13.0
2017,9,PR,PATO BRANCO,2.933,3.136,6.0,14.0
2017,9,PR,PINHAIS,3.039,3.227,15.0,15.0
2017,9,PR,PONTA GROSSA,2.993,3.076,24.0,18.0
2017,9,PR,SANTO ANTONIO DA PLATINA,2.928,3.029,9.0,14.0
2017,9,PR,SAO JOSE DOS PINHAIS,2.957,3.062,20.0,30.0
2017,9,PR,TOLEDO,3.054,3.183,17.0,12.0
2017,9,PR,UMUARAMA,2.925,2.978,12.0,24.0
2017,9,PR,UNIAO DA VITORIA,3.101,3.192,15.0,14.0
2017,9,RJ,ANGRA DOS REIS,3.549,3.657,2.0,8.0
2017,9,RJ,ARARUAMA,3.299,3.392,12.0,20.0
2017,9,RJ,BARRA DO PIRAI,3.399,3.555,12.0,12.0
2017,9,RJ,BARRA MANSA,3.305,3.568,17.0,12.0
2017,9,RJ,BELFORD ROXO,3.214,3.344,10.0,16.0
2017,9,RJ,CABO FRIO,3.504,3.611,6.0,16.0
2017,9,RJ,CAMPOS DOS GOYTACAZES,3.197,3.304,22.0,28.0
2017,9,RJ,DUQUE DE CAXIAS,3.245,3.47,27.0,32.0
2017,9,RJ,ITABORAI,3.213,3.435,14.0,14.0
2017,9,RJ,ITAGUAI,3.233,3.357,11.0,12.0
2017,9,RJ,ITAPERUNA,3.309,3.407,10.0,12.0
2017,9,RJ,MACAE,3.385,3.533,12.0,19.0
2017,9,RJ,MAGE,3.224,3.34,8.0,10.0
2017,9,RJ,MARICA,3.42,3.515,13.0,17.0
2017,9,RJ,NILOPOLIS,3.099,3.509,4.0,4.0
2017,9,RJ,NITEROI,3.407,3.435,11.0,29.0
2017,9,RJ,NOVA FRIBURGO,3.314,3.495,14.0,16.0
2017,9,RJ,NOVA IGUACU,3.29,3.42,22.0,25.0
2017,9,RJ,PETROPOLIS,3.303,3.353,20.0,26.0
2017,9,RJ,RESENDE,3.307,3.497,4.0,18.0
2017,9,RJ,RIO BONITO,3.289,3.377,12.0,10.0
2017,9,RJ,RIO DE JANEIRO,3.285,3.497,69.0,152.0
2017,9,RJ,SANTO ANTONIO DE PADUA,3.173,3.422,10.0,6.0
2017,9,RJ,SAO FRANCISCO DE ITABAPOANA,3.227,3.291,14.0,8.0
2017,9,RJ,SAO GONCALO,3.329,3.43,23.0,25.0
2017,9,RJ,SAO JOAO DE MERITI,3.199,3.415,8.0,12.0
2017,9,RJ,SAPUCAIA,3.121,3.209,20.0,12.0
2017,9,RJ,SAQUAREMA,3.347,3.534,8.0,8.0
2017,9,RJ,TERESOPOLIS,3.229,3.326,10.0,23.0
2017,9,RJ,TRES RIOS,3.298,3.429,14.0,16.0
2017,9,RJ,VALENCA,3.484,3.596,12.0,18.0
2017,9,RJ,VOLTA REDONDA,3.557,3.633,10.0,10.0
2017,9,RN,CAICO,3.178,3.323,12.0,9.0
2017,9,RN,MOSSORO,3.231,3.393,34.0,27.0
2017,9,RN,NATAL,3.195,3.355,45.0,66.0
2017,9,RN,PARNAMIRIM,3.157,3.273,19.0,20.0
2017,9,RO,ARIQUEMES,3.417,3.52,16.0,18.0
2017,9,RO,CACOAL,3.453,3.54,16.0,16.0
2017,9,RO,JI PARANA,3.236,3.357,26.0,18.0
2017,9,RO,PIMENTA BUENO,3.356,3.433,9.0,12.0
2017,9,RO,PORTO VELHO,3.341,3.447,53.0,71.0
2017,9,RO,VILHENA,3.367,3.471,20.0,18.0
2017,9,RR,BOA VISTA,3.202,3.24,32.0,32.0
2017,9,RS,ALEGRETE,3.298,3.357,8.0,8.0
2017,9,RS,ALVORADA,3.149,3.202,4.0,4.0
2017,9,RS,BAGE,3.448,3.547,9.0,14.0
2017,9,RS,BENTO GONCALVES,3.116,3.195,11.0,15.0
2017,9,RS,CACHOEIRA DO SUL,3.175,3.31,15.0,12.0
2017,9,RS,CACHOEIRINHA,2.894,3.003,20.0,16.0
2017,9,RS,CANOAS,2.942,3.087,20.0,27.0
2017,9,RS,CAXIAS DO SUL,3.157,3.338,8.0,30.0
2017,9,RS,CRUZ ALTA,3.044,3.166,15.0,11.0
2017,9,RS,ERECHIM,3.165,3.308,16.0,20.0
2017,9,RS,ESTEIO,3.027,3.167,14.0,12.0
2017,9,RS,GRAMADO,3.245,3.361,6.0,7.0
2017,9,RS,GRAVATAI,2.94,3.062,18.0,21.0
2017,9,RS,GUAIBA,2.975,3.077,12.0,12.0
2017,9,RS,IJUI,3.158,3.275,9.0,15.0
2017,9,RS,LAJEADO,3.065,3.285,4.0,10.0
2017,9,RS,NOVO HAMBURGO,2.942,3.087,20.0,23.0
2017,9,RS,OSORIO,2.966,3.098,8.0,10.0
2017,9,RS,PASSO FUNDO,3.163,3.293,14.0,23.0
2017,9,RS,PELOTAS,3.29,3.397,20.0,24.0
2017,9,RS,PORTO ALEGRE,3.03,3.197,29.0,70.0
2017,9,RS,RIO GRANDE,3.199,3.359,26.0,23.0
2017,9,RS,SANTA CRUZ DO SUL,3.133,3.238,11.0,17.0
2017,9,RS,SANTA MARIA,3.142,3.199,18.0,16.0
2017,9,RS,SANTA ROSA,3.154,3.29,12.0,11.0
2017,9,RS,SANTANA DO LIVRAMENTO,3.199,3.361,8.0,14.0
2017,9,RS,SANTO ANGELO,3.195,3.318,14.0,14.0
2017,9,RS,SAO GABRIEL,3.276,3.422,10.0,10.0
2017,9,RS,SAO LEOPOLDO,2.98,3.082,14.0,19.0
2017,9,RS,SAO LUIZ GONZAGA,3.057,3.146,10.0,8.0
2017,9,RS,SAPIRANGA,2.933,3.049,11.0,18.0
2017,9,RS,SAPUCAIA DO SUL,2.863,3.046,14.0,10.0
2017,9,RS,TORRES,3.105,3.213,8.0,9.0
2017,9,RS,URUGUAIANA,3.126,3.211,10.0,14.0
2017,9,RS,VACARIA,3.128,3.232,9.0,17.0
2017,9,RS,VIAMAO,3.016,3.192,6.0,7.0
2017,9,SC,ARARANGUA,2.948,3.077,14.0,10.0
2017,9,SC,BALNEARIO CAMBORIU,2.949,3.241,2.0,18.0
2017,9,SC,BIGUACU,2.975,3.112,10.0,19.0
2017,9,SC,BLUMENAU,3.078,3.165,23.0,30.0
2017,9,SC,BRUSQUE,3.137,3.199,9.0,18.0
2017,9,SC,CACADOR,3.255,3.337,12.0,14.0
2017,9,SC,CHAPECO,3.206,3.307,12.0,18.0
2017,9,SC,CONCORDIA,3.122,3.288,10.0,10.0
2017,9,SC,CRICIUMA,3.018,3.145,20.0,22.0
2017,9,SC,FLORIANOPOLIS,3.298,3.344,20.0,89.0
2017,9,SC,ITAJAI,3.169,3.238,10.0,20.0
2017,9,SC,JARAGUA DO SUL,3.071,3.143,11.0,20.0
2017,9,SC,JOINVILLE,3.023,3.152,8.0,28.0
2017,9,SC,LAGES,3.232,3.265,6.0,14.0
2017,9,SC,LAGUNA,2.993,3.067,12.0,13.0
2017,9,SC,MAFRA,3.108,3.206,8.0,12.0
2017,9,SC,PALHOCA,3.084,3.152,15.0,30.0
2017,9,SC,SAO JOSE,3.046,3.134,12.0,30.0
2017,9,SC,TUBARAO,2.972,3.046,12.0,18.0
2017,9,SC,VIDEIRA,3.074,3.155,10.0,12.0
2017,9,SC,XANXERE,3.163,3.254,8.0,8.0
2017,9,SE,ARACAJU,3.24,3.363,10.0,55.0
2017,9,SE,ITABAIANA,3.188,3.275,16.0,15.0
2017,9,SE,LAGARTO,3.135,3.184,8.0,10.0
2017,9,SE,NOSSA SENHORA DO SOCORRO,3.106,3.234,14.0,16.0
2017,9,SP,ADAMANTINA,2.979,3.231,8.0,12.0
2017,9,SP,AMERICANA,3.012,3.164,10.0,20.0
2017,9,SP,AMPARO,3.135,3.225,20.0,16.0
2017,9,SP,ARACATUBA,3.13,3.247,35.0,41.0
2017,9,SP,ARARAQUARA,3.135,3.291,22.0,26.0
2017,9,SP,ARARAS,3.033,3.153,24.0,21.0
2017,9,SP,ASSIS,3.248,3.233,24.0,32.0
2017,9,SP,ATIBAIA,3.14,3.278,20.0,28.0
2017,9,SP,AVARE,3.335,3.417,17.0,19.0
2017,9,SP,BARRETOS,3.313,3.408,17.0,28.0
2017,9,SP,BARUERI,3.039,3.211,15.0,29.0
2017,9,SP,BAURU,3.042,3.217,28.0,36.0
2017,9,SP,BEBEDOURO,3.141,3.207,12.0,14.0
2017,9,SP,BIRIGUI,3.196,3.307,12.0,23.0
2017,9,SP,BOTUCATU,3.142,3.287,16.0,10.0
2017,9,SP,BRAGANCA PAULISTA,3.057,3.236,12.0,17.0
2017,9,SP,CACAPAVA,3.103,3.166,12.0,14.0
2017,9,SP,CAMPINAS,3.171,3.235,39.0,48.0
2017,9,SP,CARAGUATATUBA,3.248,3.369,14.0,18.0
2017,9,SP,CARAPICUIBA,3.149,3.19,5.0,14.0
2017,9,SP,CATANDUVA,3.114,3.25,11.0,19.0
2017,9,SP,COSMOPOLIS,3.079,3.259,8.0,4.0
2017,9,SP,COTIA,3.16,3.234,13.0,22.0
2017,9,SP,CRUZEIRO,3.194,3.197,8.0,10.0
2017,9,SP,CUBATAO,3.112,3.461,6.0,12.0
2017,9,SP,DIADEMA,3.142,3.271,12.0,18.0
2017,9,SP,DRACENA,3.081,3.174,12.0,16.0
2017,9,SP,EMBU DAS ARTES,3.119,3.279,22.0,16.0
2017,9,SP,FRANCA,3.099,3.207,22.0,34.0
2017,9,SP,GARCA,3.266,3.377,9.0,8.0
2017,9,SP,GUARATINGUETA,3.27,3.365,10.0,14.0
2017,9,SP,GUARUJA,3.303,3.357,8.0,18.0
2017,9,SP,GUARULHOS,3.094,3.301,18.0,40.0
2017,9,SP,HORTOLANDIA,3.008,3.168,14.0,17.0
2017,9,SP,IBITINGA,3.134,3.246,10.0,14.0
2017,9,SP,INDAIATUBA,3.188,3.211,14.0,23.0
2017,9,SP,ITANHAEM,3.199,3.516,4.0,6.0
2017,9,SP,ITAPECERICA DA SERRA,3.078,3.161,16.0,16.0
2017,9,SP,ITAPETININGA,3.062,3.152,26.0,20.0
2017,9,SP,ITAPEVA,3.163,3.279,14.0,17.0
2017,9,SP,ITAPIRA,3.099,3.184,18.0,18.0
2017,9,SP,ITAPOLIS,3.168,3.257,18.0,12.0
2017,9,SP,ITAQUAQUECETUBA,3.117,3.224,10.0,16.0
2017,9,SP,ITATIBA,3.129,3.235,20.0,22.0
2017,9,SP,ITU,3.162,3.226,16.0,28.0
2017,9,SP,JABOTICABAL,3.154,3.284,16.0,20.0
2017,9,SP,JACAREI,3.056,3.194,20.0,22.0
2017,9,SP,JALES,3.009,3.134,17.0,17.0
2017,9,SP,JAU,3.084,3.221,14.0,20.0
2017,9,SP,JOSE BONIFACIO,3.024,3.138,20.0,18.0
2017,9,SP,JUNDIAI,3.128,3.292,22.0,30.0
2017,9,SP,LEME,3.077,3.217,21.0,21.0
2017,9,SP,LIMEIRA,3.028,3.169,26.0,38.0
2017,9,SP,LINS,3.161,3.256,18.0,16.0
2017,9,SP,LORENA,3.087,3.208,10.0,14.0
2017,9,SP,MARILIA,3.125,3.233,14.0,20.0
2017,9,SP,MATAO,3.147,3.262,22.0,20.0
2017,9,SP,MAUA,3.155,3.253,12.0,20.0
2017,9,SP,MIRASSOL,3.052,3.174,14.0,10.0
2017,9,SP,MOCOCA,3.031,3.12,20.0,11.0
2017,9,SP,MOGI DAS CRUZES,3.082,3.188,26.0,30.0
2017,9,SP,MOGI GUACU,3.153,3.244,20.0,19.0
2017,9,SP,MOGI MIRIM,2.977,3.128,12.0,22.0
2017,9,SP,MONTE ALTO,3.255,3.372,12.0,16.0
2017,9,SP,OLIMPIA,3.113,3.211,14.0,10.0
2017,9,SP,OSASCO,3.14,3.282,24.0,21.0
2017,9,SP,OURINHOS,3.034,3.187,18.0,22.0
2017,9,SP,PARAGUACU PAULISTA,3.144,3.272,16.0,10.0
2017,9,SP,PAULINIA,3.067,3.141,18.0,22.0
2017,9,SP,PINDAMONHANGABA,3.018,3.131,9.0,10.0
2017,9,SP,PIRACICABA,3.097,3.241,24.0,28.0
2017,9,SP,PIRASSUNUNGA,3.096,3.199,12.0,14.0
2017,9,SP,POA,3.083,3.349,10.0,8.0
2017,9,SP,PORTO FERREIRA,3.089,3.184,12.0,8.0
2017,9,SP,PRAIA GRANDE,3.228,3.364,16.0,22.0
2017,9,SP,PRESIDENTE PRUDENTE,3.144,3.241,24.0,30.0
2017,9,SP,PRESIDENTE VENCESLAU,3.212,3.315,18.0,18.0
2017,9,SP,RIBEIRAO PIRES,3.12,3.339,8.0,10.0
2017,9,SP,RIBEIRAO PRETO,3.012,3.193,21.0,36.0
2017,9,SP,RIO CLARO,3.038,3.178,16.0,22.0
2017,9,SP,SALTO,3.139,3.272,14.0,12.0
2017,9,SP,SANTA BARBARA D OESTE,3.033,3.211,13.0,16.0
2017,9,SP,SANTA CRUZ DO RIO PARDO,3.28,3.291,12.0,14.0
2017,9,SP,SANTO ANDRE,3.09,3.234,17.0,37.0
2017,9,SP,SANTOS,3.206,3.527,6.0,24.0
2017,9,SP,SAO BERNARDO DO CAMPO,3.249,3.273,3.0,30.0
2017,9,SP,SAO CAETANO DO SUL,2.899,3.293,2.0,18.0
2017,9,SP,SAO CARLOS,3.132,3.239,20.0,37.0
2017,9,SP,SAO JOAO DA BOA VISTA,2.987,3.107,20.0,22.0
2017,9,SP,SAO JOSE DO RIO PRETO,3.067,3.22,31.0,24.0
2017,9,SP,SAO JOSE DOS CAMPOS,2.889,3.042,10.0,30.0
2017,9,SP,SAO PAULO,3.064,3.296,100.0,392.0
2017,9,SP,SAO ROQUE,3.112,3.207,6.0,12.0
2017,9,SP,SAO VICENTE,3.04,3.312,13.0,15.0
2017,9,SP,SERTAOZINHO,3.051,3.146,18.0,18.0
2017,9,SP,SOROCABA,3.104,3.212,29.0,40.0
2017,9,SP,SUMARE,3.011,3.104,26.0,22.0
2017,9,SP,SUZANO,3.018,3.22,10.0,20.0
2017,9,SP,TABOAO DA SERRA,3.129,3.108,6.0,16.0
2017,9,SP,TATUI,3.193,3.29,10.0,15.0
2017,9,SP,TAUBATE,2.976,3.092,14.0,16.0
2017,9,SP,TUPA,3.174,3.261,20.0,15.0
2017,9,SP,UBATUBA,3.149,3.223,4.0,16.0
2017,9,SP,VALINHOS,3.1,3.187,16.0,17.0
2017,9,SP,VARZEA PAULISTA,3.139,3.259,16.0,12.0
2017,9,SP,VINHEDO,3.295,3.397,14.0,17.0
2017,9,SP,VOTORANTIM,3.096,3.181,14.0,18.0
2017,9,SP,VOTUPORANGA,3.182,3.273,17.0,21.0
2017,9,TO,ARAGUAINA,3.062,3.123,20.0,20.0
2017,9,TO,GURUPI,3.185,3.261,15.0,17.0
2017,9,TO,PALMAS,3.056,2.992,12.0,28.0
2017,9,TO,PARAISO DO TOCANTINS,3.215,3.269,12.0,16.0
2017,9,TO,PORTO NACIONAL,2.963,3.08,6.0,12.0
2017,10,AC,CRUZEIRO DO SUL,4.341,4.402,10.0,8.0
2017,10,AC,RIO BRANCO,3.889,3.972,81.0,83.0
2017,10,AL,ARAPIRACA,3.233,3.251,17.0,24.0
2017,10,AL,DELMIRO GOUVEIA,3.302,3.373,20.0,20.0
2017,10,AL,MACEIO,3.215,3.252,30.0,38.0
2017,10,AL,PALMEIRA DOS INDIOS,3.281,3.351,16.0,12.0
2017,10,AL,RIO LARGO,3.102,3.229,14.0,22.0
2017,10,AM,ITACOATIARA,3.742,3.874,15.0,14.0
2017,10,AM,MANACAPURU,3.337,3.49,27.0,18.0
2017,10,AM,MANAUS,3.298,3.408,91.0,110.0
2017,10,AM,PARINTINS,3.42,3.59,8.0,4.0
2017,10,AM,TEFE,,3.91,,9.0
2017,10,AP,MACAPA,3.611,4.129,76.0,24.0
2017,10,AP,SANTANA,3.603,4.063,15.0,9.0
2017,10,BA,ALAGOINHAS,3.056,3.158,14.0,14.0
2017,10,BA,BARREIRAS,3.26,3.338,31.0,32.0
2017,10,BA,BRUMADO,3.332,3.448,12.0,12.0
2017,10,BA,CAETITE,3.385,3.492,12.0,15.0
2017,10,BA,CAMACARI,3.147,3.216,13.0,22.0
2017,10,BA,EUNAPOLIS,3.309,3.475,13.0,21.0
2017,10,BA,FEIRA DE SANTANA,3.031,3.114,24.0,39.0
2017,10,BA,GUANAMBI,3.318,3.439,27.0,24.0
2017,10,BA,ILHEUS,3.239,3.385,16.0,16.0
2017,10,BA,IPIRA,3.143,3.304,15.0,9.0
2017,10,BA,IRECE,3.221,3.309,12.0,12.0
2017,10,BA,ITABUNA,3.274,3.379,30.0,36.0
2017,10,BA,ITAMARAJU,3.371,3.465,12.0,9.0
2017,10,BA,JACOBINA,3.157,3.237,15.0,12.0
2017,10,BA,JAGUAQUARA,3.091,3.186,14.0,14.0
2017,10,BA,JEQUIE,3.282,3.387,23.0,16.0
2017,10,BA,JUAZEIRO,3.217,3.34,14.0,16.0
2017,10,BA,LAURO DE FREITAS,3.028,3.172,6.0,30.0
2017,10,BA,LIVRAMENTO DE NOSSA SENHORA,3.303,3.414,12.0,8.0
2017,10,BA,PAULO AFONSO,3.231,3.329,15.0,21.0
2017,10,BA,POCOES,3.151,3.251,14.0,6.0
2017,10,BA,PORTO SEGURO,3.751,4.031,9.0,15.0
2017,10,BA,SALVADOR,3.113,3.237,85.0,222.0
2017,10,BA,SANTO ANTONIO DE JESUS,3.06,3.174,12.0,12.0
2017,10,BA,SENHOR DO BONFIM,3.148,3.219,24.0,15.0
2017,10,BA,SERRINHA,3.121,3.224,10.0,7.0
2017,10,BA,SIMOES FILHO,3.128,3.247,24.0,18.0
2017,10,BA,TEIXEIRA DE FREITAS,3.284,3.401,13.0,16.0
2017,10,BA,VALENCA,3.219,3.29,30.0,17.0
2017,10,BA,VITORIA DA CONQUISTA,3.228,3.39,13.0,12.0
2017,10,CE,CANINDE,3.393,3.517,13.0,14.0
2017,10,CE,CAUCAIA,,3.328,,61.0
2017,10,CE,CRATEUS,3.379,3.539,18.0,18.0
2017,10,CE,CRATO,3.268,3.366,20.0,14.0
2017,10,CE,FORTALEZA,,3.311,,360.0
2017,10,CE,ICO,3.308,3.383,6.0,14.0
2017,10,CE,IGUATU,3.389,3.513,12.0,14.0
2017,10,CE,ITAPIPOCA,3.356,3.433,18.0,18.0
2017,10,CE,JUAZEIRO DO NORTE,3.279,3.347,18.0,19.0
2017,10,CE,LIMOEIRO DO NORTE,3.38,3.391,12.0,13.0
2017,10,CE,MARACANAU,,3.266,,30.0
2017,10,CE,QUIXADA,3.319,3.459,14.0,16.0
2017,10,CE,SOBRAL,3.309,3.46,20.0,24.0
2017,10,DF,BRASILIA,3.47,3.647,74.0,113.0
2017,10,ES,ARACRUZ,3.375,3.458,10.0,10.0
2017,10,ES,CACHOEIRO DE ITAPEMIRIM,3.311,3.405,35.0,27.0
2017,10,ES,CARIACICA,3.231,3.325,13.0,10.0
2017,10,ES,COLATINA,3.438,3.544,21.0,27.0
2017,10,ES,GUARAPARI,3.289,3.446,17.0,18.0
2017,10,ES,LINHARES,3.225,3.288,27.0,30.0
2017,10,ES,SAO MATEUS,3.293,3.401,14.0,11.0
2017,10,ES,SERRA,3.2,3.319,32.0,19.0
2017,10,ES,VILA VELHA,3.236,3.397,12.0,19.0
2017,10,ES,VITORIA,3.199,3.306,27.0,49.0
2017,10,GO,AGUAS LINDAS DE GOIAS,3.46,3.601,8.0,8.0
2017,10,GO,ANAPOLIS,3.195,3.309,40.0,21.0
2017,10,GO,APARECIDA DE GOIANIA,3.19,3.298,18.0,15.0
2017,10,GO,CALDAS NOVAS,3.267,3.427,22.0,15.0
2017,10,GO,CATALAO,3.419,3.509,14.0,12.0
2017,10,GO,FORMOSA,3.314,3.445,21.0,27.0
2017,10,GO,GOIANIA,3.228,3.356,91.0,154.0
2017,10,GO,GOIATUBA,3.265,3.389,18.0,12.0
2017,10,GO,ITUMBIARA,3.222,3.326,44.0,23.0
2017,10,GO,JATAI,3.454,3.595,25.0,21.0
2017,10,GO,LUZIANIA,3.228,3.371,28.0,9.0
2017,10,GO,MINEIROS,3.324,3.543,12.0,7.0
2017,10,GO,MORRINHOS,3.28,3.458,33.0,12.0
2017,10,GO,PORANGATU,3.228,3.339,13.0,10.0
2017,10,GO,RIO VERDE,3.316,3.441,18.0,43.0
2017,10,GO,TRINDADE,3.264,3.42,14.0,2.0
2017,10,GO,VALPARAISO DE GOIAS,3.265,3.402,21.0,11.0
2017,10,MA,ACAILANDIA,3.162,3.25,14.0,14.0
2017,10,MA,BACABAL,3.063,3.053,12.0,12.0
2017,10,MA,BALSAS,3.258,3.326,12.0,14.0
2017,10,MA,BARRA DO CORDA,3.048,3.115,12.0,12.0
2017,10,MA,CAXIAS,3.089,3.227,12.0,14.0
2017,10,MA,CODO,3.226,3.288,12.0,9.0
2017,10,MA,IMPERATRIZ,3.156,3.224,15.0,22.0
2017,10,MA,PINHEIRO,3.231,3.291,15.0,12.0
2017,10,MA,PRESIDENTE DUTRA,3.06,3.145,8.0,8.0
2017,10,MA,SANTA INES,3.206,3.268,12.0,15.0
2017,10,MA,SAO JOSE DE RIBAMAR,3.021,3.097,9.0,25.0
2017,10,MA,SAO LUIS,3.053,3.146,59.0,145.0
2017,10,MG,ALFENAS,3.367,3.514,10.0,8.0
2017,10,MG,ARAGUARI,3.293,3.438,43.0,36.0
2017,10,MG,ARAXA,3.318,3.408,15.0,14.0
2017,10,MG,BARBACENA,3.35,3.382,15.0,21.0
2017,10,MG,BELO HORIZONTE,3.242,3.373,54.0,82.0
2017,10,MG,BETIM,3.204,3.279,16.0,20.0
2017,10,MG,BOM DESPACHO,3.292,3.378,18.0,15.0
2017,10,MG,CAMPO BELO,3.276,3.387,10.0,8.0
2017,10,MG,CARATINGA,3.35,3.382,18.0,9.0
2017,10,MG,CONGONHAS,3.252,3.344,8.0,10.0
2017,10,MG,CONSELHEIRO LAFAIETE,3.203,3.317,15.0,6.0
2017,10,MG,CONTAGEM,3.17,3.28,26.0,28.0
2017,10,MG,CORONEL FABRICIANO,3.229,3.348,15.0,15.0
2017,10,MG,CURVELO,3.24,3.312,12.0,12.0
2017,10,MG,DIVINOPOLIS,3.383,3.463,12.0,18.0
2017,10,MG,FORMIGA,3.255,3.34,12.0,2.0
2017,10,MG,FRUTAL,3.418,3.503,9.0,21.0
2017,10,MG,GOVERNADOR VALADARES,3.285,3.419,12.0,20.0
2017,10,MG,GUAXUPE,3.338,3.432,20.0,20.0
2017,10,MG,IPATINGA,3.192,3.305,18.0,14.0
2017,10,MG,ITABIRA,3.325,3.446,24.0,21.0
2017,10,MG,ITAJUBA,3.337,3.415,8.0,12.0
2017,10,MG,ITAUNA,3.22,3.447,14.0,5.0
2017,10,MG,ITUIUTABA,3.256,3.388,16.0,22.0
2017,10,MG,JANAUBA,3.336,3.529,12.0,9.0
2017,10,MG,JANUARIA,3.346,3.488,12.0,9.0
2017,10,MG,JOAO MONLEVADE,3.247,3.282,12.0,15.0
2017,10,MG,JOAO PINHEIRO,3.461,3.599,12.0,10.0
2017,10,MG,JUIZ DE FORA,3.239,3.421,21.0,31.0
2017,10,MG,LAVRAS,3.287,3.422,7.0,14.0
2017,10,MG,LEOPOLDINA,3.232,3.353,18.0,12.0
2017,10,MG,MANHUACU,3.262,3.337,10.0,8.0
2017,10,MG,MONTE CARMELO,3.352,3.464,24.0,24.0
2017,10,MG,MONTES CLAROS,3.141,3.329,27.0,17.0
2017,10,MG,MURIAE,3.283,3.387,19.0,24.0
2017,10,MG,NOVA LIMA,3.282,3.443,3.0,13.0
2017,10,MG,OLIVEIRA,3.231,3.313,21.0,18.0
2017,10,MG,OURO PRETO,3.438,3.503,11.0,12.0
2017,10,MG,PARA DE MINAS,3.486,3.587,18.0,21.0
2017,10,MG,PARACATU,3.51,3.627,6.0,10.0
2017,10,MG,PASSOS,3.274,3.361,18.0,21.0
2017,10,MG,PATOS DE MINAS,3.335,3.429,18.0,16.0
2017,10,MG,PATROCINIO,3.368,3.457,21.0,18.0
2017,10,MG,POCOS DE CALDAS,3.308,3.428,14.0,18.0
2017,10,MG,POUSO ALEGRE,3.265,3.39,21.0,30.0
2017,10,MG,SABARA,3.204,3.277,5.0,10.0
2017,10,MG,SAO JOAO DEL REI,3.278,3.343,10.0,12.0
2017,10,MG,SAO SEBASTIAO DO PARAISO,3.399,3.516,14.0,10.0
2017,10,MG,SETE LAGOAS,3.102,3.288,45.0,30.0
2017,10,MG,TEOFILO OTONI,3.345,3.442,16.0,16.0
2017,10,MG,TIMOTEO,3.2,3.313,15.0,9.0
2017,10,MG,TRES CORACOES,3.554,3.61,6.0,8.0
2017,10,MG,UBA,3.311,3.38,16.0,20.0
2017,10,MG,UBERABA,3.278,3.421,29.0,35.0
2017,10,MG,UBERLANDIA,3.229,3.39,62.0,26.0
2017,10,MG,UNAI,3.288,3.436,16.0,20.0
2017,10,MG,VARGINHA,3.356,3.407,21.0,29.0
2017,10,MG,VICOSA,3.499,3.574,2.0,8.0
2017,10,MS,CAMPO GRANDE,3.388,3.59,86.0,123.0
2017,10,MS,CORUMBA,3.668,3.83,10.0,10.0
2017,10,MS,COXIM,3.504,3.599,18.0,18.0
2017,10,MS,DOURADOS,3.6,3.744,10.0,18.0
2017,10,MS,NOVA ANDRADINA,3.577,3.634,18.0,14.0
2017,10,MS,PONTA PORA,3.481,3.668,5.0,8.0
2017,10,MS,TRES LAGOAS,3.749,3.835,30.0,33.0
2017,10,MT,ALTA FLORESTA,3.858,3.929,20.0,18.0
2017,10,MT,CACERES,3.494,3.58,21.0,27.0
2017,10,MT,CUIABA,3.589,3.67,105.0,188.0
2017,10,MT,RONDONOPOLIS,3.546,3.652,44.0,36.0
2017,10,MT,SINOP,3.692,3.781,24.0,36.0
2017,10,MT,SORRISO,3.751,3.855,17.0,20.0
2017,10,MT,VARZEA GRANDE,3.49,3.624,31.0,41.0
2017,10,PA,ABAETETUBA,3.51,3.623,8.0,6.0
2017,10,PA,ALENQUER,3.832,4.075,15.0,6.0
2017,10,PA,ALTAMIRA,3.609,3.861,10.0,12.0
2017,10,PA,ANANINDEUA,,3.324,,22.0
2017,10,PA,BELEM,,3.344,,70.0
2017,10,PA,BRAGANCA,,3.177,,10.0
2017,10,PA,CAMETA,3.242,3.307,6.0,6.0
2017,10,PA,CASTANHAL,3.156,3.225,10.0,14.0
2017,10,PA,CONCEICAO DO ARAGUAIA,3.56,3.637,16.0,13.0
2017,10,PA,ITAITUBA,3.313,3.405,8.0,10.0
2017,10,PA,MARABA,3.443,3.516,31.0,36.0
2017,10,PA,PARAGOMINAS,3.28,3.378,8.0,8.0
2017,10,PA,PARAUAPEBAS,3.64,3.737,14.0,20.0
2017,10,PA,REDENCAO,3.521,3.597,6.0,8.0
2017,10,PA,SANTAREM,3.344,3.444,22.0,20.0
2017,10,PA,XINGUARA,3.434,3.463,18.0,12.0
2017,10,PB,BAYEUX,3.072,3.11,10.0,10.0
2017,10,PB,CABEDELO,3.163,3.242,13.0,12.0
2017,10,PB,CAMPINA GRANDE,3.13,3.207,19.0,26.0
2017,10,PB,JOAO PESSOA,3.131,3.156,21.0,49.0
2017,10,PB,PATOS,3.192,3.258,12.0,10.0
2017,10,PB,SOUSA,3.234,3.283,9.0,12.0
2017,10,PE,ARARIPINA,3.179,3.181,11.0,15.0
2017,10,PE,ARCOVERDE,3.152,3.119,5.0,16.0
2017,10,PE,BELO JARDIM,3.049,3.055,9.0,21.0
2017,10,PE,CABO DE SANTO AGOSTINHO,,3.086,,12.0
2017,10,PE,CARUARU,,3.155,,46.0
2017,10,PE,GARANHUNS,2.999,2.992,6.0,24.0
2017,10,PE,GOIANA,3.02,3.09,1.0,20.0
2017,10,PE,IGARASSU,,3.052,,16.0
2017,10,PE,JABOATAO DOS GUARARAPES,,3.095,,24.0
2017,10,PE,LAJEDO,3.108,3.115,8.0,12.0
2017,10,PE,OLINDA,,3.116,,30.0
2017,10,PE,PAULISTA,,3.095,,18.0
2017,10,PE,PETROLINA,3.193,3.285,31.0,26.0
2017,10,PE,RECIFE,,3.133,,83.0
2017,10,PE,SALGUEIRO,2.999,3.101,6.0,8.0
2017,10,PE,SANTA CRUZ DO CAPIBARIBE,,3.183,,15.0
2017,10,PE,SERRA TALHADA,3.08,3.149,2.0,14.0
2017,10,PE,VITORIA DE SANTO ANTAO,2.944,2.997,7.0,24.0
2017,10,PI,PARNAIBA,3.291,3.382,18.0,26.0
2017,10,PI,PICOS,3.177,3.241,24.0,24.0
2017,10,PI,PIRIPIRI,3.22,3.31,10.0,8.0
2017,10,PI,TERESINA,3.209,3.33,58.0,141.0
2017,10,PR,APUCARANA,3.149,3.248,20.0,22.0
2017,10,PR,ARAPONGAS,3.106,3.244,21.0,15.0
2017,10,PR,ARAUCARIA,2.955,3.057,14.0,14.0
2017,10,PR,ASSIS CHATEAUBRIAND,3.02,3.104,23.0,17.0
2017,10,PR,CAMBE,3.119,3.245,14.0,11.0
2017,10,PR,CAMPO LARGO,3.015,3.138,13.0,13.0
2017,10,PR,CAMPO MOURAO,3.021,3.074,28.0,18.0
2017,10,PR,CASCAVEL,3.122,3.226,21.0,45.0
2017,10,PR,CASTRO,3.098,3.189,12.0,10.0
2017,10,PR,CIANORTE,3.123,3.231,26.0,21.0
2017,10,PR,COLOMBO,2.942,3.135,26.0,24.0
2017,10,PR,CORNELIO PROCOPIO,3.129,3.203,14.0,11.0
2017,10,PR,CURITIBA,3.002,3.158,50.0,138.0
2017,10,PR,FOZ DO IGUACU,3.099,3.233,15.0,42.0
2017,10,PR,FRANCISCO BELTRAO,3.055,3.158,15.0,12.0
2017,10,PR,GUARAPUAVA,3.042,3.107,27.0,39.0
2017,10,PR,LONDRINA,3.113,3.206,16.0,27.0
2017,10,PR,MARECHAL CANDIDO RONDON,3.135,3.211,17.0,14.0
2017,10,PR,MARINGA,3.024,3.194,17.0,29.0
2017,10,PR,PARANAGUA,3.002,3.082,21.0,22.0
2017,10,PR,PARANAVAI,3.127,3.207,10.0,12.0
2017,10,PR,PATO BRANCO,3.196,3.279,11.0,21.0
2017,10,PR,PINHAIS,3.082,3.243,16.0,16.0
2017,10,PR,PONTA GROSSA,3.008,3.094,35.0,32.0
2017,10,PR,SANTO ANTONIO DA PLATINA,2.97,3.066,10.0,14.0
2017,10,PR,SAO JOSE DOS PINHAIS,3.019,3.12,26.0,42.0
2017,10,PR,TOLEDO,3.136,3.224,18.0,14.0
2017,10,PR,UMUARAMA,3.102,3.183,24.0,30.0
2017,10,PR,UNIAO DA VITORIA,3.169,3.243,16.0,13.0
2017,10,RJ,ANGRA DOS REIS,3.549,3.703,3.0,12.0
2017,10,RJ,ARARUAMA,3.363,3.443,12.0,20.0
2017,10,RJ,BARRA DO PIRAI,3.51,3.618,18.0,18.0
2017,10,RJ,BARRA MANSA,3.39,3.656,17.0,11.0
2017,10,RJ,BELFORD ROXO,3.343,3.419,20.0,18.0
2017,10,RJ,CABO FRIO,3.521,3.63,6.0,16.0
2017,10,RJ,CAMPOS DOS GOYTACAZES,3.257,3.38,45.0,44.0
2017,10,RJ,DUQUE DE CAXIAS,3.302,3.5,28.0,32.0
2017,10,RJ,ITABORAI,3.284,3.458,21.0,22.0
2017,10,RJ,ITAGUAI,3.274,3.407,11.0,12.0
2017,10,RJ,ITAPERUNA,3.397,3.495,15.0,18.0
2017,10,RJ,MACAE,3.444,3.577,12.0,18.0
2017,10,RJ,MAGE,3.312,3.382,12.0,17.0
2017,10,RJ,MARICA,3.344,3.557,12.0,15.0
2017,10,RJ,NILOPOLIS,3.274,3.442,4.0,12.0
2017,10,RJ,NITEROI,3.492,3.492,9.0,30.0
2017,10,RJ,NOVA FRIBURGO,3.38,3.53,25.0,24.0
2017,10,RJ,NOVA IGUACU,3.295,3.471,23.0,22.0
2017,10,RJ,PETROPOLIS,3.366,3.469,29.0,35.0
2017,10,RJ,RESENDE,3.337,3.529,4.0,18.0
2017,10,RJ,RIO BONITO,3.329,3.432,18.0,18.0
2017,10,RJ,RIO DE JANEIRO,3.304,3.536,88.0,181.0
2017,10,RJ,SANTO ANTONIO DE PADUA,3.22,3.439,10.0,6.0
2017,10,RJ,SAO FRANCISCO DE ITABAPOANA,3.345,3.479,21.0,10.0
2017,10,RJ,SAO GONCALO,3.395,3.491,24.0,25.0
2017,10,RJ,SAO JOAO DE MERITI,3.284,3.444,20.0,17.0
2017,10,RJ,SAPUCAIA,3.193,3.274,20.0,12.0
2017,10,RJ,SAQUAREMA,3.42,3.61,11.0,12.0
2017,10,RJ,TERESOPOLIS,3.261,3.381,11.0,21.0
2017,10,RJ,TRES RIOS,3.346,3.46,18.0,24.0
2017,10,RJ,VALENCA,3.517,3.62,12.0,18.0
2017,10,RJ,VOLTA REDONDA,3.499,3.667,15.0,13.0
2017,10,RN,CAICO,3.25,3.371,12.0,10.0
2017,10,RN,MOSSORO,3.262,3.43,45.0,42.0
2017,10,RN,NATAL,3.213,3.384,54.0,87.0
2017,10,RN,PARNAMIRIM,3.214,3.357,19.0,21.0
2017,10,RO,ARIQUEMES,3.404,3.513,24.0,27.0
2017,10,RO,CACOAL,3.476,3.568,16.0,16.0
2017,10,RO,JI PARANA,3.372,3.471,39.0,27.0
2017,10,RO,PIMENTA BUENO,3.432,3.513,10.0,12.0
2017,10,RO,PORTO VELHO,3.34,3.433,54.0,71.0
2017,10,RO,VILHENA,3.411,3.509,19.0,18.0
2017,10,RR,BOA VISTA,3.235,3.287,38.0,42.0
2017,10,RS,ALEGRETE,3.302,3.363,8.0,8.0
2017,10,RS,ALVORADA,3.072,3.234,7.0,8.0
2017,10,RS,BAGE,3.478,3.589,12.0,14.0
2017,10,RS,BENTO GONCALVES,3.17,3.269,14.0,25.0
2017,10,RS,CACHOEIRA DO SUL,3.17,3.304,16.0,12.0
2017,10,RS,CACHOEIRINHA,3.004,3.135,27.0,25.0
2017,10,RS,CANOAS,2.959,3.111,20.0,24.0
2017,10,RS,CAXIAS DO SUL,3.165,3.318,18.0,36.0
2017,10,RS,CRUZ ALTA,3.105,3.205,15.0,13.0
2017,10,RS,ERECHIM,3.238,3.362,24.0,30.0
2017,10,RS,ESTEIO,3.042,3.18,14.0,12.0
2017,10,RS,GRAMADO,3.306,3.453,9.0,10.0
2017,10,RS,GRAVATAI,2.959,3.071,18.0,21.0
2017,10,RS,GUAIBA,3.02,3.123,18.0,21.0
2017,10,RS,IJUI,3.184,3.313,11.0,14.0
2017,10,RS,LAJEADO,3.125,3.256,4.0,10.0
2017,10,RS,NOVO HAMBURGO,2.969,3.149,20.0,22.0
2017,10,RS,OSORIO,2.975,3.131,18.0,18.0
2017,10,RS,PASSO FUNDO,3.208,3.343,13.0,24.0
2017,10,RS,PELOTAS,3.307,3.491,22.0,34.0
2017,10,RS,PORTO ALEGRE,3.057,3.23,33.0,93.0
2017,10,RS,RIO GRANDE,3.261,3.407,36.0,40.0
2017,10,RS,SANTA CRUZ DO SUL,3.145,3.254,12.0,19.0
2017,10,RS,SANTA MARIA,3.306,3.374,24.0,26.0
2017,10,RS,SANTA ROSA,3.182,3.311,14.0,11.0
2017,10,RS,SANTANA DO LIVRAMENTO,3.269,3.444,16.0,19.0
2017,10,RS,SANTO ANGELO,3.192,3.335,14.0,14.0
2017,10,RS,SAO GABRIEL,3.386,3.506,15.0,15.0
2017,10,RS,SAO LEOPOLDO,3.018,3.147,14.0,18.0
2017,10,RS,SAO LUIZ GONZAGA,3.147,3.241,15.0,12.0
2017,10,RS,SAPIRANGA,2.987,3.097,8.0,18.0
2017,10,RS,SAPUCAIA DO SUL,2.925,3.092,19.0,17.0
2017,10,RS,TORRES,3.105,3.222,8.0,10.0
2017,10,RS,URUGUAIANA,3.231,3.32,15.0,19.0
2017,10,RS,VACARIA,3.159,3.239,11.0,17.0
2017,10,RS,VIAMAO,3.064,3.263,13.0,11.0
2017,10,SC,ARARANGUA,2.962,3.082,14.0,9.0
2017,10,SC,BALNEARIO CAMBORIU,3.249,3.374,9.0,23.0
2017,10,SC,BIGUACU,2.991,3.128,12.0,17.0
2017,10,SC,BLUMENAU,3.106,3.215,32.0,45.0
2017,10,SC,BRUSQUE,3.133,3.198,8.0,18.0
2017,10,SC,CACADOR,3.365,3.477,21.0,21.0
2017,10,SC,CHAPECO,3.216,3.312,10.0,18.0
2017,10,SC,CONCORDIA,3.138,3.337,13.0,12.0
2017,10,SC,CRICIUMA,3.017,3.147,18.0,22.0
2017,10,SC,FLORIANOPOLIS,3.199,3.342,22.0,107.0
2017,10,SC,ITAJAI,3.158,3.208,9.0,28.0
2017,10,SC,JARAGUA DO SUL,3.158,3.18,7.0,20.0
2017,10,SC,JOINVILLE,3.013,3.164,9.0,48.0
2017,10,SC,LAGES,3.265,3.299,9.0,21.0
2017,10,SC,LAGUNA,2.977,3.075,12.0,12.0
2017,10,SC,MAFRA,3.21,3.345,11.0,18.0
2017,10,SC,PALHOCA,3.105,3.156,23.0,43.0
2017,10,SC,SAO JOSE,3.086,3.172,12.0,29.0
2017,10,SC,TUBARAO,2.993,3.11,15.0,24.0
2017,10,SC,VIDEIRA,3.14,3.218,10.0,12.0
2017,10,SC,XANXERE,3.145,3.255,12.0,12.0
2017,10,SE,ARACAJU,3.238,3.385,14.0,68.0
2017,10,SE,ITABAIANA,3.221,3.305,16.0,16.0
2017,10,SE,LAGARTO,3.113,3.177,12.0,15.0
2017,10,SE,NOSSA SENHORA DO SOCORRO,3.143,3.262,14.0,16.0
2017,10,SP,ADAMANTINA,3.126,3.328,15.0,21.0
2017,10,SP,AMERICANA,3.088,3.195,8.0,22.0
2017,10,SP,AMPARO,3.206,3.296,30.0,26.0
2017,10,SP,ARACATUBA,3.182,3.301,35.0,42.0
2017,10,SP,ARARAQUARA,3.133,3.326,33.0,30.0
2017,10,SP,ARARAS,3.107,3.238,24.0,20.0
2017,10,SP,ASSIS,3.257,3.313,39.0,48.0
2017,10,SP,ATIBAIA,3.182,3.303,21.0,28.0
2017,10,SP,AVARE,3.419,3.488,18.0,18.0
2017,10,SP,BARRETOS,3.328,3.427,16.0,28.0
2017,10,SP,BARUERI,3.11,3.269,22.0,47.0
2017,10,SP,BAURU,3.132,3.24,29.0,33.0
2017,10,SP,BEBEDOURO,3.179,3.263,18.0,18.0
2017,10,SP,BIRIGUI,3.247,3.362,12.0,22.0
2017,10,SP,BOTUCATU,3.173,3.309,24.0,15.0
2017,10,SP,BRAGANCA PAULISTA,3.097,3.259,12.0,20.0
2017,10,SP,CACAPAVA,3.217,3.25,18.0,21.0
2017,10,SP,CAMPINAS,3.188,3.273,47.0,45.0
2017,10,SP,CARAGUATATUBA,3.379,3.497,20.0,27.0
2017,10,SP,CARAPICUIBA,3.166,3.217,6.0,15.0
2017,10,SP,CATANDUVA,3.175,3.305,15.0,30.0
2017,10,SP,COSMOPOLIS,3.097,3.259,8.0,4.0
2017,10,SP,COTIA,3.25,3.371,23.0,38.0
2017,10,SP,CRUZEIRO,3.248,3.256,8.0,10.0
2017,10,SP,CUBATAO,3.448,3.574,6.0,10.0
2017,10,SP,DIADEMA,3.096,3.354,7.0,22.0
2017,10,SP,DRACENA,3.2,3.294,21.0,24.0
2017,10,SP,EMBU DAS ARTES,3.149,3.305,22.0,17.0
2017,10,SP,FRANCA,3.108,3.232,51.0,49.0
2017,10,SP,GARCA,3.236,3.378,9.0,7.0
2017,10,SP,GUARATINGUETA,3.287,3.379,15.0,22.0
2017,10,SP,GUARUJA,3.444,3.468,7.0,19.0
2017,10,SP,GUARULHOS,3.157,3.29,30.0,56.0
2017,10,SP,HORTOLANDIA,3.035,3.212,14.0,18.0
2017,10,SP,IBITINGA,3.212,3.395,15.0,20.0
2017,10,SP,INDAIATUBA,3.237,3.324,21.0,34.0
2017,10,SP,ITANHAEM,3.349,3.703,7.0,9.0
2017,10,SP,ITAPECERICA DA SERRA,3.126,3.225,15.0,16.0
2017,10,SP,ITAPETININGA,3.117,3.215,24.0,20.0
2017,10,SP,ITAPEVA,3.203,3.34,14.0,18.0
2017,10,SP,ITAPIRA,3.167,3.243,27.0,27.0
2017,10,SP,ITAPOLIS,3.201,3.28,18.0,12.0
2017,10,SP,ITAQUAQUECETUBA,3.143,3.262,14.0,24.0
2017,10,SP,ITATIBA,3.165,3.275,20.0,22.0
2017,10,SP,ITU,3.223,3.309,24.0,42.0
2017,10,SP,JABOTICABAL,3.165,3.309,17.0,21.0
2017,10,SP,JACAREI,3.141,3.216,29.0,33.0
2017,10,SP,JALES,3.121,3.244,18.0,17.0
2017,10,SP,JAU,3.237,3.311,18.0,32.0
2017,10,SP,JOSE BONIFACIO,3.045,3.156,20.0,18.0
2017,10,SP,JUNDIAI,3.171,3.321,31.0,47.0
2017,10,SP,LEME,3.122,3.278,20.0,22.0
2017,10,SP,LIMEIRA,3.052,3.212,37.0,59.0
2017,10,SP,LINS,3.21,3.303,24.0,23.0
2017,10,SP,LORENA,3.098,3.235,15.0,21.0
2017,10,SP,MARILIA,3.193,3.246,11.0,24.0
2017,10,SP,MATAO,3.204,3.327,22.0,18.0
2017,10,SP,MAUA,3.172,3.293,12.0,20.0
2017,10,SP,MIRASSOL,3.108,3.21,21.0,15.0
2017,10,SP,MOCOCA,3.08,3.167,20.0,10.0
2017,10,SP,MOGI DAS CRUZES,3.122,3.218,35.0,45.0
2017,10,SP,MOGI GUACU,3.151,3.237,20.0,21.0
2017,10,SP,MOGI MIRIM,3.096,3.232,18.0,31.0
2017,10,SP,MONTE ALTO,3.34,3.436,12.0,16.0
2017,10,SP,OLIMPIA,3.128,3.273,15.0,10.0
2017,10,SP,OSASCO,3.189,3.314,24.0,22.0
2017,10,SP,OURINHOS,3.094,3.284,32.0,31.0
2017,10,SP,PARAGUACU PAULISTA,3.21,3.317,16.0,10.0
2017,10,SP,PAULINIA,3.162,3.295,25.0,29.0
2017,10,SP,PINDAMONHANGABA,3.074,3.185,8.0,10.0
2017,10,SP,PIRACICABA,3.208,3.31,42.0,46.0
2017,10,SP,PIRASSUNUNGA,3.113,3.238,12.0,14.0
2017,10,SP,POA,3.15,3.368,10.0,13.0
2017,10,SP,PORTO FERREIRA,3.12,3.226,12.0,7.0
2017,10,SP,PRAIA GRANDE,3.316,3.265,6.0,20.0
2017,10,SP,PRESIDENTE PRUDENTE,3.218,3.299,36.0,46.0
2017,10,SP,PRESIDENTE VENCESLAU,3.303,3.394,27.0,26.0
2017,10,SP,RIBEIRAO PIRES,3.145,3.349,10.0,12.0
2017,10,SP,RIBEIRAO PRETO,3.106,3.313,19.0,39.0
2017,10,SP,RIO CLARO,3.075,3.233,16.0,22.0
2017,10,SP,SALTO,3.206,3.326,21.0,18.0
2017,10,SP,SANTA BARBARA D OESTE,3.094,3.242,14.0,16.0
2017,10,SP,SANTA CRUZ DO RIO PARDO,3.343,3.358,14.0,17.0
2017,10,SP,SANTO ANDRE,3.214,3.303,16.0,39.0
2017,10,SP,SANTOS,3.359,3.511,6.0,27.0
2017,10,SP,SAO BERNARDO DO CAMPO,3.229,3.327,5.0,28.0
2017,10,SP,SAO CAETANO DO SUL,3.29,3.452,7.0,26.0
2017,10,SP,SAO CARLOS,3.169,3.275,21.0,36.0
2017,10,SP,SAO JOAO DA BOA VISTA,3.085,3.204,30.0,30.0
2017,10,SP,SAO JOSE DO RIO PRETO,3.109,3.238,30.0,25.0
2017,10,SP,SAO JOSE DOS CAMPOS,2.997,3.14,17.0,45.0
2017,10,SP,SAO PAULO,3.147,3.339,110.0,495.0
2017,10,SP,SAO ROQUE,3.171,3.264,9.0,18.0
2017,10,SP,SAO VICENTE,3.062,3.378,13.0,15.0
2017,10,SP,SERTAOZINHO,3.161,3.272,18.0,18.0
2017,10,SP,SOROCABA,3.141,3.245,30.0,38.0
2017,10,SP,SUMARE,3.098,3.191,36.0,33.0
2017,10,SP,SUZANO,3.074,3.226,12.0,20.0
2017,10,SP,TABOAO DA SERRA,3.26,3.183,9.0,24.0
2017,10,SP,TATUI,3.234,3.328,10.0,14.0
2017,10,SP,TAUBATE,3.095,3.215,16.0,30.0
2017,10,SP,TUPA,3.194,3.276,20.0,16.0
2017,10,SP,UBATUBA,3.335,3.379,5.0,25.0
2017,10,SP,VALINHOS,3.173,3.25,17.0,19.0
2017,10,SP,VARZEA PAULISTA,3.177,3.289,16.0,14.0
2017,10,SP,VINHEDO,3.374,3.414,11.0,20.0
2017,10,SP,VOTORANTIM,3.136,3.212,14.0,18.0
2017,10,SP,VOTUPORANGA,3.18,3.295,18.0,22.0
2017,10,TO,ARAGUAINA,3.092,3.165,30.0,30.0
2017,10,TO,GURUPI,3.19,3.273,16.0,18.0
2017,10,TO,PALMAS,3.103,3.099,19.0,35.0
2017,10,TO,PARAISO DO TOCANTINS,3.238,3.303,12.0,16.0
2017,10,TO,PORTO NACIONAL,2.999,3.085,11.0,15.0
2017,11,AC,CRUZEIRO DO SUL,4.388,4.402,10.0,8.0
2017,11,AC,RIO BRANCO,4.006,4.075,98.0,94.0
2017,11,AL,ARAPIRACA,3.249,3.259,16.0,24.0
2017,11,AL,DELMIRO GOUVEIA,3.189,3.265,14.0,14.0
2017,11,AL,MACEIO,3.27,3.312,27.0,40.0
2017,11,AL,PALMEIRA DOS INDIOS,3.316,3.38,16.0,12.0
2017,11,AL,RIO LARGO,3.219,3.281,8.0,16.0
2017,11,AM,ITACOATIARA,3.767,3.935,15.0,14.0
2017,11,AM,MANACAPURU,3.327,3.455,12.0,8.0
2017,11,AM,MANAUS,3.284,3.409,77.0,80.0
2017,11,AM,PARINTINS,3.483,3.69,8.0,3.0
2017,11,AM,TEFE,,3.93,,6.0
2017,11,AP,MACAPA,3.714,4.221,53.0,30.0
2017,11,AP,SANTANA,3.657,4.162,9.0,5.0
2017,11,BA,ALAGOINHAS,3.082,3.189,14.0,14.0
2017,11,BA,BARREIRAS,3.379,3.459,21.0,21.0
2017,11,BA,BRUMADO,3.388,3.478,12.0,12.0
2017,11,BA,CAETITE,3.459,3.602,8.0,10.0
2017,11,BA,CAMACARI,3.18,3.244,13.0,23.0
2017,11,BA,EUNAPOLIS,3.426,3.582,9.0,14.0
2017,11,BA,FEIRA DE SANTANA,3.048,3.16,26.0,40.0
2017,11,BA,GUANAMBI,3.368,3.483,18.0,16.0
2017,11,BA,ILHEUS,3.292,3.427,16.0,16.0
2017,11,BA,IPIRA,3.184,3.335,10.0,6.0
2017,11,BA,IRECE,3.271,3.375,12.0,12.0
2017,11,BA,ITABUNA,3.281,3.373,21.0,24.0
2017,11,BA,ITAMARAJU,3.405,3.488,12.0,10.0
2017,11,BA,JACOBINA,3.19,3.275,9.0,7.0
2017,11,BA,JAGUAQUARA,3.143,3.238,14.0,14.0
2017,11,BA,JEQUIE,3.264,3.371,15.0,9.0
2017,11,BA,JUAZEIRO,3.301,3.41,14.0,16.0
2017,11,BA,LAURO DE FREITAS,3.093,3.251,4.0,20.0
2017,11,BA,LIVRAMENTO DE NOSSA SENHORA,3.344,3.437,12.0,7.0
2017,11,BA,PAULO AFONSO,3.313,3.401,10.0,14.0
2017,11,BA,POCOES,3.208,3.293,14.0,6.0
2017,11,BA,PORTO SEGURO,3.778,4.037,5.0,10.0
2017,11,BA,SALVADOR,3.14,3.276,69.0,180.0
2017,11,BA,SANTO ANTONIO DE JESUS,3.096,3.204,12.0,12.0
2017,11,BA,SENHOR DO BONFIM,3.176,3.275,16.0,10.0
2017,11,BA,SERRINHA,3.211,3.34,10.0,6.0
2017,11,BA,SIMOES FILHO,3.162,3.276,16.0,12.0
2017,11,BA,TEIXEIRA DE FREITAS,3.349,3.52,12.0,16.0
2017,11,BA,VALENCA,3.282,3.365,20.0,9.0
2017,11,BA,VITORIA DA CONQUISTA,3.214,3.393,12.0,12.0
2017,11,CE,CANINDE,3.401,3.537,12.0,14.0
2017,11,CE,CAUCAIA,,3.4,,42.0
2017,11,CE,CRATEUS,3.459,3.604,12.0,13.0
2017,11,CE,CRATO,3.335,3.421,18.0,13.0
2017,11,CE,FORTALEZA,,3.46,,286.0
2017,11,CE,ICO,3.337,3.438,7.0,12.0
2017,11,CE,IGUATU,3.387,3.498,12.0,14.0
2017,11,CE,ITAPIPOCA,3.428,3.5,12.0,12.0
2017,11,CE,JUAZEIRO DO NORTE,3.314,3.413,18.0,19.0
2017,11,CE,LIMOEIRO DO NORTE,3.411,3.48,8.0,9.0
2017,11,CE,MARACANAU,,3.404,,20.0
2017,11,CE,QUIXADA,3.349,3.472,14.0,16.0
2017,11,CE,SOBRAL,3.359,3.509,20.0,24.0
2017,11,DF,BRASILIA,3.524,3.692,56.0,97.0
2017,11,ES,ARACRUZ,3.328,3.436,10.0,12.0
2017,11,ES,CACHOEIRO DE ITAPEMIRIM,3.331,3.454,22.0,18.0
2017,11,ES,CARIACICA,3.275,3.377,11.0,12.0
2017,11,ES,COLATINA,3.419,3.515,14.0,18.0
2017,11,ES,GUARAPARI,3.319,3.454,18.0,19.0
2017,11,ES,LINHARES,3.24,3.304,18.0,20.0
2017,11,ES,SAO MATEUS,3.312,3.425,14.0,12.0
2017,11,ES,SERRA,3.242,3.334,19.0,13.0
2017,11,ES,VILA VELHA,3.265,3.41,12.0,19.0
2017,11,ES,VITORIA,3.226,3.369,21.0,35.0
2017,11,GO,AGUAS LINDAS DE GOIAS,3.51,3.639,8.0,8.0
2017,11,GO,ANAPOLIS,3.335,3.461,26.0,14.0
2017,11,GO,APARECIDA DE GOIANIA,3.297,3.411,20.0,14.0
2017,11,GO,CALDAS NOVAS,3.364,3.521,15.0,11.0
2017,11,GO,CATALAO,3.515,3.606,14.0,12.0
2017,11,GO,FORMOSA,3.419,3.543,14.0,18.0
2017,11,GO,GOIANIA,3.243,3.384,68.0,123.0
2017,11,GO,GOIATUBA,3.4,3.528,18.0,12.0
2017,11,GO,ITUMBIARA,3.331,3.428,30.0,16.0
2017,11,GO,JATAI,3.587,3.725,24.0,21.0
2017,11,GO,LUZIANIA,3.374,3.476,29.0,17.0
2017,11,GO,MINEIROS,3.446,3.631,12.0,8.0
2017,11,GO,MORRINHOS,3.385,3.533,21.0,10.0
2017,11,GO,PORANGATU,3.298,3.412,13.0,10.0
2017,11,GO,RIO VERDE,3.452,3.552,16.0,36.0
2017,11,GO,TRINDADE,3.33,3.47,14.0,2.0
2017,11,GO,VALPARAISO DE GOIAS,3.382,3.54,13.0,9.0
2017,11,MA,ACAILANDIA,3.221,3.312,14.0,14.0
2017,11,MA,BACABAL,3.074,3.125,7.0,8.0
2017,11,MA,BALSAS,3.297,3.368,12.0,14.0
2017,11,MA,BARRA DO CORDA,3.087,3.166,7.0,7.0
2017,11,MA,CAXIAS,3.113,3.242,12.0,14.0
2017,11,MA,CODO,3.253,3.313,8.0,6.0
2017,11,MA,IMPERATRIZ,3.198,3.271,15.0,22.0
2017,11,MA,PINHEIRO,3.281,3.339,10.0,8.0
2017,11,MA,PRESIDENTE DUTRA,3.101,3.203,7.0,8.0
2017,11,MA,SANTA INES,3.253,3.317,8.0,10.0
2017,11,MA,SAO JOSE DE RIBAMAR,3.014,3.135,10.0,14.0
2017,11,MA,SAO LUIS,3.049,3.152,50.0,114.0
2017,11,MG,ALFENAS,3.411,3.513,9.0,8.0
2017,11,MG,ARAGUARI,3.374,3.51,29.0,24.0
2017,11,MG,ARAXA,3.423,3.527,12.0,11.0
2017,11,MG,BARBACENA,3.468,3.495,7.0,15.0
2017,11,MG,BELO HORIZONTE,3.303,3.435,31.0,62.0
2017,11,MG,BETIM,3.244,3.333,15.0,20.0
2017,11,MG,BOM DESPACHO,3.372,3.443,12.0,10.0
2017,11,MG,CAMPO BELO,3.316,3.442,10.0,8.0
2017,11,MG,CARATINGA,3.405,3.45,13.0,6.0
2017,11,MG,CONGONHAS,3.332,3.424,8.0,10.0
2017,11,MG,CONSELHEIRO LAFAIETE,3.345,3.425,10.0,5.0
2017,11,MG,CONTAGEM,3.21,3.321,26.0,29.0
2017,11,MG,CORONEL FABRICIANO,3.307,3.44,11.0,10.0
2017,11,MG,CURVELO,3.301,3.367,12.0,12.0
2017,11,MG,DIVINOPOLIS,3.437,3.503,6.0,16.0
2017,11,MG,FORMIGA,3.362,3.525,13.0,7.0
2017,11,MG,FRUTAL,3.513,3.584,8.0,12.0
2017,11,MG,GOVERNADOR VALADARES,3.411,3.497,13.0,21.0
2017,11,MG,GUAXUPE,3.336,3.418,15.0,15.0
2017,11,MG,IPATINGA,3.269,3.335,15.0,16.0
2017,11,MG,ITABIRA,3.445,3.565,16.0,15.0
2017,11,MG,ITAJUBA,3.388,3.465,8.0,12.0
2017,11,MG,ITAUNA,3.272,3.496,11.0,3.0
2017,11,MG,ITUIUTABA,3.319,3.453,16.0,22.0
2017,11,MG,JANAUBA,3.438,3.632,8.0,6.0
2017,11,MG,JANUARIA,3.409,3.552,12.0,9.0
2017,11,MG,JOAO MONLEVADE,3.273,3.329,8.0,10.0
2017,11,MG,JOAO PINHEIRO,3.544,3.676,12.0,10.0
2017,11,MG,JUIZ DE FORA,3.381,3.535,10.0,22.0
2017,11,MG,LAVRAS,3.41,3.482,7.0,13.0
2017,11,MG,LEOPOLDINA,3.27,3.379,12.0,7.0
2017,11,MG,MANHUACU,3.295,3.417,10.0,8.0
2017,11,MG,MONTE CARMELO,3.451,3.565,16.0,16.0
2017,11,MG,MONTES CLAROS,3.252,3.438,28.0,16.0
2017,11,MG,MURIAE,3.381,3.47,15.0,16.0
2017,11,MG,NOVA LIMA,3.287,3.454,4.0,14.0
2017,11,MG,OLIVEIRA,3.303,3.397,14.0,11.0
2017,11,MG,OURO PRETO,3.499,3.568,10.0,12.0
2017,11,MG,PARA DE MINAS,3.653,3.772,11.0,13.0
2017,11,MG,PARACATU,3.545,3.656,8.0,11.0
2017,11,MG,PASSOS,3.336,3.443,13.0,14.0
2017,11,MG,PATOS DE MINAS,3.46,3.551,18.0,16.0
2017,11,MG,PATROCINIO,3.464,3.573,14.0,10.0
2017,11,MG,POCOS DE CALDAS,3.385,3.482,11.0,19.0
2017,11,MG,POUSO ALEGRE,3.367,3.478,13.0,21.0
2017,11,MG,SABARA,3.228,3.329,7.0,10.0
2017,11,MG,SAO JOAO DEL REI,3.369,3.484,8.0,8.0
2017,11,MG,SAO SEBASTIAO DO PARAISO,3.441,3.555,14.0,10.0
2017,11,MG,SETE LAGOAS,3.209,3.383,30.0,21.0
2017,11,MG,TEOFILO OTONI,3.392,3.502,16.0,16.0
2017,11,MG,TIMOTEO,3.303,3.409,9.0,6.0
2017,11,MG,TRES CORACOES,3.651,3.706,6.0,8.0
2017,11,MG,UBA,3.387,3.48,11.0,12.0
2017,11,MG,UBERABA,3.386,3.535,29.0,33.0
2017,11,MG,UBERLANDIA,3.372,3.523,46.0,41.0
2017,11,MG,UNAI,3.409,3.531,16.0,20.0
2017,11,MG,VARGINHA,3.431,3.485,14.0,18.0
2017,11,MG,VICOSA,3.599,3.653,2.0,8.0
2017,11,MS,CAMPO GRANDE,3.522,3.728,60.0,92.0
2017,11,MS,CORUMBA,3.719,3.866,11.0,10.0
2017,11,MS,COXIM,3.66,3.763,12.0,12.0
2017,11,MS,DOURADOS,3.689,3.83,11.0,18.0
2017,11,MS,NOVA ANDRADINA,3.667,3.759,12.0,10.0
2017,11,MS,PONTA PORA,3.586,3.715,8.0,8.0
2017,11,MS,TRES LAGOAS,3.869,3.965,19.0,23.0
2017,11,MT,ALTA FLORESTA,3.936,4.009,20.0,18.0
2017,11,MT,CACERES,3.581,3.674,13.0,16.0
2017,11,MT,CUIABA,3.601,3.696,81.0,149.0
2017,11,MT,RONDONOPOLIS,3.634,3.735,44.0,36.0
2017,11,MT,SINOP,3.756,3.84,16.0,24.0
2017,11,MT,SORRISO,3.814,3.923,15.0,20.0
2017,11,MT,VARZEA GRANDE,3.474,3.588,18.0,27.0
2017,11,PA,ABAETETUBA,3.535,3.623,8.0,6.0
2017,11,PA,ALENQUER,3.858,4.067,10.0,3.0
2017,11,PA,ALTAMIRA,3.766,4.011,11.0,11.0
2017,11,PA,ANANINDEUA,,3.367,,16.0
2017,11,PA,BELEM,,3.41,,57.0
2017,11,PA,BRAGANCA,3.06,3.225,4.0,6.0
2017,11,PA,CAMETA,3.345,3.328,4.0,4.0
2017,11,PA,CASTANHAL,3.217,3.299,9.0,12.0
2017,11,PA,CONCEICAO DO ARAGUAIA,3.615,3.713,11.0,9.0
2017,11,PA,ITAITUBA,3.449,3.543,9.0,11.0
2017,11,PA,MARABA,3.64,3.731,20.0,26.0
2017,11,PA,PARAGOMINAS,3.331,3.426,8.0,8.0
2017,11,PA,PARAUAPEBAS,3.685,3.793,16.0,25.0
2017,11,PA,REDENCAO,3.56,3.65,6.0,8.0
2017,11,PA,SANTAREM,3.39,3.48,22.0,20.0
2017,11,PA,XINGUARA,3.446,3.516,12.0,8.0
2017,11,PB,BAYEUX,3.153,3.203,10.0,11.0
2017,11,PB,CABEDELO,3.219,3.301,9.0,10.0
2017,11,PB,CAMPINA GRANDE,3.161,3.223,19.0,25.0
2017,11,PB,JOAO PESSOA,3.106,3.199,21.0,68.0
2017,11,PB,PATOS,3.212,3.285,12.0,10.0
2017,11,PB,SOUSA,3.318,3.345,6.0,8.0
2017,11,PE,ARARIPINA,3.209,3.22,13.0,16.0
2017,11,PE,ARCOVERDE,3.157,3.141,6.0,16.0
2017,11,PE,BELO JARDIM,3.106,3.127,6.0,14.0
2017,11,PE,CABO DE SANTO AGOSTINHO,,3.164,,12.0
2017,11,PE,CARUARU,,3.178,,34.0
2017,11,PE,GARANHUNS,3.049,3.018,2.0,24.0
2017,11,PE,GOIANA,2.95,3.144,1.0,13.0
2017,11,PE,IGARASSU,,3.072,,16.0
2017,11,PE,JABOATAO DOS GUARARAPES,,3.098,,36.0
2017,11,PE,LAJEDO,3.117,3.143,8.0,12.0
2017,11,PE,OLINDA,,3.149,,17.0
2017,11,PE,PAULISTA,,3.112,,19.0
2017,11,PE,PETROLINA,3.285,3.407,18.0,19.0
2017,11,PE,RECIFE,,3.152,,96.0
2017,11,PE,SALGUEIRO,3.139,3.211,6.0,8.0
2017,11,PE,SANTA CRUZ DO CAPIBARIBE,3.18,3.264,2.0,13.0
2017,11,PE,SERRA TALHADA,3.19,3.182,1.0,15.0
2017,11,PE,VITORIA DE SANTO ANTAO,3.03,3.073,6.0,16.0
2017,11,PI,PARNAIBA,3.338,3.427,19.0,26.0
2017,11,PI,PICOS,3.253,3.317,16.0,16.0
2017,11,PI,PIRIPIRI,3.261,3.335,10.0,7.0
2017,11,PI,TERESINA,3.313,3.436,49.0,111.0
2017,11,PR,APUCARANA,3.194,3.277,20.0,22.0
2017,11,PR,ARAPONGAS,3.164,3.258,15.0,9.0
2017,11,PR,ARAUCARIA,2.996,3.099,14.0,14.0
2017,11,PR,ASSIS CHATEAUBRIAND,3.153,3.24,16.0,9.0
2017,11,PR,CAMBE,3.163,3.332,15.0,12.0
2017,11,PR,CAMPO LARGO,3.084,3.188,11.0,7.0
2017,11,PR,CAMPO MOURAO,3.072,3.136,27.0,18.0
2017,11,PR,CASCAVEL,3.251,3.333,18.0,31.0
2017,11,PR,CASTRO,3.142,3.237,11.0,10.0
2017,11,PR,CIANORTE,3.22,3.331,20.0,13.0
2017,11,PR,COLOMBO,2.99,3.162,26.0,25.0
2017,11,PR,CORNELIO PROCOPIO,3.278,3.303,9.0,7.0
2017,11,PR,CURITIBA,3.038,3.176,37.0,110.0
2017,11,PR,FOZ DO IGUACU,3.172,3.349,9.0,28.0
2017,11,PR,FRANCISCO BELTRAO,3.14,3.208,14.0,13.0
2017,11,PR,GUARAPUAVA,3.128,3.179,18.0,26.0
2017,11,PR,LONDRINA,3.165,3.261,17.0,29.0
2017,11,PR,MARECHAL CANDIDO RONDON,3.21,3.259,11.0,8.0
2017,11,PR,MARINGA,3.037,3.231,14.0,30.0
2017,11,PR,PARANAGUA,3.093,3.176,15.0,13.0
2017,11,PR,PARANAVAI,3.199,3.271,10.0,12.0
2017,11,PR,PATO BRANCO,3.208,3.33,9.0,14.0
2017,11,PR,PINHAIS,3.136,3.287,14.0,16.0
2017,11,PR,PONTA GROSSA,3.091,3.149,21.0,25.0
2017,11,PR,SANTO ANTONIO DA PLATINA,3.037,3.142,10.0,14.0
2017,11,PR,SAO JOSE DOS PINHAIS,3.074,3.16,15.0,28.0
2017,11,PR,TOLEDO,3.19,3.291,18.0,16.0
2017,11,PR,UMUARAMA,3.118,3.234,13.0,21.0
2017,11,PR,UNIAO DA VITORIA,3.212,3.288,16.0,13.0
2017,11,RJ,ANGRA DOS REIS,,3.794,,8.0
2017,11,RJ,ARARUAMA,3.45,3.523,12.0,20.0
2017,11,RJ,BARRA DO PIRAI,3.57,3.685,12.0,12.0
2017,11,RJ,BARRA MANSA,3.486,3.737,18.0,13.0
2017,11,RJ,BELFORD ROXO,3.442,3.512,13.0,14.0
2017,11,RJ,CABO FRIO,3.598,3.689,6.0,16.0
2017,11,RJ,CAMPOS DOS GOYTACAZES,3.316,3.449,24.0,29.0
2017,11,RJ,DUQUE DE CAXIAS,3.369,3.557,27.0,32.0
2017,11,RJ,ITABORAI,3.332,3.486,16.0,15.0
2017,11,RJ,ITAGUAI,3.341,3.477,10.0,12.0
2017,11,RJ,ITAPERUNA,3.481,3.567,12.0,14.0
2017,11,RJ,MACAE,3.531,3.722,10.0,18.0
2017,11,RJ,MAGE,3.412,3.462,8.0,10.0
2017,11,RJ,MARICA,3.326,3.604,11.0,15.0
2017,11,RJ,NILOPOLIS,3.324,3.502,4.0,6.0
2017,11,RJ,NITEROI,3.516,3.562,6.0,32.0
2017,11,RJ,NOVA FRIBURGO,3.426,3.552,16.0,16.0
2017,11,RJ,NOVA IGUACU,3.367,3.525,23.0,23.0
2017,11,RJ,PETROPOLIS,3.439,3.539,16.0,23.0
2017,11,RJ,RESENDE,3.412,3.578,4.0,18.0
2017,11,RJ,RIO BONITO,3.454,3.559,12.0,12.0
2017,11,RJ,RIO DE JANEIRO,3.408,3.63,85.0,156.0
2017,11,RJ,SANTO ANTONIO DE PADUA,3.34,3.527,10.0,6.0
2017,11,RJ,SAO FRANCISCO DE ITABAPOANA,3.414,3.523,14.0,7.0
2017,11,RJ,SAO GONCALO,3.455,3.541,24.0,25.0
2017,11,RJ,SAO JOAO DE MERITI,3.349,3.528,13.0,11.0
2017,11,RJ,SAPUCAIA,3.27,3.37,20.0,12.0
2017,11,RJ,SAQUAREMA,3.592,3.701,8.0,9.0
2017,11,RJ,TERESOPOLIS,3.307,3.439,11.0,22.0
2017,11,RJ,TRES RIOS,3.4,3.535,12.0,16.0
2017,11,RJ,VALENCA,3.579,3.69,12.0,18.0
2017,11,RJ,VOLTA REDONDA,3.611,3.782,11.0,9.0
2017,11,RN,CAICO,3.284,3.392,11.0,11.0
2017,11,RN,MOSSORO,3.334,3.464,31.0,29.0
2017,11,RN,NATAL,3.386,3.485,50.0,72.0
2017,11,RN,PARNAMIRIM,3.28,3.385,19.0,22.0
2017,11,RO,ARIQUEMES,3.478,3.584,16.0,18.0
2017,11,RO,CACOAL,3.488,3.608,16.0,16.0
2017,11,RO,JI PARANA,3.444,3.556,27.0,18.0
2017,11,RO,PIMENTA BUENO,3.535,3.615,10.0,12.0
2017,11,RO,PORTO VELHO,3.406,3.511,73.0,90.0
2017,11,RO,VILHENA,3.508,3.598,18.0,18.0
2017,11,RR,BOA VISTA,3.375,3.432,33.0,37.0
2017,11,RS,ALEGRETE,3.341,3.412,8.0,8.0
2017,11,RS,ALVORADA,3.136,3.335,6.0,5.0
2017,11,RS,BAGE,3.532,3.636,12.0,13.0
2017,11,RS,BENTO GONCALVES,3.213,3.288,10.0,17.0
2017,11,RS,CACHOEIRA DO SUL,3.221,3.355,16.0,12.0
2017,11,RS,CACHOEIRINHA,3.097,3.207,20.0,18.0
2017,11,RS,CANOAS,3.089,3.205,19.0,23.0
2017,11,RS,CAXIAS DO SUL,3.235,3.393,12.0,30.0
2017,11,RS,CRUZ ALTA,3.147,3.255,13.0,13.0
2017,11,RS,ERECHIM,3.315,3.431,16.0,20.0
2017,11,RS,ESTEIO,3.115,3.23,14.0,12.0
2017,11,RS,GRAMADO,3.416,3.527,8.0,8.0
2017,11,RS,GRAVATAI,3.041,3.178,18.0,19.0
2017,11,RS,GUAIBA,3.133,3.277,10.0,14.0
2017,11,RS,IJUI,3.219,3.355,12.0,15.0
2017,11,RS,LAJEADO,3.293,3.348,12.0,13.0
2017,11,RS,NOVO HAMBURGO,3.062,3.213,20.0,23.0
2017,11,RS,OSORIO,3.15,3.257,12.0,12.0
2017,11,RS,PASSO FUNDO,3.236,3.386,14.0,21.0
2017,11,RS,PELOTAS,3.358,3.48,20.0,20.0
2017,11,RS,PORTO ALEGRE,3.101,3.276,35.0,68.0
2017,11,RS,RIO GRANDE,3.308,3.462,23.0,24.0
2017,11,RS,SANTA CRUZ DO SUL,3.184,3.278,11.0,18.0
2017,11,RS,SANTA MARIA,3.313,3.392,18.0,15.0
2017,11,RS,SANTA ROSA,3.231,3.339,11.0,12.0
2017,11,RS,SANTANA DO LIVRAMENTO,3.336,3.518,13.0,15.0
2017,11,RS,SANTO ANGELO,3.232,3.363,14.0,14.0
2017,11,RS,SAO GABRIEL,3.414,3.551,10.0,10.0
2017,11,RS,SAO LEOPOLDO,3.076,3.202,15.0,19.0
2017,11,RS,SAO LUIZ GONZAGA,3.262,3.348,10.0,8.0
2017,11,RS,SAPIRANGA,3.105,3.2,8.0,17.0
2017,11,RS,SAPUCAIA DO SUL,3.039,3.157,13.0,12.0
2017,11,RS,TORRES,3.185,3.308,8.0,10.0
2017,11,RS,URUGUAIANA,3.297,3.387,10.0,14.0
2017,11,RS,VACARIA,3.267,3.344,8.0,18.0
2017,11,RS,VIAMAO,3.146,3.326,8.0,6.0
2017,11,SC,ARARANGUA,3.051,3.181,13.0,11.0
2017,11,SC,BALNEARIO CAMBORIU,3.197,3.357,5.0,16.0
2017,11,SC,BIGUACU,3.103,3.233,13.0,19.0
2017,11,SC,BLUMENAU,3.172,3.293,23.0,30.0
2017,11,SC,BRUSQUE,3.194,3.268,7.0,18.0
2017,11,SC,CACADOR,3.453,3.506,13.0,14.0
2017,11,SC,CHAPECO,3.217,3.359,10.0,16.0
2017,11,SC,CONCORDIA,3.241,3.42,7.0,10.0
2017,11,SC,CRICIUMA,3.091,3.208,16.0,22.0
2017,11,SC,FLORIANOPOLIS,3.341,3.443,14.0,87.0
2017,11,SC,ITAJAI,3.193,3.335,6.0,20.0
2017,11,SC,JARAGUA DO SUL,3.234,3.271,8.0,20.0
2017,11,SC,JOINVILLE,3.18,3.266,9.0,29.0
2017,11,SC,LAGES,3.279,3.387,6.0,14.0
2017,11,SC,LAGUNA,3.049,3.151,12.0,13.0
2017,11,SC,MAFRA,3.283,3.369,6.0,12.0
2017,11,SC,PALHOCA,3.237,3.289,15.0,29.0
2017,11,SC,SAO JOSE,3.109,3.231,9.0,30.0
2017,11,SC,TUBARAO,3.072,3.205,12.0,16.0
2017,11,SC,VIDEIRA,3.195,3.272,10.0,12.0
2017,11,SC,XANXERE,3.21,3.276,6.0,8.0
2017,11,SE,ARACAJU,3.297,3.467,9.0,51.0
2017,11,SE,ITABAIANA,3.32,3.409,16.0,16.0
2017,11,SE,LAGARTO,3.176,3.228,7.0,10.0
2017,11,SE,NOSSA SENHORA DO SOCORRO,3.159,3.309,14.0,16.0
2017,11,SP,ADAMANTINA,3.225,3.412,10.0,14.0
2017,11,SP,AMERICANA,3.099,3.274,8.0,22.0
2017,11,SP,AMPARO,3.314,3.367,18.0,17.0
2017,11,SP,ARACATUBA,3.255,3.37,34.0,42.0
2017,11,SP,ARARAQUARA,3.237,3.434,23.0,20.0
2017,11,SP,ARARAS,3.213,3.327,24.0,20.0
2017,11,SP,ASSIS,3.309,3.373,25.0,32.0
2017,11,SP,ATIBAIA,3.242,3.373,22.0,28.0
2017,11,SP,AVARE,3.444,3.516,27.0,27.0
2017,11,SP,BARRETOS,3.441,3.526,16.0,28.0
2017,11,SP,BARUERI,3.148,3.351,14.0,31.0
2017,11,SP,BAURU,3.167,3.314,43.0,55.0
2017,11,SP,BEBEDOURO,3.272,3.379,12.0,13.0
2017,11,SP,BIRIGUI,3.304,3.393,12.0,22.0
2017,11,SP,BOTUCATU,3.28,3.375,16.0,10.0
2017,11,SP,BRAGANCA PAULISTA,3.177,3.31,14.0,18.0
2017,11,SP,CACAPAVA,3.31,3.291,13.0,14.0
2017,11,SP,CAMPINAS,3.207,3.312,31.0,47.0
2017,11,SP,CARAGUATATUBA,3.438,3.556,13.0,18.0
2017,11,SP,CARAPICUIBA,3.209,3.266,5.0,16.0
2017,11,SP,CATANDUVA,3.268,3.432,10.0,21.0
2017,11,SP,COSMOPOLIS,3.185,3.384,8.0,4.0
2017,11,SP,COTIA,3.364,3.465,15.0,23.0
2017,11,SP,CRUZEIRO,3.305,3.359,9.0,9.0
2017,11,SP,CUBATAO,3.292,3.564,11.0,15.0
2017,11,SP,DIADEMA,3.218,3.36,9.0,23.0
2017,11,SP,DRACENA,3.318,3.416,14.0,16.0
2017,11,SP,EMBU DAS ARTES,3.236,3.377,22.0,17.0
2017,11,SP,FRANCA,3.209,3.316,33.0,32.0
2017,11,SP,GARCA,3.388,3.514,7.0,8.0
2017,11,SP,GUARATINGUETA,3.343,3.486,10.0,14.0
2017,11,SP,GUARUJA,3.376,3.536,6.0,19.0
2017,11,SP,GUARULHOS,3.233,3.357,20.0,36.0
2017,11,SP,HORTOLANDIA,3.09,3.264,13.0,18.0
2017,11,SP,IBITINGA,3.344,3.488,10.0,14.0
2017,11,SP,INDAIATUBA,3.324,3.397,13.0,23.0
2017,11,SP,ITANHAEM,3.399,3.734,6.0,4.0
2017,11,SP,ITAPECERICA DA SERRA,3.197,3.286,14.0,17.0
2017,11,SP,ITAPETININGA,3.193,3.29,32.0,27.0
2017,11,SP,ITAPEVA,3.295,3.43,14.0,18.0
2017,11,SP,ITAPIRA,3.213,3.293,18.0,18.0
2017,11,SP,ITAPOLIS,3.267,3.35,18.0,12.0
2017,11,SP,ITAQUAQUECETUBA,3.235,3.383,11.0,16.0
2017,11,SP,ITATIBA,3.211,3.321,20.0,22.0
2017,11,SP,ITU,3.303,3.371,14.0,23.0
2017,11,SP,JABOTICABAL,3.241,3.372,18.0,23.0
2017,11,SP,JACAREI,3.208,3.291,19.0,22.0
2017,11,SP,JALES,3.197,3.316,18.0,16.0
2017,11,SP,JAU,3.321,3.427,13.0,20.0
2017,11,SP,JOSE BONIFACIO,3.227,3.335,20.0,18.0
2017,11,SP,JUNDIAI,3.275,3.422,21.0,33.0
2017,11,SP,LEME,3.181,3.353,19.0,23.0
2017,11,SP,LIMEIRA,3.133,3.298,24.0,39.0
2017,11,SP,LINS,3.317,3.387,16.0,20.0
2017,11,SP,LORENA,3.214,3.333,10.0,14.0
2017,11,SP,MARILIA,3.248,3.314,14.0,20.0
2017,11,SP,MATAO,3.205,3.327,33.0,28.0
2017,11,SP,MAUA,3.252,3.345,11.0,20.0
2017,11,SP,MIRASSOL,3.191,3.304,14.0,10.0
2017,11,SP,MOCOCA,3.153,3.229,20.0,10.0
2017,11,SP,MOGI DAS CRUZES,3.191,3.256,22.0,30.0
2017,11,SP,MOGI GUACU,3.188,3.28,20.0,21.0
2017,11,SP,MOGI MIRIM,3.178,3.311,12.0,21.0
2017,11,SP,MONTE ALTO,3.439,3.52,12.0,16.0
2017,11,SP,OLIMPIA,3.263,3.371,20.0,17.0
2017,11,SP,OSASCO,3.244,3.379,22.0,20.0
2017,11,SP,OURINHOS,3.177,3.354,20.0,22.0
2017,11,SP,PARAGUACU PAULISTA,3.268,3.373,16.0,10.0
2017,11,SP,PAULINIA,3.223,3.349,21.0,31.0
2017,11,SP,PINDAMONHANGABA,3.173,3.264,8.0,9.0
2017,11,SP,PIRACICABA,3.27,3.349,29.0,32.0
2017,11,SP,PIRASSUNUNGA,3.192,3.332,13.0,14.0
2017,11,SP,POA,3.164,3.399,6.0,9.0
2017,11,SP,PORTO FERREIRA,3.179,3.288,12.0,7.0
2017,11,SP,PRAIA GRANDE,3.297,3.35,9.0,32.0
2017,11,SP,PRESIDENTE PRUDENTE,3.244,3.354,26.0,28.0
2017,11,SP,PRESIDENTE VENCESLAU,3.391,3.503,18.0,19.0
2017,11,SP,RIBEIRAO PIRES,3.197,3.39,11.0,11.0
2017,11,SP,RIBEIRAO PRETO,3.21,3.397,34.0,68.0
2017,11,SP,RIO CLARO,3.146,3.287,17.0,23.0
2017,11,SP,SALTO,3.296,3.396,13.0,13.0
2017,11,SP,SANTA BARBARA D OESTE,3.162,3.317,15.0,17.0
2017,11,SP,SANTA CRUZ DO RIO PARDO,3.36,3.406,15.0,18.0
2017,11,SP,SANTO ANDRE,3.291,3.361,19.0,40.0
2017,11,SP,SANTOS,3.289,3.441,10.0,21.0
2017,11,SP,SAO BERNARDO DO CAMPO,3.267,3.396,15.0,31.0
2017,11,SP,SAO CAETANO DO SUL,3.299,3.45,4.0,18.0
2017,11,SP,SAO CARLOS,3.231,3.323,21.0,36.0
2017,11,SP,SAO JOAO DA BOA VISTA,3.181,3.313,20.0,20.0
2017,11,SP,SAO JOSE DO RIO PRETO,3.164,3.309,30.0,26.0
2017,11,SP,SAO JOSE DOS CAMPOS,3.108,3.259,13.0,30.0
2017,11,SP,SAO PAULO,3.243,3.426,101.0,372.0
2017,11,SP,SAO ROQUE,3.229,3.362,4.0,15.0
2017,11,SP,SAO VICENTE,3.229,3.443,12.0,16.0
2017,11,SP,SERTAOZINHO,3.244,3.358,27.0,28.0
2017,11,SP,SOROCABA,3.249,3.348,26.0,37.0
2017,11,SP,SUMARE,3.163,3.256,25.0,23.0
2017,11,SP,SUZANO,3.149,3.289,13.0,21.0
2017,11,SP,TABOAO DA SERRA,3.349,3.247,6.0,16.0
2017,11,SP,TATUI,3.275,3.402,10.0,14.0
2017,11,SP,TAUBATE,3.174,3.287,11.0,19.0
2017,11,SP,TUPA,3.297,3.38,20.0,16.0
2017,11,SP,UBATUBA,3.376,3.494,3.0,17.0
2017,11,SP,VALINHOS,3.227,3.302,15.0,19.0
2017,11,SP,VARZEA PAULISTA,3.231,3.325,24.0,21.0
2017,11,SP,VINHEDO,3.395,3.47,11.0,19.0
2017,11,SP,VOTORANTIM,3.204,3.288,21.0,27.0
2017,11,SP,VOTUPORANGA,3.294,3.391,18.0,22.0
2017,11,TO,ARAGUAINA,3.138,3.213,20.0,20.0
2017,11,TO,GURUPI,3.22,3.306,16.0,18.0
2017,11,TO,PALMAS,3.218,3.156,8.0,28.0
2017,11,TO,PARAISO DO TOCANTINS,3.204,3.289,12.0,16.0
2017,11,TO,PORTO NACIONAL,3.108,3.217,6.0,12.0
2017,12,AC,CRUZEIRO DO SUL,4.42,4.437,9.0,7.0
2017,12,AC,RIO BRANCO,4.066,4.129,82.0,78.0
2017,12,AL,ARAPIRACA,3.324,3.334,18.0,23.0
2017,12,AL,DELMIRO GOUVEIA,3.289,3.356,14.0,14.0
2017,12,AL,MACEIO,3.312,3.36,28.0,40.0
2017,12,AL,PALMEIRA DOS INDIOS,3.359,3.428,16.0,12.0
2017,12,AL,RIO LARGO,3.251,3.336,8.0,16.0
2017,12,AM,ITACOATIARA,3.811,3.999,17.0,14.0
2017,12,AM,MANACAPURU,3.269,3.35,7.0,4.0
2017,12,AM,MANAUS,3.304,3.422,87.0,81.0
2017,12,AM,PARINTINS,3.545,3.79,8.0,2.0
2017,12,AM,TEFE,,3.93,,6.0
2017,12,AP,MACAPA,3.76,4.307,54.0,35.0
2017,12,AP,SANTANA,3.76,4.293,8.0,4.0
2017,12,BA,ALAGOINHAS,3.133,3.249,12.0,15.0
2017,12,BA,BARREIRAS,3.49,3.544,20.0,22.0
2017,12,BA,BRUMADO,3.389,3.47,12.0,12.0
2017,12,BA,CAETITE,3.496,3.601,8.0,10.0
2017,12,BA,CAMACARI,3.21,3.281,14.0,22.0
2017,12,BA,EUNAPOLIS,3.391,3.553,9.0,14.0
2017,12,BA,FEIRA DE SANTANA,3.108,3.209,27.0,40.0
2017,12,BA,GUANAMBI,3.393,3.522,18.0,16.0
2017,12,BA,ILHEUS,3.36,3.515,17.0,16.0
2017,12,BA,IPIRA,3.199,3.35,9.0,7.0
2017,12,BA,IRECE,3.323,3.447,12.0,12.0
2017,12,BA,ITABUNA,3.31,3.409,22.0,24.0
2017,12,BA,ITAMARAJU,3.438,3.53,12.0,10.0
2017,12,BA,JACOBINA,3.174,3.261,8.0,6.0
2017,12,BA,JAGUAQUARA,3.172,3.264,14.0,14.0
2017,12,BA,JEQUIE,3.271,3.378,16.0,10.0
2017,12,BA,JUAZEIRO,3.321,3.433,14.0,15.0
2017,12,BA,LAURO DE FREITAS,3.155,3.264,4.0,20.0
2017,12,BA,LIVRAMENTO DE NOSSA SENHORA,3.398,3.485,12.0,8.0
2017,12,BA,PAULO AFONSO,3.376,3.461,10.0,14.0
2017,12,BA,POCOES,3.221,3.293,14.0,6.0
2017,12,BA,PORTO SEGURO,3.75,4.033,6.0,10.0
2017,12,BA,SALVADOR,3.163,3.3,65.0,167.0
2017,12,BA,SANTO ANTONIO DE JESUS,3.108,3.215,12.0,12.0
2017,12,BA,SENHOR DO BONFIM,3.187,3.289,16.0,10.0
2017,12,BA,SERRINHA,3.211,3.286,9.0,8.0
2017,12,BA,SIMOES FILHO,3.19,3.295,16.0,12.0
2017,12,BA,TEIXEIRA DE FREITAS,3.35,3.508,12.0,16.0
2017,12,BA,VALENCA,3.313,3.365,20.0,11.0
2017,12,BA,VITORIA DA CONQUISTA,3.232,3.404,13.0,13.0
2017,12,CE,CANINDE,3.421,3.544,12.0,14.0
2017,12,CE,CAUCAIA,,3.433,,41.0
2017,12,CE,CRATEUS,3.486,3.59,12.0,13.0
2017,12,CE,CRATO,3.438,3.494,17.0,14.0
2017,12,CE,FORTALEZA,,3.472,,287.0
2017,12,CE,ICO,3.422,3.497,6.0,13.0
2017,12,CE,IGUATU,3.414,3.52,11.0,15.0
2017,12,CE,ITAPIPOCA,3.467,3.531,12.0,12.0
2017,12,CE,JUAZEIRO DO NORTE,3.423,3.492,13.0,22.0
2017,12,CE,LIMOEIRO DO NORTE,3.414,3.495,8.0,9.0
2017,12,CE,MARACANAU,,3.424,,20.0
2017,12,CE,QUIXADA,3.437,3.535,15.0,16.0
2017,12,CE,SOBRAL,3.405,3.533,20.0,24.0
2017,12,DF,BRASILIA,3.575,3.728,49.0,96.0
2017,12,ES,ARACRUZ,3.318,3.448,10.0,12.0
2017,12,ES,CACHOEIRO DE ITAPEMIRIM,3.338,3.451,20.0,20.0
2017,12,ES,CARIACICA,3.278,3.381,11.0,10.0
2017,12,ES,COLATINA,3.384,3.48,14.0,18.0
2017,12,ES,GUARAPARI,3.37,3.477,19.0,17.0
2017,12,ES,LINHARES,3.257,3.313,18.0,20.0
2017,12,ES,SAO MATEUS,3.296,3.408,14.0,12.0
2017,12,ES,SERRA,3.251,3.38,21.0,13.0
2017,12,ES,VILA VELHA,3.259,3.41,10.0,22.0
2017,12,ES,VITORIA,3.247,3.389,23.0,35.0
2017,12,GO,AGUAS LINDAS DE GOIAS,3.631,3.711,8.0,8.0
2017,12,GO,ANAPOLIS,3.384,3.5,26.0,14.0
2017,12,GO,APARECIDA DE GOIANIA,3.343,3.444,21.0,12.0
2017,12,GO,CALDAS NOVAS,3.412,3.548,14.0,11.0
2017,12,GO,CATALAO,3.537,3.626,14.0,13.0
2017,12,GO,FORMOSA,3.45,3.569,15.0,18.0
2017,12,GO,GOIANIA,3.333,3.474,57.0,125.0
2017,12,GO,GOIATUBA,3.453,3.595,18.0,12.0
2017,12,GO,ITUMBIARA,3.387,3.483,30.0,15.0
2017,12,GO,JATAI,3.599,3.741,24.0,20.0
2017,12,GO,LUZIANIA,3.476,3.589,22.0,10.0
2017,12,GO,MINEIROS,3.496,3.656,12.0,8.0
2017,12,GO,MORRINHOS,3.412,3.558,22.0,9.0
2017,12,GO,PORANGATU,3.367,3.45,13.0,10.0
2017,12,GO,RIO VERDE,3.473,3.573,12.0,32.0
2017,12,GO,TRINDADE,3.383,3.493,14.0,3.0
2017,12,GO,VALPARAISO DE GOIAS,3.455,3.576,12.0,8.0
2017,12,MA,ACAILANDIA,3.269,3.328,14.0,14.0
2017,12,MA,BACABAL,3.03,3.18,4.0,10.0
2017,12,MA,BALSAS,3.347,3.425,12.0,14.0
2017,12,MA,BARRA DO CORDA,3.173,3.198,7.0,6.0
2017,12,MA,CAXIAS,3.169,3.269,12.0,14.0
2017,12,MA,CODO,3.336,3.41,9.0,7.0
2017,12,MA,IMPERATRIZ,3.294,3.352,14.0,22.0
2017,12,MA,PINHEIRO,3.318,3.37,10.0,8.0
2017,12,MA,PRESIDENTE DUTRA,3.184,3.263,6.0,8.0
2017,12,MA,SANTA INES,3.285,3.355,8.0,10.0
2017,12,MA,SAO JOSE DE RIBAMAR,3.005,3.159,8.0,16.0
2017,12,MA,SAO LUIS,3.065,3.149,49.0,111.0
2017,12,MG,ALFENAS,3.438,3.538,7.0,8.0
2017,12,MG,ARAGUARI,3.409,3.547,30.0,24.0
2017,12,MG,ARAXA,3.477,3.572,12.0,9.0
2017,12,MG,BARBACENA,3.463,3.54,9.0,14.0
2017,12,MG,BELO HORIZONTE,3.347,3.472,25.0,71.0
2017,12,MG,BETIM,3.26,3.361,15.0,20.0
2017,12,MG,BOM DESPACHO,3.391,3.469,12.0,10.0
2017,12,MG,CAMPO BELO,3.386,3.503,10.0,8.0
2017,12,MG,CARATINGA,3.422,3.528,13.0,6.0
2017,12,MG,CONGONHAS,3.379,3.462,10.0,12.0
2017,12,MG,CONSELHEIRO LAFAIETE,3.339,3.495,10.0,4.0
2017,12,MG,CONTAGEM,3.266,3.377,28.0,30.0
2017,12,MG,CORONEL FABRICIANO,3.328,3.458,14.0,10.0
2017,12,MG,CURVELO,3.358,3.424,12.0,12.0
2017,12,MG,DIVINOPOLIS,3.424,3.538,6.0,16.0
2017,12,MG,FORMIGA,3.386,3.51,12.0,8.0
2017,12,MG,FRUTAL,3.497,3.613,8.0,12.0
2017,12,MG,GOVERNADOR VALADARES,3.407,3.511,14.0,22.0
2017,12,MG,GUAXUPE,3.389,3.461,14.0,14.0
2017,12,MG,IPATINGA,3.291,3.362,14.0,13.0
2017,12,MG,ITABIRA,3.475,3.58,16.0,15.0
2017,12,MG,ITAJUBA,3.465,3.566,8.0,12.0
2017,12,MG,ITAUNA,3.296,3.52,10.0,4.0
2017,12,MG,ITUIUTABA,3.383,3.51,16.0,22.0
2017,12,MG,JANAUBA,3.49,3.662,9.0,9.0
2017,12,MG,JANUARIA,3.462,3.606,12.0,9.0
2017,12,MG,JOAO MONLEVADE,3.329,3.391,7.0,9.0
2017,12,MG,JOAO PINHEIRO,3.558,3.704,12.0,10.0
2017,12,MG,JUIZ DE FORA,3.419,3.577,10.0,22.0
2017,12,MG,LAVRAS,3.405,3.546,5.0,16.0
2017,12,MG,LEOPOLDINA,3.254,3.352,12.0,6.0
2017,12,MG,MANHUACU,3.341,3.488,11.0,8.0
2017,12,MG,MONTE CARMELO,3.492,3.602,16.0,16.0
2017,12,MG,MONTES CLAROS,3.295,3.463,28.0,16.0
2017,12,MG,MURIAE,3.412,3.515,16.0,16.0
2017,12,MG,NOVA LIMA,3.299,3.502,4.0,14.0
2017,12,MG,OLIVEIRA,3.319,3.426,14.0,10.0
2017,12,MG,OURO PRETO,3.57,3.621,10.0,12.0
2017,12,MG,PARA DE MINAS,3.651,3.75,10.0,11.0
2017,12,MG,PARACATU,3.556,3.674,10.0,11.0
2017,12,MG,PASSOS,3.36,3.456,14.0,14.0
2017,12,MG,PATOS DE MINAS,3.49,3.582,18.0,16.0
2017,12,MG,PATROCINIO,3.515,3.635,13.0,9.0
2017,12,MG,POCOS DE CALDAS,3.421,3.516,10.0,18.0
2017,12,MG,POUSO ALEGRE,3.443,3.521,13.0,21.0
2017,12,MG,SABARA,3.26,3.357,7.0,10.0
2017,12,MG,SAO JOAO DEL REI,3.435,3.554,8.0,8.0
2017,12,MG,SAO SEBASTIAO DO PARAISO,3.468,3.565,14.0,10.0
2017,12,MG,SETE LAGOAS,3.261,3.426,30.0,22.0
2017,12,MG,TEOFILO OTONI,3.427,3.531,16.0,16.0
2017,12,MG,TIMOTEO,3.317,3.418,8.0,7.0
2017,12,MG,TRES CORACOES,3.722,3.806,6.0,8.0
2017,12,MG,UBA,3.375,3.483,8.0,12.0
2017,12,MG,UBERABA,3.444,3.59,30.0,31.0
2017,12,MG,UBERLANDIA,3.367,3.538,40.0,18.0
2017,12,MG,UNAI,3.504,3.617,16.0,20.0
2017,12,MG,VARGINHA,3.461,3.507,14.0,19.0
2017,12,MG,VICOSA,3.694,3.736,2.0,8.0
2017,12,MS,CAMPO GRANDE,3.653,3.878,65.0,94.0
2017,12,MS,CORUMBA,3.78,3.937,12.0,10.0
2017,12,MS,COXIM,3.594,3.683,12.0,12.0
2017,12,MS,DOURADOS,3.71,3.87,9.0,19.0
2017,12,MS,NOVA ANDRADINA,3.686,3.76,12.0,9.0
2017,12,MS,PONTA PORA,3.656,3.748,8.0,8.0
2017,12,MS,TRES LAGOAS,3.907,3.991,17.0,22.0
2017,12,MT,ALTA FLORESTA,4.033,4.124,20.0,18.0
2017,12,MT,CACERES,3.586,3.664,13.0,15.0
2017,12,MT,CUIABA,3.644,3.727,81.0,151.0
2017,12,MT,RONDONOPOLIS,3.666,3.767,41.0,36.0
2017,12,MT,SINOP,3.784,3.851,16.0,23.0
2017,12,MT,SORRISO,3.792,3.932,13.0,20.0
2017,12,MT,VARZEA GRANDE,3.537,3.656,21.0,26.0
2017,12,PA,ABAETETUBA,3.584,3.655,8.0,6.0
2017,12,PA,ALENQUER,3.944,4.05,10.0,2.0
2017,12,PA,ALTAMIRA,3.806,4.08,12.0,10.0
2017,12,PA,ANANINDEUA,,3.409,,16.0
2017,12,PA,BELEM,,3.435,,58.0
2017,12,PA,BRAGANCA,3.175,3.27,4.0,6.0
2017,12,PA,CAMETA,3.353,3.372,3.0,5.0
2017,12,PA,CASTANHAL,3.301,3.421,8.0,10.0
2017,12,PA,CONCEICAO DO ARAGUAIA,3.67,3.76,10.0,8.0
2017,12,PA,ITAITUBA,3.444,3.541,10.0,12.0
2017,12,PA,MARABA,3.652,3.726,21.0,27.0
2017,12,PA,PARAGOMINAS,3.332,3.426,8.0,8.0
2017,12,PA,PARAUAPEBAS,3.743,3.862,12.0,18.0
2017,12,PA,REDENCAO,3.64,3.67,6.0,8.0
2017,12,PA,SANTAREM,3.458,3.535,22.0,20.0
2017,12,PA,XINGUARA,3.42,3.468,12.0,8.0
2017,12,PB,BAYEUX,3.24,3.292,11.0,12.0
2017,12,PB,CABEDELO,3.244,3.309,10.0,9.0
2017,12,PB,CAMPINA GRANDE,3.167,3.232,16.0,24.0
2017,12,PB,JOAO PESSOA,3.126,3.201,12.0,53.0
2017,12,PB,PATOS,3.261,3.335,12.0,10.0
2017,12,PB,SOUSA,3.344,3.393,6.0,8.0
2017,12,PE,ARARIPINA,3.236,3.25,14.0,16.0
2017,12,PE,ARCOVERDE,3.216,3.177,5.0,16.0
2017,12,PE,BELO JARDIM,3.171,3.184,6.0,14.0
2017,12,PE,CABO DE SANTO AGOSTINHO,,3.18,,12.0
2017,12,PE,CARUARU,,3.251,,31.0
2017,12,PE,GARANHUNS,3.039,3.051,2.0,24.0
2017,12,PE,GOIANA,3.07,3.208,1.0,11.0
2017,12,PE,IGARASSU,,3.114,,16.0
2017,12,PE,JABOATAO DOS GUARARAPES,,3.174,,22.0
2017,12,PE,LAJEDO,3.161,3.198,8.0,12.0
2017,12,PE,OLINDA,,3.226,,14.0
2017,12,PE,PAULISTA,,3.16,,20.0
2017,12,PE,PETROLINA,3.368,3.478,19.0,18.0
2017,12,PE,RECIFE,,3.219,,78.0
2017,12,PE,SALGUEIRO,3.179,3.253,6.0,8.0
2017,12,PE,SANTA CRUZ DO CAPIBARIBE,,3.328,,12.0
2017,12,PE,SERRA TALHADA,3.17,3.237,2.0,14.0
2017,12,PE,VITORIA DE SANTO ANTAO,3.046,3.146,6.0,16.0
2017,12,PI,PARNAIBA,3.363,3.46,21.0,26.0
2017,12,PI,PICOS,3.296,3.354,16.0,16.0
2017,12,PI,PIRIPIRI,3.291,3.394,9.0,7.0
2017,12,PI,TERESINA,3.338,3.465,46.0,110.0
2017,12,PR,APUCARANA,3.229,3.322,20.0,22.0
2017,12,PR,ARAPONGAS,3.225,3.328,15.0,9.0
2017,12,PR,ARAUCARIA,3.037,3.143,14.0,14.0
2017,12,PR,ASSIS CHATEAUBRIAND,3.15,3.262,14.0,10.0
2017,12,PR,CAMBE,3.221,3.396,16.0,12.0
2017,12,PR,CAMPO LARGO,3.087,3.204,10.0,8.0
2017,12,PR,CAMPO MOURAO,3.127,3.207,26.0,18.0
2017,12,PR,CASCAVEL,3.245,3.36,24.0,28.0
2017,12,PR,CASTRO,3.193,3.29,11.0,10.0
2017,12,PR,CIANORTE,3.253,3.363,19.0,11.0
2017,12,PR,COLOMBO,3.038,3.187,26.0,26.0
2017,12,PR,CORNELIO PROCOPIO,3.315,3.342,10.0,7.0
2017,12,PR,CURITIBA,3.075,3.224,33.0,120.0
2017,12,PR,FOZ DO IGUACU,3.242,3.403,9.0,27.0
2017,12,PR,FRANCISCO BELTRAO,3.172,3.252,14.0,14.0
2017,12,PR,GUARAPUAVA,3.128,3.193,18.0,26.0
2017,12,PR,LONDRINA,3.227,3.315,19.0,30.0
2017,12,PR,MARECHAL CANDIDO RONDON,3.228,3.287,12.0,9.0
2017,12,PR,MARINGA,3.078,3.292,11.0,30.0
2017,12,PR,PARANAGUA,3.123,3.255,13.0,14.0
2017,12,PR,PARANAVAI,3.207,3.269,10.0,12.0
2017,12,PR,PATO BRANCO,3.191,3.312,11.0,14.0
2017,12,PR,PINHAIS,3.161,3.31,14.0,16.0
2017,12,PR,PONTA GROSSA,3.113,3.17,19.0,26.0
2017,12,PR,SANTO ANTONIO DA PLATINA,3.081,3.152,10.0,14.0
2017,12,PR,SAO JOSE DOS PINHAIS,3.051,3.162,15.0,28.0
2017,12,PR,TOLEDO,3.228,3.301,16.0,16.0
2017,12,PR,UMUARAMA,3.137,3.25,13.0,22.0
2017,12,PR,UNIAO DA VITORIA,3.251,3.336,16.0,14.0
2017,12,RJ,ANGRA DOS REIS,,3.812,,8.0
2017,12,RJ,ARARUAMA,3.554,3.589,12.0,20.0
2017,12,RJ,BARRA DO PIRAI,3.614,3.746,12.0,12.0
2017,12,RJ,BARRA MANSA,3.524,3.754,17.0,14.0
2017,12,RJ,BELFORD ROXO,3.491,3.572,14.0,12.0
2017,12,RJ,CABO FRIO,3.656,3.762,6.0,16.0
2017,12,RJ,CAMPOS DOS GOYTACAZES,3.363,3.487,27.0,27.0
2017,12,RJ,DUQUE DE CAXIAS,3.44,3.613,26.0,32.0
2017,12,RJ,ITABORAI,3.452,3.56,17.0,13.0
2017,12,RJ,ITAGUAI,3.411,3.552,9.0,12.0
2017,12,RJ,ITAPERUNA,3.536,3.62,12.0,14.0
2017,12,RJ,MACAE,3.569,3.742,10.0,19.0
2017,12,RJ,MAGE,3.435,3.496,8.0,11.0
2017,12,RJ,MARICA,3.288,3.618,10.0,14.0
2017,12,RJ,NILOPOLIS,3.399,3.588,2.0,7.0
2017,12,RJ,NITEROI,3.58,3.675,8.0,30.0
2017,12,RJ,NOVA FRIBURGO,3.503,3.624,14.0,14.0
2017,12,RJ,NOVA IGUACU,3.413,3.592,20.0,24.0
2017,12,RJ,PETROPOLIS,3.532,3.615,18.0,25.0
2017,12,RJ,RESENDE,3.44,3.62,4.0,18.0
2017,12,RJ,RIO BONITO,3.51,3.612,12.0,12.0
2017,12,RJ,RIO DE JANEIRO,3.443,3.665,77.0,140.0
2017,12,RJ,SANTO ANTONIO DE PADUA,3.437,3.601,10.0,5.0
2017,12,RJ,SAO FRANCISCO DE ITABAPOANA,3.454,3.628,14.0,6.0
2017,12,RJ,SAO GONCALO,3.489,3.594,25.0,25.0
2017,12,RJ,SAO JOAO DE MERITI,3.383,3.549,13.0,13.0
2017,12,RJ,SAPUCAIA,3.264,3.347,20.0,12.0
2017,12,RJ,SAQUAREMA,3.617,3.722,8.0,10.0
2017,12,RJ,TERESOPOLIS,3.422,3.515,11.0,23.0
2017,12,RJ,TRES RIOS,3.39,3.568,10.0,14.0
2017,12,RJ,VALENCA,3.66,3.773,12.0,18.0
2017,12,RJ,VOLTA REDONDA,3.645,3.826,11.0,9.0
2017,12,RN,CAICO,3.38,3.474,11.0,11.0
2017,12,RN,MOSSORO,3.38,3.534,32.0,30.0
2017,12,RN,NATAL,3.372,3.484,47.0,71.0
2017,12,RN,PARNAMIRIM,3.377,3.467,19.0,22.0
2017,12,RO,ARIQUEMES,3.537,3.625,16.0,18.0
2017,12,RO,CACOAL,3.497,3.629,16.0,16.0
2017,12,RO,JI PARANA,3.487,3.602,28.0,18.0
2017,12,RO,PIMENTA BUENO,3.599,3.684,10.0,12.0
2017,12,RO,PORTO VELHO,3.43,3.543,59.0,62.0
2017,12,RO,VILHENA,3.603,3.685,18.0,18.0
2017,12,RR,BOA VISTA,3.399,3.444,31.0,32.0
2017,12,RS,ALEGRETE,3.432,3.515,8.0,8.0
2017,12,RS,ALVORADA,3.224,3.379,8.0,5.0
2017,12,RS,BAGE,3.579,3.681,10.0,14.0
2017,12,RS,BENTO GONCALVES,3.249,3.336,9.0,15.0
2017,12,RS,CACHOEIRA DO SUL,3.313,3.448,16.0,13.0
2017,12,RS,CACHOEIRINHA,3.147,3.252,19.0,18.0
2017,12,RS,CANOAS,3.197,3.278,20.0,25.0
2017,12,RS,CAXIAS DO SUL,3.306,3.389,6.0,28.0
2017,12,RS,CRUZ ALTA,3.208,3.323,13.0,12.0
2017,12,RS,ERECHIM,3.32,3.449,16.0,21.0
2017,12,RS,ESTEIO,3.148,3.248,15.0,14.0
2017,12,RS,GRAMADO,3.422,3.538,8.0,8.0
2017,12,RS,GRAVATAI,3.094,3.217,18.0,18.0
2017,12,RS,GUAIBA,3.17,3.282,12.0,12.0
2017,12,RS,IJUI,3.319,3.422,12.0,15.0
2017,12,RS,LAJEADO,3.306,3.408,9.0,8.0
2017,12,RS,NOVO HAMBURGO,3.098,3.235,20.0,23.0
2017,12,RS,OSORIO,3.185,3.313,11.0,12.0
2017,12,RS,PASSO FUNDO,3.251,3.431,16.0,21.0
2017,12,RS,PELOTAS,3.358,3.477,15.0,22.0
2017,12,RS,PORTO ALEGRE,3.226,3.328,39.0,65.0
2017,12,RS,RIO GRANDE,3.352,3.478,22.0,24.0
2017,12,RS,SANTA CRUZ DO SUL,3.211,3.297,12.0,20.0
2017,12,RS,SANTA MARIA,3.35,3.437,18.0,17.0
2017,12,RS,SANTA ROSA,3.304,3.424,10.0,12.0
2017,12,RS,SANTANA DO LIVRAMENTO,3.347,3.552,11.0,16.0
2017,12,RS,SANTO ANGELO,3.338,3.463,14.0,14.0
2017,12,RS,SAO GABRIEL,3.402,3.55,10.0,10.0
2017,12,RS,SAO LEOPOLDO,3.127,3.248,17.0,19.0
2017,12,RS,SAO LUIZ GONZAGA,3.232,3.304,10.0,8.0
2017,12,RS,SAPIRANGA,3.14,3.247,9.0,17.0
2017,12,RS,SAPUCAIA DO SUL,3.084,3.184,11.0,13.0
2017,12,RS,TORRES,3.198,3.318,8.0,10.0
2017,12,RS,URUGUAIANA,3.289,3.394,12.0,14.0
2017,12,RS,VACARIA,3.278,3.331,9.0,18.0
2017,12,RS,VIAMAO,3.186,3.382,8.0,7.0
2017,12,SC,ARARANGUA,3.05,3.193,13.0,11.0
2017,12,SC,BALNEARIO CAMBORIU,3.182,3.363,4.0,17.0
2017,12,SC,BIGUACU,3.161,3.271,12.0,19.0
2017,12,SC,BLUMENAU,3.22,3.339,22.0,31.0
2017,12,SC,BRUSQUE,3.217,3.27,7.0,18.0
2017,12,SC,CACADOR,3.433,3.487,13.0,14.0
2017,12,SC,CHAPECO,3.321,3.391,10.0,17.0
2017,12,SC,CONCORDIA,3.238,3.413,8.0,10.0
2017,12,SC,CRICIUMA,3.135,3.248,16.0,21.0
2017,12,SC,FLORIANOPOLIS,3.419,3.517,16.0,84.0
2017,12,SC,ITAJAI,3.217,3.351,5.0,21.0
2017,12,SC,JARAGUA DO SUL,3.236,3.267,11.0,19.0
2017,12,SC,JOINVILLE,3.155,3.278,10.0,29.0
2017,12,SC,LAGES,3.251,3.373,6.0,14.0
2017,12,SC,LAGUNA,3.148,3.212,12.0,13.0
2017,12,SC,MAFRA,3.28,3.366,7.0,12.0
2017,12,SC,PALHOCA,3.258,3.368,14.0,28.0
2017,12,SC,SAO JOSE,3.255,3.32,8.0,28.0
2017,12,SC,TUBARAO,3.085,3.182,14.0,16.0
2017,12,SC,VIDEIRA,3.231,3.31,10.0,13.0
2017,12,SC,XANXERE,3.24,3.282,4.0,8.0
2017,12,SE,ARACAJU,3.326,3.482,11.0,46.0
2017,12,SE,ITABAIANA,3.332,3.412,16.0,16.0
2017,12,SE,LAGARTO,3.233,3.28,6.0,10.0
2017,12,SE,NOSSA SENHORA DO SOCORRO,3.216,3.344,15.0,16.0
2017,12,SP,ADAMANTINA,3.286,3.442,10.0,14.0
2017,12,SP,AMERICANA,3.168,3.344,7.0,24.0
2017,12,SP,AMPARO,3.313,3.362,18.0,16.0
2017,12,SP,ARACATUBA,3.313,3.428,33.0,42.0
2017,12,SP,ARARAQUARA,3.305,3.468,23.0,21.0
2017,12,SP,ARARAS,3.218,3.337,23.0,20.0
2017,12,SP,ASSIS,3.316,3.383,23.0,33.0
2017,12,SP,ATIBAIA,3.27,3.407,22.0,28.0
2017,12,SP,AVARE,3.397,3.488,18.0,18.0
2017,12,SP,BARRETOS,3.467,3.537,16.0,28.0
2017,12,SP,BARUERI,3.201,3.363,15.0,32.0
2017,12,SP,BAURU,3.217,3.353,30.0,37.0
2017,12,SP,BEBEDOURO,3.307,3.4,10.0,16.0
2017,12,SP,BIRIGUI,3.343,3.431,12.0,22.0
2017,12,SP,BOTUCATU,3.293,3.398,17.0,11.0
2017,12,SP,BRAGANCA PAULISTA,3.218,3.355,13.0,19.0
2017,12,SP,CACAPAVA,3.319,3.323,12.0,14.0
2017,12,SP,CAMPINAS,3.287,3.37,28.0,50.0
2017,12,SP,CARAGUATATUBA,3.465,3.59,12.0,18.0
2017,12,SP,CARAPICUIBA,3.282,3.347,6.0,17.0
2017,12,SP,CATANDUVA,3.282,3.469,8.0,21.0
2017,12,SP,COSMOPOLIS,3.262,3.474,8.0,4.0
2017,12,SP,COTIA,3.407,3.516,16.0,22.0
2017,12,SP,CRUZEIRO,3.308,3.347,9.0,9.0
2017,12,SP,CUBATAO,3.374,3.547,7.0,11.0
2017,12,SP,DIADEMA,3.322,3.442,10.0,17.0
2017,12,SP,DRACENA,3.373,3.472,13.0,17.0
2017,12,SP,EMBU DAS ARTES,3.274,3.408,22.0,16.0
2017,12,SP,FRANCA,3.211,3.321,26.0,32.0
2017,12,SP,GARCA,3.477,3.572,8.0,9.0
2017,12,SP,GUARATINGUETA,3.347,3.498,10.0,15.0
2017,12,SP,GUARUJA,3.418,3.602,6.0,19.0
2017,12,SP,GUARULHOS,3.225,3.36,19.0,36.0
2017,12,SP,HORTOLANDIA,3.166,3.308,15.0,19.0
2017,12,SP,IBITINGA,3.346,3.494,10.0,14.0
2017,12,SP,INDAIATUBA,3.375,3.434,12.0,26.0
2017,12,SP,ITANHAEM,3.466,3.697,6.0,4.0
2017,12,SP,ITAPECERICA DA SERRA,3.236,3.337,14.0,17.0
2017,12,SP,ITAPETININGA,3.287,3.349,19.0,16.0
2017,12,SP,ITAPEVA,3.346,3.463,14.0,18.0
2017,12,SP,ITAPIRA,3.227,3.31,17.0,18.0
2017,12,SP,ITAPOLIS,3.313,3.387,18.0,13.0
2017,12,SP,ITAQUAQUECETUBA,3.279,3.44,10.0,16.0
2017,12,SP,ITATIBA,3.247,3.352,17.0,24.0
2017,12,SP,ITU,3.33,3.425,13.0,23.0
2017,12,SP,JABOTICABAL,3.28,3.421,18.0,23.0
2017,12,SP,JACAREI,3.176,3.272,20.0,24.0
2017,12,SP,JALES,3.247,3.352,18.0,15.0
2017,12,SP,JAU,3.334,3.442,15.0,17.0
2017,12,SP,JOSE BONIFACIO,3.214,3.314,20.0,18.0
2017,12,SP,JUNDIAI,3.366,3.47,20.0,36.0
2017,12,SP,LEME,3.174,3.377,16.0,24.0
2017,12,SP,LIMEIRA,3.165,3.331,24.0,38.0
2017,12,SP,LINS,3.327,3.418,18.0,18.0
2017,12,SP,LORENA,3.174,3.305,10.0,14.0
2017,12,SP,MARILIA,3.263,3.328,14.0,20.0
2017,12,SP,MATAO,3.228,3.362,22.0,20.0
2017,12,SP,MAUA,3.293,3.373,10.0,20.0
2017,12,SP,MIRASSOL,3.202,3.298,14.0,10.0
2017,12,SP,MOCOCA,3.182,3.297,19.0,10.0
2017,12,SP,MOGI DAS CRUZES,3.235,3.312,22.0,30.0
2017,12,SP,MOGI GUACU,3.244,3.34,19.0,19.0
2017,12,SP,MOGI MIRIM,3.204,3.344,11.0,20.0
2017,12,SP,MONTE ALTO,3.438,3.523,12.0,16.0
2017,12,SP,OLIMPIA,3.244,3.349,13.0,10.0
2017,12,SP,OSASCO,3.272,3.438,18.0,25.0
2017,12,SP,OURINHOS,3.198,3.352,21.0,21.0
2017,12,SP,PARAGUACU PAULISTA,3.317,3.395,16.0,11.0
2017,12,SP,PAULINIA,3.221,3.349,16.0,24.0
2017,12,SP,PINDAMONHANGABA,3.229,3.36,8.0,11.0
2017,12,SP,PIRACICABA,3.279,3.376,29.0,34.0
2017,12,SP,PIRASSUNUNGA,3.231,3.337,12.0,14.0
2017,12,SP,POA,3.255,3.45,8.0,9.0
2017,12,SP,PORTO FERREIRA,3.233,3.321,12.0,8.0
2017,12,SP,PRAIA GRANDE,3.494,3.502,11.0,20.0
2017,12,SP,PRESIDENTE PRUDENTE,3.276,3.39,22.0,30.0
2017,12,SP,PRESIDENTE VENCESLAU,3.39,3.51,18.0,18.0
2017,12,SP,RIBEIRAO PIRES,3.233,3.416,11.0,11.0
2017,12,SP,RIBEIRAO PRETO,3.23,3.422,18.0,46.0
2017,12,SP,RIO CLARO,3.188,3.324,15.0,24.0
2017,12,SP,SALTO,3.305,3.405,13.0,14.0
2017,12,SP,SANTA BARBARA D OESTE,3.205,3.338,16.0,17.0
2017,12,SP,SANTA CRUZ DO RIO PARDO,3.298,3.328,10.0,15.0
2017,12,SP,SANTO ANDRE,3.285,3.367,21.0,39.0
2017,12,SP,SANTOS,3.326,3.611,9.0,22.0
2017,12,SP,SAO BERNARDO DO CAMPO,3.288,3.442,13.0,35.0
2017,12,SP,SAO CAETANO DO SUL,3.347,3.433,5.0,18.0
2017,12,SP,SAO CARLOS,3.251,3.359,23.0,36.0
2017,12,SP,SAO JOAO DA BOA VISTA,3.237,3.352,20.0,20.0
2017,12,SP,SAO JOSE DO RIO PRETO,3.197,3.367,30.0,26.0
2017,12,SP,SAO JOSE DOS CAMPOS,3.141,3.284,13.0,29.0
2017,12,SP,SAO PAULO,3.226,3.436,94.0,378.0
2017,12,SP,SAO ROQUE,3.246,3.388,4.0,15.0
2017,12,SP,SAO VICENTE,3.3,3.485,12.0,16.0
2017,12,SP,SERTAOZINHO,3.3,3.421,18.0,17.0
2017,12,SP,SOROCABA,3.22,3.355,29.0,35.0
2017,12,SP,SUMARE,3.196,3.284,27.0,24.0
2017,12,SP,SUZANO,3.214,3.335,15.0,21.0
2017,12,SP,TABOAO DA SERRA,3.429,3.319,5.0,16.0
2017,12,SP,TATUI,3.299,3.432,11.0,14.0
2017,12,SP,TAUBATE,3.214,3.3,10.0,19.0
2017,12,SP,TUPA,3.303,3.4,19.0,16.0
2017,12,SP,UBATUBA,3.384,3.531,2.0,17.0
2017,12,SP,VALINHOS,3.244,3.316,16.0,17.0
2017,12,SP,VARZEA PAULISTA,3.272,3.36,16.0,14.0
2017,12,SP,VINHEDO,3.401,3.523,13.0,18.0
2017,12,SP,VOTORANTIM,3.252,3.352,14.0,18.0
2017,12,SP,VOTUPORANGA,3.348,3.482,18.0,22.0
2017,12,TO,ARAGUAINA,3.171,3.244,20.0,20.0
2017,12,TO,GURUPI,3.286,3.374,17.0,18.0
2017,12,TO,PALMAS,3.237,3.308,20.0,28.0
2017,12,TO,PARAISO DO TOCANTINS,3.254,3.334,12.0,16.0
2017,12,TO,PORTO NACIONAL,3.126,3.232,7.0,10.0
2018,1,AC,CRUZEIRO DO SUL,4.456,4.485,24.0,17.0
2018,1,AC,RIO BRANCO,4.066,4.126,106.0,103.0
2018,1,AL,ARAPIRACA,3.355,3.418,43.0,59.0
2018,1,AL,DELMIRO GOUVEIA,3.281,3.354,34.0,34.0
2018,1,AL,MACEIO,3.433,3.5,45.0,58.0
2018,1,AL,PALMEIRA DOS INDIOS,3.382,3.516,40.0,30.0
2018,1,AL,RIO LARGO,3.35,3.483,21.0,40.0
2018,1,AM,ITACOATIARA,3.792,4.001,45.0,35.0
2018,1,AM,MANACAPURU,3.306,3.39,18.0,10.0
2018,1,AM,MANAUS,3.401,3.516,116.0,133.0
2018,1,AM,PARINTINS,3.613,3.81,20.0,5.0
2018,1,AM,TEFE,,3.93,,15.0
2018,1,AP,MACAPA,3.766,4.205,89.0,57.0
2018,1,AP,SANTANA,3.858,4.35,25.0,10.0
2018,1,BA,ALAGOINHAS,3.193,3.298,30.0,40.0
2018,1,BA,BARREIRAS,3.524,3.588,50.0,51.0
2018,1,BA,BRUMADO,3.438,3.523,30.0,30.0
2018,1,BA,CAETITE,3.541,3.595,23.0,24.0
2018,1,BA,CAMACARI,3.235,3.32,40.0,55.0
2018,1,BA,EUNAPOLIS,3.471,3.622,21.0,36.0
2018,1,BA,FEIRA DE SANTANA,3.211,3.29,58.0,90.0
2018,1,BA,GUANAMBI,3.422,3.551,45.0,45.0
2018,1,BA,ILHEUS,3.481,3.679,36.0,33.0
2018,1,BA,IPIRA,3.259,3.375,25.0,18.0
2018,1,BA,IRECE,3.326,3.44,31.0,28.0
2018,1,BA,ITABUNA,3.398,3.522,51.0,60.0
2018,1,BA,ITAMARAJU,3.502,3.585,30.0,25.0
2018,1,BA,JACOBINA,3.232,3.334,20.0,15.0
2018,1,BA,JAGUAQUARA,3.235,3.307,35.0,29.0
2018,1,BA,JEQUIE,3.313,3.428,38.0,25.0
2018,1,BA,JUAZEIRO,3.465,3.569,36.0,38.0
2018,1,BA,LAURO DE FREITAS,3.203,3.315,15.0,50.0
2018,1,BA,LIVRAMENTO DE NOSSA SENHORA,3.459,3.545,30.0,19.0
2018,1,BA,PAULO AFONSO,3.405,3.506,25.0,34.0
2018,1,BA,POCOES,3.293,3.404,35.0,16.0
2018,1,BA,PORTO SEGURO,3.847,4.106,18.0,27.0
2018,1,BA,SALVADOR,3.229,3.36,104.0,257.0
2018,1,BA,SANTO ANTONIO DE JESUS,3.221,3.321,30.0,26.0
2018,1,BA,SENHOR DO BONFIM,3.309,3.38,40.0,22.0
2018,1,BA,SERRINHA,3.349,3.411,22.0,15.0
2018,1,BA,SIMOES FILHO,3.252,3.328,40.0,30.0
2018,1,BA,TEIXEIRA DE FREITAS,3.414,3.544,37.0,39.0
2018,1,BA,VALENCA,3.351,3.448,50.0,29.0
2018,1,BA,VITORIA DA CONQUISTA,3.278,3.45,35.0,27.0
2018,1,CE,CANINDE,3.47,3.571,36.0,34.0
2018,1,CE,CAUCAIA,,3.533,,103.0
2018,1,CE,CRATEUS,3.512,3.615,30.0,31.0
2018,1,CE,CRATO,3.699,3.766,50.0,36.0
2018,1,CE,FORTALEZA,,3.524,,471.0
2018,1,CE,ICO,3.489,3.529,17.0,34.0
2018,1,CE,IGUATU,3.483,3.589,27.0,37.0
2018,1,CE,ITAPIPOCA,3.534,3.616,30.0,33.0
2018,1,CE,JUAZEIRO DO NORTE,3.601,3.7,38.0,51.0
2018,1,CE,LIMOEIRO DO NORTE,3.525,3.605,20.0,20.0
2018,1,CE,MARACANAU,,3.469,,40.0
2018,1,CE,QUIXADA,3.549,3.635,36.0,39.0
2018,1,CE,SOBRAL,3.478,3.578,53.0,61.0
2018,1,DF,BRASILIA,3.576,3.718,91.0,153.0
2018,1,ES,ARACRUZ,3.373,3.475,23.0,30.0
2018,1,ES,CACHOEIRO DE ITAPEMIRIM,3.4,3.52,52.0,52.0
2018,1,ES,CARIACICA,3.276,3.385,20.0,19.0
2018,1,ES,COLATINA,3.431,3.514,32.0,45.0
2018,1,ES,GUARAPARI,3.399,3.495,39.0,38.0
2018,1,ES,LINHARES,3.27,3.322,43.0,45.0
2018,1,ES,SAO MATEUS,3.305,3.416,35.0,29.0
2018,1,ES,SERRA,3.269,3.39,42.0,23.0
2018,1,ES,VILA VELHA,3.278,3.404,24.0,42.0
2018,1,ES,VITORIA,3.266,3.381,25.0,52.0
2018,1,GO,AGUAS LINDAS DE GOIAS,3.694,3.777,20.0,20.0
2018,1,GO,ANAPOLIS,3.404,3.521,65.0,35.0
2018,1,GO,APARECIDA DE GOIANIA,3.369,3.467,42.0,42.0
2018,1,GO,CALDAS NOVAS,3.462,3.621,28.0,24.0
2018,1,GO,CATALAO,3.539,3.626,35.0,29.0
2018,1,GO,FORMOSA,3.529,3.646,35.0,42.0
2018,1,GO,GOIANIA,3.375,3.506,108.0,205.0
2018,1,GO,GOIATUBA,3.459,3.585,45.0,29.0
2018,1,GO,ITUMBIARA,3.427,3.506,75.0,36.0
2018,1,GO,JATAI,3.63,3.761,56.0,47.0
2018,1,GO,LUZIANIA,3.472,3.608,45.0,20.0
2018,1,GO,MINEIROS,3.515,3.656,30.0,18.0
2018,1,GO,MORRINHOS,3.468,3.635,54.0,22.0
2018,1,GO,PORANGATU,3.451,3.554,34.0,25.0
2018,1,GO,RIO VERDE,3.537,3.623,32.0,76.0
2018,1,GO,TRINDADE,3.406,3.45,35.0,5.0
2018,1,GO,VALPARAISO DE GOIAS,3.461,3.583,28.0,16.0
2018,1,MA,ACAILANDIA,3.361,3.436,36.0,36.0
2018,1,MA,BACABAL,3.191,3.24,10.0,25.0
2018,1,MA,BALSAS,3.454,3.521,31.0,35.0
2018,1,MA,BARRA DO CORDA,3.266,3.316,15.0,15.0
2018,1,MA,CAXIAS,3.292,3.383,29.0,35.0
2018,1,MA,CODO,3.355,3.41,25.0,20.0
2018,1,MA,IMPERATRIZ,3.369,3.425,30.0,44.0
2018,1,MA,PINHEIRO,3.379,3.434,20.0,15.0
2018,1,MA,PRESIDENTE DUTRA,3.256,3.316,10.0,14.0
2018,1,MA,SANTA INES,3.369,3.421,22.0,26.0
2018,1,MA,SAO JOSE DE RIBAMAR,3.11,3.226,23.0,40.0
2018,1,MA,SAO LUIS,3.139,3.224,87.0,192.0
2018,1,MG,ALFENAS,3.467,3.556,16.0,20.0
2018,1,MG,ARAGUARI,3.485,3.612,75.0,61.0
2018,1,MG,ARAXA,3.529,3.645,34.0,33.0
2018,1,MG,BARBACENA,3.522,3.567,23.0,30.0
2018,1,MG,BELO HORIZONTE,3.427,3.537,36.0,96.0
2018,1,MG,BETIM,3.342,3.437,30.0,55.0
2018,1,MG,BOM DESPACHO,3.511,3.597,31.0,26.0
2018,1,MG,CAMPO BELO,3.529,3.612,25.0,19.0
2018,1,MG,CARATINGA,3.464,3.522,33.0,20.0
2018,1,MG,CONGONHAS,3.509,3.573,22.0,27.0
2018,1,MG,CONSELHEIRO LAFAIETE,3.419,3.561,25.0,10.0
2018,1,MG,CONTAGEM,3.381,3.5,54.0,54.0
2018,1,MG,CORONEL FABRICIANO,3.416,3.578,31.0,20.0
2018,1,MG,CURVELO,3.377,3.483,27.0,34.0
2018,1,MG,DIVINOPOLIS,3.518,3.638,20.0,35.0
2018,1,MG,FORMIGA,3.509,3.608,33.0,15.0
2018,1,MG,FRUTAL,3.538,3.666,21.0,30.0
2018,1,MG,GOVERNADOR VALADARES,3.495,3.625,35.0,55.0
2018,1,MG,GUAXUPE,3.427,3.501,36.0,36.0
2018,1,MG,IPATINGA,3.363,3.442,31.0,42.0
2018,1,MG,ITABIRA,3.519,3.658,32.0,34.0
2018,1,MG,ITAJUBA,3.504,3.582,20.0,30.0
2018,1,MG,ITAUNA,3.383,3.511,24.0,10.0
2018,1,MG,ITUIUTABA,3.428,3.536,46.0,55.0
2018,1,MG,JANAUBA,3.528,3.692,25.0,25.0
2018,1,MG,JANUARIA,3.607,3.715,29.0,23.0
2018,1,MG,JOAO MONLEVADE,3.408,3.465,16.0,20.0
2018,1,MG,JOAO PINHEIRO,3.653,3.763,30.0,25.0
2018,1,MG,JUIZ DE FORA,3.447,3.6,31.0,46.0
2018,1,MG,LAVRAS,3.516,3.641,13.0,39.0
2018,1,MG,LEOPOLDINA,3.349,3.448,29.0,20.0
2018,1,MG,MANHUACU,3.447,3.514,30.0,20.0
2018,1,MG,MONTE CARMELO,3.515,3.629,40.0,40.0
2018,1,MG,MONTES CLAROS,3.387,3.566,59.0,34.0
2018,1,MG,MURIAE,3.513,3.599,35.0,39.0
2018,1,MG,NOVA LIMA,3.383,3.532,10.0,35.0
2018,1,MG,OLIVEIRA,3.392,3.49,35.0,24.0
2018,1,MG,OURO PRETO,3.625,3.672,25.0,31.0
2018,1,MG,PARA DE MINAS,3.773,3.867,30.0,32.0
2018,1,MG,PARACATU,3.657,3.77,25.0,30.0
2018,1,MG,PASSOS,3.384,3.498,30.0,38.0
2018,1,MG,PATOS DE MINAS,3.59,3.691,43.0,38.0
2018,1,MG,PATROCINIO,3.543,3.703,30.0,20.0
2018,1,MG,POCOS DE CALDAS,3.432,3.548,25.0,42.0
2018,1,MG,POUSO ALEGRE,3.447,3.517,33.0,50.0
2018,1,MG,SABARA,3.338,3.442,18.0,25.0
2018,1,MG,SAO JOAO DEL REI,3.485,3.597,19.0,20.0
2018,1,MG,SAO SEBASTIAO DO PARAISO,3.52,3.62,35.0,23.0
2018,1,MG,SETE LAGOAS,3.31,3.457,77.0,60.0
2018,1,MG,TEOFILO OTONI,3.532,3.631,40.0,40.0
2018,1,MG,TIMOTEO,3.366,3.461,17.0,23.0
2018,1,MG,TRES CORACOES,3.722,3.818,22.0,20.0
2018,1,MG,UBA,3.457,3.556,25.0,25.0
2018,1,MG,UBERABA,3.49,3.618,67.0,82.0
2018,1,MG,UBERLANDIA,3.501,3.667,80.0,36.0
2018,1,MG,UNAI,3.603,3.703,40.0,50.0
2018,1,MG,VARGINHA,3.494,3.52,32.0,46.0
2018,1,MG,VICOSA,3.717,3.816,4.0,20.0
2018,1,MS,CAMPO GRANDE,3.683,3.84,99.0,151.0
2018,1,MS,CORUMBA,3.853,3.995,32.0,23.0
2018,1,MS,COXIM,3.62,3.731,30.0,30.0
2018,1,MS,DOURADOS,3.775,3.921,15.0,50.0
2018,1,MS,NOVA ANDRADINA,3.685,3.745,27.0,22.0
2018,1,MS,PONTA PORA,3.649,3.762,16.0,20.0
2018,1,MS,TRES LAGOAS,3.938,4.032,38.0,53.0
2018,1,MT,ALTA FLORESTA,4.081,4.169,50.0,42.0
2018,1,MT,CACERES,3.568,3.651,34.0,40.0
2018,1,MT,CUIABA,3.63,3.733,131.0,254.0
2018,1,MT,RONDONOPOLIS,3.671,3.771,100.0,85.0
2018,1,MT,SINOP,3.795,3.854,40.0,55.0
2018,1,MT,SORRISO,3.825,3.943,24.0,40.0
2018,1,MT,VARZEA GRANDE,3.539,3.671,61.0,59.0
2018,1,PA,ABAETETUBA,3.645,3.737,20.0,15.0
2018,1,PA,ALENQUER,4.063,4.28,18.0,5.0
2018,1,PA,ALTAMIRA,3.84,4.139,30.0,25.0
2018,1,PA,ANANINDEUA,,3.487,,35.0
2018,1,PA,BELEM,,3.49,,94.0
2018,1,PA,BRAGANCA,3.314,3.459,10.0,12.0
2018,1,PA,CAMETA,3.45,3.45,7.0,14.0
2018,1,PA,CASTANHAL,3.424,3.52,17.0,22.0
2018,1,PA,CONCEICAO DO ARAGUAIA,3.66,3.741,25.0,20.0
2018,1,PA,ITAITUBA,3.539,3.627,22.0,27.0
2018,1,PA,MARABA,3.612,3.691,48.0,66.0
2018,1,PA,PARAGOMINAS,3.399,3.504,20.0,20.0
2018,1,PA,PARAUAPEBAS,3.712,3.798,35.0,42.0
2018,1,PA,REDENCAO,3.645,3.683,12.0,16.0
2018,1,PA,SANTAREM,3.549,3.632,56.0,52.0
2018,1,PA,XINGUARA,3.429,3.515,25.0,20.0
2018,1,PB,BAYEUX,3.264,3.382,20.0,20.0
2018,1,PB,CABEDELO,3.283,3.349,16.0,15.0
2018,1,PB,CAMPINA GRANDE,3.295,3.354,36.0,60.0
2018,1,PB,JOAO PESSOA,3.203,3.347,32.0,79.0
2018,1,PB,PATOS,3.417,3.548,29.0,26.0
2018,1,PB,SOUSA,3.418,3.483,15.0,19.0
2018,1,PE,ARARIPINA,3.373,3.395,32.0,40.0
2018,1,PE,ARCOVERDE,3.15,3.257,2.0,40.0
2018,1,PE,BELO JARDIM,3.287,3.307,20.0,35.0
2018,1,PE,CABO DE SANTO AGOSTINHO,,3.343,,30.0
2018,1,PE,CARUARU,,3.331,,75.0
2018,1,PE,GARANHUNS,3.215,3.24,4.0,60.0
2018,1,PE,GOIANA,,3.339,,32.0
2018,1,PE,IGARASSU,,3.237,,40.0
2018,1,PE,JABOATAO DOS GUARARAPES,,3.284,,53.0
2018,1,PE,LAJEDO,3.306,3.302,23.0,29.0
2018,1,PE,OLINDA,,3.325,,41.0
2018,1,PE,PAULISTA,,3.281,,52.0
2018,1,PE,PETROLINA,3.417,3.548,49.0,44.0
2018,1,PE,RECIFE,,3.306,,137.0
2018,1,PE,SALGUEIRO,3.326,3.383,10.0,25.0
2018,1,PE,SANTA CRUZ DO CAPIBARIBE,,3.364,,30.0
2018,1,PE,SERRA TALHADA,3.313,3.402,5.0,35.0
2018,1,PE,VITORIA DE SANTO ANTAO,3.07,3.263,13.0,40.0
2018,1,PI,PARNAIBA,3.458,3.551,46.0,63.0
2018,1,PI,PICOS,3.397,3.462,40.0,40.0
2018,1,PI,PIRIPIRI,3.425,3.496,23.0,22.0
2018,1,PI,TERESINA,3.401,3.515,85.0,181.0
2018,1,PR,APUCARANA,3.285,3.374,55.0,53.0
2018,1,PR,ARAPONGAS,3.26,3.379,32.0,30.0
2018,1,PR,ARAUCARIA,3.064,3.161,37.0,33.0
2018,1,PR,ASSIS CHATEAUBRIAND,3.223,3.315,43.0,23.0
2018,1,PR,CAMBE,3.249,3.41,40.0,30.0
2018,1,PR,CAMPO LARGO,3.122,3.227,28.0,20.0
2018,1,PR,CAMPO MOURAO,3.159,3.233,64.0,45.0
2018,1,PR,CASCAVEL,3.273,3.392,38.0,50.0
2018,1,PR,CASTRO,3.193,3.311,24.0,24.0
2018,1,PR,CIANORTE,3.27,3.356,51.0,35.0
2018,1,PR,COLOMBO,3.107,3.208,70.0,57.0
2018,1,PR,CORNELIO PROCOPIO,3.336,3.376,25.0,15.0
2018,1,PR,CURITIBA,3.101,3.252,53.0,192.0
2018,1,PR,FOZ DO IGUACU,3.219,3.413,27.0,67.0
2018,1,PR,FRANCISCO BELTRAO,3.159,3.236,35.0,33.0
2018,1,PR,GUARAPUAVA,3.18,3.227,45.0,65.0
2018,1,PR,LONDRINA,3.232,3.319,50.0,79.0
2018,1,PR,MARECHAL CANDIDO RONDON,3.244,3.301,30.0,21.0
2018,1,PR,MARINGA,3.189,3.365,22.0,78.0
2018,1,PR,PARANAGUA,3.124,3.268,34.0,37.0
2018,1,PR,PARANAVAI,3.232,3.28,25.0,31.0
2018,1,PR,PATO BRANCO,3.212,3.372,26.0,35.0
2018,1,PR,PINHAIS,3.164,3.316,28.0,38.0
2018,1,PR,PONTA GROSSA,3.141,3.192,43.0,67.0
2018,1,PR,SANTO ANTONIO DA PLATINA,3.103,3.186,26.0,34.0
2018,1,PR,SAO JOSE DOS PINHAIS,3.068,3.187,39.0,68.0
2018,1,PR,TOLEDO,3.234,3.329,33.0,31.0
2018,1,PR,UMUARAMA,3.212,3.275,29.0,48.0
2018,1,PR,UNIAO DA VITORIA,3.311,3.399,40.0,35.0
2018,1,RJ,ANGRA DOS REIS,,3.839,,17.0
2018,1,RJ,ARARUAMA,3.608,3.642,29.0,47.0
2018,1,RJ,BARRA DO PIRAI,3.647,3.787,31.0,30.0
2018,1,RJ,BARRA MANSA,3.621,3.8,40.0,36.0
2018,1,RJ,BELFORD ROXO,3.531,3.644,27.0,34.0
2018,1,RJ,CABO FRIO,3.665,3.777,17.0,40.0
2018,1,RJ,CAMPOS DOS GOYTACAZES,3.42,3.543,57.0,74.0
2018,1,RJ,DUQUE DE CAXIAS,3.524,3.66,50.0,71.0
2018,1,RJ,ITABORAI,3.551,3.654,38.0,31.0
2018,1,RJ,ITAGUAI,3.476,3.611,24.0,30.0
2018,1,RJ,ITAPERUNA,3.526,3.63,28.0,29.0
2018,1,RJ,MACAE,3.648,3.822,18.0,48.0
2018,1,RJ,MAGE,3.468,3.535,18.0,25.0
2018,1,RJ,MARICA,3.552,3.683,26.0,42.0
2018,1,RJ,NILOPOLIS,3.41,3.6,9.0,11.0
2018,1,RJ,NITEROI,3.654,3.69,15.0,64.0
2018,1,RJ,NOVA FRIBURGO,3.571,3.676,26.0,33.0
2018,1,RJ,NOVA IGUACU,3.54,3.66,52.0,61.0
2018,1,RJ,PETROPOLIS,3.562,3.666,35.0,60.0
2018,1,RJ,RESENDE,3.419,3.679,15.0,45.0
2018,1,RJ,RIO BONITO,3.52,3.645,30.0,30.0
2018,1,RJ,RIO DE JANEIRO,3.533,3.724,131.0,255.0
2018,1,RJ,SANTO ANTONIO DE PADUA,3.472,3.588,25.0,10.0
2018,1,RJ,SAO FRANCISCO DE ITABAPOANA,3.484,3.6,35.0,17.0
2018,1,RJ,SAO GONCALO,3.557,3.626,38.0,48.0
2018,1,RJ,SAO JOAO DE MERITI,3.448,3.631,27.0,29.0
2018,1,RJ,SAPUCAIA,3.357,3.447,45.0,30.0
2018,1,RJ,SAQUAREMA,3.678,3.792,22.0,26.0
2018,1,RJ,TERESOPOLIS,3.473,3.586,26.0,60.0
2018,1,RJ,TRES RIOS,3.458,3.617,25.0,35.0
2018,1,RJ,VALENCA,3.719,3.812,30.0,45.0
2018,1,RJ,VOLTA REDONDA,3.693,3.868,25.0,24.0
2018,1,RN,CAICO,3.47,3.57,25.0,27.0
2018,1,RN,MOSSORO,3.464,3.623,81.0,71.0
2018,1,RN,NATAL,3.454,3.579,65.0,92.0
2018,1,RN,PARNAMIRIM,3.476,3.59,36.0,44.0
2018,1,RO,ARIQUEMES,3.649,3.74,41.0,45.0
2018,1,RO,CACOAL,3.595,3.693,38.0,38.0
2018,1,RO,JI PARANA,3.604,3.676,70.0,46.0
2018,1,RO,PIMENTA BUENO,3.674,3.752,25.0,30.0
2018,1,RO,PORTO VELHO,3.52,3.625,106.0,103.0
2018,1,RO,VILHENA,3.647,3.744,45.0,45.0
2018,1,RR,BOA VISTA,3.496,3.556,52.0,56.0
2018,1,RS,ALEGRETE,3.513,3.619,22.0,22.0
2018,1,RS,ALVORADA,3.314,3.449,24.0,8.0
2018,1,RS,BAGE,3.615,3.722,21.0,40.0
2018,1,RS,BENTO GONCALVES,3.29,3.407,22.0,32.0
2018,1,RS,CACHOEIRA DO SUL,3.436,3.545,40.0,35.0
2018,1,RS,CACHOEIRINHA,3.179,3.277,50.0,45.0
2018,1,RS,CANOAS,3.195,3.271,49.0,63.0
2018,1,RS,CAXIAS DO SUL,3.384,3.513,20.0,65.0
2018,1,RS,CRUZ ALTA,3.239,3.327,39.0,34.0
2018,1,RS,ERECHIM,3.395,3.516,40.0,50.0
2018,1,RS,ESTEIO,3.213,3.312,27.0,42.0
2018,1,RS,GRAMADO,3.466,3.596,16.0,21.0
2018,1,RS,GRAVATAI,3.189,3.288,50.0,45.0
2018,1,RS,GUAIBA,3.221,3.324,35.0,30.0
2018,1,RS,IJUI,3.39,3.512,29.0,35.0
2018,1,RS,LAJEADO,3.302,3.408,15.0,26.0
2018,1,RS,NOVO HAMBURGO,3.12,3.264,50.0,54.0
2018,1,RS,OSORIO,3.197,3.338,26.0,30.0
2018,1,RS,PASSO FUNDO,3.298,3.49,36.0,54.0
2018,1,RS,PELOTAS,3.399,3.572,46.0,50.0
2018,1,RS,PORTO ALEGRE,3.241,3.349,59.0,104.0
2018,1,RS,RIO GRANDE,3.357,3.487,57.0,59.0
2018,1,RS,SANTA CRUZ DO SUL,3.299,3.361,33.0,55.0
2018,1,RS,SANTA MARIA,3.405,3.482,41.0,46.0
2018,1,RS,SANTA ROSA,3.359,3.474,30.0,30.0
2018,1,RS,SANTANA DO LIVRAMENTO,3.377,3.611,20.0,29.0
2018,1,RS,SANTO ANGELO,3.371,3.488,35.0,35.0
2018,1,RS,SAO GABRIEL,3.419,3.561,23.0,23.0
2018,1,RS,SAO LEOPOLDO,3.174,3.281,50.0,50.0
2018,1,RS,SAO LUIZ GONZAGA,3.273,3.343,25.0,20.0
2018,1,RS,SAPIRANGA,3.188,3.28,22.0,43.0
2018,1,RS,SAPUCAIA DO SUL,3.153,3.241,29.0,34.0
2018,1,RS,TORRES,3.225,3.338,19.0,25.0
2018,1,RS,URUGUAIANA,3.311,3.412,28.0,35.0
2018,1,RS,VACARIA,3.338,3.43,23.0,43.0
2018,1,RS,VIAMAO,3.178,3.392,20.0,18.0
2018,1,SC,ARARANGUA,3.134,3.262,35.0,25.0
2018,1,SC,BALNEARIO CAMBORIU,3.09,3.372,5.0,45.0
2018,1,SC,BIGUACU,3.201,3.313,29.0,47.0
2018,1,SC,BLUMENAU,3.236,3.344,49.0,82.0
2018,1,SC,BRUSQUE,3.234,3.285,18.0,45.0
2018,1,SC,CACADOR,3.294,3.382,35.0,38.0
2018,1,SC,CHAPECO,3.393,3.451,28.0,37.0
2018,1,SC,CONCORDIA,3.265,3.437,21.0,21.0
2018,1,SC,CRICIUMA,3.199,3.282,54.0,55.0
2018,1,SC,FLORIANOPOLIS,3.371,3.522,25.0,149.0
2018,1,SC,ITAJAI,3.094,3.322,10.0,53.0
2018,1,SC,JARAGUA DO SUL,3.28,3.35,45.0,50.0
2018,1,SC,JOINVILLE,3.128,3.258,29.0,74.0
2018,1,SC,LAGES,3.245,3.373,16.0,36.0
2018,1,SC,LAGUNA,3.162,3.242,30.0,34.0
2018,1,SC,MAFRA,3.363,3.422,23.0,30.0
2018,1,SC,PALHOCA,3.275,3.376,35.0,71.0
2018,1,SC,SAO JOSE,3.234,3.368,20.0,74.0
2018,1,SC,TUBARAO,3.156,3.251,32.0,41.0
2018,1,SC,VIDEIRA,3.276,3.358,26.0,30.0
2018,1,SC,XANXERE,3.222,3.298,13.0,20.0
2018,1,SE,ARACAJU,3.422,3.591,12.0,66.0
2018,1,SE,ITABAIANA,3.43,3.51,35.0,35.0
2018,1,SE,LAGARTO,3.261,3.301,15.0,25.0
2018,1,SE,NOSSA SENHORA DO SOCORRO,3.358,3.466,37.0,39.0
2018,1,SP,ADAMANTINA,3.27,3.455,25.0,35.0
2018,1,SP,AMERICANA,3.143,3.338,18.0,56.0
2018,1,SP,AMPARO,3.321,3.382,47.0,41.0
2018,1,SP,ARACATUBA,3.333,3.459,75.0,106.0
2018,1,SP,ARARAQUARA,3.318,3.464,54.0,57.0
2018,1,SP,ARARAS,3.211,3.334,59.0,50.0
2018,1,SP,ASSIS,3.372,3.435,48.0,68.0
2018,1,SP,ATIBAIA,3.296,3.428,52.0,70.0
2018,1,SP,AVARE,3.424,3.495,36.0,36.0
2018,1,SP,BARRETOS,3.439,3.532,47.0,72.0
2018,1,SP,BARUERI,3.261,3.401,40.0,77.0
2018,1,SP,BAURU,3.244,3.376,73.0,84.0
2018,1,SP,BEBEDOURO,3.338,3.396,26.0,39.0
2018,1,SP,BIRIGUI,3.336,3.424,34.0,58.0
2018,1,SP,BOTUCATU,3.325,3.43,33.0,21.0
2018,1,SP,BRAGANCA PAULISTA,3.278,3.392,35.0,47.0
2018,1,SP,CACAPAVA,3.333,3.337,32.0,32.0
2018,1,SP,CAMPINAS,3.286,3.383,72.0,95.0
2018,1,SP,CARAGUATATUBA,3.533,3.635,34.0,40.0
2018,1,SP,CARAPICUIBA,3.274,3.392,16.0,36.0
2018,1,SP,CATANDUVA,3.312,3.473,24.0,49.0
2018,1,SP,COSMOPOLIS,3.251,3.414,21.0,13.0
2018,1,SP,COTIA,3.411,3.51,40.0,55.0
2018,1,SP,CRUZEIRO,3.374,3.4,23.0,22.0
2018,1,SP,CUBATAO,3.475,3.631,20.0,27.0
2018,1,SP,DIADEMA,3.279,3.452,23.0,54.0
2018,1,SP,DRACENA,3.383,3.47,35.0,35.0
2018,1,SP,EMBU DAS ARTES,3.293,3.412,55.0,40.0
2018,1,SP,FRANCA,3.227,3.313,74.0,80.0
2018,1,SP,GARCA,3.459,3.549,22.0,28.0
2018,1,SP,GUARATINGUETA,3.39,3.553,27.0,36.0
2018,1,SP,GUARUJA,3.29,3.651,8.0,47.0
2018,1,SP,GUARULHOS,3.275,3.394,47.0,75.0
2018,1,SP,HORTOLANDIA,3.177,3.321,40.0,50.0
2018,1,SP,IBITINGA,3.355,3.485,21.0,28.0
2018,1,SP,INDAIATUBA,3.371,3.465,39.0,56.0
2018,1,SP,ITANHAEM,3.482,3.724,14.0,11.0
2018,1,SP,ITAPECERICA DA SERRA,3.264,3.391,35.0,41.0
2018,1,SP,ITAPETININGA,3.222,3.308,54.0,48.0
2018,1,SP,ITAPEVA,3.398,3.512,33.0,45.0
2018,1,SP,ITAPIRA,3.256,3.326,40.0,41.0
2018,1,SP,ITAPOLIS,3.345,3.411,45.0,31.0
2018,1,SP,ITAQUAQUECETUBA,3.288,3.43,27.0,39.0
2018,1,SP,ITATIBA,3.261,3.364,48.0,58.0
2018,1,SP,ITU,3.387,3.429,32.0,53.0
2018,1,SP,JABOTICABAL,3.277,3.404,46.0,57.0
2018,1,SP,JACAREI,3.263,3.349,49.0,55.0
2018,1,SP,JALES,3.252,3.359,45.0,40.0
2018,1,SP,JAU,3.374,3.456,41.0,47.0
2018,1,SP,JOSE BONIFACIO,3.242,3.338,40.0,36.0
2018,1,SP,JUNDIAI,3.421,3.494,50.0,91.0
2018,1,SP,LEME,3.217,3.387,36.0,48.0
2018,1,SP,LIMEIRA,3.189,3.353,60.0,89.0
2018,1,SP,LINS,3.361,3.454,36.0,32.0
2018,1,SP,LORENA,3.243,3.386,20.0,28.0
2018,1,SP,MARILIA,3.263,3.354,27.0,39.0
2018,1,SP,MATAO,3.247,3.367,44.0,40.0
2018,1,SP,MAUA,3.316,3.418,28.0,49.0
2018,1,SP,MIRASSOL,3.252,3.358,36.0,26.0
2018,1,SP,MOCOCA,3.17,3.29,46.0,24.0
2018,1,SP,MOGI DAS CRUZES,3.247,3.336,39.0,70.0
2018,1,SP,MOGI GUACU,3.277,3.391,36.0,36.0
2018,1,SP,MOGI MIRIM,3.216,3.35,20.0,39.0
2018,1,SP,MONTE ALTO,3.458,3.53,24.0,32.0
2018,1,SP,OLIMPIA,3.335,3.469,28.0,24.0
2018,1,SP,OSASCO,3.298,3.432,35.0,63.0
2018,1,SP,OURINHOS,3.238,3.348,41.0,43.0
2018,1,SP,PARAGUACU PAULISTA,3.389,3.453,40.0,30.0
2018,1,SP,PAULINIA,3.266,3.361,45.0,61.0
2018,1,SP,PINDAMONHANGABA,3.221,3.382,20.0,29.0
2018,1,SP,PIRACICABA,3.262,3.386,69.0,79.0
2018,1,SP,PIRASSUNUNGA,3.271,3.352,31.0,35.0
2018,1,SP,POA,3.184,3.395,20.0,17.0
2018,1,SP,PORTO FERREIRA,3.255,3.344,30.0,20.0
2018,1,SP,PRAIA GRANDE,3.329,3.462,20.0,48.0
2018,1,SP,PRESIDENTE PRUDENTE,3.326,3.416,44.0,65.0
2018,1,SP,PRESIDENTE VENCESLAU,3.428,3.535,45.0,48.0
2018,1,SP,RIBEIRAO PIRES,3.317,3.496,26.0,29.0
2018,1,SP,RIBEIRAO PRETO,3.252,3.417,64.0,116.0
2018,1,SP,RIO CLARO,3.22,3.327,30.0,49.0
2018,1,SP,SALTO,3.353,3.467,41.0,38.0
2018,1,SP,SANTA BARBARA D OESTE,3.224,3.364,39.0,43.0
2018,1,SP,SANTA CRUZ DO RIO PARDO,3.307,3.363,26.0,37.0
2018,1,SP,SANTO ANDRE,3.338,3.427,39.0,98.0
2018,1,SP,SANTOS,3.286,3.408,6.0,27.0
2018,1,SP,SAO BERNARDO DO CAMPO,3.381,3.463,15.0,75.0
2018,1,SP,SAO CAETANO DO SUL,3.392,3.505,14.0,42.0
2018,1,SP,SAO CARLOS,3.261,3.373,54.0,85.0
2018,1,SP,SAO JOAO DA BOA VISTA,3.239,3.351,49.0,49.0
2018,1,SP,SAO JOSE DO RIO PRETO,3.234,3.374,71.0,84.0
2018,1,SP,SAO JOSE DOS CAMPOS,3.207,3.327,30.0,70.0
2018,1,SP,SAO PAULO,3.249,3.458,140.0,593.0
2018,1,SP,SAO ROQUE,3.342,3.411,15.0,38.0
2018,1,SP,SAO VICENTE,3.311,3.491,36.0,47.0
2018,1,SP,SERTAOZINHO,3.356,3.472,46.0,45.0
2018,1,SP,SOROCABA,3.271,3.392,72.0,96.0
2018,1,SP,SUMARE,3.217,3.301,69.0,63.0
2018,1,SP,SUZANO,3.288,3.369,24.0,44.0
2018,1,SP,TABOAO DA SERRA,3.391,3.35,12.0,32.0
2018,1,SP,TATUI,3.383,3.475,22.0,32.0
2018,1,SP,TAUBATE,3.231,3.356,25.0,50.0
2018,1,SP,TUPA,3.31,3.405,51.0,46.0
2018,1,SP,UBATUBA,3.398,3.542,8.0,41.0
2018,1,SP,VALINHOS,3.285,3.34,33.0,38.0
2018,1,SP,VARZEA PAULISTA,3.297,3.4,32.0,28.0
2018,1,SP,VINHEDO,3.394,3.489,35.0,49.0
2018,1,SP,VOTORANTIM,3.275,3.385,37.0,45.0
2018,1,SP,VOTUPORANGA,3.442,3.534,44.0,54.0
2018,1,TO,ARAGUAINA,3.261,3.359,52.0,55.0
2018,1,TO,GURUPI,3.497,3.592,37.0,45.0
2018,1,TO,PALMAS,3.306,3.327,24.0,47.0
2018,1,TO,PARAISO DO TOCANTINS,3.323,3.404,29.0,40.0
2018,1,TO,PORTO NACIONAL,3.238,3.306,18.0,26.0
2018,2,AC,CRUZEIRO DO SUL,4.401,4.441,27.0,21.0
2018,2,AC,RIO BRANCO,4.061,4.127,133.0,137.0
2018,2,AL,ARAPIRACA,3.365,3.481,34.0,46.0
2018,2,AL,DELMIRO GOUVEIA,3.31,3.395,27.0,27.0
2018,2,AL,MACEIO,3.441,3.484,40.0,46.0
2018,2,AL,PALMEIRA DOS INDIOS,3.417,3.592,32.0,24.0
2018,2,AL,RIO LARGO,3.43,3.538,20.0,32.0
2018,2,AM,ITACOATIARA,3.852,4.027,39.0,25.0
2018,2,AM,MANACAPURU,3.331,3.438,15.0,8.0
2018,2,AM,MANAUS,3.4,3.522,82.0,93.0
2018,2,AM,PARINTINS,3.649,3.804,15.0,5.0
2018,2,AM,TEFE,,3.93,,12.0
2018,2,AP,MACAPA,3.921,4.419,72.0,54.0
2018,2,AP,SANTANA,3.873,4.328,20.0,8.0
2018,2,BA,ALAGOINHAS,3.229,3.326,24.0,32.0
2018,2,BA,BARREIRAS,3.522,3.588,37.0,37.0
2018,2,BA,BRUMADO,3.48,3.558,25.0,26.0
2018,2,BA,CAETITE,3.571,3.601,20.0,19.0
2018,2,BA,CAMACARI,3.294,3.387,31.0,44.0
2018,2,BA,EUNAPOLIS,3.534,3.653,22.0,32.0
2018,2,BA,FEIRA DE SANTANA,3.213,3.295,69.0,85.0
2018,2,BA,GUANAMBI,3.424,3.56,36.0,33.0
2018,2,BA,ILHEUS,3.487,3.695,45.0,45.0
2018,2,BA,IPIRA,3.295,3.408,20.0,15.0
2018,2,BA,IRECE,3.359,3.475,26.0,23.0
2018,2,BA,ITABUNA,3.416,3.534,40.0,48.0
2018,2,BA,ITAMARAJU,3.496,3.577,24.0,20.0
2018,2,BA,JACOBINA,3.249,3.351,19.0,15.0
2018,2,BA,JAGUAQUARA,3.276,3.342,28.0,18.0
2018,2,BA,JEQUIE,3.338,3.416,29.0,19.0
2018,2,BA,JUAZEIRO,3.483,3.612,14.0,22.0
2018,2,BA,LAURO DE FREITAS,3.273,3.363,15.0,37.0
2018,2,BA,LIVRAMENTO DE NOSSA SENHORA,3.469,3.553,24.0,16.0
2018,2,BA,PAULO AFONSO,3.456,3.545,20.0,29.0
2018,2,BA,POCOES,3.319,3.389,28.0,14.0
2018,2,BA,PORTO SEGURO,3.849,4.2,14.0,22.0
2018,2,BA,SALVADOR,3.278,3.406,85.0,242.0
2018,2,BA,SANTO ANTONIO DE JESUS,3.26,3.332,24.0,20.0
2018,2,BA,SENHOR DO BONFIM,3.338,3.407,32.0,16.0
2018,2,BA,SERRINHA,3.321,3.403,18.0,12.0
2018,2,BA,SIMOES FILHO,3.302,3.379,32.0,24.0
2018,2,BA,TEIXEIRA DE FREITAS,3.473,3.59,35.0,35.0
2018,2,BA,VALENCA,3.387,3.484,38.0,20.0
2018,2,BA,VITORIA DA CONQUISTA,3.304,3.479,30.0,15.0
2018,2,CE,CANINDE,3.482,3.588,22.0,19.0
2018,2,CE,CAUCAIA,,3.522,,81.0
2018,2,CE,CRATEUS,3.569,3.681,24.0,24.0
2018,2,CE,CRATO,3.674,3.751,29.0,21.0
2018,2,CE,FORTALEZA,,3.517,,399.0
2018,2,CE,ICO,3.53,3.589,13.0,26.0
2018,2,CE,IGUATU,3.512,3.626,21.0,32.0
2018,2,CE,ITAPIPOCA,3.551,3.638,24.0,27.0
2018,2,CE,JUAZEIRO DO NORTE,3.615,3.7,36.0,38.0
2018,2,CE,LIMOEIRO DO NORTE,3.57,3.606,16.0,18.0
2018,2,CE,MARACANAU,,3.513,,50.0
2018,2,CE,QUIXADA,3.575,3.652,26.0,29.0
2018,2,CE,SOBRAL,3.509,3.62,42.0,48.0
2018,2,DF,BRASILIA,3.588,3.734,60.0,105.0
2018,2,ES,ARACRUZ,3.308,3.42,19.0,23.0
2018,2,ES,CACHOEIRO DE ITAPEMIRIM,3.414,3.538,41.0,41.0
2018,2,ES,CARIACICA,3.337,3.437,28.0,30.0
2018,2,ES,COLATINA,3.492,3.578,29.0,33.0
2018,2,ES,GUARAPARI,3.428,3.526,44.0,42.0
2018,2,ES,LINHARES,3.233,3.28,35.0,38.0
2018,2,ES,SAO MATEUS,3.324,3.442,28.0,18.0
2018,2,ES,SERRA,3.325,3.438,53.0,30.0
2018,2,ES,VILA VELHA,3.315,3.426,26.0,53.0
2018,2,ES,VITORIA,3.295,3.445,35.0,70.0
2018,2,GO,AGUAS LINDAS DE GOIAS,3.725,3.83,18.0,14.0
2018,2,GO,ANAPOLIS,3.41,3.509,55.0,35.0
2018,2,GO,APARECIDA DE GOIANIA,3.353,3.463,34.0,32.0
2018,2,GO,CALDAS NOVAS,3.456,3.611,40.0,21.0
2018,2,GO,CATALAO,3.561,3.645,28.0,22.0
2018,2,GO,FORMOSA,3.518,3.637,28.0,34.0
2018,2,GO,GOIANIA,3.375,3.512,100.0,163.0
2018,2,GO,GOIATUBA,3.473,3.604,36.0,22.0
2018,2,GO,ITUMBIARA,3.472,3.542,60.0,28.0
2018,2,GO,JATAI,3.657,3.77,45.0,32.0
2018,2,GO,LUZIANIA,3.479,3.642,57.0,24.0
2018,2,GO,MINEIROS,3.508,3.649,24.0,14.0
2018,2,GO,MORRINHOS,3.484,3.639,44.0,16.0
2018,2,GO,PORANGATU,3.453,3.551,27.0,20.0
2018,2,GO,RIO VERDE,3.553,3.645,26.0,61.0
2018,2,GO,TRINDADE,3.42,3.484,28.0,5.0
2018,2,GO,VALPARAISO DE GOIAS,3.477,3.583,36.0,19.0
2018,2,MA,ACAILANDIA,3.389,3.452,25.0,25.0
2018,2,MA,BACABAL,3.2,3.236,8.0,20.0
2018,2,MA,BALSAS,3.459,3.524,24.0,28.0
2018,2,MA,BARRA DO CORDA,3.307,3.361,12.0,12.0
2018,2,MA,CAXIAS,3.316,3.407,24.0,28.0
2018,2,MA,CODO,3.416,3.46,20.0,16.0
2018,2,MA,IMPERATRIZ,3.383,3.428,44.0,58.0
2018,2,MA,PINHEIRO,3.397,3.453,16.0,12.0
2018,2,MA,PRESIDENTE DUTRA,3.329,3.382,10.0,15.0
2018,2,MA,SANTA INES,3.422,3.465,18.0,20.0
2018,2,MA,SAO JOSE DE RIBAMAR,3.191,3.275,15.0,26.0
2018,2,MA,SAO LUIS,3.225,3.287,47.0,144.0
2018,2,MG,ALFENAS,3.509,3.597,12.0,16.0
2018,2,MG,ARAGUARI,3.482,3.601,57.0,48.0
2018,2,MG,ARAXA,3.554,3.653,30.0,26.0
2018,2,MG,BARBACENA,3.516,3.529,18.0,25.0
2018,2,MG,BELO HORIZONTE,3.429,3.559,38.0,107.0
2018,2,MG,BETIM,3.386,3.467,26.0,44.0
2018,2,MG,BOM DESPACHO,3.52,3.619,26.0,24.0
2018,2,MG,CAMPO BELO,3.53,3.65,20.0,12.0
2018,2,MG,CARATINGA,3.486,3.522,28.0,16.0
2018,2,MG,CONGONHAS,3.498,3.573,17.0,20.0
2018,2,MG,CONSELHEIRO LAFAIETE,3.428,3.557,21.0,8.0
2018,2,MG,CONTAGEM,3.368,3.453,64.0,48.0
2018,2,MG,CORONEL FABRICIANO,3.431,3.549,23.0,16.0
2018,2,MG,CURVELO,3.392,3.498,20.0,28.0
2018,2,MG,DIVINOPOLIS,3.533,3.626,16.0,28.0
2018,2,MG,FORMIGA,3.472,3.585,28.0,13.0
2018,2,MG,FRUTAL,3.597,3.717,16.0,28.0
2018,2,MG,GOVERNADOR VALADARES,3.47,3.623,29.0,44.0
2018,2,MG,GUAXUPE,3.437,3.514,32.0,32.0
2018,2,MG,IPATINGA,3.391,3.465,28.0,31.0
2018,2,MG,ITABIRA,3.583,3.684,26.0,32.0
2018,2,MG,ITAJUBA,3.55,3.63,16.0,24.0
2018,2,MG,ITAUNA,3.377,3.594,21.0,8.0
2018,2,MG,ITUIUTABA,3.481,3.595,40.0,48.0
2018,2,MG,JANAUBA,3.499,3.673,20.0,20.0
2018,2,MG,JANUARIA,3.625,3.716,25.0,17.0
2018,2,MG,JOAO MONLEVADE,3.428,3.523,16.0,16.0
2018,2,MG,JOAO PINHEIRO,3.641,3.763,24.0,20.0
2018,2,MG,JUIZ DE FORA,3.456,3.655,17.0,27.0
2018,2,MG,LAVRAS,3.572,3.683,12.0,32.0
2018,2,MG,LEOPOLDINA,3.353,3.453,23.0,17.0
2018,2,MG,MANHUACU,3.462,3.579,24.0,16.0
2018,2,MG,MONTE CARMELO,3.49,3.602,31.0,31.0
2018,2,MG,MONTES CLAROS,3.412,3.573,63.0,38.0
2018,2,MG,MURIAE,3.498,3.601,25.0,29.0
2018,2,MG,NOVA LIMA,3.513,3.609,9.0,27.0
2018,2,MG,OLIVEIRA,3.375,3.473,27.0,15.0
2018,2,MG,OURO PRETO,3.64,3.702,12.0,21.0
2018,2,MG,PARA DE MINAS,3.75,3.842,23.0,24.0
2018,2,MG,PARACATU,3.697,3.791,20.0,24.0
2018,2,MG,PASSOS,3.418,3.48,24.0,30.0
2018,2,MG,PATOS DE MINAS,3.577,3.681,40.0,34.0
2018,2,MG,PATROCINIO,3.564,3.69,24.0,16.0
2018,2,MG,POCOS DE CALDAS,3.445,3.565,20.0,32.0
2018,2,MG,POUSO ALEGRE,3.507,3.575,25.0,42.0
2018,2,MG,SABARA,3.398,3.478,18.0,20.0
2018,2,MG,SAO JOAO DEL REI,3.512,3.639,16.0,16.0
2018,2,MG,SAO SEBASTIAO DO PARAISO,3.53,3.644,27.0,17.0
2018,2,MG,SETE LAGOAS,3.308,3.449,63.0,50.0
2018,2,MG,TEOFILO OTONI,3.532,3.628,32.0,32.0
2018,2,MG,TIMOTEO,3.376,3.473,12.0,20.0
2018,2,MG,TRES CORACOES,3.73,3.814,17.0,19.0
2018,2,MG,UBA,3.455,3.552,19.0,21.0
2018,2,MG,UBERABA,3.473,3.598,46.0,43.0
2018,2,MG,UBERLANDIA,3.505,3.635,87.0,45.0
2018,2,MG,UNAI,3.609,3.713,32.0,40.0
2018,2,MG,VARGINHA,3.55,3.59,29.0,38.0
2018,2,MG,VICOSA,3.749,3.82,2.0,14.0
2018,2,MS,CAMPO GRANDE,3.697,3.82,97.0,142.0
2018,2,MS,CORUMBA,3.821,4.018,23.0,19.0
2018,2,MS,COXIM,3.649,3.76,24.0,24.0
2018,2,MS,DOURADOS,3.742,3.935,14.0,39.0
2018,2,MS,NOVA ANDRADINA,3.684,3.756,20.0,20.0
2018,2,MS,PONTA PORA,3.643,3.749,13.0,16.0
2018,2,MS,TRES LAGOAS,3.901,4.005,32.0,44.0
2018,2,MT,ALTA FLORESTA,4.093,4.183,40.0,32.0
2018,2,MT,CACERES,3.578,3.661,25.0,29.0
2018,2,MT,CUIABA,3.636,3.736,119.0,214.0
2018,2,MT,RONDONOPOLIS,3.687,3.792,80.0,68.0
2018,2,MT,SINOP,3.774,3.852,29.0,45.0
2018,2,MT,SORRISO,3.813,3.929,30.0,47.0
2018,2,MT,VARZEA GRANDE,3.559,3.671,50.0,52.0
2018,2,PA,ABAETETUBA,3.726,3.803,16.0,12.0
2018,2,PA,ALENQUER,4.038,4.203,11.0,7.0
2018,2,PA,ALTAMIRA,3.862,4.137,24.0,20.0
2018,2,PA,ANANINDEUA,,3.482,,30.0
2018,2,PA,BELEM,,3.521,,82.0
2018,2,PA,BRAGANCA,3.253,3.434,8.0,8.0
2018,2,PA,CAMETA,3.465,3.49,8.0,10.0
2018,2,PA,CASTANHAL,3.433,3.527,14.0,18.0
2018,2,PA,CONCEICAO DO ARAGUAIA,3.689,3.755,20.0,16.0
2018,2,PA,ITAITUBA,3.48,3.575,16.0,20.0
2018,2,PA,MARABA,3.601,3.683,39.0,54.0
2018,2,PA,PARAGOMINAS,3.39,3.495,16.0,16.0
2018,2,PA,PARAUAPEBAS,3.715,3.799,28.0,32.0
2018,2,PA,REDENCAO,3.66,3.739,15.0,20.0
2018,2,PA,SANTAREM,3.557,3.64,45.0,45.0
2018,2,PA,XINGUARA,3.462,3.555,20.0,16.0
2018,2,PB,BAYEUX,3.279,3.395,27.0,26.0
2018,2,PB,CABEDELO,3.31,3.412,21.0,20.0
2018,2,PB,CAMPINA GRANDE,3.356,3.423,37.0,47.0
2018,2,PB,JOAO PESSOA,3.213,3.364,28.0,67.0
2018,2,PB,PATOS,3.437,3.581,24.0,20.0
2018,2,PB,SOUSA,3.428,3.499,12.0,12.0
2018,2,PE,ARARIPINA,3.415,3.427,24.0,32.0
2018,2,PE,ARCOVERDE,3.39,3.308,1.0,32.0
2018,2,PE,BELO JARDIM,3.312,3.332,7.0,28.0
2018,2,PE,CABO DE SANTO AGOSTINHO,,3.404,,24.0
2018,2,PE,CARUARU,,3.375,,61.0
2018,2,PE,GARANHUNS,3.203,3.285,3.0,48.0
2018,2,PE,GOIANA,,3.404,,26.0
2018,2,PE,IGARASSU,,3.299,,32.0
2018,2,PE,JABOATAO DOS GUARARAPES,,3.339,,44.0
2018,2,PE,LAJEDO,3.303,3.32,18.0,22.0
2018,2,PE,OLINDA,,3.439,,32.0
2018,2,PE,PAULISTA,,3.322,,40.0
2018,2,PE,PETROLINA,3.472,3.573,31.0,26.0
2018,2,PE,RECIFE,,3.365,,83.0
2018,2,PE,SALGUEIRO,3.366,3.377,7.0,22.0
2018,2,PE,SANTA CRUZ DO CAPIBARIBE,,3.417,,24.0
2018,2,PE,SERRA TALHADA,3.307,3.419,4.0,28.0
2018,2,PE,VITORIA DE SANTO ANTAO,3.199,3.308,4.0,32.0
2018,2,PI,PARNAIBA,3.543,3.66,35.0,48.0
2018,2,PI,PICOS,3.43,3.493,24.0,24.0
2018,2,PI,PIRIPIRI,3.457,3.536,20.0,17.0
2018,2,PI,TERESINA,3.48,3.576,73.0,156.0
2018,2,PR,APUCARANA,3.285,3.376,44.0,41.0
2018,2,PR,ARAPONGAS,3.254,3.392,23.0,25.0
2018,2,PR,ARAUCARIA,3.063,3.155,32.0,24.0
2018,2,PR,ASSIS CHATEAUBRIAND,3.241,3.314,25.0,19.0
2018,2,PR,CAMBE,3.247,3.395,31.0,25.0
2018,2,PR,CAMPO LARGO,3.128,3.221,20.0,16.0
2018,2,PR,CAMPO MOURAO,3.153,3.217,51.0,36.0
2018,2,PR,CASCAVEL,3.293,3.408,37.0,56.0
2018,2,PR,CASTRO,3.168,3.287,21.0,21.0
2018,2,PR,CIANORTE,3.286,3.374,39.0,28.0
2018,2,PR,COLOMBO,3.107,3.22,54.0,46.0
2018,2,PR,CORNELIO PROCOPIO,3.288,3.32,19.0,13.0
2018,2,PR,CURITIBA,3.069,3.231,46.0,121.0
2018,2,PR,FOZ DO IGUACU,3.233,3.39,28.0,54.0
2018,2,PR,FRANCISCO BELTRAO,3.174,3.263,27.0,27.0
2018,2,PR,GUARAPUAVA,3.199,3.248,36.0,48.0
2018,2,PR,LONDRINA,3.227,3.3,41.0,66.0
2018,2,PR,MARECHAL CANDIDO RONDON,3.255,3.33,24.0,16.0
2018,2,PR,MARINGA,3.178,3.307,29.0,59.0
2018,2,PR,PARANAGUA,3.126,3.289,25.0,29.0
2018,2,PR,PARANAVAI,3.227,3.272,21.0,24.0
2018,2,PR,PATO BRANCO,3.192,3.352,18.0,28.0
2018,2,PR,PINHAIS,3.176,3.334,21.0,31.0
2018,2,PR,PONTA GROSSA,3.15,3.21,35.0,52.0
2018,2,PR,SANTO ANTONIO DA PLATINA,3.112,3.183,20.0,28.0
2018,2,PR,SAO JOSE DOS PINHAIS,3.098,3.212,32.0,57.0
2018,2,PR,TOLEDO,3.248,3.347,42.0,38.0
2018,2,PR,UMUARAMA,3.198,3.275,20.0,38.0
2018,2,PR,UNIAO DA VITORIA,3.324,3.405,32.0,28.0
2018,2,RJ,ANGRA DOS REIS,,3.845,,9.0
2018,2,RJ,ARARUAMA,3.652,3.689,21.0,36.0
2018,2,RJ,BARRA DO PIRAI,3.675,3.801,24.0,25.0
2018,2,RJ,BARRA MANSA,3.65,3.785,31.0,29.0
2018,2,RJ,BELFORD ROXO,3.549,3.674,23.0,28.0
2018,2,RJ,CABO FRIO,3.67,3.782,16.0,32.0
2018,2,RJ,CAMPOS DOS GOYTACAZES,3.43,3.551,47.0,58.0
2018,2,RJ,DUQUE DE CAXIAS,3.527,3.68,57.0,66.0
2018,2,RJ,ITABORAI,3.532,3.644,26.0,28.0
2018,2,RJ,ITAGUAI,3.474,3.619,20.0,24.0
2018,2,RJ,ITAPERUNA,3.541,3.652,25.0,24.0
2018,2,RJ,MACAE,3.635,3.829,14.0,40.0
2018,2,RJ,MAGE,3.482,3.552,12.0,20.0
2018,2,RJ,MARICA,3.62,3.705,20.0,36.0
2018,2,RJ,NILOPOLIS,3.419,3.712,5.0,8.0
2018,2,RJ,NITEROI,3.7,3.724,16.0,63.0
2018,2,RJ,NOVA FRIBURGO,3.55,3.678,15.0,22.0
2018,2,RJ,NOVA IGUACU,3.534,3.66,43.0,49.0
2018,2,RJ,PETROPOLIS,3.594,3.698,21.0,33.0
2018,2,RJ,RESENDE,3.442,3.707,12.0,36.0
2018,2,RJ,RIO BONITO,3.557,3.68,24.0,24.0
2018,2,RJ,RIO DE JANEIRO,3.552,3.72,111.0,209.0
2018,2,RJ,SANTO ANTONIO DE PADUA,3.498,3.594,20.0,8.0
2018,2,RJ,SAO FRANCISCO DE ITABAPOANA,3.549,3.671,28.0,15.0
2018,2,RJ,SAO GONCALO,3.545,3.655,48.0,48.0
2018,2,RJ,SAO JOAO DE MERITI,3.504,3.654,23.0,24.0
2018,2,RJ,SAPUCAIA,3.348,3.435,36.0,24.0
2018,2,RJ,SAQUAREMA,3.722,3.823,16.0,24.0
2018,2,RJ,TERESOPOLIS,3.494,3.604,18.0,48.0
2018,2,RJ,TRES RIOS,3.491,3.626,21.0,29.0
2018,2,RJ,VALENCA,3.679,3.806,21.0,39.0
2018,2,RJ,VOLTA REDONDA,3.745,3.889,24.0,21.0
2018,2,RN,CAICO,3.528,3.648,16.0,22.0
2018,2,RN,MOSSORO,3.499,3.666,49.0,42.0
2018,2,RN,NATAL,3.491,3.622,64.0,97.0
2018,2,RN,PARNAMIRIM,3.507,3.621,45.0,56.0
2018,2,RO,ARIQUEMES,3.64,3.72,32.0,36.0
2018,2,RO,CACOAL,3.6,3.687,24.0,24.0
2018,2,RO,JI PARANA,3.63,3.698,56.0,36.0
2018,2,RO,PIMENTA BUENO,3.666,3.747,20.0,24.0
2018,2,RO,PORTO VELHO,3.555,3.664,90.0,87.0
2018,2,RO,VILHENA,3.654,3.743,38.0,35.0
2018,2,RR,BOA VISTA,3.489,3.552,44.0,50.0
2018,2,RS,ALEGRETE,3.5,3.578,17.0,17.0
2018,2,RS,ALVORADA,3.314,3.457,16.0,11.0
2018,2,RS,BAGE,3.654,3.756,21.0,31.0
2018,2,RS,BENTO GONCALVES,3.313,3.451,19.0,30.0
2018,2,RS,CACHOEIRA DO SUL,3.422,3.534,32.0,28.0
2018,2,RS,CACHOEIRINHA,3.174,3.281,40.0,36.0
2018,2,RS,CANOAS,3.221,3.299,38.0,50.0
2018,2,RS,CAXIAS DO SUL,3.321,3.454,19.0,52.0
2018,2,RS,CRUZ ALTA,3.33,3.458,32.0,29.0
2018,2,RS,ERECHIM,3.387,3.522,29.0,42.0
2018,2,RS,ESTEIO,3.233,3.375,22.0,30.0
2018,2,RS,GRAMADO,3.515,3.64,15.0,16.0
2018,2,RS,GRAVATAI,3.205,3.298,42.0,39.0
2018,2,RS,GUAIBA,3.288,3.392,28.0,24.0
2018,2,RS,IJUI,3.471,3.549,24.0,28.0
2018,2,RS,LAJEADO,3.388,3.399,8.0,24.0
2018,2,RS,NOVO HAMBURGO,3.183,3.293,40.0,40.0
2018,2,RS,OSORIO,3.189,3.292,24.0,24.0
2018,2,RS,PASSO FUNDO,3.309,3.459,37.0,45.0
2018,2,RS,PELOTAS,3.384,3.542,36.0,49.0
2018,2,RS,PORTO ALEGRE,3.24,3.375,54.0,91.0
2018,2,RS,RIO GRANDE,3.356,3.487,46.0,43.0
2018,2,RS,SANTA CRUZ DO SUL,3.319,3.375,31.0,41.0
2018,2,RS,SANTA MARIA,3.415,3.499,34.0,37.0
2018,2,RS,SANTA ROSA,3.385,3.503,24.0,24.0
2018,2,RS,SANTANA DO LIVRAMENTO,3.472,3.686,16.0,33.0
2018,2,RS,SANTO ANGELO,3.451,3.547,28.0,28.0
2018,2,RS,SAO GABRIEL,3.437,3.567,30.0,30.0
2018,2,RS,SAO LEOPOLDO,3.215,3.313,42.0,41.0
2018,2,RS,SAO LUIZ GONZAGA,3.275,3.369,20.0,16.0
2018,2,RS,SAPIRANGA,3.206,3.292,20.0,36.0
2018,2,RS,SAPUCAIA DO SUL,3.17,3.266,28.0,32.0
2018,2,RS,TORRES,3.27,3.393,12.0,20.0
2018,2,RS,URUGUAIANA,3.426,3.483,16.0,28.0
2018,2,RS,VACARIA,3.376,3.426,18.0,36.0
2018,2,RS,VIAMAO,3.145,3.397,13.0,13.0
2018,2,SC,ARARANGUA,3.175,3.246,25.0,23.0
2018,2,SC,BALNEARIO CAMBORIU,3.206,3.404,7.0,36.0
2018,2,SC,BIGUACU,3.222,3.327,20.0,39.0
2018,2,SC,BLUMENAU,3.262,3.366,40.0,60.0
2018,2,SC,BRUSQUE,3.303,3.333,11.0,34.0
2018,2,SC,CACADOR,3.279,3.378,28.0,29.0
2018,2,SC,CHAPECO,3.353,3.429,27.0,26.0
2018,2,SC,CONCORDIA,3.312,3.445,17.0,20.0
2018,2,SC,CRICIUMA,3.181,3.272,40.0,44.0
2018,2,SC,FLORIANOPOLIS,3.364,3.509,17.0,122.0
2018,2,SC,ITAJAI,3.146,3.325,7.0,38.0
2018,2,SC,JARAGUA DO SUL,3.322,3.412,33.0,41.0
2018,2,SC,JOINVILLE,3.194,3.303,23.0,54.0
2018,2,SC,LAGES,3.215,3.396,8.0,28.0
2018,2,SC,LAGUNA,3.195,3.249,24.0,24.0
2018,2,SC,MAFRA,3.257,3.361,16.0,25.0
2018,2,SC,PALHOCA,3.25,3.341,24.0,61.0
2018,2,SC,SAO JOSE,3.255,3.382,17.0,56.0
2018,2,SC,TUBARAO,3.175,3.258,21.0,33.0
2018,2,SC,VIDEIRA,3.294,3.367,21.0,24.0
2018,2,SC,XANXERE,3.221,3.316,11.0,15.0
2018,2,SE,ARACAJU,3.477,3.601,15.0,91.0
2018,2,SE,ITABAIANA,3.393,3.468,28.0,28.0
2018,2,SE,LAGARTO,3.29,3.331,12.0,20.0
2018,2,SE,NOSSA SENHORA DO SOCORRO,3.379,3.497,28.0,32.0
2018,2,SP,ADAMANTINA,3.272,3.46,20.0,28.0
2018,2,SP,AMERICANA,3.182,3.344,9.0,35.0
2018,2,SP,AMPARO,3.335,3.394,39.0,34.0
2018,2,SP,ARACATUBA,3.336,3.457,55.0,85.0
2018,2,SP,ARARAQUARA,3.311,3.469,30.0,39.0
2018,2,SP,ARARAS,3.197,3.317,48.0,42.0
2018,2,SP,ASSIS,3.406,3.461,44.0,68.0
2018,2,SP,ATIBAIA,3.292,3.427,38.0,56.0
2018,2,SP,AVARE,3.415,3.519,44.0,49.0
2018,2,SP,BARRETOS,3.452,3.54,34.0,60.0
2018,2,SP,BARUERI,3.264,3.407,36.0,64.0
2018,2,SP,BAURU,3.225,3.377,57.0,72.0
2018,2,SP,BEBEDOURO,3.354,3.401,18.0,31.0
2018,2,SP,BIRIGUI,3.329,3.429,32.0,48.0
2018,2,SP,BOTUCATU,3.303,3.391,24.0,23.0
2018,2,SP,BRAGANCA PAULISTA,3.285,3.425,28.0,36.0
2018,2,SP,CACAPAVA,3.255,3.391,20.0,28.0
2018,2,SP,CAMPINAS,3.29,3.391,61.0,86.0
2018,2,SP,CARAGUATATUBA,3.505,3.624,27.0,34.0
2018,2,SP,CARAPICUIBA,3.343,3.363,8.0,29.0
2018,2,SP,CATANDUVA,3.288,3.463,17.0,38.0
2018,2,SP,COSMOPOLIS,3.241,3.36,13.0,10.0
2018,2,SP,COTIA,3.411,3.523,32.0,44.0
2018,2,SP,CRUZEIRO,3.397,3.432,18.0,17.0
2018,2,SP,CUBATAO,3.415,3.572,14.0,22.0
2018,2,SP,DIADEMA,3.227,3.456,16.0,45.0
2018,2,SP,DRACENA,3.387,3.456,27.0,27.0
2018,2,SP,EMBU DAS ARTES,3.319,3.444,48.0,28.0
2018,2,SP,FRANCA,3.222,3.312,40.0,51.0
2018,2,SP,GARCA,3.392,3.498,17.0,24.0
2018,2,SP,GUARATINGUETA,3.403,3.546,19.0,32.0
2018,2,SP,GUARUJA,3.495,3.67,6.0,41.0
2018,2,SP,GUARULHOS,3.272,3.4,47.0,76.0
2018,2,SP,HORTOLANDIA,3.186,3.335,32.0,40.0
2018,2,SP,IBITINGA,3.291,3.446,27.0,27.0
2018,2,SP,INDAIATUBA,3.357,3.48,36.0,44.0
2018,2,SP,ITANHAEM,3.482,3.716,12.0,10.0
2018,2,SP,ITAPECERICA DA SERRA,3.28,3.394,27.0,31.0
2018,2,SP,ITAPETININGA,3.237,3.313,42.0,36.0
2018,2,SP,ITAPEVA,3.388,3.497,26.0,36.0
2018,2,SP,ITAPIRA,3.259,3.341,32.0,36.0
2018,2,SP,ITAPOLIS,3.332,3.389,35.0,27.0
2018,2,SP,ITAQUAQUECETUBA,3.291,3.439,22.0,32.0
2018,2,SP,ITATIBA,3.253,3.352,38.0,44.0
2018,2,SP,ITU,3.408,3.465,35.0,67.0
2018,2,SP,JABOTICABAL,3.251,3.37,36.0,45.0
2018,2,SP,JACAREI,3.253,3.315,39.0,42.0
2018,2,SP,JALES,3.248,3.365,36.0,32.0
2018,2,SP,JAU,3.343,3.457,35.0,37.0
2018,2,SP,JOSE BONIFACIO,3.258,3.355,50.0,45.0
2018,2,SP,JUNDIAI,3.405,3.5,38.0,73.0
2018,2,SP,LEME,3.228,3.39,40.0,65.0
2018,2,SP,LIMEIRA,3.219,3.366,41.0,76.0
2018,2,SP,LINS,3.365,3.443,36.0,48.0
2018,2,SP,LORENA,3.175,3.287,19.0,27.0
2018,2,SP,MARILIA,3.377,3.427,36.0,55.0
2018,2,SP,MATAO,3.238,3.351,58.0,46.0
2018,2,SP,MAUA,3.323,3.423,22.0,40.0
2018,2,SP,MIRASSOL,3.238,3.362,28.0,22.0
2018,2,SP,MOCOCA,3.174,3.274,42.0,21.0
2018,2,SP,MOGI DAS CRUZES,3.248,3.321,33.0,60.0
2018,2,SP,MOGI GUACU,3.281,3.39,43.0,41.0
2018,2,SP,MOGI MIRIM,3.218,3.35,26.0,49.0
2018,2,SP,MONTE ALTO,3.468,3.559,30.0,40.0
2018,2,SP,OLIMPIA,3.282,3.402,32.0,33.0
2018,2,SP,OSASCO,3.277,3.42,34.0,54.0
2018,2,SP,OURINHOS,3.196,3.384,49.0,65.0
2018,2,SP,PARAGUACU PAULISTA,3.403,3.441,31.0,26.0
2018,2,SP,PAULINIA,3.298,3.402,33.0,29.0
2018,2,SP,PINDAMONHANGABA,3.205,3.339,16.0,26.0
2018,2,SP,PIRACICABA,3.237,3.359,53.0,64.0
2018,2,SP,PIRASSUNUNGA,3.265,3.388,25.0,29.0
2018,2,SP,POA,3.203,3.349,18.0,12.0
2018,2,SP,PORTO FERREIRA,3.263,3.357,24.0,16.0
2018,2,SP,PRAIA GRANDE,3.425,3.497,14.0,40.0
2018,2,SP,PRESIDENTE PRUDENTE,3.326,3.422,60.0,76.0
2018,2,SP,PRESIDENTE VENCESLAU,3.412,3.503,36.0,38.0
2018,2,SP,RIBEIRAO PIRES,3.308,3.554,21.0,21.0
2018,2,SP,RIBEIRAO PRETO,3.254,3.41,43.0,76.0
2018,2,SP,RIO CLARO,3.231,3.331,48.0,51.0
2018,2,SP,SALTO,3.278,3.402,32.0,31.0
2018,2,SP,SANTA BARBARA D OESTE,3.216,3.356,22.0,27.0
2018,2,SP,SANTA CRUZ DO RIO PARDO,3.334,3.406,23.0,28.0
2018,2,SP,SANTO ANDRE,3.346,3.437,23.0,55.0
2018,2,SP,SANTOS,3.303,3.45,14.0,34.0
2018,2,SP,SAO BERNARDO DO CAMPO,3.349,3.471,30.0,68.0
2018,2,SP,SAO CAETANO DO SUL,3.259,3.496,5.0,34.0
2018,2,SP,SAO CARLOS,3.234,3.361,46.0,68.0
2018,2,SP,SAO JOAO DA BOA VISTA,3.237,3.333,41.0,41.0
2018,2,SP,SAO JOSE DO RIO PRETO,3.198,3.354,57.0,68.0
2018,2,SP,SAO JOSE DOS CAMPOS,3.234,3.343,22.0,56.0
2018,2,SP,SAO PAULO,3.239,3.459,121.0,471.0
2018,2,SP,SAO ROQUE,3.351,3.422,12.0,30.0
2018,2,SP,SAO VICENTE,3.265,3.464,27.0,33.0
2018,2,SP,SERTAOZINHO,3.353,3.472,37.0,33.0
2018,2,SP,SOROCABA,3.25,3.383,58.0,76.0
2018,2,SP,SUMARE,3.24,3.321,43.0,40.0
2018,2,SP,SUZANO,3.286,3.385,32.0,54.0
2018,2,SP,TABOAO DA SERRA,3.392,3.345,15.0,41.0
2018,2,SP,TATUI,3.378,3.445,29.0,42.0
2018,2,SP,TAUBATE,3.241,3.371,19.0,36.0
2018,2,SP,TUPA,3.31,3.399,42.0,39.0
2018,2,SP,UBATUBA,3.466,3.54,6.0,34.0
2018,2,SP,VALINHOS,3.256,3.348,32.0,36.0
2018,2,SP,VARZEA PAULISTA,3.266,3.387,40.0,29.0
2018,2,SP,VINHEDO,3.441,3.496,17.0,29.0
2018,2,SP,VOTORANTIM,3.28,3.38,30.0,36.0
2018,2,SP,VOTUPORANGA,3.491,3.585,30.0,27.0
2018,2,TO,ARAGUAINA,3.279,3.368,40.0,44.0
2018,2,TO,GURUPI,3.643,3.721,26.0,38.0
2018,2,TO,PALMAS,3.305,3.354,21.0,40.0
2018,2,TO,PARAISO DO TOCANTINS,3.305,3.391,23.0,32.0
2018,2,TO,PORTO NACIONAL,3.265,3.314,12.0,23.0
2018,3,AC,CRUZEIRO DO SUL,4.361,4.399,33.0,29.0
2018,3,AC,RIO BRANCO,4.073,4.133,109.0,112.0
2018,3,AL,ARAPIRACA,3.391,3.503,31.0,45.0
2018,3,AL,DELMIRO GOUVEIA,3.409,3.489,28.0,28.0
2018,3,AL,MACEIO,3.442,3.493,38.0,55.0
2018,3,AL,PALMEIRA DOS INDIOS,3.425,3.597,32.0,24.0
2018,3,AL,RIO LARGO,3.396,3.502,16.0,29.0
2018,3,AM,ITACOATIARA,3.88,4.015,35.0,23.0
2018,3,AM,MANACAPURU,3.323,3.45,16.0,8.0
2018,3,AM,MANAUS,3.407,3.53,120.0,144.0
2018,3,AM,PARINTINS,3.589,3.8,14.0,6.0
2018,3,AM,TEFE,,3.93,,12.0
2018,3,AP,MACAPA,3.861,4.422,71.0,46.0
2018,3,AP,SANTANA,3.873,4.32,20.0,8.0
2018,3,BA,ALAGOINHAS,3.227,3.322,25.0,34.0
2018,3,BA,BARREIRAS,3.533,3.596,36.0,37.0
2018,3,BA,BRUMADO,3.443,3.537,27.0,26.0
2018,3,BA,CAETITE,3.582,3.654,22.0,21.0
2018,3,BA,CAMACARI,3.286,3.393,30.0,45.0
2018,3,BA,EUNAPOLIS,3.512,3.624,22.0,32.0
2018,3,BA,FEIRA DE SANTANA,3.21,3.284,52.0,82.0
2018,3,BA,GUANAMBI,3.433,3.57,36.0,29.0
2018,3,BA,ILHEUS,3.507,3.717,33.0,35.0
2018,3,BA,IPIRA,3.289,3.43,19.0,14.0
2018,3,BA,IRECE,3.372,3.469,28.0,21.0
2018,3,BA,ITABUNA,3.425,3.534,37.0,47.0
2018,3,BA,ITAMARAJU,3.496,3.584,24.0,20.0
2018,3,BA,JACOBINA,3.269,3.366,20.0,16.0
2018,3,BA,JAGUAQUARA,3.295,3.38,27.0,20.0
2018,3,BA,JEQUIE,3.372,3.449,32.0,23.0
2018,3,BA,JUAZEIRO,3.496,3.608,35.0,40.0
2018,3,BA,LAURO DE FREITAS,3.267,3.358,12.0,39.0
2018,3,BA,LIVRAMENTO DE NOSSA SENHORA,3.476,3.562,24.0,18.0
2018,3,BA,PAULO AFONSO,3.449,3.54,20.0,28.0
2018,3,BA,POCOES,3.316,3.419,28.0,16.0
2018,3,BA,PORTO SEGURO,3.866,4.165,13.0,22.0
2018,3,BA,SALVADOR,3.272,3.407,84.0,225.0
2018,3,BA,SANTO ANTONIO DE JESUS,3.268,3.349,26.0,15.0
2018,3,BA,SENHOR DO BONFIM,3.342,3.407,32.0,19.0
2018,3,BA,SERRINHA,3.29,3.375,17.0,13.0
2018,3,BA,SIMOES FILHO,3.295,3.384,31.0,24.0
2018,3,BA,TEIXEIRA DE FREITAS,3.457,3.576,32.0,35.0
2018,3,BA,VALENCA,3.378,3.485,40.0,21.0
2018,3,BA,VITORIA DA CONQUISTA,3.297,3.487,29.0,24.0
2018,3,CE,CANINDE,3.485,3.603,36.0,32.0
2018,3,CE,CAUCAIA,,3.546,,82.0
2018,3,CE,CRATEUS,3.592,3.701,24.0,26.0
2018,3,CE,CRATO,3.659,3.709,47.0,38.0
2018,3,CE,FORTALEZA,,3.564,,406.0
2018,3,CE,ICO,3.529,3.596,15.0,25.0
2018,3,CE,IGUATU,3.551,3.655,16.0,35.0
2018,3,CE,ITAPIPOCA,3.556,3.64,27.0,27.0
2018,3,CE,JUAZEIRO DO NORTE,3.65,3.716,35.0,38.0
2018,3,CE,LIMOEIRO DO NORTE,3.559,3.62,16.0,18.0
2018,3,CE,MARACANAU,,3.542,,40.0
2018,3,CE,QUIXADA,3.582,3.676,29.0,29.0
2018,3,CE,SOBRAL,3.521,3.637,43.0,48.0
2018,3,DF,BRASILIA,3.568,3.71,106.0,178.0
2018,3,ES,ARACRUZ,3.329,3.45,17.0,21.0
2018,3,ES,CACHOEIRO DE ITAPEMIRIM,3.409,3.552,42.0,39.0
2018,3,ES,CARIACICA,3.319,3.408,22.0,18.0
2018,3,ES,COLATINA,3.392,3.5,30.0,32.0
2018,3,ES,GUARAPARI,3.421,3.531,37.0,32.0
2018,3,ES,LINHARES,3.251,3.303,32.0,37.0
2018,3,ES,SAO MATEUS,3.306,3.427,28.0,20.0
2018,3,ES,SERRA,3.302,3.413,41.0,25.0
2018,3,ES,VILA VELHA,3.259,3.38,24.0,49.0
2018,3,ES,VITORIA,3.293,3.406,30.0,56.0
2018,3,GO,AGUAS LINDAS DE GOIAS,3.714,3.785,16.0,16.0
2018,3,GO,ANAPOLIS,3.396,3.479,60.0,28.0
2018,3,GO,APARECIDA DE GOIANIA,3.342,3.445,35.0,33.0
2018,3,GO,CALDAS NOVAS,3.456,3.605,33.0,20.0
2018,3,GO,CATALAO,3.566,3.658,28.0,24.0
2018,3,GO,FORMOSA,3.511,3.608,28.0,35.0
2018,3,GO,GOIANIA,3.378,3.517,91.0,165.0
2018,3,GO,GOIATUBA,3.461,3.583,38.0,20.0
2018,3,GO,ITUMBIARA,3.475,3.546,60.0,28.0
2018,3,GO,JATAI,3.637,3.739,44.0,37.0
2018,3,GO,LUZIANIA,3.451,3.598,45.0,20.0
2018,3,GO,MINEIROS,3.506,3.644,24.0,14.0
2018,3,GO,MORRINHOS,3.467,3.616,44.0,16.0
2018,3,GO,PORANGATU,3.457,3.539,27.0,20.0
2018,3,GO,RIO VERDE,3.569,3.643,24.0,64.0
2018,3,GO,TRINDADE,3.411,3.484,28.0,5.0
2018,3,GO,VALPARAISO DE GOIAS,3.473,3.559,32.0,14.0
2018,3,MA,ACAILANDIA,3.359,3.439,25.0,25.0
2018,3,MA,BACABAL,3.196,3.224,8.0,14.0
2018,3,MA,BALSAS,3.472,3.53,24.0,28.0
2018,3,MA,BARRA DO CORDA,3.307,3.37,12.0,12.0
2018,3,MA,CAXIAS,3.324,3.436,24.0,28.0
2018,3,MA,CODO,3.447,3.491,20.0,16.0
2018,3,MA,IMPERATRIZ,3.388,3.445,35.0,49.0
2018,3,MA,PINHEIRO,3.415,3.471,16.0,12.0
2018,3,MA,PRESIDENTE DUTRA,3.317,3.38,9.0,12.0
2018,3,MA,SANTA INES,3.412,3.464,15.0,20.0
2018,3,MA,SAO JOSE DE RIBAMAR,3.258,3.3,19.0,40.0
2018,3,MA,SAO LUIS,3.21,3.307,54.0,201.0
2018,3,MG,ALFENAS,3.534,3.596,12.0,16.0
2018,3,MG,ARAGUARI,3.453,3.576,56.0,48.0
2018,3,MG,ARAXA,3.551,3.645,28.0,24.0
2018,3,MG,BARBACENA,3.5,3.517,17.0,25.0
2018,3,MG,BELO HORIZONTE,3.446,3.565,44.0,126.0
2018,3,MG,BETIM,3.368,3.466,29.0,44.0
2018,3,MG,BOM DESPACHO,3.596,3.671,25.0,21.0
2018,3,MG,CAMPO BELO,3.484,3.61,20.0,13.0
2018,3,MG,CARATINGA,3.462,3.509,28.0,16.0
2018,3,MG,CONGONHAS,3.47,3.546,19.0,22.0
2018,3,MG,CONSELHEIRO LAFAIETE,3.455,3.595,20.0,8.0
2018,3,MG,CONTAGEM,3.35,3.453,58.0,39.0
2018,3,MG,CORONEL FABRICIANO,3.431,3.52,21.0,15.0
2018,3,MG,CURVELO,3.386,3.511,20.0,28.0
2018,3,MG,DIVINOPOLIS,3.563,3.636,16.0,32.0
2018,3,MG,FORMIGA,3.432,3.599,28.0,14.0
2018,3,MG,FRUTAL,3.609,3.726,16.0,28.0
2018,3,MG,GOVERNADOR VALADARES,3.486,3.635,29.0,44.0
2018,3,MG,GUAXUPE,3.439,3.522,32.0,32.0
2018,3,MG,IPATINGA,3.4,3.478,28.0,33.0
2018,3,MG,ITABIRA,3.552,3.673,27.0,31.0
2018,3,MG,ITAJUBA,3.515,3.577,16.0,24.0
2018,3,MG,ITAUNA,3.327,3.564,21.0,7.0
2018,3,MG,ITUIUTABA,3.469,3.594,42.0,48.0
2018,3,MG,JANAUBA,3.47,3.663,20.0,20.0
2018,3,MG,JANUARIA,3.624,3.718,24.0,18.0
2018,3,MG,JOAO MONLEVADE,3.456,3.558,16.0,16.0
2018,3,MG,JOAO PINHEIRO,3.616,3.741,24.0,20.0
2018,3,MG,JUIZ DE FORA,3.416,3.56,34.0,44.0
2018,3,MG,LAVRAS,3.568,3.674,11.0,32.0
2018,3,MG,LEOPOLDINA,3.324,3.416,22.0,16.0
2018,3,MG,MANHUACU,3.47,3.587,24.0,16.0
2018,3,MG,MONTE CARMELO,3.485,3.595,33.0,33.0
2018,3,MG,MONTES CLAROS,3.356,3.508,56.0,32.0
2018,3,MG,MURIAE,3.486,3.6,21.0,31.0
2018,3,MG,NOVA LIMA,3.527,3.624,8.0,28.0
2018,3,MG,OLIVEIRA,3.385,3.487,27.0,15.0
2018,3,MG,OURO PRETO,3.614,3.688,26.0,30.0
2018,3,MG,PARA DE MINAS,3.77,3.852,23.0,24.0
2018,3,MG,PARACATU,3.692,3.789,21.0,23.0
2018,3,MG,PASSOS,3.414,3.487,26.0,29.0
2018,3,MG,PATOS DE MINAS,3.559,3.66,36.0,33.0
2018,3,MG,PATROCINIO,3.53,3.647,24.0,15.0
2018,3,MG,POCOS DE CALDAS,3.414,3.539,21.0,34.0
2018,3,MG,POUSO ALEGRE,3.51,3.594,24.0,40.0
2018,3,MG,SABARA,3.397,3.455,16.0,20.0
2018,3,MG,SAO JOAO DEL REI,3.494,3.622,16.0,16.0
2018,3,MG,SAO SEBASTIAO DO PARAISO,3.54,3.622,23.0,22.0
2018,3,MG,SETE LAGOAS,3.258,3.419,63.0,48.0
2018,3,MG,TEOFILO OTONI,3.523,3.621,35.0,35.0
2018,3,MG,TIMOTEO,3.374,3.487,14.0,18.0
2018,3,MG,TRES CORACOES,3.685,3.799,16.0,20.0
2018,3,MG,UBA,3.487,3.583,19.0,24.0
2018,3,MG,UBERABA,3.478,3.533,65.0,82.0
2018,3,MG,UBERLANDIA,3.501,3.632,102.0,69.0
2018,3,MG,UNAI,3.59,3.711,33.0,40.0
2018,3,MG,VARGINHA,3.555,3.587,25.0,36.0
2018,3,MG,VICOSA,3.678,3.809,2.0,14.0
2018,3,MS,CAMPO GRANDE,3.678,3.794,94.0,134.0
2018,3,MS,CORUMBA,3.862,4.07,20.0,16.0
2018,3,MS,COXIM,3.639,3.755,24.0,24.0
2018,3,MS,DOURADOS,3.76,3.906,17.0,40.0
2018,3,MS,NOVA ANDRADINA,3.691,3.786,22.0,21.0
2018,3,MS,PONTA PORA,3.643,3.743,12.0,16.0
2018,3,MS,TRES LAGOAS,3.874,3.981,35.0,44.0
2018,3,MT,ALTA FLORESTA,4.089,4.179,40.0,33.0
2018,3,MT,CACERES,3.547,3.643,26.0,30.0
2018,3,MT,CUIABA,3.641,3.73,121.0,209.0
2018,3,MT,RONDONOPOLIS,3.698,3.802,81.0,68.0
2018,3,MT,SINOP,3.74,3.847,32.0,45.0
2018,3,MT,SORRISO,3.852,3.958,23.0,36.0
2018,3,MT,VARZEA GRANDE,3.558,3.676,45.0,53.0
2018,3,PA,ABAETETUBA,3.796,3.859,16.0,12.0
2018,3,PA,ALENQUER,4.007,4.174,12.0,8.0
2018,3,PA,ALTAMIRA,3.92,4.168,21.0,21.0
2018,3,PA,ANANINDEUA,,3.481,,29.0
2018,3,PA,BELEM,,3.483,,81.0
2018,3,PA,BRAGANCA,3.24,3.415,5.0,11.0
2018,3,PA,CAMETA,3.46,3.538,7.0,8.0
2018,3,PA,CASTANHAL,3.361,3.466,17.0,25.0
2018,3,PA,CONCEICAO DO ARAGUAIA,3.678,3.753,17.0,16.0
2018,3,PA,ITAITUBA,3.486,3.58,17.0,21.0
2018,3,PA,MARABA,3.623,3.683,31.0,56.0
2018,3,PA,PARAGOMINAS,3.392,3.479,16.0,16.0
2018,3,PA,PARAUAPEBAS,3.712,3.804,28.0,32.0
2018,3,PA,REDENCAO,3.663,3.734,13.0,16.0
2018,3,PA,SANTAREM,3.543,3.63,43.0,46.0
2018,3,PA,XINGUARA,3.462,3.559,19.0,18.0
2018,3,PB,BAYEUX,3.274,3.371,23.0,20.0
2018,3,PB,CABEDELO,3.348,3.445,16.0,16.0
2018,3,PB,CAMPINA GRANDE,3.336,3.412,37.0,50.0
2018,3,PB,JOAO PESSOA,3.243,3.371,24.0,79.0
2018,3,PB,PATOS,3.438,3.564,24.0,21.0
2018,3,PB,SOUSA,3.437,3.543,14.0,13.0
2018,3,PE,ARARIPINA,3.41,3.417,24.0,32.0
2018,3,PE,ARCOVERDE,3.35,3.326,1.0,30.0
2018,3,PE,BELO JARDIM,3.299,3.319,4.0,28.0
2018,3,PE,CABO DE SANTO AGOSTINHO,,3.316,,24.0
2018,3,PE,CARUARU,,3.364,,60.0
2018,3,PE,GARANHUNS,3.207,3.274,4.0,48.0
2018,3,PE,GOIANA,3.249,3.353,1.0,24.0
2018,3,PE,IGARASSU,,3.252,,31.0
2018,3,PE,JABOATAO DOS GUARARAPES,,3.294,,42.0
2018,3,PE,LAJEDO,3.306,3.32,16.0,24.0
2018,3,PE,OLINDA,,3.409,,37.0
2018,3,PE,PAULISTA,,3.294,,42.0
2018,3,PE,PETROLINA,3.467,3.571,46.0,50.0
2018,3,PE,RECIFE,,3.353,,134.0
2018,3,PE,SALGUEIRO,3.323,3.334,8.0,24.0
2018,3,PE,SANTA CRUZ DO CAPIBARIBE,,3.399,,24.0
2018,3,PE,SERRA TALHADA,3.3,3.36,4.0,29.0
2018,3,PE,VITORIA DE SANTO ANTAO,3.199,3.302,4.0,32.0
2018,3,PI,PARNAIBA,3.527,3.647,31.0,48.0
2018,3,PI,PICOS,3.435,3.503,41.0,40.0
2018,3,PI,PIRIPIRI,3.437,3.525,19.0,19.0
2018,3,PI,TERESINA,3.458,3.56,67.0,158.0
2018,3,PR,APUCARANA,3.285,3.375,44.0,41.0
2018,3,PR,ARAPONGAS,3.212,3.373,25.0,25.0
2018,3,PR,ARAUCARIA,3.05,3.149,32.0,25.0
2018,3,PR,ASSIS CHATEAUBRIAND,3.216,3.326,38.0,33.0
2018,3,PR,CAMBE,3.219,3.366,32.0,24.0
2018,3,PR,CAMPO LARGO,3.107,3.19,20.0,16.0
2018,3,PR,CAMPO MOURAO,3.112,3.179,47.0,34.0
2018,3,PR,CASCAVEL,3.289,3.384,57.0,69.0
2018,3,PR,CASTRO,3.179,3.297,20.0,20.0
2018,3,PR,CIANORTE,3.292,3.386,32.0,30.0
2018,3,PR,COLOMBO,3.115,3.229,59.0,40.0
2018,3,PR,CORNELIO PROCOPIO,3.267,3.324,20.0,14.0
2018,3,PR,CURITIBA,3.071,3.229,72.0,193.0
2018,3,PR,FOZ DO IGUACU,3.272,3.414,29.0,56.0
2018,3,PR,FRANCISCO BELTRAO,3.153,3.275,26.0,25.0
2018,3,PR,GUARAPUAVA,3.172,3.244,31.0,51.0
2018,3,PR,LONDRINA,3.197,3.264,32.0,68.0
2018,3,PR,MARECHAL CANDIDO RONDON,3.253,3.338,24.0,18.0
2018,3,PR,MARINGA,3.171,3.323,22.0,64.0
2018,3,PR,PARANAGUA,3.127,3.24,29.0,28.0
2018,3,PR,PARANAVAI,3.233,3.278,18.0,21.0
2018,3,PR,PATO BRANCO,3.121,3.293,17.0,28.0
2018,3,PR,PINHAIS,3.161,3.329,21.0,29.0
2018,3,PR,PONTA GROSSA,3.138,3.205,30.0,52.0
2018,3,PR,SANTO ANTONIO DA PLATINA,3.08,3.161,19.0,28.0
2018,3,PR,SAO JOSE DOS PINHAIS,3.095,3.217,34.0,56.0
2018,3,PR,TOLEDO,3.25,3.339,34.0,27.0
2018,3,PR,UMUARAMA,3.191,3.279,21.0,46.0
2018,3,PR,UNIAO DA VITORIA,3.328,3.42,32.0,28.0
2018,3,RJ,ANGRA DOS REIS,3.718,3.843,6.0,27.0
2018,3,RJ,ARARUAMA,3.651,3.673,20.0,36.0
2018,3,RJ,BARRA DO PIRAI,3.662,3.779,27.0,24.0
2018,3,RJ,BARRA MANSA,3.596,3.755,33.0,33.0
2018,3,RJ,BELFORD ROXO,3.501,3.695,24.0,26.0
2018,3,RJ,CABO FRIO,3.687,3.796,16.0,29.0
2018,3,RJ,CAMPOS DOS GOYTACAZES,3.416,3.537,48.0,63.0
2018,3,RJ,DUQUE DE CAXIAS,3.511,3.666,60.0,91.0
2018,3,RJ,ITABORAI,3.536,3.63,32.0,28.0
2018,3,RJ,ITAGUAI,3.479,3.627,21.0,24.0
2018,3,RJ,ITAPERUNA,3.591,3.706,25.0,24.0
2018,3,RJ,MACAE,3.669,3.8,18.0,40.0
2018,3,RJ,MAGE,3.445,3.535,12.0,20.0
2018,3,RJ,MARICA,3.627,3.71,20.0,34.0
2018,3,RJ,NILOPOLIS,3.449,3.752,1.0,9.0
2018,3,RJ,NITEROI,3.66,3.71,16.0,79.0
2018,3,RJ,NOVA FRIBURGO,3.584,3.662,28.0,41.0
2018,3,RJ,NOVA IGUACU,3.555,3.659,37.0,50.0
2018,3,RJ,PETROPOLIS,3.605,3.724,38.0,62.0
2018,3,RJ,RESENDE,3.555,3.665,15.0,33.0
2018,3,RJ,RIO BONITO,3.589,3.684,24.0,24.0
2018,3,RJ,RIO DE JANEIRO,3.522,3.741,64.0,224.0
2018,3,RJ,SANTO ANTONIO DE PADUA,3.497,3.625,20.0,9.0
2018,3,RJ,SAO FRANCISCO DE ITABAPOANA,3.548,3.668,28.0,13.0
2018,3,RJ,SAO GONCALO,3.542,3.652,54.0,69.0
2018,3,RJ,SAO JOAO DE MERITI,3.496,3.639,20.0,27.0
2018,3,RJ,SAPUCAIA,3.338,3.425,36.0,24.0
2018,3,RJ,SAQUAREMA,3.687,3.835,21.0,18.0
2018,3,RJ,TERESOPOLIS,3.522,3.616,20.0,47.0
2018,3,RJ,TRES RIOS,3.495,3.632,20.0,28.0
2018,3,RJ,VALENCA,3.668,3.797,20.0,40.0
2018,3,RJ,VOLTA REDONDA,3.749,3.878,38.0,23.0
2018,3,RN,CAICO,3.514,3.604,21.0,24.0
2018,3,RN,MOSSORO,3.45,3.639,82.0,67.0
2018,3,RN,NATAL,3.494,3.621,80.0,114.0
2018,3,RN,PARNAMIRIM,3.539,3.672,36.0,43.0
2018,3,RO,ARIQUEMES,3.64,3.728,32.0,34.0
2018,3,RO,CACOAL,3.578,3.682,40.0,40.0
2018,3,RO,JI PARANA,3.58,3.656,56.0,39.0
2018,3,RO,PIMENTA BUENO,3.665,3.745,20.0,24.0
2018,3,RO,PORTO VELHO,3.531,3.631,91.0,87.0
2018,3,RO,VILHENA,3.67,3.749,36.0,32.0
2018,3,RR,BOA VISTA,3.478,3.544,45.0,51.0
2018,3,RS,ALEGRETE,3.483,3.561,16.0,17.0
2018,3,RS,ALVORADA,3.297,3.444,14.0,12.0
2018,3,RS,BAGE,3.656,3.748,22.0,32.0
2018,3,RS,BENTO GONCALVES,3.331,3.462,19.0,32.0
2018,3,RS,CACHOEIRA DO SUL,3.422,3.579,32.0,24.0
2018,3,RS,CACHOEIRINHA,3.171,3.276,40.0,36.0
2018,3,RS,CANOAS,3.236,3.326,41.0,56.0
2018,3,RS,CAXIAS DO SUL,3.356,3.461,22.0,54.0
2018,3,RS,CRUZ ALTA,3.316,3.456,31.0,29.0
2018,3,RS,ERECHIM,3.35,3.511,25.0,40.0
2018,3,RS,ESTEIO,3.212,3.332,22.0,29.0
2018,3,RS,GRAMADO,3.53,3.678,9.0,16.0
2018,3,RS,GRAVATAI,3.183,3.289,44.0,40.0
2018,3,RS,GUAIBA,3.277,3.392,27.0,24.0
2018,3,RS,IJUI,3.471,3.549,24.0,28.0
2018,3,RS,LAJEADO,3.359,3.41,11.0,21.0
2018,3,RS,NOVO HAMBURGO,3.197,3.302,40.0,40.0
2018,3,RS,OSORIO,3.155,3.265,24.0,23.0
2018,3,RS,PASSO FUNDO,3.328,3.496,32.0,44.0
2018,3,RS,PELOTAS,3.42,3.572,33.0,45.0
2018,3,RS,PORTO ALEGRE,3.229,3.35,51.0,88.0
2018,3,RS,RIO GRANDE,3.347,3.459,44.0,36.0
2018,3,RS,SANTA CRUZ DO SUL,3.335,3.384,30.0,40.0
2018,3,RS,SANTA MARIA,3.381,3.494,31.0,37.0
2018,3,RS,SANTA ROSA,3.37,3.495,24.0,24.0
2018,3,RS,SANTANA DO LIVRAMENTO,3.564,3.727,17.0,28.0
2018,3,RS,SANTO ANGELO,3.426,3.53,28.0,28.0
2018,3,RS,SAO GABRIEL,3.457,3.586,21.0,21.0
2018,3,RS,SAO LEOPOLDO,3.173,3.284,36.0,38.0
2018,3,RS,SAO LUIZ GONZAGA,3.264,3.352,20.0,16.0
2018,3,RS,SAPIRANGA,3.21,3.292,21.0,36.0
2018,3,RS,SAPUCAIA DO SUL,3.137,3.271,28.0,26.0
2018,3,RS,TORRES,3.218,3.365,12.0,20.0
2018,3,RS,URUGUAIANA,3.413,3.478,16.0,28.0
2018,3,RS,VACARIA,3.414,3.445,20.0,36.0
2018,3,RS,VIAMAO,3.133,3.405,13.0,12.0
2018,3,SC,ARARANGUA,3.187,3.243,24.0,25.0
2018,3,SC,BALNEARIO CAMBORIU,3.236,3.425,7.0,36.0
2018,3,SC,BIGUACU,3.201,3.31,19.0,39.0
2018,3,SC,BLUMENAU,3.293,3.36,42.0,58.0
2018,3,SC,BRUSQUE,3.331,3.326,11.0,34.0
2018,3,SC,CACADOR,3.269,3.415,28.0,28.0
2018,3,SC,CHAPECO,3.334,3.413,27.0,24.0
2018,3,SC,CONCORDIA,3.296,3.427,16.0,20.0
2018,3,SC,CRICIUMA,3.154,3.255,39.0,44.0
2018,3,SC,FLORIANOPOLIS,3.406,3.499,21.0,120.0
2018,3,SC,ITAJAI,3.21,3.336,8.0,36.0
2018,3,SC,JARAGUA DO SUL,3.345,3.421,31.0,40.0
2018,3,SC,JOINVILLE,3.218,3.315,25.0,62.0
2018,3,SC,LAGES,3.238,3.424,9.0,31.0
2018,3,SC,LAGUNA,3.215,3.254,24.0,24.0
2018,3,SC,MAFRA,3.289,3.363,19.0,24.0
2018,3,SC,PALHOCA,3.234,3.317,29.0,61.0
2018,3,SC,SAO JOSE,3.215,3.369,18.0,59.0
2018,3,SC,TUBARAO,3.177,3.251,22.0,33.0
2018,3,SC,VIDEIRA,3.274,3.352,22.0,24.0
2018,3,SC,XANXERE,3.225,3.323,13.0,17.0
2018,3,SE,ARACAJU,3.48,3.601,11.0,77.0
2018,3,SE,ITABAIANA,3.383,3.456,28.0,28.0
2018,3,SE,LAGARTO,3.268,3.308,12.0,20.0
2018,3,SE,NOSSA SENHORA DO SOCORRO,3.357,3.49,28.0,32.0
2018,3,SP,ADAMANTINA,3.268,3.445,20.0,28.0
2018,3,SP,AMERICANA,3.121,3.329,17.0,59.0
2018,3,SP,AMPARO,3.336,3.384,37.0,32.0
2018,3,SP,ARACATUBA,3.323,3.443,57.0,86.0
2018,3,SP,ARARAQUARA,3.323,3.458,53.0,62.0
2018,3,SP,ARARAS,3.2,3.311,48.0,42.0
2018,3,SP,ASSIS,3.398,3.483,61.0,85.0
2018,3,SP,ATIBAIA,3.293,3.419,39.0,56.0
2018,3,SP,AVARE,3.461,3.538,37.0,36.0
2018,3,SP,BARRETOS,3.403,3.508,35.0,60.0
2018,3,SP,BARUERI,3.257,3.399,41.0,59.0
2018,3,SP,BAURU,3.22,3.361,59.0,72.0
2018,3,SP,BEBEDOURO,3.343,3.393,16.0,32.0
2018,3,SP,BIRIGUI,3.316,3.421,32.0,48.0
2018,3,SP,BOTUCATU,3.268,3.374,19.0,24.0
2018,3,SP,BRAGANCA PAULISTA,3.273,3.449,27.0,30.0
2018,3,SP,CACAPAVA,3.239,3.391,20.0,28.0
2018,3,SP,CAMPINAS,3.29,3.385,100.0,114.0
2018,3,SP,CARAGUATATUBA,3.529,3.634,29.0,34.0
2018,3,SP,CARAPICUIBA,3.263,3.377,12.0,32.0
2018,3,SP,CATANDUVA,3.242,3.455,20.0,37.0
2018,3,SP,COSMOPOLIS,3.234,3.384,24.0,19.0
2018,3,SP,COTIA,3.407,3.524,32.0,44.0
2018,3,SP,CRUZEIRO,3.392,3.45,20.0,16.0
2018,3,SP,CUBATAO,3.428,3.556,14.0,20.0
2018,3,SP,DIADEMA,3.229,3.466,15.0,43.0
2018,3,SP,DRACENA,3.364,3.414,27.0,29.0
2018,3,SP,EMBU DAS ARTES,3.317,3.428,48.0,28.0
2018,3,SP,FRANCA,3.216,3.314,80.0,79.0
2018,3,SP,GARCA,3.396,3.508,17.0,24.0
2018,3,SP,GUARATINGUETA,3.365,3.557,18.0,30.0
2018,3,SP,GUARUJA,3.438,3.7,10.0,41.0
2018,3,SP,GUARULHOS,3.258,3.38,66.0,100.0
2018,3,SP,HORTOLANDIA,3.171,3.3,28.0,34.0
2018,3,SP,IBITINGA,3.293,3.423,22.0,22.0
2018,3,SP,INDAIATUBA,3.345,3.462,29.0,49.0
2018,3,SP,ITANHAEM,3.482,3.703,12.0,10.0
2018,3,SP,ITAPECERICA DA SERRA,3.272,3.362,30.0,28.0
2018,3,SP,ITAPETININGA,3.257,3.327,39.0,39.0
2018,3,SP,ITAPEVA,3.403,3.517,26.0,36.0
2018,3,SP,ITAPIRA,3.258,3.346,32.0,36.0
2018,3,SP,ITAPOLIS,3.333,3.414,32.0,26.0
2018,3,SP,ITAQUAQUECETUBA,3.291,3.433,20.0,32.0
2018,3,SP,ITATIBA,3.253,3.345,39.0,44.0
2018,3,SP,ITU,3.349,3.44,31.0,56.0
2018,3,SP,JABOTICABAL,3.248,3.378,35.0,40.0
2018,3,SP,JACAREI,3.238,3.296,33.0,42.0
2018,3,SP,JALES,3.253,3.359,36.0,32.0
2018,3,SP,JAU,3.372,3.492,26.0,33.0
2018,3,SP,JOSE BONIFACIO,3.234,3.336,40.0,36.0
2018,3,SP,JUNDIAI,3.382,3.431,25.0,54.0
2018,3,SP,LEME,3.185,3.366,34.0,52.0
2018,3,SP,LIMEIRA,3.18,3.35,41.0,67.0
2018,3,SP,LINS,3.372,3.445,30.0,38.0
2018,3,SP,LORENA,3.155,3.279,16.0,22.0
2018,3,SP,MARILIA,3.395,3.434,27.0,42.0
2018,3,SP,MATAO,3.237,3.352,46.0,38.0
2018,3,SP,MAUA,3.35,3.432,20.0,43.0
2018,3,SP,MIRASSOL,3.261,3.383,29.0,26.0
2018,3,SP,MOCOCA,3.176,3.24,40.0,21.0
2018,3,SP,MOGI DAS CRUZES,3.23,3.3,27.0,59.0
2018,3,SP,MOGI GUACU,3.252,3.354,35.0,36.0
2018,3,SP,MOGI MIRIM,3.231,3.359,20.0,40.0
2018,3,SP,MONTE ALTO,3.469,3.555,24.0,32.0
2018,3,SP,OLIMPIA,3.245,3.355,26.0,26.0
2018,3,SP,OSASCO,3.315,3.445,52.0,55.0
2018,3,SP,OURINHOS,3.224,3.403,40.0,52.0
2018,3,SP,PARAGUACU PAULISTA,3.358,3.417,32.0,28.0
2018,3,SP,PAULINIA,3.264,3.363,51.0,55.0
2018,3,SP,PINDAMONHANGABA,3.123,3.265,15.0,26.0
2018,3,SP,PIRACICABA,3.232,3.356,59.0,73.0
2018,3,SP,PIRASSUNUNGA,3.232,3.381,22.0,30.0
2018,3,SP,POA,3.208,3.315,18.0,12.0
2018,3,SP,PORTO FERREIRA,3.249,3.345,24.0,16.0
2018,3,SP,PRAIA GRANDE,3.465,3.533,21.0,40.0
2018,3,SP,PRESIDENTE PRUDENTE,3.342,3.42,52.0,61.0
2018,3,SP,PRESIDENTE VENCESLAU,3.393,3.479,36.0,38.0
2018,3,SP,RIBEIRAO PIRES,3.278,3.517,20.0,20.0
2018,3,SP,RIBEIRAO PRETO,3.231,3.387,50.0,85.0
2018,3,SP,RIO CLARO,3.234,3.334,40.0,39.0
2018,3,SP,SALTO,3.311,3.408,27.0,30.0
2018,3,SP,SANTA BARBARA D OESTE,3.222,3.354,51.0,42.0
2018,3,SP,SANTA CRUZ DO RIO PARDO,3.575,3.52,20.0,29.0
2018,3,SP,SANTO ANDRE,3.289,3.423,37.0,100.0
2018,3,SP,SANTOS,3.265,3.412,10.0,24.0
2018,3,SP,SAO BERNARDO DO CAMPO,3.363,3.457,16.0,66.0
2018,3,SP,SAO CAETANO DO SUL,3.141,3.43,5.0,33.0
2018,3,SP,SAO CARLOS,3.214,3.352,42.0,67.0
2018,3,SP,SAO JOAO DA BOA VISTA,3.242,3.322,39.0,41.0
2018,3,SP,SAO JOSE DO RIO PRETO,3.191,3.333,65.0,67.0
2018,3,SP,SAO JOSE DOS CAMPOS,3.204,3.308,27.0,56.0
2018,3,SP,SAO PAULO,3.25,3.447,139.0,558.0
2018,3,SP,SAO ROQUE,3.344,3.413,13.0,30.0
2018,3,SP,SAO VICENTE,3.24,3.464,24.0,31.0
2018,3,SP,SERTAOZINHO,3.342,3.466,36.0,33.0
2018,3,SP,SOROCABA,3.233,3.374,60.0,76.0
2018,3,SP,SUMARE,3.186,3.267,70.0,70.0
2018,3,SP,SUZANO,3.289,3.38,27.0,44.0
2018,3,SP,TABOAO DA SERRA,3.368,3.335,13.0,37.0
2018,3,SP,TATUI,3.386,3.459,21.0,32.0
2018,3,SP,TAUBATE,3.256,3.407,14.0,35.0
2018,3,SP,TUPA,3.307,3.404,42.0,41.0
2018,3,SP,UBATUBA,3.465,3.476,7.0,33.0
2018,3,SP,VALINHOS,3.25,3.346,39.0,42.0
2018,3,SP,VARZEA PAULISTA,3.268,3.382,31.0,21.0
2018,3,SP,VINHEDO,3.422,3.49,29.0,43.0
2018,3,SP,VOTORANTIM,3.259,3.365,30.0,36.0
2018,3,SP,VOTUPORANGA,3.48,3.574,49.0,48.0
2018,3,TO,ARAGUAINA,3.256,3.344,37.0,44.0
2018,3,TO,GURUPI,3.637,3.708,25.0,40.0
2018,3,TO,PALMAS,3.33,3.357,18.0,40.0
2018,3,TO,PARAISO DO TOCANTINS,3.28,3.382,21.0,32.0
2018,3,TO,PORTO NACIONAL,3.251,3.308,12.0,24.0
2018,4,AC,CRUZEIRO DO SUL,4.364,4.409,50.0,45.0
2018,4,AC,RIO BRANCO,4.078,4.143,107.0,108.0
2018,4,AL,ARAPIRACA,3.443,3.543,39.0,52.0
2018,4,AL,DELMIRO GOUVEIA,3.48,3.572,34.0,34.0
2018,4,AL,MACEIO,3.497,3.561,39.0,51.0
2018,4,AL,PALMEIRA DOS INDIOS,3.481,3.652,39.0,29.0
2018,4,AL,RIO LARGO,3.491,3.582,12.0,28.0
2018,4,AM,ITACOATIARA,3.877,4.015,39.0,25.0
2018,4,AM,MANACAPURU,3.36,3.534,20.0,10.0
2018,4,AM,MANAUS,3.521,3.631,98.0,110.0
2018,4,AM,PARINTINS,3.612,3.77,13.0,10.0
2018,4,AM,TEFE,,3.983,,15.0
2018,4,AP,MACAPA,3.933,4.442,67.0,49.0
2018,4,AP,SANTANA,3.966,4.39,19.0,8.0
2018,4,BA,ALAGOINHAS,3.302,3.426,26.0,41.0
2018,4,BA,BARREIRAS,3.602,3.678,45.0,47.0
2018,4,BA,BRUMADO,3.508,3.613,32.0,30.0
2018,4,BA,CAETITE,3.602,3.707,20.0,24.0
2018,4,BA,CAMACARI,3.376,3.461,39.0,51.0
2018,4,BA,EUNAPOLIS,3.516,3.674,27.0,38.0
2018,4,BA,FEIRA DE SANTANA,3.266,3.342,58.0,76.0
2018,4,BA,GUANAMBI,3.496,3.645,44.0,36.0
2018,4,BA,ILHEUS,3.568,3.77,44.0,43.0
2018,4,BA,IPIRA,3.343,3.494,27.0,11.0
2018,4,BA,IRECE,3.431,3.527,35.0,25.0
2018,4,BA,ITABUNA,3.483,3.571,46.0,59.0
2018,4,BA,ITAMARAJU,3.536,3.623,24.0,20.0
2018,4,BA,JACOBINA,3.29,3.381,25.0,20.0
2018,4,BA,JAGUAQUARA,3.364,3.44,34.0,22.0
2018,4,BA,JEQUIE,3.472,3.549,37.0,26.0
2018,4,BA,JUAZEIRO,3.548,3.668,33.0,40.0
2018,4,BA,LAURO DE FREITAS,3.279,3.396,20.0,49.0
2018,4,BA,LIVRAMENTO DE NOSSA SENHORA,3.543,3.65,28.0,19.0
2018,4,BA,PAULO AFONSO,3.48,3.559,20.0,28.0
2018,4,BA,POCOES,3.392,3.488,35.0,20.0
2018,4,BA,PORTO SEGURO,3.956,4.153,22.0,24.0
2018,4,BA,SALVADOR,3.325,3.43,79.0,224.0
2018,4,BA,SANTO ANTONIO DE JESUS,3.32,3.434,29.0,23.0
2018,4,BA,SENHOR DO BONFIM,3.417,3.484,39.0,23.0
2018,4,BA,SERRINHA,3.333,3.404,21.0,20.0
2018,4,BA,SIMOES FILHO,3.371,3.449,38.0,27.0
2018,4,BA,TEIXEIRA DE FREITAS,3.492,3.611,32.0,34.0
2018,4,BA,VALENCA,3.487,3.571,49.0,25.0
2018,4,BA,VITORIA DA CONQUISTA,3.379,3.553,30.0,37.0
2018,4,CE,CANINDE,3.526,3.615,34.0,31.0
2018,4,CE,CAUCAIA,,3.574,,80.0
2018,4,CE,CRATEUS,3.624,3.723,29.0,32.0
2018,4,CE,CRATO,3.696,3.765,36.0,32.0
2018,4,CE,FORTALEZA,,3.584,,402.0
2018,4,CE,ICO,3.588,3.652,15.0,27.0
2018,4,CE,IGUATU,3.585,3.672,20.0,43.0
2018,4,CE,ITAPIPOCA,3.587,3.682,30.0,33.0
2018,4,CE,JUAZEIRO DO NORTE,3.724,3.776,38.0,48.0
2018,4,CE,LIMOEIRO DO NORTE,3.596,3.661,16.0,19.0
2018,4,CE,MARACANAU,,3.58,,40.0
2018,4,CE,QUIXADA,3.581,3.68,28.0,28.0
2018,4,CE,SOBRAL,3.557,3.659,52.0,59.0
2018,4,DF,BRASILIA,3.614,3.737,113.0,177.0
2018,4,ES,ARACRUZ,3.366,3.479,25.0,29.0
2018,4,ES,CACHOEIRO DE ITAPEMIRIM,3.441,3.586,41.0,33.0
2018,4,ES,CARIACICA,3.269,3.396,23.0,28.0
2018,4,ES,COLATINA,3.396,3.503,37.0,39.0
2018,4,ES,GUARAPARI,3.45,3.556,38.0,30.0
2018,4,ES,LINHARES,3.336,3.358,36.0,41.0
2018,4,ES,SAO MATEUS,3.345,3.477,33.0,22.0
2018,4,ES,SERRA,3.299,3.397,42.0,24.0
2018,4,ES,VILA VELHA,3.284,3.415,33.0,47.0
2018,4,ES,VITORIA,3.295,3.43,24.0,60.0
2018,4,GO,AGUAS LINDAS DE GOIAS,3.683,3.76,16.0,16.0
2018,4,GO,ANAPOLIS,3.406,3.495,57.0,31.0
2018,4,GO,APARECIDA DE GOIANIA,3.394,3.481,32.0,29.0
2018,4,GO,CALDAS NOVAS,3.472,3.627,32.0,20.0
2018,4,GO,CATALAO,3.628,3.714,35.0,31.0
2018,4,GO,FORMOSA,3.533,3.635,31.0,35.0
2018,4,GO,GOIANIA,3.393,3.524,85.0,171.0
2018,4,GO,GOIATUBA,3.504,3.648,48.0,21.0
2018,4,GO,ITUMBIARA,3.507,3.607,59.0,32.0
2018,4,GO,JATAI,3.743,3.828,52.0,43.0
2018,4,GO,LUZIANIA,3.496,3.606,45.0,22.0
2018,4,GO,MINEIROS,3.534,3.679,23.0,16.0
2018,4,GO,MORRINHOS,3.533,3.687,55.0,20.0
2018,4,GO,PORANGATU,3.469,3.564,27.0,20.0
2018,4,GO,RIO VERDE,3.637,3.688,34.0,80.0
2018,4,GO,TRINDADE,3.439,3.504,28.0,5.0
2018,4,GO,VALPARAISO DE GOIAS,3.463,3.557,34.0,14.0
2018,4,MA,ACAILANDIA,3.448,3.537,27.0,27.0
2018,4,MA,BACABAL,3.24,3.25,4.0,12.0
2018,4,MA,BALSAS,3.521,3.589,29.0,34.0
2018,4,MA,BARRA DO CORDA,3.341,3.396,15.0,15.0
2018,4,MA,CAXIAS,3.356,3.481,28.0,35.0
2018,4,MA,CODO,3.503,3.559,25.0,20.0
2018,4,MA,IMPERATRIZ,3.468,3.519,29.0,48.0
2018,4,MA,PINHEIRO,3.479,3.559,18.0,14.0
2018,4,MA,PRESIDENTE DUTRA,3.368,3.415,8.0,12.0
2018,4,MA,SANTA INES,3.466,3.528,15.0,25.0
2018,4,MA,SAO JOSE DE RIBAMAR,3.255,3.331,16.0,43.0
2018,4,MA,SAO LUIS,3.276,3.322,43.0,180.0
2018,4,MG,ALFENAS,3.587,3.655,16.0,19.0
2018,4,MG,ARAGUARI,3.503,3.623,71.0,59.0
2018,4,MG,ARAXA,3.568,3.673,35.0,31.0
2018,4,MG,BARBACENA,3.497,3.566,17.0,29.0
2018,4,MG,BELO HORIZONTE,3.532,3.637,45.0,121.0
2018,4,MG,BETIM,3.444,3.537,33.0,54.0
2018,4,MG,BOM DESPACHO,3.636,3.717,26.0,21.0
2018,4,MG,CAMPO BELO,3.565,3.668,23.0,17.0
2018,4,MG,CARATINGA,3.561,3.617,35.0,20.0
2018,4,MG,CONGONHAS,3.497,3.578,23.0,25.0
2018,4,MG,CONSELHEIRO LAFAIETE,3.549,3.614,25.0,11.0
2018,4,MG,CONTAGEM,3.41,3.511,65.0,50.0
2018,4,MG,CORONEL FABRICIANO,3.501,3.605,21.0,18.0
2018,4,MG,CURVELO,3.425,3.545,21.0,31.0
2018,4,MG,DIVINOPOLIS,3.606,3.652,20.0,38.0
2018,4,MG,FORMIGA,3.488,3.622,25.0,16.0
2018,4,MG,FRUTAL,3.613,3.758,16.0,31.0
2018,4,MG,GOVERNADOR VALADARES,3.535,3.666,35.0,55.0
2018,4,MG,GUAXUPE,3.477,3.556,35.0,33.0
2018,4,MG,IPATINGA,3.47,3.541,36.0,39.0
2018,4,MG,ITABIRA,3.563,3.682,28.0,31.0
2018,4,MG,ITAJUBA,3.539,3.617,15.0,25.0
2018,4,MG,ITAUNA,3.37,3.582,19.0,9.0
2018,4,MG,ITUIUTABA,3.516,3.632,40.0,48.0
2018,4,MG,JANAUBA,3.531,3.715,20.0,20.0
2018,4,MG,JANUARIA,3.635,3.739,24.0,16.0
2018,4,MG,JOAO MONLEVADE,3.489,3.594,16.0,16.0
2018,4,MG,JOAO PINHEIRO,3.702,3.798,24.0,20.0
2018,4,MG,JUIZ DE FORA,3.491,3.653,25.0,37.0
2018,4,MG,LAVRAS,3.647,3.714,13.0,39.0
2018,4,MG,LEOPOLDINA,3.4,3.492,29.0,20.0
2018,4,MG,MANHUACU,3.519,3.639,30.0,20.0
2018,4,MG,MONTE CARMELO,3.575,3.681,40.0,40.0
2018,4,MG,MONTES CLAROS,3.348,3.499,56.0,32.0
2018,4,MG,MURIAE,3.537,3.657,27.0,35.0
2018,4,MG,NOVA LIMA,3.512,3.64,9.0,34.0
2018,4,MG,OLIVEIRA,3.457,3.581,34.0,20.0
2018,4,MG,OURO PRETO,3.644,3.708,16.0,20.0
2018,4,MG,PARA DE MINAS,3.819,3.908,21.0,24.0
2018,4,MG,PARACATU,3.74,3.827,23.0,20.0
2018,4,MG,PASSOS,3.452,3.557,29.0,34.0
2018,4,MG,PATOS DE MINAS,3.597,3.689,36.0,32.0
2018,4,MG,PATROCINIO,3.652,3.742,34.0,19.0
2018,4,MG,POCOS DE CALDAS,3.442,3.571,22.0,37.0
2018,4,MG,POUSO ALEGRE,3.489,3.588,33.0,50.0
2018,4,MG,SABARA,3.477,3.525,16.0,20.0
2018,4,MG,SAO JOAO DEL REI,3.538,3.627,20.0,20.0
2018,4,MG,SAO SEBASTIAO DO PARAISO,3.558,3.645,25.0,31.0
2018,4,MG,SETE LAGOAS,3.321,3.475,62.0,50.0
2018,4,MG,TEOFILO OTONI,3.555,3.639,43.0,43.0
2018,4,MG,TIMOTEO,3.47,3.595,15.0,25.0
2018,4,MG,TRES CORACOES,3.744,3.793,19.0,25.0
2018,4,MG,UBA,3.566,3.65,23.0,27.0
2018,4,MG,UBERABA,3.484,3.567,57.0,73.0
2018,4,MG,UBERLANDIA,3.524,3.646,84.0,56.0
2018,4,MG,UNAI,3.628,3.753,42.0,46.0
2018,4,MG,VARGINHA,3.598,3.653,31.0,46.0
2018,4,MG,VICOSA,3.762,3.846,4.0,18.0
2018,4,MS,CAMPO GRANDE,3.648,3.783,98.0,135.0
2018,4,MS,CORUMBA,3.909,4.06,23.0,20.0
2018,4,MS,COXIM,3.684,3.783,29.0,29.0
2018,4,MS,DOURADOS,3.832,3.939,19.0,48.0
2018,4,MS,NOVA ANDRADINA,3.75,3.831,25.0,29.0
2018,4,MS,PONTA PORA,3.676,3.779,15.0,19.0
2018,4,MS,TRES LAGOAS,3.926,4.035,40.0,50.0
2018,4,MT,ALTA FLORESTA,4.102,4.183,40.0,36.0
2018,4,MT,CACERES,3.588,3.672,30.0,35.0
2018,4,MT,CUIABA,3.65,3.751,123.0,207.0
2018,4,MT,RONDONOPOLIS,3.766,3.873,81.0,70.0
2018,4,MT,SINOP,3.806,3.913,36.0,56.0
2018,4,MT,SORRISO,3.899,3.993,29.0,45.0
2018,4,MT,VARZEA GRANDE,3.571,3.691,44.0,52.0
2018,4,PA,ABAETETUBA,3.973,4.038,16.0,11.0
2018,4,PA,ALENQUER,3.966,4.125,12.0,8.0
2018,4,PA,ALTAMIRA,3.937,4.17,24.0,25.0
2018,4,PA,ANANINDEUA,,3.559,,36.0
2018,4,PA,BELEM,,3.527,,81.0
2018,4,PA,BRAGANCA,,3.314,,20.0
2018,4,PA,CAMETA,3.465,3.567,10.0,15.0
2018,4,PA,CASTANHAL,3.449,3.529,22.0,30.0
2018,4,PA,CONCEICAO DO ARAGUAIA,3.68,3.755,16.0,16.0
2018,4,PA,ITAITUBA,3.534,3.646,19.0,27.0
2018,4,PA,MARABA,3.713,3.778,35.0,69.0
2018,4,PA,PARAGOMINAS,3.412,3.497,19.0,19.0
2018,4,PA,PARAUAPEBAS,3.728,3.806,33.0,37.0
2018,4,PA,REDENCAO,3.715,3.798,19.0,20.0
2018,4,PA,SANTAREM,3.632,3.718,50.0,53.0
2018,4,PA,XINGUARA,3.533,3.619,29.0,29.0
2018,4,PB,BAYEUX,3.316,3.399,24.0,24.0
2018,4,PB,CABEDELO,3.337,3.458,16.0,16.0
2018,4,PB,CAMPINA GRANDE,3.33,3.4,43.0,61.0
2018,4,PB,JOAO PESSOA,3.27,3.369,33.0,77.0
2018,4,PB,PATOS,3.444,3.574,24.0,20.0
2018,4,PB,SOUSA,3.52,3.538,11.0,15.0
2018,4,PE,ARARIPINA,3.418,3.426,26.0,41.0
2018,4,PE,ARCOVERDE,3.37,3.387,2.0,40.0
2018,4,PE,BELO JARDIM,3.339,3.351,5.0,35.0
2018,4,PE,CABO DE SANTO AGOSTINHO,,3.354,,29.0
2018,4,PE,CARUARU,,3.391,,79.0
2018,4,PE,GARANHUNS,3.228,3.278,10.0,56.0
2018,4,PE,GOIANA,3.325,3.371,2.0,28.0
2018,4,PE,IGARASSU,,3.267,,31.0
2018,4,PE,JABOATAO DOS GUARARAPES,,3.333,,53.0
2018,4,PE,LAJEDO,3.349,3.33,16.0,23.0
2018,4,PE,OLINDA,,3.359,,34.0
2018,4,PE,PAULISTA,,3.357,,48.0
2018,4,PE,PETROLINA,3.53,3.629,41.0,51.0
2018,4,PE,RECIFE,,3.336,,96.0
2018,4,PE,SALGUEIRO,3.389,3.421,9.0,31.0
2018,4,PE,SANTA CRUZ DO CAPIBARIBE,,3.427,,24.0
2018,4,PE,SERRA TALHADA,3.3,3.42,5.0,38.0
2018,4,PE,VITORIA DE SANTO ANTAO,3.249,3.339,4.0,32.0
2018,4,PI,PARNAIBA,3.565,3.663,39.0,54.0
2018,4,PI,PICOS,3.523,3.577,38.0,39.0
2018,4,PI,PIRIPIRI,3.507,3.587,18.0,24.0
2018,4,PI,TERESINA,3.516,3.616,69.0,160.0
2018,4,PR,APUCARANA,3.307,3.404,47.0,45.0
2018,4,PR,ARAPONGAS,3.205,3.371,30.0,30.0
2018,4,PR,ARAUCARIA,3.084,3.212,38.0,29.0
2018,4,PR,ASSIS CHATEAUBRIAND,3.269,3.368,28.0,31.0
2018,4,PR,CAMBE,3.298,3.421,39.0,37.0
2018,4,PR,CAMPO LARGO,3.186,3.277,25.0,20.0
2018,4,PR,CAMPO MOURAO,3.169,3.249,55.0,41.0
2018,4,PR,CASCAVEL,3.362,3.457,35.0,63.0
2018,4,PR,CASTRO,3.26,3.38,23.0,24.0
2018,4,PR,CIANORTE,3.305,3.397,43.0,35.0
2018,4,PR,COLOMBO,3.156,3.27,54.0,43.0
2018,4,PR,CORNELIO PROCOPIO,3.321,3.337,25.0,14.0
2018,4,PR,CURITIBA,3.138,3.279,69.0,196.0
2018,4,PR,FOZ DO IGUACU,3.316,3.483,26.0,53.0
2018,4,PR,FRANCISCO BELTRAO,3.201,3.324,27.0,22.0
2018,4,PR,GUARAPUAVA,3.22,3.291,34.0,48.0
2018,4,PR,LONDRINA,3.271,3.35,43.0,88.0
2018,4,PR,MARECHAL CANDIDO RONDON,3.318,3.418,29.0,19.0
2018,4,PR,MARINGA,3.29,3.42,25.0,77.0
2018,4,PR,PARANAGUA,3.193,3.325,25.0,29.0
2018,4,PR,PARANAVAI,3.271,3.31,17.0,22.0
2018,4,PR,PATO BRANCO,3.259,3.383,20.0,35.0
2018,4,PR,PINHAIS,3.204,3.377,19.0,31.0
2018,4,PR,PONTA GROSSA,3.194,3.281,29.0,60.0
2018,4,PR,SANTO ANTONIO DA PLATINA,3.142,3.256,18.0,33.0
2018,4,PR,SAO JOSE DOS PINHAIS,3.125,3.223,37.0,55.0
2018,4,PR,TOLEDO,3.31,3.428,34.0,27.0
2018,4,PR,UMUARAMA,3.245,3.351,32.0,47.0
2018,4,PR,UNIAO DA VITORIA,3.376,3.471,38.0,33.0
2018,4,RJ,ANGRA DOS REIS,3.814,3.853,11.0,30.0
2018,4,RJ,ARARUAMA,3.626,3.693,22.0,34.0
2018,4,RJ,BARRA DO PIRAI,3.683,3.798,28.0,24.0
2018,4,RJ,BARRA MANSA,3.588,3.789,32.0,31.0
2018,4,RJ,BELFORD ROXO,3.56,3.723,26.0,35.0
2018,4,RJ,CABO FRIO,3.725,3.825,16.0,35.0
2018,4,RJ,CAMPOS DOS GOYTACAZES,3.504,3.62,47.0,57.0
2018,4,RJ,DUQUE DE CAXIAS,3.571,3.724,50.0,71.0
2018,4,RJ,ITABORAI,3.54,3.64,39.0,34.0
2018,4,RJ,ITAGUAI,3.49,3.67,15.0,26.0
2018,4,RJ,ITAPERUNA,3.603,3.731,22.0,22.0
2018,4,RJ,MACAE,3.664,3.854,14.0,39.0
2018,4,RJ,MAGE,3.499,3.603,15.0,25.0
2018,4,RJ,MARICA,3.653,3.72,24.0,45.0
2018,4,RJ,NILOPOLIS,3.449,3.66,3.0,13.0
2018,4,RJ,NITEROI,3.711,3.779,14.0,65.0
2018,4,RJ,NOVA FRIBURGO,3.59,3.653,25.0,40.0
2018,4,RJ,NOVA IGUACU,3.553,3.679,42.0,50.0
2018,4,RJ,PETROPOLIS,3.623,3.727,31.0,45.0
2018,4,RJ,RESENDE,3.59,3.749,13.0,35.0
2018,4,RJ,RIO BONITO,3.635,3.756,30.0,30.0
2018,4,RJ,RIO DE JANEIRO,3.57,3.766,137.0,208.0
2018,4,RJ,SANTO ANTONIO DE PADUA,3.573,3.628,25.0,10.0
2018,4,RJ,SAO FRANCISCO DE ITABAPOANA,3.565,3.662,28.0,12.0
2018,4,RJ,SAO GONCALO,3.591,3.692,44.0,49.0
2018,4,RJ,SAO JOAO DE MERITI,3.532,3.68,31.0,34.0
2018,4,RJ,SAPUCAIA,3.408,3.495,43.0,29.0
2018,4,RJ,SAQUAREMA,3.729,3.903,25.0,19.0
2018,4,RJ,TERESOPOLIS,3.569,3.66,27.0,57.0
2018,4,RJ,TRES RIOS,3.522,3.654,26.0,30.0
2018,4,RJ,VALENCA,3.704,3.824,20.0,40.0
2018,4,RJ,VOLTA REDONDA,3.778,3.897,30.0,22.0
2018,4,RN,CAICO,3.552,3.634,21.0,22.0
2018,4,RN,MOSSORO,3.542,3.677,79.0,67.0
2018,4,RN,NATAL,3.547,3.661,68.0,93.0
2018,4,RN,PARNAMIRIM,3.58,3.683,44.0,46.0
2018,4,RO,ARIQUEMES,3.668,3.754,32.0,36.0
2018,4,RO,CACOAL,3.631,3.734,32.0,32.0
2018,4,RO,JI PARANA,3.646,3.726,69.0,49.0
2018,4,RO,PIMENTA BUENO,3.703,3.781,22.0,28.0
2018,4,RO,PORTO VELHO,3.557,3.657,84.0,84.0
2018,4,RO,VILHENA,3.731,3.818,46.0,44.0
2018,4,RR,BOA VISTA,3.533,3.612,41.0,50.0
2018,4,RS,ALEGRETE,3.524,3.62,16.0,19.0
2018,4,RS,ALVORADA,3.292,3.227,15.0,11.0
2018,4,RS,BAGE,3.682,3.771,16.0,35.0
2018,4,RS,BENTO GONCALVES,3.383,3.466,21.0,35.0
2018,4,RS,CACHOEIRA DO SUL,3.421,3.541,39.0,32.0
2018,4,RS,CACHOEIRINHA,3.188,3.303,49.0,44.0
2018,4,RS,CANOAS,3.236,3.332,56.0,61.0
2018,4,RS,CAXIAS DO SUL,3.527,3.554,17.0,50.0
2018,4,RS,CRUZ ALTA,3.314,3.401,41.0,28.0
2018,4,RS,ERECHIM,3.403,3.564,26.0,40.0
2018,4,RS,ESTEIO,3.291,3.419,28.0,33.0
2018,4,RS,GRAMADO,3.562,3.69,16.0,20.0
2018,4,RS,GRAVATAI,3.211,3.332,51.0,50.0
2018,4,RS,GUAIBA,3.289,3.388,31.0,33.0
2018,4,RS,IJUI,3.398,3.554,26.0,35.0
2018,4,RS,LAJEADO,3.383,3.503,20.0,24.0
2018,4,RS,NOVO HAMBURGO,3.225,3.331,43.0,55.0
2018,4,RS,OSORIO,3.242,3.34,27.0,24.0
2018,4,RS,PASSO FUNDO,3.341,3.508,42.0,55.0
2018,4,RS,PELOTAS,3.437,3.584,31.0,49.0
2018,4,RS,PORTO ALEGRE,3.257,3.4,28.0,92.0
2018,4,RS,RIO GRANDE,3.383,3.505,55.0,60.0
2018,4,RS,SANTA CRUZ DO SUL,3.352,3.392,32.0,53.0
2018,4,RS,SANTA MARIA,3.448,3.526,34.0,36.0
2018,4,RS,SANTA ROSA,3.396,3.53,30.0,30.0
2018,4,RS,SANTANA DO LIVRAMENTO,3.55,3.728,21.0,28.0
2018,4,RS,SANTO ANGELO,3.472,3.563,33.0,33.0
2018,4,RS,SAO GABRIEL,3.501,3.617,23.0,24.0
2018,4,RS,SAO LEOPOLDO,3.176,3.299,42.0,43.0
2018,4,RS,SAO LUIZ GONZAGA,3.344,3.397,25.0,20.0
2018,4,RS,SAPIRANGA,3.251,3.355,29.0,45.0
2018,4,RS,SAPUCAIA DO SUL,3.128,3.303,37.0,24.0
2018,4,RS,TORRES,3.296,3.403,19.0,25.0
2018,4,RS,URUGUAIANA,3.446,3.493,24.0,35.0
2018,4,RS,VACARIA,3.414,3.452,26.0,45.0
2018,4,RS,VIAMAO,3.267,3.372,19.0,15.0
2018,4,SC,ARARANGUA,3.201,3.277,30.0,32.0
2018,4,SC,BALNEARIO CAMBORIU,3.296,3.467,5.0,43.0
2018,4,SC,BIGUACU,3.224,3.326,24.0,45.0
2018,4,SC,BLUMENAU,3.324,3.382,53.0,74.0
2018,4,SC,BRUSQUE,3.329,3.389,22.0,45.0
2018,4,SC,CACADOR,3.364,3.481,34.0,35.0
2018,4,SC,CHAPECO,3.382,3.48,31.0,27.0
2018,4,SC,CONCORDIA,3.323,3.442,22.0,27.0
2018,4,SC,CRICIUMA,3.17,3.281,43.0,51.0
2018,4,SC,FLORIANOPOLIS,3.389,3.512,19.0,126.0
2018,4,SC,ITAJAI,3.265,3.366,6.0,49.0
2018,4,SC,JARAGUA DO SUL,3.372,3.451,39.0,47.0
2018,4,SC,JOINVILLE,3.253,3.309,30.0,74.0
2018,4,SC,LAGES,3.237,3.447,8.0,39.0
2018,4,SC,LAGUNA,3.229,3.308,26.0,34.0
2018,4,SC,MAFRA,3.367,3.387,22.0,30.0
2018,4,SC,PALHOCA,3.264,3.362,31.0,75.0
2018,4,SC,SAO JOSE,3.223,3.376,21.0,76.0
2018,4,SC,TUBARAO,3.184,3.288,29.0,45.0
2018,4,SC,VIDEIRA,3.351,3.408,23.0,30.0
2018,4,SC,XANXERE,3.244,3.348,15.0,20.0
2018,4,SE,ARACAJU,3.526,3.654,8.0,72.0
2018,4,SE,ITABAIANA,3.427,3.503,28.0,28.0
2018,4,SE,LAGARTO,3.344,3.388,12.0,20.0
2018,4,SE,NOSSA SENHORA DO SOCORRO,3.395,3.513,28.0,32.0
2018,4,SP,ADAMANTINA,3.323,3.482,25.0,35.0
2018,4,SP,AMERICANA,3.213,3.373,14.0,48.0
2018,4,SP,AMPARO,3.344,3.385,44.0,39.0
2018,4,SP,ARACATUBA,3.364,3.485,56.0,86.0
2018,4,SP,ARARAQUARA,3.342,3.495,44.0,47.0
2018,4,SP,ARARAS,3.214,3.333,47.0,44.0
2018,4,SP,ASSIS,3.438,3.522,48.0,69.0
2018,4,SP,ATIBAIA,3.326,3.478,38.0,56.0
2018,4,SP,AVARE,3.522,3.602,36.0,36.0
2018,4,SP,BARRETOS,3.422,3.523,33.0,60.0
2018,4,SP,BARUERI,3.25,3.484,33.0,66.0
2018,4,SP,BAURU,3.271,3.391,60.0,71.0
2018,4,SP,BEBEDOURO,3.317,3.437,23.0,40.0
2018,4,SP,BIRIGUI,3.347,3.441,32.0,48.0
2018,4,SP,BOTUCATU,3.355,3.459,16.0,22.0
2018,4,SP,BRAGANCA PAULISTA,3.309,3.444,36.0,36.0
2018,4,SP,CACAPAVA,3.268,3.41,17.0,32.0
2018,4,SP,CAMPINAS,3.347,3.445,91.0,113.0
2018,4,SP,CARAGUATATUBA,3.578,3.675,35.0,41.0
2018,4,SP,CARAPICUIBA,3.302,3.413,14.0,40.0
2018,4,SP,CATANDUVA,3.283,3.474,21.0,37.0
2018,4,SP,COSMOPOLIS,3.28,3.419,19.0,16.0
2018,4,SP,COTIA,3.412,3.532,33.0,45.0
2018,4,SP,CRUZEIRO,3.439,3.531,22.0,22.0
2018,4,SP,CUBATAO,3.472,3.581,18.0,27.0
2018,4,SP,DIADEMA,3.33,3.452,18.0,40.0
2018,4,SP,DRACENA,3.42,3.484,32.0,33.0
2018,4,SP,EMBU DAS ARTES,3.339,3.456,48.0,28.0
2018,4,SP,FRANCA,3.259,3.348,62.0,64.0
2018,4,SP,GARCA,3.438,3.539,16.0,24.0
2018,4,SP,GUARATINGUETA,3.404,3.607,18.0,28.0
2018,4,SP,GUARUJA,3.304,3.629,11.0,39.0
2018,4,SP,GUARULHOS,3.327,3.439,47.0,79.0
2018,4,SP,HORTOLANDIA,3.208,3.303,27.0,38.0
2018,4,SP,IBITINGA,3.335,3.478,22.0,22.0
2018,4,SP,INDAIATUBA,3.393,3.488,28.0,52.0
2018,4,SP,ITANHAEM,3.485,3.693,13.0,14.0
2018,4,SP,ITAPECERICA DA SERRA,3.311,3.422,32.0,28.0
2018,4,SP,ITAPETININGA,3.359,3.406,54.0,54.0
2018,4,SP,ITAPEVA,3.405,3.526,24.0,36.0
2018,4,SP,ITAPIRA,3.305,3.374,44.0,45.0
2018,4,SP,ITAPOLIS,3.386,3.469,32.0,25.0
2018,4,SP,ITAQUAQUECETUBA,3.323,3.453,21.0,32.0
2018,4,SP,ITATIBA,3.326,3.398,50.0,55.0
2018,4,SP,ITU,3.463,3.528,40.0,68.0
2018,4,SP,JABOTICABAL,3.366,3.445,33.0,46.0
2018,4,SP,JACAREI,3.25,3.336,35.0,44.0
2018,4,SP,JALES,3.292,3.399,44.0,39.0
2018,4,SP,JAU,3.403,3.536,33.0,44.0
2018,4,SP,JOSE BONIFACIO,3.27,3.373,40.0,36.0
2018,4,SP,JUNDIAI,3.391,3.442,24.0,56.0
2018,4,SP,LEME,3.3,3.436,32.0,52.0
2018,4,SP,LIMEIRA,3.253,3.396,46.0,58.0
2018,4,SP,LINS,3.444,3.519,30.0,36.0
2018,4,SP,LORENA,3.267,3.374,17.0,23.0
2018,4,SP,MARILIA,3.423,3.45,26.0,47.0
2018,4,SP,MATAO,3.29,3.383,46.0,38.0
2018,4,SP,MAUA,3.386,3.446,16.0,39.0
2018,4,SP,MIRASSOL,3.305,3.415,30.0,27.0
2018,4,SP,MOCOCA,3.216,3.281,40.0,23.0
2018,4,SP,MOGI DAS CRUZES,3.297,3.366,32.0,64.0
2018,4,SP,MOGI GUACU,3.29,3.416,42.0,40.0
2018,4,SP,MOGI MIRIM,3.259,3.377,23.0,47.0
2018,4,SP,MONTE ALTO,3.514,3.581,24.0,32.0
2018,4,SP,OLIMPIA,3.357,3.497,26.0,26.0
2018,4,SP,OSASCO,3.351,3.481,60.0,80.0
2018,4,SP,OURINHOS,3.296,3.452,40.0,51.0
2018,4,SP,PARAGUACU PAULISTA,3.442,3.471,32.0,22.0
2018,4,SP,PAULINIA,3.293,3.389,42.0,46.0
2018,4,SP,PINDAMONHANGABA,3.222,3.344,19.0,30.0
2018,4,SP,PIRACICABA,3.283,3.388,57.0,71.0
2018,4,SP,PIRASSUNUNGA,3.279,3.411,23.0,31.0
2018,4,SP,POA,3.25,3.406,17.0,13.0
2018,4,SP,PORTO FERREIRA,3.303,3.393,30.0,20.0
2018,4,SP,PRAIA GRANDE,3.411,3.448,19.0,40.0
2018,4,SP,PRESIDENTE PRUDENTE,3.382,3.466,49.0,61.0
2018,4,SP,PRESIDENTE VENCESLAU,3.454,3.541,36.0,40.0
2018,4,SP,RIBEIRAO PIRES,3.308,3.532,18.0,21.0
2018,4,SP,RIBEIRAO PRETO,3.309,3.441,45.0,92.0
2018,4,SP,RIO CLARO,3.286,3.426,50.0,46.0
2018,4,SP,SALTO,3.335,3.482,36.0,37.0
2018,4,SP,SANTA BARBARA D OESTE,3.249,3.365,40.0,34.0
2018,4,SP,SANTA CRUZ DO RIO PARDO,3.534,3.506,25.0,36.0
2018,4,SP,SANTO ANDRE,3.302,3.42,33.0,78.0
2018,4,SP,SANTOS,3.422,3.438,4.0,22.0
2018,4,SP,SAO BERNARDO DO CAMPO,3.408,3.499,23.0,58.0
2018,4,SP,SAO CAETANO DO SUL,3.189,3.459,3.0,51.0
2018,4,SP,SAO CARLOS,3.312,3.435,54.0,79.0
2018,4,SP,SAO JOAO DA BOA VISTA,3.259,3.349,49.0,51.0
2018,4,SP,SAO JOSE DO RIO PRETO,3.296,3.441,65.0,63.0
2018,4,SP,SAO JOSE DOS CAMPOS,3.293,3.381,28.0,71.0
2018,4,SP,SAO PAULO,3.31,3.492,134.0,521.0
2018,4,SP,SAO ROQUE,3.405,3.449,12.0,29.0
2018,4,SP,SAO VICENTE,3.296,3.442,35.0,49.0
2018,4,SP,SERTAOZINHO,3.363,3.478,44.0,45.0
2018,4,SP,SOROCABA,3.296,3.427,75.0,94.0
2018,4,SP,SUMARE,3.202,3.28,55.0,54.0
2018,4,SP,SUZANO,3.289,3.399,34.0,52.0
2018,4,SP,TABOAO DA SERRA,3.362,3.374,11.0,38.0
2018,4,SP,TATUI,3.451,3.514,23.0,44.0
2018,4,SP,TAUBATE,3.368,3.431,13.0,40.0
2018,4,SP,TUPA,3.344,3.437,44.0,41.0
2018,4,SP,UBATUBA,3.509,3.521,8.0,39.0
2018,4,SP,VALINHOS,3.28,3.368,31.0,35.0
2018,4,SP,VARZEA PAULISTA,3.308,3.382,28.0,28.0
2018,4,SP,VINHEDO,3.435,3.516,24.0,36.0
2018,4,SP,VOTORANTIM,3.306,3.389,29.0,36.0
2018,4,SP,VOTUPORANGA,3.493,3.587,32.0,39.0
2018,4,TO,ARAGUAINA,3.317,3.393,37.0,44.0
2018,4,TO,GURUPI,3.702,3.788,32.0,49.0
2018,4,TO,PALMAS,3.332,3.376,20.0,34.0
2018,4,TO,PARAISO DO TOCANTINS,3.423,3.466,23.0,32.0
2018,4,TO,PORTO NACIONAL,3.28,3.34,18.0,25.0
2018,5,AC,CRUZEIRO DO SUL,4.523,4.588,31.0,29.0
2018,5,AC,RIO BRANCO,4.346,4.419,118.0,126.0
2018,5,AL,ARAPIRACA,3.672,3.744,28.0,33.0
2018,5,AL,DELMIRO GOUVEIA,3.751,3.815,24.0,22.0
2018,5,AL,MACEIO,3.719,3.759,43.0,52.0
2018,5,AL,PALMEIRA DOS INDIOS,3.681,3.817,26.0,20.0
2018,5,AL,RIO LARGO,3.633,3.714,13.0,26.0
2018,5,AM,ITACOATIARA,3.964,4.11,36.0,24.0
2018,5,AM,MANACAPURU,3.455,3.69,12.0,6.0
2018,5,AM,MANAUS,3.663,3.783,112.0,144.0
2018,5,AM,PARINTINS,3.748,3.85,8.0,4.0
2018,5,AM,TEFE,,4.044,,11.0
2018,5,AP,MACAPA,4.136,4.585,76.0,51.0
2018,5,AP,SANTANA,4.14,4.673,21.0,10.0
2018,5,BA,ALAGOINHAS,3.474,3.612,18.0,28.0
2018,5,BA,BARREIRAS,3.83,3.899,25.0,30.0
2018,5,BA,BRUMADO,3.779,3.85,17.0,19.0
2018,5,BA,CAETITE,3.699,3.798,20.0,23.0
2018,5,BA,CAMACARI,3.577,3.685,33.0,36.0
2018,5,BA,EUNAPOLIS,3.814,3.891,21.0,27.0
2018,5,BA,FEIRA DE SANTANA,3.54,3.612,58.0,87.0
2018,5,BA,GUANAMBI,3.734,3.868,28.0,22.0
2018,5,BA,ILHEUS,3.735,3.935,24.0,25.0
2018,5,BA,IPIRA,3.601,3.793,16.0,6.0
2018,5,BA,IRECE,3.662,3.751,19.0,15.0
2018,5,BA,ITABUNA,3.674,3.706,28.0,42.0
2018,5,BA,ITAMARAJU,3.689,3.78,24.0,20.0
2018,5,BA,JACOBINA,3.575,3.658,15.0,12.0
2018,5,BA,JAGUAQUARA,3.56,3.638,21.0,12.0
2018,5,BA,JEQUIE,3.673,3.797,24.0,16.0
2018,5,BA,JUAZEIRO,3.65,3.755,17.0,20.0
2018,5,BA,LAURO DE FREITAS,3.535,3.635,16.0,27.0
2018,5,BA,LIVRAMENTO DE NOSSA SENHORA,3.756,3.869,20.0,12.0
2018,5,BA,PAULO AFONSO,3.689,3.754,21.0,28.0
2018,5,BA,POCOES,3.659,3.793,24.0,14.0
2018,5,BA,PORTO SEGURO,4.008,4.229,19.0,23.0
2018,5,BA,SALVADOR,3.565,3.648,82.0,223.0
2018,5,BA,SANTO ANTONIO DE JESUS,3.49,3.587,18.0,12.0
2018,5,BA,SENHOR DO BONFIM,3.643,3.719,25.0,14.0
2018,5,BA,SERRINHA,3.579,3.619,13.0,10.0
2018,5,BA,SIMOES FILHO,3.602,3.687,26.0,18.0
2018,5,BA,TEIXEIRA DE FREITAS,3.687,3.781,34.0,32.0
2018,5,BA,VALENCA,3.68,3.73,31.0,13.0
2018,5,BA,VITORIA DA CONQUISTA,3.644,3.738,21.0,18.0
2018,5,CE,CANINDE,3.72,3.849,22.0,22.0
2018,5,CE,CAUCAIA,,3.824,,85.0
2018,5,CE,CRATEUS,3.768,3.981,19.0,22.0
2018,5,CE,CRATO,3.883,3.907,36.0,37.0
2018,5,CE,FORTALEZA,,3.805,,427.0
2018,5,CE,ICO,3.821,3.86,14.0,29.0
2018,5,CE,IGUATU,3.805,3.898,14.0,28.0
2018,5,CE,ITAPIPOCA,3.767,3.852,21.0,20.0
2018,5,CE,JUAZEIRO DO NORTE,3.95,3.962,23.0,34.0
2018,5,CE,LIMOEIRO DO NORTE,3.701,3.806,18.0,17.0
2018,5,CE,MARACANAU,,3.748,,43.0
2018,5,CE,QUIXADA,3.729,3.822,25.0,29.0
2018,5,CE,SOBRAL,3.805,3.914,33.0,39.0
2018,5,DF,BRASILIA,3.802,3.914,60.0,113.0
2018,5,ES,ARACRUZ,3.491,3.587,17.0,19.0
2018,5,ES,CACHOEIRO DE ITAPEMIRIM,3.597,3.742,39.0,35.0
2018,5,ES,CARIACICA,3.477,3.617,27.0,32.0
2018,5,ES,COLATINA,3.656,3.737,23.0,27.0
2018,5,ES,GUARAPARI,3.557,3.666,40.0,34.0
2018,5,ES,LINHARES,3.506,3.548,24.0,25.0
2018,5,ES,SAO MATEUS,3.601,3.771,19.0,14.0
2018,5,ES,SERRA,3.478,3.559,47.0,26.0
2018,5,ES,VILA VELHA,3.443,3.557,32.0,42.0
2018,5,ES,VITORIA,3.49,3.611,21.0,62.0
2018,5,GO,AGUAS LINDAS DE GOIAS,3.806,3.923,16.0,16.0
2018,5,GO,ANAPOLIS,3.625,3.704,60.0,29.0
2018,5,GO,APARECIDA DE GOIANIA,3.618,3.742,36.0,33.0
2018,5,GO,CALDAS NOVAS,3.628,3.754,33.0,19.0
2018,5,GO,CATALAO,3.951,4.017,22.0,19.0
2018,5,GO,FORMOSA,3.74,3.867,29.0,34.0
2018,5,GO,GOIANIA,3.671,3.788,85.0,185.0
2018,5,GO,GOIATUBA,3.762,3.876,31.0,15.0
2018,5,GO,ITUMBIARA,3.686,3.809,60.0,30.0
2018,5,GO,JATAI,3.951,4.055,33.0,25.0
2018,5,GO,LUZIANIA,3.688,3.832,43.0,19.0
2018,5,GO,MINEIROS,3.864,4.041,25.0,15.0
2018,5,GO,MORRINHOS,3.72,3.865,31.0,16.0
2018,5,GO,PORANGATU,3.734,3.846,28.0,21.0
2018,5,GO,RIO VERDE,3.878,3.934,23.0,48.0
2018,5,GO,TRINDADE,3.653,3.817,29.0,5.0
2018,5,GO,VALPARAISO DE GOIAS,3.639,3.72,33.0,14.0
2018,5,MA,ACAILANDIA,3.66,3.738,26.0,26.0
2018,5,MA,BACABAL,3.564,3.567,5.0,9.0
2018,5,MA,BALSAS,3.744,3.807,15.0,19.0
2018,5,MA,BARRA DO CORDA,3.495,3.5,8.0,8.0
2018,5,MA,CAXIAS,3.561,3.701,16.0,21.0
2018,5,MA,CODO,3.753,3.843,19.0,16.0
2018,5,MA,IMPERATRIZ,3.693,3.706,27.0,38.0
2018,5,MA,PINHEIRO,3.608,3.721,14.0,10.0
2018,5,MA,PRESIDENTE DUTRA,3.58,3.623,10.0,14.0
2018,5,MA,SANTA INES,3.667,3.735,13.0,12.0
2018,5,MA,SAO JOSE DE RIBAMAR,3.396,3.531,17.0,24.0
2018,5,MA,SAO LUIS,3.468,3.492,49.0,183.0
2018,5,MG,ALFENAS,3.781,3.851,9.0,12.0
2018,5,MG,ARAGUARI,3.706,3.82,43.0,39.0
2018,5,MG,ARAXA,3.756,3.855,19.0,20.0
2018,5,MG,BARBACENA,3.672,3.769,18.0,29.0
2018,5,MG,BELO HORIZONTE,3.762,3.802,27.0,71.0
2018,5,MG,BETIM,3.646,3.768,23.0,36.0
2018,5,MG,BOM DESPACHO,3.757,3.822,24.0,19.0
2018,5,MG,CAMPO BELO,3.799,3.845,16.0,9.0
2018,5,MG,CARATINGA,3.737,3.908,18.0,15.0
2018,5,MG,CONGONHAS,3.682,3.719,17.0,19.0
2018,5,MG,CONSELHEIRO LAFAIETE,3.784,3.696,15.0,6.0
2018,5,MG,CONTAGEM,3.608,3.706,39.0,32.0
2018,5,MG,CORONEL FABRICIANO,3.654,3.774,9.0,14.0
2018,5,MG,CURVELO,3.67,3.753,21.0,25.0
2018,5,MG,DIVINOPOLIS,3.805,3.851,12.0,23.0
2018,5,MG,FORMIGA,3.74,3.871,26.0,16.0
2018,5,MG,FRUTAL,3.715,3.832,17.0,30.0
2018,5,MG,GOVERNADOR VALADARES,3.745,3.86,22.0,34.0
2018,5,MG,GUAXUPE,3.597,3.684,27.0,20.0
2018,5,MG,IPATINGA,3.73,3.805,25.0,21.0
2018,5,MG,ITABIRA,3.717,3.829,30.0,31.0
2018,5,MG,ITAJUBA,3.704,3.799,13.0,24.0
2018,5,MG,ITAUNA,3.534,3.81,17.0,8.0
2018,5,MG,ITUIUTABA,3.695,3.804,41.0,45.0
2018,5,MG,JANAUBA,3.714,3.893,20.0,20.0
2018,5,MG,JANUARIA,3.792,3.919,27.0,17.0
2018,5,MG,JOAO MONLEVADE,3.658,3.725,18.0,20.0
2018,5,MG,JOAO PINHEIRO,3.874,3.967,24.0,20.0
2018,5,MG,JUIZ DE FORA,3.723,3.849,28.0,39.0
2018,5,MG,LAVRAS,3.719,3.883,5.0,27.0
2018,5,MG,LEOPOLDINA,3.613,3.715,19.0,10.0
2018,5,MG,MANHUACU,3.666,3.795,21.0,15.0
2018,5,MG,MONTE CARMELO,3.793,3.901,24.0,24.0
2018,5,MG,MONTES CLAROS,3.529,3.708,57.0,33.0
2018,5,MG,MURIAE,3.741,3.841,19.0,24.0
2018,5,MG,NOVA LIMA,3.761,3.777,7.0,20.0
2018,5,MG,OLIVEIRA,3.636,3.759,22.0,13.0
2018,5,MG,OURO PRETO,3.848,3.921,16.0,21.0
2018,5,MG,PARA DE MINAS,4.039,4.098,22.0,24.0
2018,5,MG,PARACATU,3.903,3.957,21.0,21.0
2018,5,MG,PASSOS,3.678,3.752,20.0,19.0
2018,5,MG,PATOS DE MINAS,3.761,3.839,36.0,34.0
2018,5,MG,PATROCINIO,3.814,3.925,22.0,11.0
2018,5,MG,POCOS DE CALDAS,3.645,3.733,24.0,39.0
2018,5,MG,POUSO ALEGRE,3.689,3.774,20.0,33.0
2018,5,MG,SABARA,3.712,3.691,17.0,19.0
2018,5,MG,SAO JOAO DEL REI,3.71,3.734,12.0,12.0
2018,5,MG,SAO SEBASTIAO DO PARAISO,3.679,3.828,15.0,20.0
2018,5,MG,SETE LAGOAS,3.533,3.683,59.0,47.0
2018,5,MG,TEOFILO OTONI,3.807,3.879,24.0,24.0
2018,5,MG,TIMOTEO,3.673,3.816,9.0,15.0
2018,5,MG,TRES CORACOES,3.85,4.086,13.0,11.0
2018,5,MG,UBA,3.828,3.857,15.0,21.0
2018,5,MG,UBERABA,3.724,3.804,59.0,69.0
2018,5,MG,UBERLANDIA,3.72,3.818,89.0,59.0
2018,5,MG,UNAI,3.913,4.018,25.0,35.0
2018,5,MG,VARGINHA,3.775,3.817,18.0,28.0
2018,5,MG,VICOSA,3.899,4.011,1.0,10.0
2018,5,MS,CAMPO GRANDE,3.689,3.844,93.0,137.0
2018,5,MS,CORUMBA,3.957,4.082,23.0,19.0
2018,5,MS,COXIM,3.884,3.963,20.0,20.0
2018,5,MS,DOURADOS,3.998,4.091,17.0,32.0
2018,5,MS,NOVA ANDRADINA,3.984,4.051,17.0,19.0
2018,5,MS,PONTA PORA,3.833,3.953,11.0,13.0
2018,5,MS,TRES LAGOAS,4.148,4.279,25.0,33.0
2018,5,MT,ALTA FLORESTA,4.253,4.35,41.0,37.0
2018,5,MT,CACERES,3.836,3.95,28.0,35.0
2018,5,MT,CUIABA,3.777,3.867,124.0,215.0
2018,5,MT,RONDONOPOLIS,3.913,4.017,83.0,76.0
2018,5,MT,SINOP,4.008,4.095,24.0,34.0
2018,5,MT,SORRISO,4.109,4.203,19.0,30.0
2018,5,MT,VARZEA GRANDE,3.709,3.815,44.0,55.0
2018,5,PA,ABAETETUBA,4.132,4.21,11.0,7.0
2018,5,PA,ALENQUER,3.996,4.125,12.0,6.0
2018,5,PA,ALTAMIRA,4.127,4.347,19.0,19.0
2018,5,PA,ANANINDEUA,,3.757,,23.0
2018,5,PA,BELEM,,3.699,,83.0
2018,5,PA,BRAGANCA,3.46,3.492,1.0,12.0
2018,5,PA,CAMETA,3.542,3.671,5.0,7.0
2018,5,PA,CASTANHAL,3.72,3.775,14.0,17.0
2018,5,PA,CONCEICAO DO ARAGUAIA,3.747,3.834,15.0,15.0
2018,5,PA,ITAITUBA,3.739,3.845,22.0,31.0
2018,5,PA,MARABA,3.778,3.917,23.0,42.0
2018,5,PA,PARAGOMINAS,3.595,3.713,14.0,15.0
2018,5,PA,PARAUAPEBAS,3.918,3.975,27.0,29.0
2018,5,PA,REDENCAO,3.875,3.966,11.0,12.0
2018,5,PA,SANTAREM,3.802,3.894,38.0,41.0
2018,5,PA,XINGUARA,3.687,3.734,20.0,20.0
2018,5,PB,BAYEUX,3.444,3.505,24.0,25.0
2018,5,PB,CABEDELO,3.534,3.734,10.0,10.0
2018,5,PB,CAMPINA GRANDE,,3.616,,37.0
2018,5,PB,JOAO PESSOA,3.485,3.546,23.0,83.0
2018,5,PB,PATOS,3.621,3.771,24.0,18.0
2018,5,PB,SOUSA,3.634,3.654,16.0,21.0
2018,5,PE,ARARIPINA,3.691,3.732,19.0,25.0
2018,5,PE,ARCOVERDE,,3.576,,24.0
2018,5,PE,BELO JARDIM,3.646,3.588,3.0,14.0
2018,5,PE,CABO DE SANTO AGOSTINHO,,3.625,,19.0
2018,5,PE,CARUARU,,3.627,,49.0
2018,5,PE,GARANHUNS,3.225,3.509,2.0,37.0
2018,5,PE,GOIANA,,3.514,,24.0
2018,5,PE,IGARASSU,,3.497,,28.0
2018,5,PE,JABOATAO DOS GUARARAPES,,3.54,,34.0
2018,5,PE,LAJEDO,3.534,3.534,12.0,17.0
2018,5,PE,OLINDA,,3.565,,34.0
2018,5,PE,PAULISTA,,3.558,,28.0
2018,5,PE,PETROLINA,3.693,3.76,23.0,32.0
2018,5,PE,RECIFE,,3.605,,101.0
2018,5,PE,SALGUEIRO,3.554,3.604,4.0,23.0
2018,5,PE,SANTA CRUZ DO CAPIBARIBE,,3.618,,27.0
2018,5,PE,SERRA TALHADA,,3.673,,24.0
2018,5,PE,VITORIA DE SANTO ANTAO,3.527,3.559,8.0,29.0
2018,5,PI,PARNAIBA,3.751,3.877,42.0,47.0
2018,5,PI,PICOS,3.695,3.791,29.0,30.0
2018,5,PI,PIRIPIRI,3.776,3.827,12.0,15.0
2018,5,PI,TERESINA,3.669,3.778,70.0,163.0
2018,5,PR,APUCARANA,3.457,3.526,45.0,45.0
2018,5,PR,ARAPONGAS,3.49,3.585,22.0,22.0
2018,5,PR,ARAUCARIA,3.327,3.443,25.0,20.0
2018,5,PR,ASSIS CHATEAUBRIAND,3.445,3.531,31.0,31.0
2018,5,PR,CAMBE,3.522,3.619,28.0,22.0
2018,5,PR,CAMPO LARGO,3.442,3.504,17.0,13.0
2018,5,PR,CAMPO MOURAO,3.419,3.496,39.0,32.0
2018,5,PR,CASCAVEL,3.532,3.631,42.0,61.0
2018,5,PR,CASTRO,3.466,3.611,17.0,17.0
2018,5,PR,CIANORTE,3.484,3.551,30.0,22.0
2018,5,PR,COLOMBO,3.355,3.447,53.0,50.0
2018,5,PR,CORNELIO PROCOPIO,3.543,3.535,15.0,6.0
2018,5,PR,CURITIBA,3.399,3.51,44.0,120.0
2018,5,PR,FOZ DO IGUACU,3.548,3.686,28.0,48.0
2018,5,PR,FRANCISCO BELTRAO,3.468,3.543,29.0,25.0
2018,5,PR,GUARAPUAVA,3.445,3.522,35.0,53.0
2018,5,PR,LONDRINA,3.529,3.572,29.0,50.0
2018,5,PR,MARECHAL CANDIDO RONDON,3.518,3.619,19.0,14.0
2018,5,PR,MARINGA,3.501,3.618,23.0,52.0
2018,5,PR,PARANAGUA,3.35,3.459,26.0,29.0
2018,5,PR,PARANAVAI,3.529,3.551,19.0,24.0
2018,5,PR,PATO BRANCO,3.469,3.575,14.0,21.0
2018,5,PR,PINHAIS,3.417,3.57,14.0,19.0
2018,5,PR,PONTA GROSSA,3.547,3.561,28.0,41.0
2018,5,PR,SANTO ANTONIO DA PLATINA,3.321,3.448,14.0,23.0
2018,5,PR,SAO JOSE DOS PINHAIS,3.336,3.443,38.0,61.0
2018,5,PR,TOLEDO,3.484,3.572,31.0,29.0
2018,5,PR,UMUARAMA,3.472,3.565,27.0,44.0
2018,5,PR,UNIAO DA VITORIA,3.523,3.598,26.0,23.0
2018,5,RJ,ANGRA DOS REIS,3.879,4.006,5.0,19.0
2018,5,RJ,ARARUAMA,3.7,3.804,22.0,32.0
2018,5,RJ,BARRA DO PIRAI,3.837,3.965,28.0,24.0
2018,5,RJ,BARRA MANSA,3.744,3.908,32.0,31.0
2018,5,RJ,BELFORD ROXO,3.794,3.896,14.0,23.0
2018,5,RJ,CABO FRIO,3.885,4.004,9.0,21.0
2018,5,RJ,CAMPOS DOS GOYTACAZES,3.714,3.839,44.0,59.0
2018,5,RJ,DUQUE DE CAXIAS,3.726,3.879,54.0,71.0
2018,5,RJ,ITABORAI,3.694,3.759,26.0,26.0
2018,5,RJ,ITAGUAI,3.585,3.779,17.0,24.0
2018,5,RJ,ITAPERUNA,3.824,3.944,21.0,23.0
2018,5,RJ,MACAE,3.871,3.977,17.0,36.0
2018,5,RJ,MAGE,3.671,3.692,9.0,15.0
2018,5,RJ,MARICA,3.79,3.884,15.0,28.0
2018,5,RJ,NILOPOLIS,3.599,3.804,1.0,12.0
2018,5,RJ,NITEROI,3.854,3.912,13.0,70.0
2018,5,RJ,NOVA FRIBURGO,3.744,3.81,17.0,31.0
2018,5,RJ,NOVA IGUACU,3.721,3.846,41.0,50.0
2018,5,RJ,PETROPOLIS,3.772,3.867,40.0,47.0
2018,5,RJ,RESENDE,3.624,3.837,19.0,40.0
2018,5,RJ,RIO BONITO,3.761,3.899,15.0,15.0
2018,5,RJ,RIO DE JANEIRO,3.693,3.917,82.0,221.0
2018,5,RJ,SANTO ANTONIO DE PADUA,3.786,3.845,15.0,7.0
2018,5,RJ,SAO FRANCISCO DE ITABAPOANA,3.674,3.809,29.0,17.0
2018,5,RJ,SAO GONCALO,3.796,3.907,44.0,53.0
2018,5,RJ,SAO JOAO DE MERITI,3.724,3.886,14.0,22.0
2018,5,RJ,SAPUCAIA,3.622,3.735,28.0,20.0
2018,5,RJ,SAQUAREMA,3.878,4.142,15.0,15.0
2018,5,RJ,TERESOPOLIS,3.764,3.788,18.0,35.0
2018,5,RJ,TRES RIOS,3.732,3.878,22.0,27.0
2018,5,RJ,VALENCA,3.904,3.992,21.0,41.0
2018,5,RJ,VOLTA REDONDA,3.929,4.071,29.0,21.0
2018,5,RN,CAICO,3.714,3.786,25.0,25.0
2018,5,RN,MOSSORO,3.719,3.87,56.0,50.0
2018,5,RN,NATAL,3.708,3.829,65.0,97.0
2018,5,RN,PARNAMIRIM,3.71,3.837,26.0,33.0
2018,5,RO,ARIQUEMES,3.886,3.964,33.0,37.0
2018,5,RO,CACOAL,3.785,3.885,32.0,31.0
2018,5,RO,JI PARANA,3.811,3.904,43.0,31.0
2018,5,RO,PIMENTA BUENO,3.881,3.952,13.0,19.0
2018,5,RO,PORTO VELHO,3.672,3.779,85.0,93.0
2018,5,RO,VILHENA,3.933,4.056,27.0,27.0
2018,5,RR,BOA VISTA,3.742,3.816,46.0,55.0
2018,5,RS,ALEGRETE,3.796,3.808,18.0,21.0
2018,5,RS,ALVORADA,3.612,3.685,7.0,11.0
2018,5,RS,BAGE,3.859,3.916,18.0,35.0
2018,5,RS,BENTO GONCALVES,3.528,3.625,11.0,24.0
2018,5,RS,CACHOEIRA DO SUL,3.637,3.778,24.0,21.0
2018,5,RS,CACHOEIRINHA,3.545,3.627,29.0,28.0
2018,5,RS,CANOAS,3.408,3.553,33.0,37.0
2018,5,RS,CAXIAS DO SUL,3.635,3.748,24.0,53.0
2018,5,RS,CRUZ ALTA,3.541,3.652,25.0,17.0
2018,5,RS,ERECHIM,3.587,3.733,30.0,41.0
2018,5,RS,ESTEIO,3.488,3.574,17.0,25.0
2018,5,RS,GRAMADO,3.68,3.79,9.0,13.0
2018,5,RS,GRAVATAI,3.501,3.576,33.0,24.0
2018,5,RS,GUAIBA,3.443,3.547,21.0,18.0
2018,5,RS,IJUI,3.623,3.762,16.0,19.0
2018,5,RS,LAJEADO,3.662,3.775,14.0,15.0
2018,5,RS,NOVO HAMBURGO,3.458,3.506,28.0,35.0
2018,5,RS,OSORIO,3.482,3.584,17.0,17.0
2018,5,RS,PASSO FUNDO,3.494,3.685,27.0,37.0
2018,5,RS,PELOTAS,3.628,3.79,34.0,48.0
2018,5,RS,PORTO ALEGRE,3.467,3.608,27.0,99.0
2018,5,RS,RIO GRANDE,3.527,3.674,37.0,43.0
2018,5,RS,SANTA CRUZ DO SUL,3.603,3.645,18.0,35.0
2018,5,RS,SANTA MARIA,3.666,3.757,31.0,40.0
2018,5,RS,SANTA ROSA,3.689,3.818,22.0,21.0
2018,5,RS,SANTANA DO LIVRAMENTO,3.696,3.84,17.0,29.0
2018,5,RS,SANTO ANGELO,3.645,3.725,24.0,24.0
2018,5,RS,SAO GABRIEL,3.776,3.861,17.0,16.0
2018,5,RS,SAO LEOPOLDO,3.464,3.59,28.0,31.0
2018,5,RS,SAO LUIZ GONZAGA,3.656,3.696,16.0,12.0
2018,5,RS,SAPIRANGA,3.428,3.561,18.0,28.0
2018,5,RS,SAPUCAIA DO SUL,3.401,3.463,20.0,16.0
2018,5,RS,TORRES,3.481,3.569,13.0,17.0
2018,5,RS,URUGUAIANA,3.586,3.641,16.0,22.0
2018,5,RS,VACARIA,3.619,3.697,20.0,27.0
2018,5,RS,VIAMAO,3.427,3.448,9.0,12.0
2018,5,SC,ARARANGUA,3.309,3.498,23.0,19.0
2018,5,SC,BALNEARIO CAMBORIU,3.39,3.59,3.0,29.0
2018,5,SC,BIGUACU,3.453,3.525,11.0,24.0
2018,5,SC,BLUMENAU,3.463,3.561,30.0,42.0
2018,5,SC,BRUSQUE,3.441,3.552,13.0,26.0
2018,5,SC,CACADOR,3.509,3.662,22.0,21.0
2018,5,SC,CHAPECO,3.506,3.613,20.0,21.0
2018,5,SC,CONCORDIA,3.486,3.659,15.0,15.0
2018,5,SC,CRICIUMA,3.355,3.454,30.0,35.0
2018,5,SC,FLORIANOPOLIS,3.579,3.705,22.0,94.0
2018,5,SC,ITAJAI,3.526,3.611,3.0,30.0
2018,5,SC,JARAGUA DO SUL,3.552,3.642,26.0,30.0
2018,5,SC,JOINVILLE,3.351,3.5,13.0,41.0
2018,5,SC,LAGES,3.457,3.617,3.0,25.0
2018,5,SC,LAGUNA,3.385,3.444,15.0,20.0
2018,5,SC,MAFRA,3.549,3.627,14.0,19.0
2018,5,SC,PALHOCA,3.438,3.565,21.0,42.0
2018,5,SC,SAO JOSE,3.409,3.531,12.0,44.0
2018,5,SC,TUBARAO,3.411,3.506,15.0,27.0
2018,5,SC,VIDEIRA,3.542,3.619,17.0,21.0
2018,5,SC,XANXERE,3.55,3.64,10.0,12.0
2018,5,SE,ARACAJU,3.765,3.867,12.0,77.0
2018,5,SE,ITABAIANA,3.666,3.728,29.0,29.0
2018,5,SE,LAGARTO,3.629,3.623,13.0,20.0
2018,5,SE,NOSSA SENHORA DO SOCORRO,3.623,3.711,27.0,29.0
2018,5,SP,ADAMANTINA,3.531,3.64,15.0,20.0
2018,5,SP,AMERICANA,3.454,3.601,14.0,47.0
2018,5,SP,AMPARO,3.544,3.567,32.0,28.0
2018,5,SP,ARACATUBA,3.588,3.68,56.0,90.0
2018,5,SP,ARARAQUARA,3.498,3.666,45.0,51.0
2018,5,SP,ARARAS,3.471,3.584,53.0,48.0
2018,5,SP,ASSIS,3.611,3.679,50.0,73.0
2018,5,SP,ATIBAIA,3.537,3.656,40.0,59.0
2018,5,SP,AVARE,3.74,3.806,41.0,40.0
2018,5,SP,BARRETOS,3.614,3.681,30.0,62.0
2018,5,SP,BARUERI,3.465,3.64,35.0,64.0
2018,5,SP,BAURU,3.519,3.641,69.0,76.0
2018,5,SP,BEBEDOURO,3.535,3.612,14.0,23.0
2018,5,SP,BIRIGUI,3.515,3.593,31.0,49.0
2018,5,SP,BOTUCATU,3.602,3.668,17.0,23.0
2018,5,SP,BRAGANCA PAULISTA,3.434,3.613,22.0,28.0
2018,5,SP,CACAPAVA,3.46,3.576,15.0,29.0
2018,5,SP,CAMPINAS,3.616,3.66,50.0,70.0
2018,5,SP,CARAGUATATUBA,3.712,3.839,21.0,28.0
2018,5,SP,CARAPICUIBA,3.599,3.651,9.0,25.0
2018,5,SP,CATANDUVA,3.473,3.629,22.0,35.0
2018,5,SP,COSMOPOLIS,3.458,3.595,18.0,16.0
2018,5,SP,COTIA,3.54,3.67,33.0,45.0
2018,5,SP,CRUZEIRO,3.646,3.681,16.0,13.0
2018,5,SP,CUBATAO,3.605,3.775,10.0,17.0
2018,5,SP,DIADEMA,3.464,3.641,17.0,46.0
2018,5,SP,DRACENA,3.599,3.666,22.0,22.0
2018,5,SP,EMBU DAS ARTES,3.491,3.613,46.0,31.0
2018,5,SP,FRANCA,3.466,3.542,59.0,68.0
2018,5,SP,GARCA,3.687,3.757,18.0,26.0
2018,5,SP,GUARATINGUETA,3.592,3.761,17.0,30.0
2018,5,SP,GUARUJA,3.523,3.787,10.0,40.0
2018,5,SP,GUARULHOS,3.553,3.643,46.0,79.0
2018,5,SP,HORTOLANDIA,3.434,3.484,21.0,29.0
2018,5,SP,IBITINGA,3.552,3.71,24.0,23.0
2018,5,SP,INDAIATUBA,3.544,3.618,36.0,49.0
2018,5,SP,ITANHAEM,3.57,3.786,15.0,6.0
2018,5,SP,ITAPECERICA DA SERRA,3.543,3.652,26.0,31.0
2018,5,SP,ITAPETININGA,3.603,3.687,38.0,36.0
2018,5,SP,ITAPEVA,3.665,3.732,27.0,42.0
2018,5,SP,ITAPIRA,3.452,3.536,26.0,26.0
2018,5,SP,ITAPOLIS,3.594,3.633,36.0,29.0
2018,5,SP,ITAQUAQUECETUBA,3.485,3.643,23.0,32.0
2018,5,SP,ITATIBA,3.492,3.594,27.0,33.0
2018,5,SP,ITU,3.682,3.728,24.0,39.0
2018,5,SP,JABOTICABAL,3.566,3.689,39.0,45.0
2018,5,SP,JACAREI,3.481,3.549,38.0,47.0
2018,5,SP,JALES,3.441,3.533,29.0,25.0
2018,5,SP,JAU,3.575,3.765,18.0,28.0
2018,5,SP,JOSE BONIFACIO,3.478,3.583,40.0,36.0
2018,5,SP,JUNDIAI,3.515,3.625,39.0,74.0
2018,5,SP,LEME,3.542,3.662,32.0,52.0
2018,5,SP,LIMEIRA,3.469,3.591,59.0,64.0
2018,5,SP,LINS,3.649,3.743,29.0,40.0
2018,5,SP,LORENA,3.517,3.599,19.0,25.0
2018,5,SP,MARILIA,3.647,3.682,27.0,48.0
2018,5,SP,MATAO,3.504,3.612,48.0,37.0
2018,5,SP,MAUA,3.523,3.607,22.0,38.0
2018,5,SP,MIRASSOL,3.497,3.6,30.0,26.0
2018,5,SP,MOCOCA,3.407,3.454,41.0,21.0
2018,5,SP,MOGI DAS CRUZES,3.553,3.61,33.0,62.0
2018,5,SP,MOGI GUACU,3.495,3.592,30.0,29.0
2018,5,SP,MOGI MIRIM,3.46,3.526,13.0,29.0
2018,5,SP,MONTE ALTO,3.749,3.784,26.0,33.0
2018,5,SP,OLIMPIA,3.591,3.726,27.0,28.0
2018,5,SP,OSASCO,3.558,3.722,34.0,53.0
2018,5,SP,OURINHOS,3.523,3.698,40.0,51.0
2018,5,SP,PARAGUACU PAULISTA,3.708,3.773,33.0,20.0
2018,5,SP,PAULINIA,3.513,3.614,42.0,42.0
2018,5,SP,PINDAMONHANGABA,3.543,3.587,11.0,20.0
2018,5,SP,PIRACICABA,3.502,3.593,56.0,70.0
2018,5,SP,PIRASSUNUNGA,3.478,3.557,24.0,33.0
2018,5,SP,POA,3.465,3.595,17.0,13.0
2018,5,SP,PORTO FERREIRA,3.48,3.592,18.0,12.0
2018,5,SP,PRAIA GRANDE,3.608,3.657,17.0,40.0
2018,5,SP,PRESIDENTE PRUDENTE,3.603,3.689,58.0,66.0
2018,5,SP,PRESIDENTE VENCESLAU,3.664,3.72,38.0,42.0
2018,5,SP,RIBEIRAO PIRES,3.451,3.647,17.0,22.0
2018,5,SP,RIBEIRAO PRETO,3.548,3.676,53.0,86.0
2018,5,SP,RIO CLARO,3.471,3.573,27.0,31.0
2018,5,SP,SALTO,3.571,3.692,20.0,23.0
2018,5,SP,SANTA BARBARA D OESTE,3.437,3.553,39.0,37.0
2018,5,SP,SANTA CRUZ DO RIO PARDO,3.819,3.799,16.0,22.0
2018,5,SP,SANTO ANDRE,3.543,3.638,26.0,79.0
2018,5,SP,SANTOS,3.589,3.712,21.0,29.0
2018,5,SP,SAO BERNARDO DO CAMPO,3.512,3.655,22.0,65.0
2018,5,SP,SAO CAETANO DO SUL,3.585,3.729,8.0,31.0
2018,5,SP,SAO CARLOS,3.497,3.641,31.0,51.0
2018,5,SP,SAO JOAO DA BOA VISTA,3.456,3.56,30.0,31.0
2018,5,SP,SAO JOSE DO RIO PRETO,3.528,3.669,68.0,65.0
2018,5,SP,SAO JOSE DOS CAMPOS,3.517,3.609,23.0,48.0
2018,5,SP,SAO PAULO,3.502,3.67,122.0,528.0
2018,5,SP,SAO ROQUE,3.546,3.669,14.0,29.0
2018,5,SP,SAO VICENTE,3.535,3.649,19.0,25.0
2018,5,SP,SERTAOZINHO,3.639,3.749,25.0,29.0
2018,5,SP,SOROCABA,3.536,3.654,45.0,58.0
2018,5,SP,SUMARE,3.359,3.447,54.0,52.0
2018,5,SP,SUZANO,3.51,3.627,22.0,34.0
2018,5,SP,TABOAO DA SERRA,3.544,3.497,11.0,39.0
2018,5,SP,TATUI,3.671,3.747,15.0,27.0
2018,5,SP,TAUBATE,3.564,3.63,13.0,29.0
2018,5,SP,TUPA,3.572,3.654,47.0,44.0
2018,5,SP,UBATUBA,3.735,3.764,5.0,23.0
2018,5,SP,VALINHOS,3.512,3.567,33.0,37.0
2018,5,SP,VARZEA PAULISTA,3.497,3.602,31.0,24.0
2018,5,SP,VINHEDO,3.57,3.645,26.0,34.0
2018,5,SP,VOTORANTIM,3.532,3.617,27.0,36.0
2018,5,SP,VOTUPORANGA,3.621,3.723,32.0,42.0
2018,5,TO,ARAGUAINA,3.522,3.585,35.0,45.0
2018,5,TO,GURUPI,3.771,3.857,29.0,31.0
2018,5,TO,PALMAS,3.406,3.496,20.0,32.0
2018,5,TO,PARAISO DO TOCANTINS,3.617,3.644,25.0,31.0
2018,5,TO,PORTO NACIONAL,3.524,3.557,10.0,17.0
2018,6,AC,CRUZEIRO DO SUL,4.479,4.555,40.0,38.0
2018,6,AC,RIO BRANCO,4.138,4.182,109.0,110.0
2018,6,AL,ARAPIRACA,3.633,3.742,35.0,36.0
2018,6,AL,DELMIRO GOUVEIA,3.765,3.838,28.0,28.0
2018,6,AL,MACEIO,3.613,3.685,38.0,44.0
2018,6,AL,PALMEIRA DOS INDIOS,3.613,3.685,30.0,22.0
2018,6,AL,RIO LARGO,3.52,3.776,12.0,24.0
2018,6,AM,ITACOATIARA,3.809,3.956,30.0,23.0
2018,6,AM,MANACAPURU,3.66,3.796,9.0,8.0
2018,6,AM,MANAUS,3.433,3.557,108.0,114.0
2018,6,AM,PARINTINS,3.75,3.92,12.0,4.0
2018,6,AM,TEFE,,3.857,,12.0
2018,6,AP,MACAPA,3.769,4.234,71.0,57.0
2018,6,AP,SANTANA,3.942,4.275,16.0,8.0
2018,6,BA,ALAGOINHAS,3.443,3.518,24.0,34.0
2018,6,BA,BARREIRAS,3.635,3.705,38.0,42.0
2018,6,BA,BRUMADO,3.704,3.765,24.0,24.0
2018,6,BA,CAETITE,3.673,3.743,16.0,24.0
2018,6,BA,CAMACARI,3.324,3.436,33.0,39.0
2018,6,BA,EUNAPOLIS,3.61,3.722,24.0,32.0
2018,6,BA,FEIRA DE SANTANA,3.258,3.327,54.0,79.0
2018,6,BA,GUANAMBI,3.61,3.724,36.0,28.0
2018,6,BA,ILHEUS,3.455,3.568,27.0,34.0
2018,6,BA,IPIRA,3.36,3.501,18.0,12.0
2018,6,BA,IRECE,3.651,3.741,20.0,22.0
2018,6,BA,ITABUNA,3.502,3.591,35.0,49.0
2018,6,BA,ITAMARAJU,3.626,3.627,13.0,12.0
2018,6,BA,JACOBINA,3.404,3.458,20.0,17.0
2018,6,BA,JAGUAQUARA,3.553,3.608,28.0,14.0
2018,6,BA,JEQUIE,3.641,3.633,25.0,18.0
2018,6,BA,JUAZEIRO,3.604,3.698,31.0,35.0
2018,6,BA,LAURO DE FREITAS,3.303,3.375,12.0,40.0
2018,6,BA,LIVRAMENTO DE NOSSA SENHORA,3.731,3.84,19.0,11.0
2018,6,BA,PAULO AFONSO,3.494,3.58,24.0,26.0
2018,6,BA,POCOES,3.443,3.512,28.0,16.0
2018,6,BA,PORTO SEGURO,3.958,4.138,20.0,24.0
2018,6,BA,SALVADOR,3.366,3.434,75.0,202.0
2018,6,BA,SANTO ANTONIO DE JESUS,3.303,3.499,22.0,14.0
2018,6,BA,SENHOR DO BONFIM,3.449,3.462,30.0,16.0
2018,6,BA,SERRINHA,3.578,3.648,16.0,12.0
2018,6,BA,SIMOES FILHO,3.369,3.48,34.0,25.0
2018,6,BA,TEIXEIRA DE FREITAS,3.573,3.657,26.0,27.0
2018,6,BA,VALENCA,3.483,3.522,37.0,16.0
2018,6,BA,VITORIA DA CONQUISTA,3.433,3.574,29.0,20.0
2018,6,CE,CANINDE,3.596,3.657,25.0,28.0
2018,6,CE,CAUCAIA,,3.568,,81.0
2018,6,CE,CRATEUS,3.44,3.633,21.0,27.0
2018,6,CE,CRATO,3.818,3.861,30.0,34.0
2018,6,CE,FORTALEZA,,3.483,,401.0
2018,6,CE,ICO,3.652,3.666,12.0,28.0
2018,6,CE,IGUATU,3.636,3.677,19.0,32.0
2018,6,CE,ITAPIPOCA,3.572,3.657,23.0,28.0
2018,6,CE,JUAZEIRO DO NORTE,3.749,3.817,24.0,44.0
2018,6,CE,LIMOEIRO DO NORTE,3.516,3.535,15.0,18.0
2018,6,CE,MARACANAU,,3.487,,38.0
2018,6,CE,QUIXADA,3.59,3.647,26.0,27.0
2018,6,CE,SOBRAL,3.466,3.598,40.0,49.0
2018,6,DF,BRASILIA,3.593,3.669,53.0,112.0
2018,6,ES,ARACRUZ,3.272,3.381,22.0,26.0
2018,6,ES,CACHOEIRO DE ITAPEMIRIM,3.468,3.489,31.0,27.0
2018,6,ES,CARIACICA,3.235,3.373,22.0,27.0
2018,6,ES,COLATINA,3.366,3.463,28.0,30.0
2018,6,ES,GUARAPARI,3.532,3.588,37.0,30.0
2018,6,ES,LINHARES,3.205,3.311,23.0,31.0
2018,6,ES,SAO MATEUS,3.432,3.51,25.0,23.0
2018,6,ES,SERRA,3.285,3.38,44.0,24.0
2018,6,ES,VILA VELHA,3.228,3.407,12.0,38.0
2018,6,ES,VITORIA,3.301,3.418,19.0,58.0
2018,6,GO,AGUAS LINDAS DE GOIAS,3.693,3.736,16.0,15.0
2018,6,GO,ANAPOLIS,3.493,3.571,49.0,31.0
2018,6,GO,APARECIDA DE GOIANIA,3.483,3.561,31.0,22.0
2018,6,GO,CALDAS NOVAS,3.66,3.773,29.0,18.0
2018,6,GO,CATALAO,3.785,3.851,28.0,21.0
2018,6,GO,FORMOSA,3.617,3.71,28.0,35.0
2018,6,GO,GOIANIA,3.511,3.588,80.0,152.0
2018,6,GO,GOIATUBA,3.743,3.849,40.0,20.0
2018,6,GO,ITUMBIARA,3.52,3.594,58.0,27.0
2018,6,GO,JATAI,3.687,3.777,45.0,30.0
2018,6,GO,LUZIANIA,3.627,3.681,42.0,17.0
2018,6,GO,MINEIROS,3.646,3.695,24.0,16.0
2018,6,GO,MORRINHOS,3.532,3.742,40.0,20.0
2018,6,GO,PORANGATU,3.707,3.796,24.0,18.0
2018,6,GO,RIO VERDE,3.662,3.77,31.0,60.0
2018,6,GO,TRINDADE,3.618,3.79,28.0,4.0
2018,6,GO,VALPARAISO DE GOIAS,3.698,3.781,36.0,12.0
2018,6,MA,ACAILANDIA,3.426,3.511,29.0,23.0
2018,6,MA,BACABAL,3.4,3.64,4.0,8.0
2018,6,MA,BALSAS,3.602,3.708,22.0,22.0
2018,6,MA,BARRA DO CORDA,3.506,3.518,10.0,10.0
2018,6,MA,CAXIAS,3.416,3.513,16.0,25.0
2018,6,MA,CODO,3.559,3.58,18.0,14.0
2018,6,MA,IMPERATRIZ,3.456,3.515,30.0,46.0
2018,6,MA,PINHEIRO,3.622,3.761,16.0,12.0
2018,6,MA,PRESIDENTE DUTRA,3.595,3.698,7.0,9.0
2018,6,MA,SANTA INES,3.586,3.602,9.0,20.0
2018,6,MA,SAO JOSE DE RIBAMAR,3.527,3.62,16.0,36.0
2018,6,MA,SAO LUIS,3.405,3.472,56.0,177.0
2018,6,MG,ALFENAS,3.6,3.619,11.0,16.0
2018,6,MG,ARAGUARI,3.484,3.587,54.0,45.0
2018,6,MG,ARAXA,3.618,3.693,29.0,32.0
2018,6,MG,BARBACENA,3.545,3.597,21.0,25.0
2018,6,MG,BELO HORIZONTE,3.528,3.563,49.0,82.0
2018,6,MG,BETIM,3.404,3.487,27.0,44.0
2018,6,MG,BOM DESPACHO,3.524,3.557,24.0,16.0
2018,6,MG,CAMPO BELO,3.46,3.529,20.0,12.0
2018,6,MG,CARATINGA,3.53,3.66,20.0,15.0
2018,6,MG,CONGONHAS,3.447,3.491,15.0,19.0
2018,6,MG,CONSELHEIRO LAFAIETE,3.656,3.665,17.0,7.0
2018,6,MG,CONTAGEM,3.408,3.493,61.0,41.0
2018,6,MG,CORONEL FABRICIANO,3.649,3.655,11.0,21.0
2018,6,MG,CURVELO,3.457,3.646,19.0,25.0
2018,6,MG,DIVINOPOLIS,3.539,3.685,16.0,21.0
2018,6,MG,FORMIGA,3.43,3.563,22.0,18.0
2018,6,MG,FRUTAL,3.514,3.796,19.0,22.0
2018,6,MG,GOVERNADOR VALADARES,3.424,3.558,26.0,44.0
2018,6,MG,GUAXUPE,3.375,3.44,24.0,16.0
2018,6,MG,IPATINGA,3.426,3.542,30.0,26.0
2018,6,MG,ITABIRA,3.493,3.611,28.0,31.0
2018,6,MG,ITAJUBA,3.486,3.661,12.0,23.0
2018,6,MG,ITAUNA,3.48,3.612,17.0,10.0
2018,6,MG,ITUIUTABA,3.485,3.638,41.0,43.0
2018,6,MG,JANAUBA,3.571,3.672,15.0,12.0
2018,6,MG,JANUARIA,3.728,3.834,24.0,18.0
2018,6,MG,JOAO MONLEVADE,3.413,3.47,16.0,22.0
2018,6,MG,JOAO PINHEIRO,3.673,3.715,24.0,20.0
2018,6,MG,JUIZ DE FORA,3.438,3.547,27.0,37.0
2018,6,MG,LAVRAS,3.668,3.707,14.0,29.0
2018,6,MG,LEOPOLDINA,3.355,3.438,23.0,11.0
2018,6,MG,MANHUACU,3.453,3.591,28.0,20.0
2018,6,MG,MONTE CARMELO,3.546,3.599,31.0,27.0
2018,6,MG,MONTES CLAROS,3.42,3.565,49.0,28.0
2018,6,MG,MURIAE,3.461,3.579,25.0,26.0
2018,6,MG,NOVA LIMA,3.509,3.67,9.0,20.0
2018,6,MG,OLIVEIRA,3.432,3.534,25.0,16.0
2018,6,MG,OURO PRETO,3.666,3.713,20.0,20.0
2018,6,MG,PARA DE MINAS,3.749,3.805,24.0,24.0
2018,6,MG,PARACATU,3.63,3.689,19.0,24.0
2018,6,MG,PASSOS,3.536,3.579,22.0,22.0
2018,6,MG,PATOS DE MINAS,3.606,3.661,36.0,31.0
2018,6,MG,PATROCINIO,3.611,3.692,20.0,10.0
2018,6,MG,POCOS DE CALDAS,3.519,3.547,21.0,28.0
2018,6,MG,POUSO ALEGRE,3.415,3.548,22.0,34.0
2018,6,MG,SABARA,3.514,3.572,13.0,15.0
2018,6,MG,SAO JOAO DEL REI,3.569,3.67,14.0,13.0
2018,6,MG,SAO SEBASTIAO DO PARAISO,3.438,3.598,20.0,24.0
2018,6,MG,SETE LAGOAS,3.365,3.472,49.0,37.0
2018,6,MG,TEOFILO OTONI,3.615,3.695,29.0,31.0
2018,6,MG,TIMOTEO,3.43,3.531,10.0,17.0
2018,6,MG,TRES CORACOES,3.659,3.791,13.0,9.0
2018,6,MG,UBA,3.503,3.603,13.0,20.0
2018,6,MG,UBERABA,3.509,3.654,56.0,61.0
2018,6,MG,UBERLANDIA,3.475,3.566,77.0,68.0
2018,6,MG,UNAI,3.7,3.759,24.0,36.0
2018,6,MG,VARGINHA,3.529,3.629,23.0,27.0
2018,6,MG,VICOSA,3.72,3.783,5.0,12.0
2018,6,MS,CAMPO GRANDE,3.47,3.613,95.0,135.0
2018,6,MS,CORUMBA,3.792,3.828,24.0,15.0
2018,6,MS,COXIM,3.595,3.662,23.0,23.0
2018,6,MS,DOURADOS,3.702,3.827,18.0,37.0
2018,6,MS,NOVA ANDRADINA,3.731,3.813,20.0,22.0
2018,6,MS,PONTA PORA,3.608,3.723,14.0,14.0
2018,6,MS,TRES LAGOAS,3.843,3.98,32.0,39.0
2018,6,MT,ALTA FLORESTA,4.046,4.145,37.0,32.0
2018,6,MT,CACERES,3.703,3.853,29.0,36.0
2018,6,MT,CUIABA,3.706,3.789,111.0,200.0
2018,6,MT,RONDONOPOLIS,3.703,3.802,79.0,81.0
2018,6,MT,SINOP,3.768,3.889,34.0,48.0
2018,6,MT,SORRISO,3.883,4.002,25.0,39.0
2018,6,MT,VARZEA GRANDE,3.636,3.751,41.0,58.0
2018,6,PA,ABAETETUBA,3.773,3.88,12.0,8.0
2018,6,PA,ALENQUER,3.831,3.99,9.0,2.0
2018,6,PA,ALTAMIRA,3.833,4.043,22.0,20.0
2018,6,PA,ANANINDEUA,,3.605,,31.0
2018,6,PA,BELEM,,3.605,,81.0
2018,6,PA,BRAGANCA,,3.404,,16.0
2018,6,PA,CAMETA,3.536,3.631,8.0,8.0
2018,6,PA,CASTANHAL,3.443,3.48,18.0,22.0
2018,6,PA,CONCEICAO DO ARAGUAIA,3.835,3.878,8.0,8.0
2018,6,PA,ITAITUBA,3.479,3.589,21.0,28.0
2018,6,PA,MARABA,3.618,3.722,26.0,50.0
2018,6,PA,PARAGOMINAS,3.366,3.465,16.0,16.0
2018,6,PA,PARAUAPEBAS,3.8,3.839,28.0,36.0
2018,6,PA,REDENCAO,3.608,3.706,16.0,16.0
2018,6,PA,SANTAREM,3.552,3.641,46.0,46.0
2018,6,PA,XINGUARA,3.526,3.583,20.0,18.0
2018,6,PB,BAYEUX,3.322,3.393,24.0,24.0
2018,6,PB,CABEDELO,3.35,3.485,9.0,18.0
2018,6,PB,CAMPINA GRANDE,,3.414,,38.0
2018,6,PB,JOAO PESSOA,3.31,3.387,26.0,71.0
2018,6,PB,PATOS,3.54,3.687,23.0,20.0
2018,6,PB,SOUSA,3.484,3.627,7.0,22.0
2018,6,PE,ARARIPINA,3.446,3.5,16.0,27.0
2018,6,PE,ARCOVERDE,,3.399,,29.0
2018,6,PE,BELO JARDIM,,3.444,,28.0
2018,6,PE,CABO DE SANTO AGOSTINHO,,3.362,,24.0
2018,6,PE,CARUARU,,3.548,,53.0
2018,6,PE,GARANHUNS,,3.47,,48.0
2018,6,PE,GOIANA,,3.359,,21.0
2018,6,PE,IGARASSU,,3.362,,29.0
2018,6,PE,JABOATAO DOS GUARARAPES,,3.463,,40.0
2018,6,PE,LAJEDO,3.455,3.429,7.0,20.0
2018,6,PE,OLINDA,,3.429,,34.0
2018,6,PE,PAULISTA,,3.427,,34.0
2018,6,PE,PETROLINA,3.563,3.624,38.0,44.0
2018,6,PE,RECIFE,,3.401,,99.0
2018,6,PE,SALGUEIRO,3.33,3.365,3.0,22.0
2018,6,PE,SANTA CRUZ DO CAPIBARIBE,,3.453,,32.0
2018,6,PE,SERRA TALHADA,,3.443,,24.0
2018,6,PE,VITORIA DE SANTO ANTAO,3.259,3.435,2.0,28.0
2018,6,PI,PARNAIBA,3.548,3.636,36.0,46.0
2018,6,PI,PICOS,3.466,3.51,31.0,33.0
2018,6,PI,PIRIPIRI,3.566,3.654,16.0,18.0
2018,6,PI,TERESINA,3.449,3.546,62.0,156.0
2018,6,PR,APUCARANA,3.295,3.363,48.0,45.0
2018,6,PR,ARAPONGAS,3.298,3.415,23.0,22.0
2018,6,PR,ARAUCARIA,3.151,3.18,30.0,25.0
2018,6,PR,ASSIS CHATEAUBRIAND,3.383,3.448,26.0,30.0
2018,6,PR,CAMBE,3.367,3.384,32.0,27.0
2018,6,PR,CAMPO LARGO,3.322,3.484,19.0,17.0
2018,6,PR,CAMPO MOURAO,3.259,3.298,42.0,32.0
2018,6,PR,CASCAVEL,3.25,3.378,40.0,61.0
2018,6,PR,CASTRO,3.286,3.343,19.0,23.0
2018,6,PR,CIANORTE,3.321,3.4,37.0,27.0
2018,6,PR,COLOMBO,3.146,3.243,49.0,47.0
2018,6,PR,CORNELIO PROCOPIO,3.336,3.467,18.0,11.0
2018,6,PR,CURITIBA,3.068,3.273,53.0,161.0
2018,6,PR,FOZ DO IGUACU,3.318,3.423,25.0,45.0
2018,6,PR,FRANCISCO BELTRAO,3.186,3.28,28.0,23.0
2018,6,PR,GUARAPUAVA,3.246,3.349,34.0,50.0
2018,6,PR,LONDRINA,3.308,3.335,38.0,62.0
2018,6,PR,MARECHAL CANDIDO RONDON,3.273,3.375,24.0,19.0
2018,6,PR,MARINGA,3.219,3.351,25.0,57.0
2018,6,PR,PARANAGUA,3.188,3.306,25.0,29.0
2018,6,PR,PARANAVAI,3.34,3.358,17.0,24.0
2018,6,PR,PATO BRANCO,3.209,3.313,19.0,28.0
2018,6,PR,PINHAIS,3.153,3.245,15.0,23.0
2018,6,PR,PONTA GROSSA,3.213,3.274,48.0,51.0
2018,6,PR,SANTO ANTONIO DA PLATINA,3.08,3.185,12.0,18.0
2018,6,PR,SAO JOSE DOS PINHAIS,3.134,3.248,38.0,54.0
2018,6,PR,TOLEDO,3.271,3.367,33.0,29.0
2018,6,PR,UMUARAMA,3.338,3.42,30.0,42.0
2018,6,PR,UNIAO DA VITORIA,3.281,3.368,32.0,28.0
2018,6,RJ,ANGRA DOS REIS,3.74,3.759,4.0,23.0
2018,6,RJ,ARARUAMA,3.502,3.574,19.0,31.0
2018,6,RJ,BARRA DO PIRAI,3.574,3.686,28.0,24.0
2018,6,RJ,BARRA MANSA,3.599,3.757,32.0,28.0
2018,6,RJ,BELFORD ROXO,3.558,3.636,20.0,32.0
2018,6,RJ,CABO FRIO,3.626,3.7,10.0,28.0
2018,6,RJ,CAMPOS DOS GOYTACAZES,3.488,3.597,46.0,53.0
2018,6,RJ,DUQUE DE CAXIAS,3.498,3.612,53.0,64.0
2018,6,RJ,ITABORAI,3.453,3.546,28.0,28.0
2018,6,RJ,ITAGUAI,3.392,3.51,16.0,22.0
2018,6,RJ,ITAPERUNA,3.534,3.645,26.0,25.0
2018,6,RJ,MACAE,3.573,3.735,16.0,36.0
2018,6,RJ,MAGE,3.456,3.593,7.0,15.0
2018,6,RJ,MARICA,3.677,3.757,24.0,34.0
2018,6,RJ,NILOPOLIS,,3.649,,4.0
2018,6,RJ,NITEROI,3.66,3.621,14.0,64.0
2018,6,RJ,NOVA FRIBURGO,3.54,3.613,20.0,25.0
2018,6,RJ,NOVA IGUACU,3.485,3.612,40.0,48.0
2018,6,RJ,PETROPOLIS,3.592,3.641,27.0,50.0
2018,6,RJ,RESENDE,3.33,3.569,22.0,44.0
2018,6,RJ,RIO BONITO,3.495,3.593,20.0,20.0
2018,6,RJ,RIO DE JANEIRO,3.547,3.658,82.0,205.0
2018,6,RJ,SANTO ANTONIO DE PADUA,3.376,3.469,15.0,11.0
2018,6,RJ,SAO FRANCISCO DE ITABAPOANA,3.514,3.69,28.0,17.0
2018,6,RJ,SAO GONCALO,3.581,3.641,39.0,44.0
2018,6,RJ,SAO JOAO DE MERITI,3.602,3.634,12.0,22.0
2018,6,RJ,SAPUCAIA,3.302,3.388,34.0,22.0
2018,6,RJ,SAQUAREMA,3.712,3.987,19.0,24.0
2018,6,RJ,TERESOPOLIS,3.512,3.608,18.0,43.0
2018,6,RJ,TRES RIOS,3.464,3.59,20.0,26.0
2018,6,RJ,VALENCA,3.658,3.713,20.0,36.0
2018,6,RJ,VOLTA REDONDA,3.641,3.886,32.0,20.0
2018,6,RN,CAICO,3.442,3.538,23.0,28.0
2018,6,RN,MOSSORO,3.347,3.505,65.0,56.0
2018,6,RN,NATAL,3.491,3.612,62.0,94.0
2018,6,RN,PARNAMIRIM,3.493,3.56,30.0,40.0
2018,6,RO,ARIQUEMES,3.623,3.688,32.0,35.0
2018,6,RO,CACOAL,3.529,3.609,32.0,32.0
2018,6,RO,JI PARANA,3.633,3.696,36.0,36.0
2018,6,RO,PIMENTA BUENO,3.621,3.71,16.0,24.0
2018,6,RO,PORTO VELHO,3.572,3.682,86.0,87.0
2018,6,RO,VILHENA,3.648,3.726,37.0,33.0
2018,6,RR,BOA VISTA,3.539,3.614,41.0,48.0
2018,6,RS,ALEGRETE,3.521,3.585,24.0,20.0
2018,6,RS,ALVORADA,3.407,3.368,9.0,9.0
2018,6,RS,BAGE,3.574,3.715,20.0,36.0
2018,6,RS,BENTO GONCALVES,3.393,3.466,12.0,28.0
2018,6,RS,CACHOEIRA DO SUL,3.34,3.471,30.0,28.0
2018,6,RS,CACHOEIRINHA,3.292,3.398,40.0,36.0
2018,6,RS,CANOAS,3.311,3.366,43.0,48.0
2018,6,RS,CAXIAS DO SUL,3.37,3.488,17.0,49.0
2018,6,RS,CRUZ ALTA,3.407,3.495,30.0,24.0
2018,6,RS,ERECHIM,3.356,3.509,25.0,39.0
2018,6,RS,ESTEIO,3.309,3.41,20.0,36.0
2018,6,RS,GRAMADO,3.532,3.61,12.0,20.0
2018,6,RS,GRAVATAI,3.223,3.321,42.0,32.0
2018,6,RS,GUAIBA,3.278,3.375,28.0,24.0
2018,6,RS,IJUI,3.361,3.598,20.0,28.0
2018,6,RS,LAJEADO,3.448,3.547,20.0,20.0
2018,6,RS,NOVO HAMBURGO,3.186,3.296,48.0,46.0
2018,6,RS,OSORIO,3.246,3.34,22.0,24.0
2018,6,RS,PASSO FUNDO,3.386,3.54,28.0,46.0
2018,6,RS,PELOTAS,3.308,3.528,31.0,43.0
2018,6,RS,PORTO ALEGRE,3.287,3.439,33.0,97.0
2018,6,RS,RIO GRANDE,3.387,3.514,44.0,52.0
2018,6,RS,SANTA CRUZ DO SUL,3.344,3.432,22.0,41.0
2018,6,RS,SANTA MARIA,3.429,3.506,33.0,36.0
2018,6,RS,SANTA ROSA,3.43,3.491,28.0,25.0
2018,6,RS,SANTANA DO LIVRAMENTO,3.444,3.603,15.0,31.0
2018,6,RS,SANTO ANGELO,3.443,3.544,28.0,27.0
2018,6,RS,SAO GABRIEL,3.523,3.674,20.0,20.0
2018,6,RS,SAO LEOPOLDO,3.215,3.359,27.0,44.0
2018,6,RS,SAO LUIZ GONZAGA,3.387,3.44,20.0,16.0
2018,6,RS,SAPIRANGA,3.243,3.331,24.0,36.0
2018,6,RS,SAPUCAIA DO SUL,3.178,3.305,28.0,25.0
2018,6,RS,TORRES,3.26,3.371,16.0,19.0
2018,6,RS,URUGUAIANA,3.41,3.456,18.0,26.0
2018,6,RS,VACARIA,3.357,3.506,26.0,36.0
2018,6,RS,VIAMAO,3.294,3.382,10.0,12.0
2018,6,SC,ARARANGUA,3.179,3.277,28.0,25.0
2018,6,SC,BALNEARIO CAMBORIU,3.324,3.413,8.0,30.0
2018,6,SC,BIGUACU,3.139,3.288,16.0,32.0
2018,6,SC,BLUMENAU,3.314,3.366,21.0,54.0
2018,6,SC,BRUSQUE,3.289,3.366,20.0,28.0
2018,6,SC,CACADOR,3.368,3.502,30.0,25.0
2018,6,SC,CHAPECO,3.307,3.402,26.0,30.0
2018,6,SC,CONCORDIA,3.328,3.416,20.0,17.0
2018,6,SC,CRICIUMA,3.188,3.325,28.0,48.0
2018,6,SC,FLORIANOPOLIS,3.448,3.464,10.0,101.0
2018,6,SC,ITAJAI,3.319,3.37,6.0,40.0
2018,6,SC,JARAGUA DO SUL,3.25,3.337,30.0,37.0
2018,6,SC,JOINVILLE,3.19,3.325,16.0,56.0
2018,6,SC,LAGES,3.355,3.468,8.0,32.0
2018,6,SC,LAGUNA,3.29,3.343,24.0,20.0
2018,6,SC,MAFRA,3.232,3.392,16.0,22.0
2018,6,SC,PALHOCA,3.214,3.33,29.0,57.0
2018,6,SC,SAO JOSE,3.197,3.352,13.0,52.0
2018,6,SC,TUBARAO,3.197,3.276,24.0,36.0
2018,6,SC,VIDEIRA,3.3,3.47,19.0,27.0
2018,6,SC,XANXERE,3.271,3.398,12.0,16.0
2018,6,SE,ARACAJU,3.493,3.598,11.0,74.0
2018,6,SE,ITABAIANA,3.483,3.53,20.0,20.0
2018,6,SE,LAGARTO,3.345,3.381,16.0,20.0
2018,6,SE,NOSSA SENHORA DO SOCORRO,3.381,3.464,23.0,24.0
2018,6,SP,ADAMANTINA,3.384,3.466,20.0,24.0
2018,6,SP,AMERICANA,3.276,3.376,18.0,43.0
2018,6,SP,AMPARO,3.417,3.393,33.0,26.0
2018,6,SP,ARACATUBA,3.309,3.451,50.0,76.0
2018,6,SP,ARARAQUARA,3.382,3.449,36.0,43.0
2018,6,SP,ARARAS,3.262,3.346,44.0,36.0
2018,6,SP,ASSIS,3.575,3.602,50.0,64.0
2018,6,SP,ATIBAIA,3.334,3.487,28.0,54.0
2018,6,SP,AVARE,3.438,3.527,36.0,31.0
2018,6,SP,BARRETOS,3.426,3.515,31.0,58.0
2018,6,SP,BARUERI,3.285,3.397,37.0,63.0
2018,6,SP,BAURU,3.314,3.416,61.0,66.0
2018,6,SP,BEBEDOURO,3.256,3.3,20.0,22.0
2018,6,SP,BIRIGUI,3.5,3.581,31.0,42.0
2018,6,SP,BOTUCATU,3.349,3.427,17.0,18.0
2018,6,SP,BRAGANCA PAULISTA,3.241,3.362,26.0,39.0
2018,6,SP,CACAPAVA,3.252,3.371,16.0,32.0
2018,6,SP,CAMPINAS,3.254,3.335,69.0,84.0
2018,6,SP,CARAGUATATUBA,3.543,3.633,20.0,35.0
2018,6,SP,CARAPICUIBA,3.356,3.46,10.0,28.0
2018,6,SP,CATANDUVA,3.339,3.517,18.0,29.0
2018,6,SP,COSMOPOLIS,3.389,3.426,18.0,14.0
2018,6,SP,COTIA,3.362,3.504,31.0,43.0
2018,6,SP,CRUZEIRO,3.425,3.444,19.0,14.0
2018,6,SP,CUBATAO,3.384,3.609,14.0,20.0
2018,6,SP,DIADEMA,3.311,3.438,9.0,44.0
2018,6,SP,DRACENA,3.399,3.476,26.0,27.0
2018,6,SP,EMBU DAS ARTES,3.317,3.41,48.0,25.0
2018,6,SP,FRANCA,3.254,3.355,60.0,59.0
2018,6,SP,GARCA,3.342,3.465,16.0,20.0
2018,6,SP,GUARATINGUETA,3.316,3.526,24.0,28.0
2018,6,SP,GUARUJA,3.279,3.583,6.0,32.0
2018,6,SP,GUARULHOS,3.29,3.4,44.0,78.0
2018,6,SP,HORTOLANDIA,3.196,3.309,24.0,36.0
2018,6,SP,IBITINGA,3.311,3.458,20.0,16.0
2018,6,SP,INDAIATUBA,3.403,3.511,34.0,37.0
2018,6,SP,ITANHAEM,3.412,3.653,15.0,9.0
2018,6,SP,ITAPECERICA DA SERRA,3.292,3.407,23.0,31.0
2018,6,SP,ITAPETININGA,3.333,3.436,41.0,38.0
2018,6,SP,ITAPEVA,3.35,3.45,28.0,36.0
2018,6,SP,ITAPIRA,3.321,3.41,27.0,29.0
2018,6,SP,ITAPOLIS,3.426,3.541,30.0,26.0
2018,6,SP,ITAQUAQUECETUBA,3.328,3.422,21.0,32.0
2018,6,SP,ITATIBA,3.249,3.353,33.0,41.0
2018,6,SP,ITU,3.438,3.525,34.0,45.0
2018,6,SP,JABOTICABAL,3.33,3.47,36.0,40.0
2018,6,SP,JACAREI,3.288,3.319,32.0,34.0
2018,6,SP,JALES,3.298,3.401,31.0,24.0
2018,6,SP,JAU,3.352,3.439,24.0,30.0
2018,6,SP,JOSE BONIFACIO,3.242,3.347,39.0,31.0
2018,6,SP,JUNDIAI,3.305,3.431,37.0,69.0
2018,6,SP,LEME,3.274,3.466,32.0,48.0
2018,6,SP,LIMEIRA,3.213,3.345,47.0,66.0
2018,6,SP,LINS,3.445,3.534,22.0,39.0
2018,6,SP,LORENA,3.222,3.313,16.0,26.0
2018,6,SP,MARILIA,3.442,3.463,19.0,41.0
2018,6,SP,MATAO,3.212,3.326,44.0,38.0
2018,6,SP,MAUA,3.274,3.338,16.0,38.0
2018,6,SP,MIRASSOL,3.283,3.404,27.0,26.0
2018,6,SP,MOCOCA,3.282,3.362,38.0,17.0
2018,6,SP,MOGI DAS CRUZES,3.213,3.282,26.0,57.0
2018,6,SP,MOGI GUACU,3.234,3.37,39.0,39.0
2018,6,SP,MOGI MIRIM,3.308,3.42,11.0,37.0
2018,6,SP,MONTE ALTO,3.477,3.533,22.0,31.0
2018,6,SP,OLIMPIA,3.334,3.437,24.0,27.0
2018,6,SP,OSASCO,3.378,3.464,44.0,65.0
2018,6,SP,OURINHOS,3.278,3.457,35.0,50.0
2018,6,SP,PARAGUACU PAULISTA,3.51,3.508,28.0,21.0
2018,6,SP,PAULINIA,3.37,3.425,46.0,42.0
2018,6,SP,PINDAMONHANGABA,3.217,3.271,11.0,24.0
2018,6,SP,PIRACICABA,3.216,3.32,54.0,70.0
2018,6,SP,PIRASSUNUNGA,3.28,3.424,29.0,24.0
2018,6,SP,POA,3.261,3.291,15.0,14.0
2018,6,SP,PORTO FERREIRA,3.318,3.413,23.0,15.0
2018,6,SP,PRAIA GRANDE,3.508,3.556,14.0,34.0
2018,6,SP,PRESIDENTE PRUDENTE,3.392,3.495,53.0,57.0
2018,6,SP,PRESIDENTE VENCESLAU,3.468,3.558,32.0,35.0
2018,6,SP,RIBEIRAO PIRES,3.293,3.391,14.0,25.0
2018,6,SP,RIBEIRAO PRETO,3.286,3.435,52.0,79.0
2018,6,SP,RIO CLARO,3.25,3.394,27.0,44.0
2018,6,SP,SALTO,3.261,3.382,20.0,25.0
2018,6,SP,SANTA BARBARA D OESTE,3.22,3.35,33.0,33.0
2018,6,SP,SANTA CRUZ DO RIO PARDO,3.535,3.506,21.0,29.0
2018,6,SP,SANTO ANDRE,3.291,3.396,29.0,69.0
2018,6,SP,SANTOS,3.315,3.491,6.0,23.0
2018,6,SP,SAO BERNARDO DO CAMPO,3.326,3.381,15.0,50.0
2018,6,SP,SAO CAETANO DO SUL,3.262,3.496,6.0,32.0
2018,6,SP,SAO CARLOS,3.292,3.414,38.0,63.0
2018,6,SP,SAO JOAO DA BOA VISTA,3.286,3.366,36.0,38.0
2018,6,SP,SAO JOSE DO RIO PRETO,3.275,3.449,64.0,56.0
2018,6,SP,SAO JOSE DOS CAMPOS,3.173,3.291,20.0,55.0
2018,6,SP,SAO PAULO,3.273,3.413,131.0,512.0
2018,6,SP,SAO ROQUE,3.36,3.421,12.0,31.0
2018,6,SP,SAO VICENTE,3.256,3.484,22.0,31.0
2018,6,SP,SERTAOZINHO,3.429,3.509,32.0,35.0
2018,6,SP,SOROCABA,3.247,3.356,57.0,71.0
2018,6,SP,SUMARE,3.349,3.459,46.0,48.0
2018,6,SP,SUZANO,3.217,3.374,27.0,40.0
2018,6,SP,TABOAO DA SERRA,3.363,3.367,7.0,32.0
2018,6,SP,TATUI,3.345,3.442,20.0,32.0
2018,6,SP,TAUBATE,3.229,3.345,19.0,42.0
2018,6,SP,TUPA,3.467,3.568,41.0,39.0
2018,6,SP,UBATUBA,3.649,3.629,6.0,28.0
2018,6,SP,VALINHOS,3.247,3.336,23.0,38.0
2018,6,SP,VARZEA PAULISTA,3.265,3.364,29.0,23.0
2018,6,SP,VINHEDO,3.373,3.471,25.0,34.0
2018,6,SP,VOTORANTIM,3.272,3.364,24.0,36.0
2018,6,SP,VOTUPORANGA,3.496,3.56,31.0,38.0
2018,6,TO,ARAGUAINA,3.393,3.473,33.0,42.0
2018,6,TO,GURUPI,3.496,3.59,38.0,40.0
2018,6,TO,PALMAS,3.355,3.393,22.0,33.0
2018,6,TO,PARAISO DO TOCANTINS,3.391,3.492,20.0,32.0
2018,6,TO,PORTO NACIONAL,3.415,3.498,10.0,15.0
2018,7,AC,CRUZEIRO DO SUL,4.409,4.483,50.0,45.0
2018,7,AC,RIO BRANCO,4.135,4.197,110.0,115.0
2018,7,AL,ARAPIRACA,3.496,3.609,44.0,42.0
2018,7,AL,DELMIRO GOUVEIA,3.719,3.828,28.0,28.0
2018,7,AL,MACEIO,3.525,3.578,44.0,60.0
2018,7,AL,PALMEIRA DOS INDIOS,3.439,3.586,32.0,24.0
2018,7,AL,RIO LARGO,3.458,3.588,14.0,22.0
2018,7,AM,ITACOATIARA,3.636,3.724,41.0,32.0
2018,7,AM,MANACAPURU,3.49,3.59,14.0,9.0
2018,7,AM,MANAUS,3.386,3.512,105.0,120.0
2018,7,AM,PARINTINS,3.59,3.69,15.0,10.0
2018,7,AM,TEFE,,3.843,,15.0
2018,7,AP,MACAPA,3.74,4.278,88.0,69.0
2018,7,AP,SANTANA,3.744,4.28,20.0,10.0
2018,7,BA,ALAGOINHAS,3.253,3.368,24.0,36.0
2018,7,BA,BARREIRAS,3.573,3.647,33.0,40.0
2018,7,BA,BRUMADO,3.517,3.573,24.0,24.0
2018,7,BA,CAETITE,3.572,3.673,30.0,30.0
2018,7,BA,CAMACARI,3.308,3.394,37.0,53.0
2018,7,BA,EUNAPOLIS,3.523,3.646,24.0,32.0
2018,7,BA,FEIRA DE SANTANA,3.248,3.307,56.0,78.0
2018,7,BA,GUANAMBI,3.518,3.61,44.0,33.0
2018,7,BA,ILHEUS,3.429,3.53,28.0,32.0
2018,7,BA,IPIRA,3.33,3.399,18.0,10.0
2018,7,BA,IRECE,3.462,3.577,26.0,22.0
2018,7,BA,ITABUNA,3.489,3.567,33.0,56.0
2018,7,BA,ITAMARAJU,3.576,3.56,20.0,20.0
2018,7,BA,JACOBINA,3.375,3.475,25.0,25.0
2018,7,BA,JAGUAQUARA,3.441,3.468,28.0,14.0
2018,7,BA,JEQUIE,3.512,3.601,30.0,24.0
2018,7,BA,JUAZEIRO,3.452,3.575,33.0,42.0
2018,7,BA,LAURO DE FREITAS,3.234,3.319,15.0,48.0
2018,7,BA,LIVRAMENTO DE NOSSA SENHORA,3.672,3.777,30.0,15.0
2018,7,BA,PAULO AFONSO,3.487,3.567,30.0,35.0
2018,7,BA,POCOES,3.399,3.445,28.0,14.0
2018,7,BA,PORTO SEGURO,3.829,4.065,15.0,24.0
2018,7,BA,SALVADOR,3.324,3.379,70.0,219.0
2018,7,BA,SANTO ANTONIO DE JESUS,3.27,3.374,23.0,14.0
2018,7,BA,SENHOR DO BONFIM,3.377,3.449,33.0,20.0
2018,7,BA,SERRINHA,3.354,3.473,16.0,12.0
2018,7,BA,SIMOES FILHO,3.336,3.474,31.0,26.0
2018,7,BA,TEIXEIRA DE FREITAS,3.506,3.606,40.0,40.0
2018,7,BA,VALENCA,3.348,3.439,40.0,24.0
2018,7,BA,VITORIA DA CONQUISTA,3.359,3.527,30.0,40.0
2018,7,CE,CANINDE,3.442,3.481,31.0,30.0
2018,7,CE,CAUCAIA,,3.467,,102.0
2018,7,CE,CRATEUS,3.514,3.558,22.0,26.0
2018,7,CE,CRATO,3.612,3.69,33.0,43.0
2018,7,CE,FORTALEZA,,3.45,,402.0
2018,7,CE,ICO,3.642,3.689,22.0,32.0
2018,7,CE,IGUATU,3.604,3.649,27.0,42.0
2018,7,CE,ITAPIPOCA,3.551,3.638,25.0,32.0
2018,7,CE,JUAZEIRO DO NORTE,3.612,3.697,33.0,53.0
2018,7,CE,LIMOEIRO DO NORTE,3.505,3.53,14.0,15.0
2018,7,CE,MARACANAU,,3.422,,40.0
2018,7,CE,QUIXADA,3.552,3.617,33.0,40.0
2018,7,CE,SOBRAL,3.478,3.571,38.0,50.0
2018,7,DF,BRASILIA,3.537,3.61,89.0,140.0
2018,7,ES,ARACRUZ,3.189,3.303,26.0,30.0
2018,7,ES,CACHOEIRO DE ITAPEMIRIM,3.355,3.419,44.0,52.0
2018,7,ES,CARIACICA,3.243,3.354,19.0,31.0
2018,7,ES,COLATINA,3.374,3.473,24.0,32.0
2018,7,ES,GUARAPARI,3.437,3.523,33.0,36.0
2018,7,ES,LINHARES,3.219,3.262,39.0,40.0
2018,7,ES,SAO MATEUS,3.332,3.438,31.0,31.0
2018,7,ES,SERRA,3.263,3.34,41.0,25.0
2018,7,ES,VILA VELHA,3.228,3.363,16.0,46.0
2018,7,ES,VITORIA,3.288,3.364,24.0,59.0
2018,7,GO,AGUAS LINDAS DE GOIAS,3.669,3.694,20.0,21.0
2018,7,GO,ANAPOLIS,3.468,3.55,56.0,34.0
2018,7,GO,APARECIDA DE GOIANIA,3.394,3.538,36.0,29.0
2018,7,GO,CALDAS NOVAS,3.555,3.67,40.0,27.0
2018,7,GO,CATALAO,3.669,3.755,34.0,37.0
2018,7,GO,FORMOSA,3.521,3.62,33.0,47.0
2018,7,GO,GOIANIA,3.483,3.539,101.0,169.0
2018,7,GO,GOIATUBA,3.555,3.699,44.0,33.0
2018,7,GO,ITUMBIARA,3.466,3.567,73.0,41.0
2018,7,GO,JATAI,3.641,3.721,60.0,49.0
2018,7,GO,LUZIANIA,3.563,3.608,48.0,22.0
2018,7,GO,MINEIROS,3.585,3.652,34.0,19.0
2018,7,GO,MORRINHOS,3.45,3.601,40.0,21.0
2018,7,GO,PORANGATU,3.567,3.652,31.0,24.0
2018,7,GO,RIO VERDE,3.638,3.746,40.0,80.0
2018,7,GO,TRINDADE,3.576,3.69,28.0,4.0
2018,7,GO,VALPARAISO DE GOIAS,3.44,3.459,34.0,14.0
2018,7,MA,ACAILANDIA,3.427,3.494,40.0,36.0
2018,7,MA,BACABAL,3.29,3.501,5.0,7.0
2018,7,MA,BALSAS,3.555,3.621,27.0,31.0
2018,7,MA,BARRA DO CORDA,3.451,3.524,12.0,12.0
2018,7,MA,CAXIAS,3.32,3.427,28.0,34.0
2018,7,MA,CODO,3.56,3.58,24.0,20.0
2018,7,MA,IMPERATRIZ,3.421,3.477,40.0,61.0
2018,7,MA,PINHEIRO,3.54,3.648,20.0,15.0
2018,7,MA,PRESIDENTE DUTRA,3.499,3.616,10.0,15.0
2018,7,MA,SANTA INES,3.439,3.486,10.0,30.0
2018,7,MA,SAO JOSE DE RIBAMAR,3.424,3.481,12.0,38.0
2018,7,MA,SAO LUIS,3.392,3.475,54.0,178.0
2018,7,MG,ALFENAS,3.555,3.633,18.0,17.0
2018,7,MG,ARAGUARI,3.435,3.537,65.0,64.0
2018,7,MG,ARAXA,3.512,3.593,35.0,35.0
2018,7,MG,BARBACENA,3.506,3.566,27.0,35.0
2018,7,MG,BELO HORIZONTE,3.496,3.562,68.0,111.0
2018,7,MG,BETIM,3.364,3.473,29.0,42.0
2018,7,MG,BOM DESPACHO,3.474,3.507,30.0,21.0
2018,7,MG,CAMPO BELO,3.476,3.538,25.0,15.0
2018,7,MG,CARATINGA,3.495,3.639,21.0,23.0
2018,7,MG,CONGONHAS,3.434,3.491,18.0,23.0
2018,7,MG,CONSELHEIRO LAFAIETE,3.589,3.576,16.0,17.0
2018,7,MG,CONTAGEM,3.391,3.458,62.0,40.0
2018,7,MG,CORONEL FABRICIANO,3.502,3.557,14.0,27.0
2018,7,MG,CURVELO,3.519,3.597,27.0,30.0
2018,7,MG,DIVINOPOLIS,3.519,3.633,19.0,24.0
2018,7,MG,FORMIGA,3.453,3.547,24.0,25.0
2018,7,MG,FRUTAL,3.477,3.756,20.0,21.0
2018,7,MG,GOVERNADOR VALADARES,3.39,3.559,31.0,50.0
2018,7,MG,GUAXUPE,3.36,3.467,20.0,20.0
2018,7,MG,IPATINGA,3.424,3.523,45.0,35.0
2018,7,MG,ITABIRA,3.471,3.568,29.0,27.0
2018,7,MG,ITAJUBA,3.492,3.631,16.0,29.0
2018,7,MG,ITAUNA,3.417,3.575,26.0,11.0
2018,7,MG,ITUIUTABA,3.496,3.604,44.0,44.0
2018,7,MG,JANAUBA,3.601,3.66,20.0,16.0
2018,7,MG,JANUARIA,3.599,3.698,24.0,20.0
2018,7,MG,JOAO MONLEVADE,3.485,3.506,9.0,19.0
2018,7,MG,JOAO PINHEIRO,3.605,3.699,24.0,20.0
2018,7,MG,JUIZ DE FORA,3.414,3.523,26.0,36.0
2018,7,MG,LAVRAS,3.653,3.696,10.0,34.0
2018,7,MG,LEOPOLDINA,3.311,3.396,25.0,18.0
2018,7,MG,MANHUACU,3.434,3.545,35.0,30.0
2018,7,MG,MONTE CARMELO,3.508,3.622,40.0,35.0
2018,7,MG,MONTES CLAROS,3.336,3.516,52.0,32.0
2018,7,MG,MURIAE,3.433,3.54,35.0,40.0
2018,7,MG,NOVA LIMA,3.51,3.607,14.0,30.0
2018,7,MG,OLIVEIRA,3.4,3.508,34.0,27.0
2018,7,MG,OURO PRETO,3.641,3.693,24.0,23.0
2018,7,MG,PARA DE MINAS,3.737,3.804,24.0,22.0
2018,7,MG,PARACATU,3.617,3.687,26.0,27.0
2018,7,MG,PASSOS,3.48,3.565,29.0,31.0
2018,7,MG,PATOS DE MINAS,3.547,3.614,45.0,41.0
2018,7,MG,PATROCINIO,3.559,3.635,26.0,14.0
2018,7,MG,POCOS DE CALDAS,3.447,3.528,29.0,42.0
2018,7,MG,POUSO ALEGRE,3.448,3.552,25.0,37.0
2018,7,MG,SABARA,3.44,3.489,20.0,25.0
2018,7,MG,SAO JOAO DEL REI,3.529,3.649,14.0,18.0
2018,7,MG,SAO SEBASTIAO DO PARAISO,3.442,3.555,20.0,27.0
2018,7,MG,SETE LAGOAS,3.268,3.423,80.0,60.0
2018,7,MG,TEOFILO OTONI,3.554,3.632,40.0,40.0
2018,7,MG,TIMOTEO,3.391,3.53,15.0,20.0
2018,7,MG,TRES CORACOES,3.57,3.728,18.0,23.0
2018,7,MG,UBA,3.478,3.523,15.0,30.0
2018,7,MG,UBERABA,3.501,3.62,57.0,63.0
2018,7,MG,UBERLANDIA,3.423,3.521,82.0,93.0
2018,7,MG,UNAI,3.681,3.762,40.0,50.0
2018,7,MG,VARGINHA,3.519,3.608,28.0,45.0
2018,7,MG,VICOSA,3.699,3.695,5.0,17.0
2018,7,MS,CAMPO GRANDE,3.445,3.538,96.0,158.0
2018,7,MS,CORUMBA,3.652,3.763,23.0,20.0
2018,7,MS,COXIM,3.499,3.584,30.0,30.0
2018,7,MS,DOURADOS,3.56,3.685,15.0,34.0
2018,7,MS,NOVA ANDRADINA,3.478,3.571,25.0,30.0
2018,7,MS,PONTA PORA,3.437,3.519,15.0,20.0
2018,7,MS,TRES LAGOAS,3.61,3.718,48.0,55.0
2018,7,MT,ALTA FLORESTA,3.976,4.067,45.0,40.0
2018,7,MT,CACERES,3.653,3.769,35.0,50.0
2018,7,MT,CUIABA,3.674,3.764,120.0,200.0
2018,7,MT,RONDONOPOLIS,3.627,3.735,100.0,105.0
2018,7,MT,SINOP,3.744,3.871,36.0,46.0
2018,7,MT,SORRISO,3.872,3.969,26.0,39.0
2018,7,MT,VARZEA GRANDE,3.606,3.711,45.0,58.0
2018,7,PA,ABAETETUBA,3.768,3.84,20.0,20.0
2018,7,PA,ALENQUER,3.76,3.99,15.0,5.0
2018,7,PA,ALTAMIRA,3.865,4.094,25.0,25.0
2018,7,PA,ANANINDEUA,,3.515,,39.0
2018,7,PA,BELEM,,3.51,,84.0
2018,7,PA,BRAGANCA,,3.303,,20.0
2018,7,PA,CAMETA,3.55,3.598,9.0,10.0
2018,7,PA,CASTANHAL,3.433,3.472,25.0,30.0
2018,7,PA,CONCEICAO DO ARAGUAIA,3.709,3.755,16.0,16.0
2018,7,PA,ITAITUBA,3.486,3.63,30.0,30.0
2018,7,PA,MARABA,3.591,3.693,45.0,66.0
2018,7,PA,PARAGOMINAS,3.361,3.462,20.0,20.0
2018,7,PA,PARAUAPEBAS,3.772,3.819,39.0,45.0
2018,7,PA,REDENCAO,3.56,3.697,20.0,20.0
2018,7,PA,SANTAREM,3.532,3.621,58.0,57.0
2018,7,PA,XINGUARA,3.535,3.636,25.0,20.0
2018,7,PB,BAYEUX,3.305,3.354,24.0,28.0
2018,7,PB,CABEDELO,3.296,3.368,23.0,21.0
2018,7,PB,CAMPINA GRANDE,,3.37,,44.0
2018,7,PB,JOAO PESSOA,3.267,3.323,24.0,72.0
2018,7,PB,PATOS,3.442,3.551,24.0,20.0
2018,7,PB,SOUSA,3.475,3.529,15.0,34.0
2018,7,PE,ARARIPINA,3.424,3.472,17.0,41.0
2018,7,PE,ARCOVERDE,,3.397,,30.0
2018,7,PE,BELO JARDIM,3.369,3.377,1.0,28.0
2018,7,PE,CABO DE SANTO AGOSTINHO,,3.356,,30.0
2018,7,PE,CARUARU,,3.383,,62.0
2018,7,PE,GARANHUNS,,3.32,,48.0
2018,7,PE,GOIANA,,3.354,,18.0
2018,7,PE,IGARASSU,,3.281,,37.0
2018,7,PE,JABOATAO DOS GUARARAPES,,3.367,,53.0
2018,7,PE,LAJEDO,3.399,3.395,1.0,24.0
2018,7,PE,OLINDA,,3.393,,42.0
2018,7,PE,PAULISTA,,3.315,,49.0
2018,7,PE,PETROLINA,3.485,3.557,42.0,53.0
2018,7,PE,RECIFE,,3.372,,113.0
2018,7,PE,SALGUEIRO,3.3,3.37,5.0,34.0
2018,7,PE,SANTA CRUZ DO CAPIBARIBE,,3.384,,36.0
2018,7,PE,SERRA TALHADA,,3.376,,35.0
2018,7,PE,VITORIA DE SANTO ANTAO,3.193,3.309,6.0,32.0
2018,7,PI,PARNAIBA,3.511,3.623,38.0,53.0
2018,7,PI,PICOS,3.428,3.473,37.0,41.0
2018,7,PI,PIRIPIRI,3.52,3.601,15.0,25.0
2018,7,PI,TERESINA,3.445,3.54,93.0,191.0
2018,7,PR,APUCARANA,3.252,3.318,61.0,55.0
2018,7,PR,ARAPONGAS,3.252,3.347,27.0,36.0
2018,7,PR,ARAUCARIA,3.089,3.16,40.0,24.0
2018,7,PR,ASSIS CHATEAUBRIAND,3.235,3.332,45.0,42.0
2018,7,PR,CAMBE,3.279,3.349,27.0,38.0
2018,7,PR,CAMPO LARGO,3.215,3.35,25.0,23.0
2018,7,PR,CAMPO MOURAO,3.177,3.257,54.0,38.0
2018,7,PR,CASCAVEL,3.235,3.381,34.0,60.0
2018,7,PR,CASTRO,3.209,3.301,25.0,24.0
2018,7,PR,CIANORTE,3.262,3.343,36.0,29.0
2018,7,PR,COLOMBO,3.16,3.243,58.0,47.0
2018,7,PR,CORNELIO PROCOPIO,3.312,3.397,23.0,12.0
2018,7,PR,CURITIBA,3.055,3.221,51.0,167.0
2018,7,PR,FOZ DO IGUACU,3.292,3.402,29.0,52.0
2018,7,PR,FRANCISCO BELTRAO,3.171,3.289,36.0,30.0
2018,7,PR,GUARAPUAVA,3.192,3.279,40.0,64.0
2018,7,PR,LONDRINA,3.251,3.319,50.0,79.0
2018,7,PR,MARECHAL CANDIDO RONDON,3.239,3.337,26.0,19.0
2018,7,PR,MARINGA,3.177,3.316,29.0,70.0
2018,7,PR,PARANAGUA,3.179,3.269,25.0,30.0
2018,7,PR,PARANAVAI,3.236,3.262,23.0,32.0
2018,7,PR,PATO BRANCO,3.246,3.286,19.0,40.0
2018,7,PR,PINHAIS,3.155,3.247,9.0,25.0
2018,7,PR,PONTA GROSSA,3.183,3.241,47.0,54.0
2018,7,PR,SANTO ANTONIO DA PLATINA,3.03,3.161,20.0,36.0
2018,7,PR,SAO JOSE DOS PINHAIS,3.155,3.266,27.0,54.0
2018,7,PR,TOLEDO,3.227,3.344,35.0,34.0
2018,7,PR,UMUARAMA,3.205,3.32,26.0,46.0
2018,7,PR,UNIAO DA VITORIA,3.235,3.31,34.0,29.0
2018,7,RJ,ANGRA DOS REIS,3.685,3.719,4.0,20.0
2018,7,RJ,ARARUAMA,3.471,3.547,25.0,40.0
2018,7,RJ,BARRA DO PIRAI,3.543,3.637,35.0,30.0
2018,7,RJ,BARRA MANSA,3.466,3.616,30.0,30.0
2018,7,RJ,BELFORD ROXO,3.466,3.54,23.0,33.0
2018,7,RJ,CABO FRIO,3.485,3.614,9.0,35.0
2018,7,RJ,CAMPOS DOS GOYTACAZES,3.416,3.512,47.0,53.0
2018,7,RJ,DUQUE DE CAXIAS,3.428,3.545,53.0,69.0
2018,7,RJ,ITABORAI,3.387,3.49,37.0,36.0
2018,7,RJ,ITAGUAI,3.356,3.465,18.0,33.0
2018,7,RJ,ITAPERUNA,3.461,3.541,30.0,33.0
2018,7,RJ,MACAE,3.458,3.603,16.0,36.0
2018,7,RJ,MAGE,3.479,3.554,14.0,18.0
2018,7,RJ,MARICA,3.521,3.608,24.0,36.0
2018,7,RJ,NILOPOLIS,3.149,3.458,3.0,9.0
2018,7,RJ,NITEROI,3.584,3.578,14.0,65.0
2018,7,RJ,NOVA FRIBURGO,3.465,3.6,26.0,36.0
2018,7,RJ,NOVA IGUACU,3.414,3.546,46.0,64.0
2018,7,RJ,PETROPOLIS,3.511,3.628,37.0,64.0
2018,7,RJ,RESENDE,3.357,3.544,30.0,55.0
2018,7,RJ,RIO BONITO,3.416,3.532,25.0,25.0
2018,7,RJ,RIO DE JANEIRO,3.42,3.586,107.0,227.0
2018,7,RJ,SANTO ANTONIO DE PADUA,3.305,3.315,25.0,16.0
2018,7,RJ,SAO FRANCISCO DE ITABAPOANA,3.483,3.603,35.0,20.0
2018,7,RJ,SAO GONCALO,3.511,3.581,47.0,55.0
2018,7,RJ,SAO JOAO DE MERITI,3.444,3.526,30.0,28.0
2018,7,RJ,SAPUCAIA,3.292,3.377,36.0,24.0
2018,7,RJ,SAQUAREMA,3.536,3.686,25.0,25.0
2018,7,RJ,TERESOPOLIS,3.4,3.517,19.0,58.0
2018,7,RJ,TRES RIOS,3.327,3.472,20.0,29.0
2018,7,RJ,VALENCA,3.549,3.636,20.0,36.0
2018,7,RJ,VOLTA REDONDA,3.565,3.811,28.0,20.0
2018,7,RN,CAICO,3.431,3.524,24.0,28.0
2018,7,RN,MOSSORO,3.345,3.513,68.0,60.0
2018,7,RN,NATAL,3.408,3.556,63.0,92.0
2018,7,RN,PARNAMIRIM,3.464,3.602,46.0,52.0
2018,7,RO,ARIQUEMES,3.527,3.609,28.0,36.0
2018,7,RO,CACOAL,3.555,3.626,32.0,32.0
2018,7,RO,JI PARANA,3.587,3.642,49.0,48.0
2018,7,RO,PIMENTA BUENO,3.647,3.723,20.0,25.0
2018,7,RO,PORTO VELHO,3.544,3.633,119.0,112.0
2018,7,RO,VILHENA,3.643,3.732,45.0,45.0
2018,7,RR,BOA VISTA,3.44,3.487,57.0,63.0
2018,7,RS,ALEGRETE,3.535,3.582,21.0,21.0
2018,7,RS,ALVORADA,3.499,3.34,8.0,12.0
2018,7,RS,BAGE,3.595,3.689,21.0,45.0
2018,7,RS,BENTO GONCALVES,3.36,3.462,19.0,33.0
2018,7,RS,CACHOEIRA DO SUL,3.321,3.439,40.0,35.0
2018,7,RS,CACHOEIRINHA,3.298,3.397,36.0,32.0
2018,7,RS,CANOAS,3.213,3.313,55.0,67.0
2018,7,RS,CAXIAS DO SUL,3.305,3.444,21.0,63.0
2018,7,RS,CRUZ ALTA,3.373,3.474,30.0,26.0
2018,7,RS,ERECHIM,3.306,3.495,33.0,49.0
2018,7,RS,ESTEIO,3.229,3.358,28.0,34.0
2018,7,RS,GRAMADO,3.494,3.616,14.0,25.0
2018,7,RS,GRAVATAI,3.167,3.282,40.0,40.0
2018,7,RS,GUAIBA,3.227,3.326,35.0,34.0
2018,7,RS,IJUI,3.399,3.544,22.0,28.0
2018,7,RS,LAJEADO,3.293,3.476,18.0,27.0
2018,7,RS,NOVO HAMBURGO,3.144,3.261,45.0,47.0
2018,7,RS,OSORIO,3.202,3.313,24.0,21.0
2018,7,RS,PASSO FUNDO,3.343,3.492,28.0,44.0
2018,7,RS,PELOTAS,3.351,3.511,44.0,60.0
2018,7,RS,PORTO ALEGRE,3.25,3.406,44.0,137.0
2018,7,RS,RIO GRANDE,3.297,3.42,60.0,60.0
2018,7,RS,SANTA CRUZ DO SUL,3.322,3.41,28.0,44.0
2018,7,RS,SANTA MARIA,3.374,3.451,40.0,48.0
2018,7,RS,SANTA ROSA,3.439,3.516,33.0,33.0
2018,7,RS,SANTANA DO LIVRAMENTO,3.585,3.661,23.0,31.0
2018,7,RS,SANTO ANGELO,3.412,3.5,29.0,29.0
2018,7,RS,SAO GABRIEL,3.489,3.626,25.0,25.0
2018,7,RS,SAO LEOPOLDO,3.168,3.312,28.0,44.0
2018,7,RS,SAO LUIZ GONZAGA,3.358,3.397,25.0,20.0
2018,7,RS,SAPIRANGA,3.192,3.269,29.0,41.0
2018,7,RS,SAPUCAIA DO SUL,3.165,3.378,28.0,22.0
2018,7,RS,TORRES,3.283,3.383,15.0,21.0
2018,7,RS,URUGUAIANA,3.389,3.44,20.0,35.0
2018,7,RS,VACARIA,3.371,3.533,33.0,44.0
2018,7,RS,VIAMAO,3.316,3.37,12.0,12.0
2018,7,SC,ARARANGUA,3.147,3.243,37.0,31.0
2018,7,SC,BALNEARIO CAMBORIU,3.191,3.37,11.0,42.0
2018,7,SC,BIGUACU,3.11,3.245,27.0,42.0
2018,7,SC,BLUMENAU,3.234,3.345,50.0,74.0
2018,7,SC,BRUSQUE,3.277,3.37,20.0,34.0
2018,7,SC,CACADOR,3.296,3.422,32.0,25.0
2018,7,SC,CHAPECO,3.196,3.298,24.0,28.0
2018,7,SC,CONCORDIA,3.328,3.42,25.0,28.0
2018,7,SC,CRICIUMA,3.187,3.273,36.0,44.0
2018,7,SC,FLORIANOPOLIS,3.352,3.431,23.0,139.0
2018,7,SC,ITAJAI,3.291,3.346,5.0,50.0
2018,7,SC,JARAGUA DO SUL,3.219,3.303,39.0,46.0
2018,7,SC,JOINVILLE,3.128,3.285,20.0,70.0
2018,7,SC,LAGES,3.277,3.388,13.0,40.0
2018,7,SC,LAGUNA,3.246,3.318,30.0,26.0
2018,7,SC,MAFRA,3.261,3.363,24.0,35.0
2018,7,SC,PALHOCA,3.17,3.277,36.0,69.0
2018,7,SC,SAO JOSE,3.138,3.295,17.0,66.0
2018,7,SC,TUBARAO,3.218,3.289,37.0,40.0
2018,7,SC,VIDEIRA,3.302,3.426,20.0,24.0
2018,7,SC,XANXERE,3.283,3.3,15.0,20.0
2018,7,SE,ARACAJU,3.466,3.594,8.0,97.0
2018,7,SE,ITABAIANA,3.485,3.529,25.0,25.0
2018,7,SE,LAGARTO,3.31,3.338,15.0,25.0
2018,7,SE,NOSSA SENHORA DO SOCORRO,3.374,3.464,26.0,30.0
2018,7,SP,ADAMANTINA,3.286,3.446,22.0,33.0
2018,7,SP,AMERICANA,3.19,3.325,19.0,55.0
2018,7,SP,AMPARO,3.242,3.305,45.0,39.0
2018,7,SP,ARACATUBA,3.287,3.384,52.0,82.0
2018,7,SP,ARARAQUARA,3.342,3.429,34.0,54.0
2018,7,SP,ARARAS,3.167,3.287,48.0,44.0
2018,7,SP,ASSIS,3.458,3.516,47.0,70.0
2018,7,SP,ATIBAIA,3.235,3.406,39.0,70.0
2018,7,SP,AVARE,3.4,3.488,33.0,36.0
2018,7,SP,BARRETOS,3.355,3.437,30.0,58.0
2018,7,SP,BARUERI,3.298,3.402,43.0,74.0
2018,7,SP,BAURU,3.224,3.351,62.0,73.0
2018,7,SP,BEBEDOURO,3.213,3.31,20.0,32.0
2018,7,SP,BIRIGUI,3.321,3.419,26.0,48.0
2018,7,SP,BOTUCATU,3.321,3.381,20.0,28.0
2018,7,SP,BRAGANCA PAULISTA,3.26,3.362,33.0,42.0
2018,7,SP,CACAPAVA,3.241,3.355,21.0,38.0
2018,7,SP,CAMPINAS,3.232,3.326,90.0,118.0
2018,7,SP,CARAGUATATUBA,3.506,3.595,31.0,44.0
2018,7,SP,CARAPICUIBA,3.328,3.363,15.0,33.0
2018,7,SP,CATANDUVA,3.26,3.439,28.0,32.0
2018,7,SP,COSMOPOLIS,3.28,3.376,25.0,20.0
2018,7,SP,COTIA,3.289,3.401,35.0,45.0
2018,7,SP,CRUZEIRO,3.368,3.439,25.0,21.0
2018,7,SP,CUBATAO,3.307,3.526,17.0,28.0
2018,7,SP,DIADEMA,3.228,3.362,16.0,39.0
2018,7,SP,DRACENA,3.362,3.393,30.0,37.0
2018,7,SP,EMBU DAS ARTES,3.289,3.375,45.0,23.0
2018,7,SP,FRANCA,3.192,3.301,55.0,64.0
2018,7,SP,GARCA,3.463,3.479,20.0,20.0
2018,7,SP,GUARATINGUETA,3.29,3.478,16.0,30.0
2018,7,SP,GUARUJA,3.323,3.567,12.0,36.0
2018,7,SP,GUARULHOS,3.255,3.36,44.0,81.0
2018,7,SP,HORTOLANDIA,3.172,3.267,27.0,51.0
2018,7,SP,IBITINGA,3.289,3.431,27.0,19.0
2018,7,SP,INDAIATUBA,3.263,3.359,41.0,60.0
2018,7,SP,ITANHAEM,3.439,3.637,14.0,16.0
2018,7,SP,ITAPECERICA DA SERRA,3.272,3.384,32.0,47.0
2018,7,SP,ITAPETININGA,3.288,3.375,46.0,42.0
2018,7,SP,ITAPEVA,3.313,3.379,24.0,36.0
2018,7,SP,ITAPIRA,3.222,3.31,35.0,40.0
2018,7,SP,ITAPOLIS,3.348,3.41,30.0,27.0
2018,7,SP,ITAQUAQUECETUBA,3.296,3.4,16.0,48.0
2018,7,SP,ITATIBA,3.257,3.372,32.0,44.0
2018,7,SP,ITU,3.347,3.405,30.0,50.0
2018,7,SP,JABOTICABAL,3.292,3.41,32.0,40.0
2018,7,SP,JACAREI,3.23,3.28,32.0,44.0
2018,7,SP,JALES,3.211,3.336,40.0,40.0
2018,7,SP,JAU,3.262,3.366,34.0,42.0
2018,7,SP,JOSE BONIFACIO,3.212,3.293,40.0,36.0
2018,7,SP,JUNDIAI,3.336,3.375,31.0,92.0
2018,7,SP,LEME,3.293,3.441,39.0,41.0
2018,7,SP,LIMEIRA,3.186,3.321,48.0,67.0
2018,7,SP,LINS,3.363,3.452,33.0,45.0
2018,7,SP,LORENA,3.156,3.275,18.0,26.0
2018,7,SP,MARILIA,3.412,3.44,25.0,44.0
2018,7,SP,MATAO,3.182,3.31,52.0,44.0
2018,7,SP,MAUA,3.285,3.336,16.0,37.0
2018,7,SP,MIRASSOL,3.288,3.364,30.0,26.0
2018,7,SP,MOCOCA,3.192,3.288,38.0,24.0
2018,7,SP,MOGI DAS CRUZES,3.232,3.291,31.0,67.0
2018,7,SP,MOGI GUACU,3.211,3.341,39.0,51.0
2018,7,SP,MOGI MIRIM,3.223,3.332,19.0,41.0
2018,7,SP,MONTE ALTO,3.441,3.509,24.0,34.0
2018,7,SP,OLIMPIA,3.309,3.409,26.0,28.0
2018,7,SP,OSASCO,3.27,3.439,46.0,73.0
2018,7,SP,OURINHOS,3.251,3.453,40.0,46.0
2018,7,SP,PARAGUACU PAULISTA,3.417,3.458,20.0,34.0
2018,7,SP,PAULINIA,3.268,3.332,37.0,58.0
2018,7,SP,PINDAMONHANGABA,3.19,3.304,24.0,30.0
2018,7,SP,PIRACICABA,3.212,3.302,57.0,68.0
2018,7,SP,PIRASSUNUNGA,3.242,3.34,39.0,30.0
2018,7,SP,POA,3.168,3.328,13.0,16.0
2018,7,SP,PORTO FERREIRA,3.257,3.358,30.0,20.0
2018,7,SP,PRAIA GRANDE,3.366,3.448,23.0,48.0
2018,7,SP,PRESIDENTE PRUDENTE,3.35,3.438,49.0,62.0
2018,7,SP,PRESIDENTE VENCESLAU,3.39,3.466,36.0,36.0
2018,7,SP,RIBEIRAO PIRES,3.254,3.365,20.0,30.0
2018,7,SP,RIBEIRAO PRETO,3.253,3.392,52.0,86.0
2018,7,SP,RIO CLARO,3.216,3.35,27.0,49.0
2018,7,SP,SALTO,3.204,3.34,28.0,30.0
2018,7,SP,SANTA BARBARA D OESTE,3.136,3.264,47.0,42.0
2018,7,SP,SANTA CRUZ DO RIO PARDO,3.471,3.464,24.0,32.0
2018,7,SP,SANTO ANDRE,3.284,3.384,20.0,77.0
2018,7,SP,SANTOS,3.321,3.452,21.0,39.0
2018,7,SP,SAO BERNARDO DO CAMPO,3.276,3.38,26.0,70.0
2018,7,SP,SAO CAETANO DO SUL,3.324,3.463,4.0,36.0
2018,7,SP,SAO CARLOS,3.19,3.346,43.0,81.0
2018,7,SP,SAO JOAO DA BOA VISTA,3.215,3.308,40.0,44.0
2018,7,SP,SAO JOSE DO RIO PRETO,3.254,3.392,51.0,66.0
2018,7,SP,SAO JOSE DOS CAMPOS,3.163,3.277,18.0,56.0
2018,7,SP,SAO PAULO,3.249,3.391,113.0,533.0
2018,7,SP,SAO ROQUE,3.311,3.421,19.0,35.0
2018,7,SP,SAO VICENTE,3.259,3.353,24.0,37.0
2018,7,SP,SERTAOZINHO,3.345,3.479,34.0,36.0
2018,7,SP,SOROCABA,3.218,3.333,60.0,75.0
2018,7,SP,SUMARE,3.171,3.292,56.0,60.0
2018,7,SP,SUZANO,3.212,3.315,20.0,42.0
2018,7,SP,TABOAO DA SERRA,3.423,3.316,9.0,39.0
2018,7,SP,TATUI,3.321,3.432,20.0,29.0
2018,7,SP,TAUBATE,3.236,3.369,27.0,50.0
2018,7,SP,TUPA,3.33,3.422,41.0,33.0
2018,7,SP,UBATUBA,3.424,3.502,8.0,28.0
2018,7,SP,VALINHOS,3.227,3.314,34.0,48.0
2018,7,SP,VARZEA PAULISTA,3.275,3.347,32.0,24.0
2018,7,SP,VINHEDO,3.339,3.42,28.0,36.0
2018,7,SP,VOTORANTIM,3.261,3.333,30.0,34.0
2018,7,SP,VOTUPORANGA,3.464,3.528,30.0,44.0
2018,7,TO,ARAGUAINA,3.344,3.421,40.0,55.0
2018,7,TO,GURUPI,3.493,3.589,46.0,50.0
2018,7,TO,PALMAS,3.419,3.445,23.0,36.0
2018,7,TO,PARAISO DO TOCANTINS,3.427,3.485,24.0,39.0
2018,7,TO,PORTO NACIONAL,3.372,3.458,13.0,26.0
2018,8,AC,CRUZEIRO DO SUL,4.41,4.481,40.0,36.0
2018,8,AC,RIO BRANCO,4.136,4.19,141.0,136.0
2018,8,AL,ARAPIRACA,3.52,3.59,56.0,54.0
2018,8,AL,DELMIRO GOUVEIA,3.69,3.792,35.0,35.0
2018,8,AL,MACEIO,3.503,3.54,41.0,59.0
2018,8,AL,PALMEIRA DOS INDIOS,3.414,3.546,40.0,30.0
2018,8,AL,RIO LARGO,3.465,3.588,18.0,28.0
2018,8,AM,ITACOATIARA,3.639,3.726,32.0,22.0
2018,8,AM,MANACAPURU,3.432,3.507,13.0,9.0
2018,8,AM,MANAUS,3.389,3.513,122.0,149.0
2018,8,AM,PARINTINS,3.59,3.69,12.0,8.0
2018,8,AM,TEFE,,3.895,,12.0
2018,8,AP,MACAPA,3.715,4.232,89.0,47.0
2018,8,AP,SANTANA,3.705,4.245,16.0,8.0
2018,8,BA,ALAGOINHAS,3.25,3.364,32.0,45.0
2018,8,BA,BARREIRAS,3.625,3.692,51.0,51.0
2018,8,BA,BRUMADO,3.489,3.549,30.0,31.0
2018,8,BA,CAETITE,3.571,3.676,24.0,24.0
2018,8,BA,CAMACARI,3.343,3.403,26.0,41.0
2018,8,BA,EUNAPOLIS,3.546,3.669,26.0,39.0
2018,8,BA,FEIRA DE SANTANA,3.227,3.303,63.0,103.0
2018,8,BA,GUANAMBI,3.503,3.615,37.0,30.0
2018,8,BA,ILHEUS,3.456,3.548,30.0,43.0
2018,8,BA,IPIRA,3.356,3.463,27.0,14.0
2018,8,BA,IRECE,3.493,3.573,32.0,35.0
2018,8,BA,ITABUNA,3.473,3.545,28.0,48.0
2018,8,BA,ITAMARAJU,3.571,3.592,16.0,16.0
2018,8,BA,JACOBINA,3.374,3.467,20.0,20.0
2018,8,BA,JAGUAQUARA,3.384,3.431,35.0,25.0
2018,8,BA,JEQUIE,3.457,3.562,31.0,28.0
2018,8,BA,JUAZEIRO,3.482,3.585,23.0,33.0
2018,8,BA,LAURO DE FREITAS,3.254,3.345,13.0,45.0
2018,8,BA,LIVRAMENTO DE NOSSA SENHORA,3.661,3.765,24.0,12.0
2018,8,BA,PAULO AFONSO,3.467,3.544,20.0,28.0
2018,8,BA,POCOES,3.396,3.458,35.0,18.0
2018,8,BA,PORTO SEGURO,3.833,4.076,20.0,30.0
2018,8,BA,SALVADOR,3.324,3.375,97.0,275.0
2018,8,BA,SANTO ANTONIO DE JESUS,3.276,3.38,30.0,23.0
2018,8,BA,SENHOR DO BONFIM,3.364,3.437,39.0,25.0
2018,8,BA,SERRINHA,3.373,3.447,24.0,13.0
2018,8,BA,SIMOES FILHO,3.318,3.462,38.0,32.0
2018,8,BA,TEIXEIRA DE FREITAS,3.467,3.581,32.0,31.0
2018,8,BA,VALENCA,3.357,3.45,49.0,29.0
2018,8,BA,VITORIA DA CONQUISTA,3.357,3.519,26.0,31.0
2018,8,CE,CANINDE,3.441,3.497,24.0,26.0
2018,8,CE,CAUCAIA,,3.462,,83.0
2018,8,CE,CRATEUS,3.682,3.762,25.0,30.0
2018,8,CE,CRATO,3.553,3.646,30.0,34.0
2018,8,CE,FORTALEZA,,3.442,,504.0
2018,8,CE,ICO,3.546,3.618,29.0,40.0
2018,8,CE,IGUATU,3.596,3.661,13.0,33.0
2018,8,CE,ITAPIPOCA,3.539,3.614,22.0,27.0
2018,8,CE,JUAZEIRO DO NORTE,3.567,3.642,24.0,42.0
2018,8,CE,LIMOEIRO DO NORTE,3.485,3.528,18.0,19.0
2018,8,CE,MARACANAU,,3.416,,50.0
2018,8,CE,QUIXADA,3.541,3.597,26.0,32.0
2018,8,CE,SOBRAL,3.456,3.56,52.0,67.0
2018,8,DF,BRASILIA,3.516,3.59,114.0,164.0
2018,8,ES,ARACRUZ,3.183,3.301,20.0,24.0
2018,8,ES,CACHOEIRO DE ITAPEMIRIM,3.341,3.407,36.0,38.0
2018,8,ES,CARIACICA,3.208,3.321,26.0,38.0
2018,8,ES,COLATINA,3.38,3.485,25.0,40.0
2018,8,ES,GUARAPARI,3.426,3.507,47.0,40.0
2018,8,ES,LINHARES,3.161,3.229,32.0,33.0
2018,8,ES,SAO MATEUS,3.358,3.468,25.0,24.0
2018,8,ES,SERRA,3.254,3.333,53.0,33.0
2018,8,ES,VILA VELHA,3.226,3.338,26.0,60.0
2018,8,ES,VITORIA,3.265,3.346,29.0,79.0
2018,8,GO,AGUAS LINDAS DE GOIAS,3.629,3.696,16.0,20.0
2018,8,GO,ANAPOLIS,3.423,3.508,70.0,47.0
2018,8,GO,APARECIDA DE GOIANIA,3.341,3.468,35.0,37.0
2018,8,GO,CALDAS NOVAS,3.5,3.634,33.0,32.0
2018,8,GO,CATALAO,3.66,3.709,25.0,33.0
2018,8,GO,FORMOSA,3.491,3.595,27.0,44.0
2018,8,GO,GOIANIA,3.464,3.531,121.0,218.0
2018,8,GO,GOIATUBA,3.476,3.626,29.0,29.0
2018,8,GO,ITUMBIARA,3.432,3.543,58.0,53.0
2018,8,GO,JATAI,3.571,3.65,56.0,48.0
2018,8,GO,LUZIANIA,3.466,3.565,58.0,45.0
2018,8,GO,MINEIROS,3.525,3.617,28.0,24.0
2018,8,GO,MORRINHOS,3.393,3.547,49.0,41.0
2018,8,GO,PORANGATU,3.51,3.584,23.0,24.0
2018,8,GO,RIO VERDE,3.612,3.732,34.0,61.0
2018,8,GO,TRINDADE,3.518,3.432,30.0,4.0
2018,8,GO,VALPARAISO DE GOIAS,3.351,3.421,36.0,21.0
2018,8,MA,ACAILANDIA,3.412,3.485,32.0,32.0
2018,8,MA,BACABAL,3.416,3.436,8.0,5.0
2018,8,MA,BALSAS,3.502,3.577,24.0,28.0
2018,8,MA,BARRA DO CORDA,3.409,3.523,13.0,17.0
2018,8,MA,CAXIAS,3.296,3.41,35.0,45.0
2018,8,MA,CODO,3.56,3.58,30.0,25.0
2018,8,MA,IMPERATRIZ,3.393,3.463,34.0,47.0
2018,8,MA,PINHEIRO,3.501,3.607,16.0,12.0
2018,8,MA,PRESIDENTE DUTRA,3.504,3.644,8.0,12.0
2018,8,MA,SANTA INES,3.45,3.501,11.0,24.0
2018,8,MA,SAO JOSE DE RIBAMAR,3.298,3.426,18.0,46.0
2018,8,MA,SAO LUIS,3.302,3.395,54.0,230.0
2018,8,MG,ALFENAS,3.548,3.6,14.0,16.0
2018,8,MG,ARAGUARI,3.435,3.539,53.0,53.0
2018,8,MG,ARAXA,3.504,3.579,28.0,28.0
2018,8,MG,BARBACENA,3.497,3.566,21.0,26.0
2018,8,MG,BELO HORIZONTE,3.488,3.572,62.0,87.0
2018,8,MG,BETIM,3.365,3.478,40.0,50.0
2018,8,MG,BOM DESPACHO,3.451,3.489,25.0,17.0
2018,8,MG,CAMPO BELO,3.474,3.54,20.0,12.0
2018,8,MG,CARATINGA,3.48,3.627,15.0,20.0
2018,8,MG,CONGONHAS,3.44,3.512,16.0,20.0
2018,8,MG,CONSELHEIRO LAFAIETE,3.58,3.574,13.0,14.0
2018,8,MG,CONTAGEM,3.376,3.455,56.0,47.0
2018,8,MG,CORONEL FABRICIANO,3.466,3.548,12.0,21.0
2018,8,MG,CURVELO,3.474,3.579,25.0,27.0
2018,8,MG,DIVINOPOLIS,3.529,3.633,25.0,26.0
2018,8,MG,FORMIGA,3.455,3.55,30.0,30.0
2018,8,MG,FRUTAL,3.481,3.735,22.0,27.0
2018,8,MG,GOVERNADOR VALADARES,3.399,3.557,26.0,37.0
2018,8,MG,GUAXUPE,3.358,3.465,25.0,24.0
2018,8,MG,IPATINGA,3.421,3.519,37.0,27.0
2018,8,MG,ITABIRA,3.47,3.575,37.0,36.0
2018,8,MG,ITAJUBA,3.534,3.635,18.0,18.0
2018,8,MG,ITAUNA,3.402,3.554,20.0,8.0
2018,8,MG,ITUIUTABA,3.474,3.571,50.0,59.0
2018,8,MG,JANAUBA,3.537,3.668,25.0,20.0
2018,8,MG,JANUARIA,3.599,3.698,30.0,25.0
2018,8,MG,JOAO MONLEVADE,3.517,3.552,9.0,18.0
2018,8,MG,JOAO PINHEIRO,3.6,3.693,30.0,25.0
2018,8,MG,JUIZ DE FORA,3.386,3.543,29.0,35.0
2018,8,MG,LAVRAS,3.586,3.664,10.0,43.0
2018,8,MG,LEOPOLDINA,3.313,3.395,29.0,25.0
2018,8,MG,MANHUACU,3.406,3.52,31.0,20.0
2018,8,MG,MONTE CARMELO,3.496,3.616,32.0,29.0
2018,8,MG,MONTES CLAROS,3.336,3.495,59.0,37.0
2018,8,MG,MURIAE,3.412,3.521,28.0,33.0
2018,8,MG,NOVA LIMA,3.586,3.65,12.0,24.0
2018,8,MG,OLIVEIRA,3.393,3.502,28.0,21.0
2018,8,MG,OURO PRETO,3.636,3.696,19.0,19.0
2018,8,MG,PARA DE MINAS,3.729,3.797,31.0,28.0
2018,8,MG,PARACATU,3.617,3.699,20.0,22.0
2018,8,MG,PASSOS,3.475,3.56,21.0,27.0
2018,8,MG,PATOS DE MINAS,3.551,3.618,36.0,34.0
2018,8,MG,PATROCINIO,3.577,3.626,35.0,15.0
2018,8,MG,POCOS DE CALDAS,3.464,3.533,28.0,33.0
2018,8,MG,POUSO ALEGRE,3.483,3.59,29.0,45.0
2018,8,MG,SABARA,3.43,3.458,16.0,20.0
2018,8,MG,SAO JOAO DEL REI,3.539,3.633,15.0,25.0
2018,8,MG,SAO SEBASTIAO DO PARAISO,3.442,3.554,25.0,35.0
2018,8,MG,SETE LAGOAS,3.244,3.393,64.0,50.0
2018,8,MG,TEOFILO OTONI,3.536,3.626,30.0,32.0
2018,8,MG,TIMOTEO,3.409,3.526,12.0,20.0
2018,8,MG,TRES CORACOES,3.576,3.737,13.0,16.0
2018,8,MG,UBA,3.459,3.508,11.0,20.0
2018,8,MG,UBERABA,3.505,3.62,75.0,83.0
2018,8,MG,UBERLANDIA,3.439,3.54,110.0,159.0
2018,8,MG,UNAI,3.662,3.764,32.0,40.0
2018,8,MG,VARGINHA,3.514,3.599,24.0,36.0
2018,8,MG,VICOSA,3.707,3.69,5.0,20.0
2018,8,MS,CAMPO GRANDE,3.415,3.51,115.0,190.0
2018,8,MS,CORUMBA,3.66,3.725,28.0,28.0
2018,8,MS,COXIM,3.471,3.557,24.0,24.0
2018,8,MS,DOURADOS,3.56,3.667,21.0,40.0
2018,8,MS,NOVA ANDRADINA,3.418,3.518,20.0,24.0
2018,8,MS,PONTA PORA,3.438,3.524,12.0,16.0
2018,8,MS,TRES LAGOAS,3.593,3.659,38.0,45.0
2018,8,MT,ALTA FLORESTA,3.975,4.072,36.0,32.0
2018,8,MT,CACERES,3.653,3.77,28.0,40.0
2018,8,MT,CUIABA,3.656,3.74,150.0,260.0
2018,8,MT,RONDONOPOLIS,3.622,3.736,79.0,82.0
2018,8,MT,SINOP,3.723,3.856,45.0,57.0
2018,8,MT,SORRISO,3.827,3.951,36.0,45.0
2018,8,MT,VARZEA GRANDE,3.591,3.684,49.0,70.0
2018,8,PA,ABAETETUBA,3.788,3.853,16.0,16.0
2018,8,PA,ALENQUER,3.761,3.99,12.0,4.0
2018,8,PA,ALTAMIRA,3.839,4.059,21.0,22.0
2018,8,PA,ANANINDEUA,,3.538,,29.0
2018,8,PA,BELEM,,3.54,,104.0
2018,8,PA,BRAGANCA,,3.308,,16.0
2018,8,PA,CAMETA,3.528,3.609,4.0,8.0
2018,8,PA,CASTANHAL,3.444,3.479,20.0,24.0
2018,8,PA,CONCEICAO DO ARAGUAIA,3.707,3.761,13.0,13.0
2018,8,PA,ITAITUBA,3.454,3.597,24.0,24.0
2018,8,PA,MARABA,3.614,3.687,36.0,54.0
2018,8,PA,PARAGOMINAS,3.385,3.477,16.0,16.0
2018,8,PA,PARAUAPEBAS,3.765,3.823,30.0,36.0
2018,8,PA,REDENCAO,3.613,3.732,16.0,16.0
2018,8,PA,SANTAREM,3.53,3.622,46.0,46.0
2018,8,PA,XINGUARA,3.512,3.631,20.0,16.0
2018,8,PB,BAYEUX,3.3,3.36,35.0,30.0
2018,8,PB,CABEDELO,3.288,3.411,23.0,23.0
2018,8,PB,CAMPINA GRANDE,,3.332,,57.0
2018,8,PB,JOAO PESSOA,3.238,3.322,37.0,99.0
2018,8,PB,PATOS,3.437,3.534,30.0,25.0
2018,8,PB,SOUSA,3.471,3.527,12.0,28.0
2018,8,PE,ARARIPINA,3.423,3.465,10.0,33.0
2018,8,PE,ARCOVERDE,,3.369,,40.0
2018,8,PE,BELO JARDIM,,3.379,,34.0
2018,8,PE,CABO DE SANTO AGOSTINHO,,3.389,,24.0
2018,8,PE,CARUARU,,3.378,,73.0
2018,8,PE,GARANHUNS,,3.304,,58.0
2018,8,PE,GOIANA,,3.311,,34.0
2018,8,PE,IGARASSU,,3.253,,30.0
2018,8,PE,JABOATAO DOS GUARARAPES,,3.313,,41.0
2018,8,PE,LAJEDO,3.345,3.379,2.0,29.0
2018,8,PE,OLINDA,,3.376,,36.0
2018,8,PE,PAULISTA,,3.333,,32.0
2018,8,PE,PETROLINA,3.493,3.565,32.0,42.0
2018,8,PE,RECIFE,,3.333,,115.0
2018,8,PE,SALGUEIRO,3.3,3.362,3.0,24.0
2018,8,PE,SANTA CRUZ DO CAPIBARIBE,,3.344,,50.0
2018,8,PE,SERRA TALHADA,,3.384,,28.0
2018,8,PE,VITORIA DE SANTO ANTAO,3.26,3.322,11.0,40.0
2018,8,PI,PARNAIBA,3.491,3.609,35.0,44.0
2018,8,PI,PICOS,3.427,3.472,29.0,34.0
2018,8,PI,PIRIPIRI,3.517,3.596,12.0,20.0
2018,8,PI,TERESINA,3.444,3.503,82.0,166.0
2018,8,PR,APUCARANA,3.248,3.317,51.0,44.0
2018,8,PR,ARAPONGAS,3.241,3.35,26.0,27.0
2018,8,PR,ARAUCARIA,3.09,3.186,25.0,20.0
2018,8,PR,ASSIS CHATEAUBRIAND,3.236,3.333,40.0,32.0
2018,8,PR,CAMBE,3.281,3.36,33.0,44.0
2018,8,PR,CAMPO LARGO,3.188,3.299,17.0,21.0
2018,8,PR,CAMPO MOURAO,3.135,3.217,48.0,35.0
2018,8,PR,CASCAVEL,3.232,3.395,43.0,71.0
2018,8,PR,CASTRO,3.217,3.315,20.0,21.0
2018,8,PR,CIANORTE,3.233,3.298,45.0,34.0
2018,8,PR,COLOMBO,3.155,3.221,70.0,60.0
2018,8,PR,CORNELIO PROCOPIO,3.311,3.402,30.0,16.0
2018,8,PR,CURITIBA,3.061,3.206,76.0,202.0
2018,8,PR,FOZ DO IGUACU,3.29,3.395,41.0,67.0
2018,8,PR,FRANCISCO BELTRAO,3.17,3.275,25.0,24.0
2018,8,PR,GUARAPUAVA,3.183,3.276,31.0,52.0
2018,8,PR,LONDRINA,3.247,3.332,49.0,74.0
2018,8,PR,MARECHAL CANDIDO RONDON,3.2,3.297,28.0,18.0
2018,8,PR,MARINGA,3.183,3.31,24.0,67.0
2018,8,PR,PARANAGUA,3.178,3.284,28.0,40.0
2018,8,PR,PARANAVAI,3.227,3.251,16.0,24.0
2018,8,PR,PATO BRANCO,3.2,3.305,16.0,32.0
2018,8,PR,PINHAIS,3.114,3.215,5.0,25.0
2018,8,PR,PONTA GROSSA,3.201,3.246,62.0,70.0
2018,8,PR,SANTO ANTONIO DA PLATINA,3.036,3.175,15.0,28.0
2018,8,PR,SAO JOSE DOS PINHAIS,3.101,3.197,33.0,61.0
2018,8,PR,TOLEDO,3.236,3.338,47.0,44.0
2018,8,PR,UMUARAMA,3.195,3.301,29.0,53.0
2018,8,PR,UNIAO DA VITORIA,3.276,3.36,38.0,34.0
2018,8,RJ,ANGRA DOS REIS,3.689,3.728,5.0,25.0
2018,8,RJ,ARARUAMA,3.492,3.546,17.0,35.0
2018,8,RJ,BARRA DO PIRAI,3.541,3.631,28.0,24.0
2018,8,RJ,BARRA MANSA,3.498,3.629,35.0,32.0
2018,8,RJ,BELFORD ROXO,3.457,3.512,20.0,23.0
2018,8,RJ,CABO FRIO,3.54,3.618,7.0,28.0
2018,8,RJ,CAMPOS DOS GOYTACAZES,3.356,3.464,61.0,68.0
2018,8,RJ,DUQUE DE CAXIAS,3.401,3.534,72.0,85.0
2018,8,RJ,ITABORAI,3.289,3.384,33.0,32.0
2018,8,RJ,ITAGUAI,3.316,3.449,12.0,28.0
2018,8,RJ,ITAPERUNA,3.389,3.474,25.0,27.0
2018,8,RJ,MACAE,3.447,3.59,19.0,50.0
2018,8,RJ,MAGE,3.459,3.558,15.0,25.0
2018,8,RJ,MARICA,3.533,3.621,29.0,45.0
2018,8,RJ,NILOPOLIS,3.149,3.557,3.0,15.0
2018,8,RJ,NITEROI,3.532,3.59,20.0,75.0
2018,8,RJ,NOVA FRIBURGO,3.424,3.581,21.0,33.0
2018,8,RJ,NOVA IGUACU,3.384,3.519,40.0,48.0
2018,8,RJ,PETROPOLIS,3.53,3.649,33.0,53.0
2018,8,RJ,RESENDE,3.293,3.499,24.0,44.0
2018,8,RJ,RIO BONITO,3.399,3.506,20.0,20.0
2018,8,RJ,RIO DE JANEIRO,3.414,3.58,106.0,276.0
2018,8,RJ,SANTO ANTONIO DE PADUA,3.285,3.322,20.0,16.0
2018,8,RJ,SAO FRANCISCO DE ITABAPOANA,3.477,3.601,28.0,16.0
2018,8,RJ,SAO GONCALO,3.445,3.552,54.0,61.0
2018,8,RJ,SAO JOAO DE MERITI,3.36,3.508,32.0,35.0
2018,8,RJ,SAPUCAIA,3.279,3.357,45.0,30.0
2018,8,RJ,SAQUAREMA,3.528,3.683,20.0,20.0
2018,8,RJ,TERESOPOLIS,3.357,3.496,19.0,48.0
2018,8,RJ,TRES RIOS,3.311,3.423,26.0,36.0
2018,8,RJ,VALENCA,3.539,3.631,25.0,45.0
2018,8,RJ,VOLTA REDONDA,3.577,3.787,36.0,27.0
2018,8,RN,CAICO,3.406,3.507,30.0,33.0
2018,8,RN,MOSSORO,3.352,3.522,85.0,77.0
2018,8,RN,NATAL,3.42,3.57,75.0,117.0
2018,8,RN,PARNAMIRIM,3.437,3.571,38.0,41.0
2018,8,RO,ARIQUEMES,3.519,3.608,35.0,45.0
2018,8,RO,CACOAL,3.574,3.638,38.0,38.0
2018,8,RO,JI PARANA,3.593,3.64,60.0,63.0
2018,8,RO,PIMENTA BUENO,3.618,3.697,16.0,21.0
2018,8,RO,PORTO VELHO,3.537,3.637,89.0,92.0
2018,8,RO,VILHENA,3.642,3.74,36.0,36.0
2018,8,RR,BOA VISTA,3.44,3.498,41.0,52.0
2018,8,RS,ALEGRETE,3.538,3.592,17.0,17.0
2018,8,RS,ALVORADA,3.356,3.322,12.0,12.0
2018,8,RS,BAGE,3.597,3.69,17.0,36.0
2018,8,RS,BENTO GONCALVES,3.355,3.46,20.0,37.0
2018,8,RS,CACHOEIRA DO SUL,3.315,3.429,32.0,30.0
2018,8,RS,CACHOEIRINHA,3.165,3.283,45.0,45.0
2018,8,RS,CANOAS,3.207,3.302,33.0,46.0
2018,8,RS,CAXIAS DO SUL,3.303,3.445,25.0,60.0
2018,8,RS,CRUZ ALTA,3.347,3.446,40.0,35.0
2018,8,RS,ERECHIM,3.317,3.498,25.0,40.0
2018,8,RS,ESTEIO,3.227,3.351,27.0,32.0
2018,8,RS,GRAMADO,3.5,3.624,15.0,20.0
2018,8,RS,GRAVATAI,3.159,3.281,49.0,49.0
2018,8,RS,GUAIBA,3.231,3.331,28.0,32.0
2018,8,RS,IJUI,3.392,3.496,30.0,35.0
2018,8,RS,LAJEADO,3.199,3.404,6.0,24.0
2018,8,RS,NOVO HAMBURGO,3.162,3.271,52.0,59.0
2018,8,RS,OSORIO,3.157,3.252,29.0,28.0
2018,8,RS,PASSO FUNDO,3.34,3.5,31.0,55.0
2018,8,RS,PELOTAS,3.294,3.529,32.0,36.0
2018,8,RS,PORTO ALEGRE,3.23,3.4,30.0,113.0
2018,8,RS,RIO GRANDE,3.314,3.418,35.0,45.0
2018,8,RS,SANTA CRUZ DO SUL,3.309,3.392,29.0,53.0
2018,8,RS,SANTA MARIA,3.353,3.441,28.0,38.0
2018,8,RS,SANTA ROSA,3.422,3.513,30.0,30.0
2018,8,RS,SANTANA DO LIVRAMENTO,3.615,3.639,15.0,31.0
2018,8,RS,SANTO ANGELO,3.41,3.515,34.0,34.0
2018,8,RS,SAO GABRIEL,3.48,3.619,20.0,20.0
2018,8,RS,SAO LEOPOLDO,3.207,3.3,36.0,59.0
2018,8,RS,SAO LUIZ GONZAGA,3.344,3.392,19.0,17.0
2018,8,RS,SAPIRANGA,3.176,3.231,31.0,35.0
2018,8,RS,SAPUCAIA DO SUL,3.17,3.305,32.0,25.0
2018,8,RS,TORRES,3.283,3.386,14.0,24.0
2018,8,RS,URUGUAIANA,3.386,3.456,15.0,28.0
2018,8,RS,VACARIA,3.37,3.499,20.0,37.0
2018,8,RS,VIAMAO,3.288,3.329,14.0,14.0
2018,8,SC,ARARANGUA,3.169,3.254,30.0,33.0
2018,8,SC,BALNEARIO CAMBORIU,,3.399,,36.0
2018,8,SC,BIGUACU,3.136,3.271,23.0,25.0
2018,8,SC,BLUMENAU,3.262,3.356,35.0,65.0
2018,8,SC,BRUSQUE,3.271,3.359,27.0,47.0
2018,8,SC,CACADOR,3.304,3.366,31.0,38.0
2018,8,SC,CHAPECO,3.196,3.319,35.0,40.0
2018,8,SC,CONCORDIA,3.34,3.443,17.0,23.0
2018,8,SC,CRICIUMA,3.183,3.284,41.0,55.0
2018,8,SC,FLORIANOPOLIS,3.393,3.422,14.0,102.0
2018,8,SC,ITAJAI,3.241,3.334,7.0,37.0
2018,8,SC,JARAGUA DO SUL,3.25,3.288,23.0,45.0
2018,8,SC,JOINVILLE,3.16,3.277,20.0,55.0
2018,8,SC,LAGES,3.32,3.401,8.0,33.0
2018,8,SC,LAGUNA,3.231,3.301,24.0,23.0
2018,8,SC,MAFRA,3.278,3.406,19.0,28.0
2018,8,SC,PALHOCA,3.127,3.26,21.0,65.0
2018,8,SC,SAO JOSE,3.295,3.317,6.0,55.0
2018,8,SC,TUBARAO,3.196,3.289,22.0,35.0
2018,8,SC,VIDEIRA,3.281,3.377,22.0,33.0
2018,8,SC,XANXERE,3.286,3.307,12.0,16.0
2018,8,SE,ARACAJU,3.441,3.583,5.0,80.0
2018,8,SE,ITABAIANA,3.48,3.524,20.0,20.0
2018,8,SE,LAGARTO,3.338,3.36,16.0,20.0
2018,8,SE,NOSSA SENHORA DO SOCORRO,3.371,3.445,23.0,24.0
2018,8,SP,ADAMANTINA,3.29,3.451,17.0,27.0
2018,8,SP,AMERICANA,3.15,3.353,11.0,45.0
2018,8,SP,AMPARO,3.249,3.306,34.0,33.0
2018,8,SP,ARACATUBA,3.288,3.394,64.0,100.0
2018,8,SP,ARARAQUARA,3.342,3.435,49.0,66.0
2018,8,SP,ARARAS,3.176,3.283,60.0,55.0
2018,8,SP,ASSIS,3.388,3.458,59.0,83.0
2018,8,SP,ATIBAIA,3.279,3.423,32.0,56.0
2018,8,SP,AVARE,3.406,3.496,40.0,39.0
2018,8,SP,BARRETOS,3.341,3.422,46.0,75.0
2018,8,SP,BARUERI,3.288,3.43,32.0,63.0
2018,8,SP,BAURU,3.232,3.347,80.0,89.0
2018,8,SP,BEBEDOURO,3.196,3.315,23.0,44.0
2018,8,SP,BIRIGUI,3.337,3.421,30.0,62.0
2018,8,SP,BOTUCATU,3.335,3.388,28.0,34.0
2018,8,SP,BRAGANCA PAULISTA,3.252,3.372,27.0,34.0
2018,8,SP,CACAPAVA,3.2,3.344,24.0,43.0
2018,8,SP,CAMPINAS,3.217,3.332,75.0,101.0
2018,8,SP,CARAGUATATUBA,3.499,3.596,27.0,36.0
2018,8,SP,CARAPICUIBA,3.34,3.36,12.0,28.0
2018,8,SP,CATANDUVA,3.264,3.448,37.0,41.0
2018,8,SP,COSMOPOLIS,3.281,3.372,20.0,16.0
2018,8,SP,COTIA,3.288,3.421,42.0,55.0
2018,8,SP,CRUZEIRO,3.377,3.444,21.0,18.0
2018,8,SP,CUBATAO,3.371,3.561,14.0,22.0
2018,8,SP,DIADEMA,3.239,3.414,14.0,50.0
2018,8,SP,DRACENA,3.387,3.391,24.0,32.0
2018,8,SP,EMBU DAS ARTES,3.282,3.36,55.0,31.0
2018,8,SP,FRANCA,3.254,3.328,70.0,83.0
2018,8,SP,GARCA,3.431,3.495,25.0,30.0
2018,8,SP,GUARATINGUETA,3.326,3.516,24.0,37.0
2018,8,SP,GUARUJA,3.262,3.501,18.0,49.0
2018,8,SP,GUARULHOS,3.236,3.354,47.0,101.0
2018,8,SP,HORTOLANDIA,3.149,3.211,27.0,32.0
2018,8,SP,IBITINGA,3.302,3.42,31.0,26.0
2018,8,SP,INDAIATUBA,3.318,3.366,32.0,52.0
2018,8,SP,ITANHAEM,3.455,3.649,10.0,14.0
2018,8,SP,ITAPECERICA DA SERRA,3.274,3.381,25.0,37.0
2018,8,SP,ITAPETININGA,3.3,3.394,53.0,51.0
2018,8,SP,ITAPEVA,3.336,3.415,32.0,45.0
2018,8,SP,ITAPIRA,3.227,3.299,30.0,33.0
2018,8,SP,ITAPOLIS,3.305,3.392,35.0,38.0
2018,8,SP,ITAQUAQUECETUBA,3.313,3.402,13.0,38.0
2018,8,SP,ITATIBA,3.247,3.353,35.0,55.0
2018,8,SP,ITU,3.324,3.352,33.0,62.0
2018,8,SP,JABOTICABAL,3.293,3.415,41.0,54.0
2018,8,SP,JACAREI,3.218,3.275,47.0,54.0
2018,8,SP,JALES,3.208,3.328,33.0,32.0
2018,8,SP,JAU,3.249,3.369,35.0,53.0
2018,8,SP,JOSE BONIFACIO,3.208,3.293,50.0,44.0
2018,8,SP,JUNDIAI,3.316,3.368,25.0,78.0
2018,8,SP,LEME,3.309,3.401,49.0,54.0
2018,8,SP,LIMEIRA,3.203,3.322,68.0,86.0
2018,8,SP,LINS,3.368,3.461,41.0,54.0
2018,8,SP,LORENA,3.166,3.286,23.0,32.0
2018,8,SP,MARILIA,3.401,3.452,40.0,59.0
2018,8,SP,MATAO,3.204,3.323,65.0,53.0
2018,8,SP,MAUA,3.266,3.339,18.0,46.0
2018,8,SP,MIRASSOL,3.261,3.339,39.0,35.0
2018,8,SP,MOCOCA,3.207,3.282,49.0,33.0
2018,8,SP,MOGI DAS CRUZES,3.21,3.268,33.0,80.0
2018,8,SP,MOGI GUACU,3.213,3.337,32.0,38.0
2018,8,SP,MOGI MIRIM,3.213,3.326,27.0,49.0
2018,8,SP,MONTE ALTO,3.444,3.504,30.0,42.0
2018,8,SP,OLIMPIA,3.295,3.398,33.0,34.0
2018,8,SP,OSASCO,3.242,3.452,30.0,55.0
2018,8,SP,OURINHOS,3.258,3.443,46.0,61.0
2018,8,SP,PARAGUACU PAULISTA,3.4,3.461,29.0,42.0
2018,8,SP,PAULINIA,3.254,3.343,33.0,48.0
2018,8,SP,PINDAMONHANGABA,3.237,3.355,16.0,23.0
2018,8,SP,PIRACICABA,3.203,3.304,69.0,88.0
2018,8,SP,PIRASSUNUNGA,3.256,3.341,25.0,20.0
2018,8,SP,POA,3.172,3.374,22.0,17.0
2018,8,SP,PORTO FERREIRA,3.256,3.355,24.0,16.0
2018,8,SP,PRAIA GRANDE,3.315,3.419,20.0,37.0
2018,8,SP,PRESIDENTE PRUDENTE,3.348,3.444,65.0,78.0
2018,8,SP,PRESIDENTE VENCESLAU,3.391,3.474,45.0,41.0
2018,8,SP,RIBEIRAO PIRES,3.274,3.376,15.0,26.0
2018,8,SP,RIBEIRAO PRETO,3.246,3.374,68.0,96.0
2018,8,SP,RIO CLARO,3.207,3.305,43.0,62.0
2018,8,SP,SALTO,3.216,3.338,32.0,35.0
2018,8,SP,SANTA BARBARA D OESTE,3.127,3.268,47.0,42.0
2018,8,SP,SANTA CRUZ DO RIO PARDO,3.425,3.407,27.0,39.0
2018,8,SP,SANTO ANDRE,3.295,3.398,32.0,101.0
2018,8,SP,SANTOS,3.359,3.445,9.0,20.0
2018,8,SP,SAO BERNARDO DO CAMPO,3.298,3.381,18.0,75.0
2018,8,SP,SAO CAETANO DO SUL,3.334,3.424,14.0,46.0
2018,8,SP,SAO CARLOS,3.211,3.345,40.0,60.0
2018,8,SP,SAO JOAO DA BOA VISTA,3.21,3.303,50.0,55.0
2018,8,SP,SAO JOSE DO RIO PRETO,3.228,3.363,82.0,76.0
2018,8,SP,SAO JOSE DOS CAMPOS,3.137,3.277,37.0,76.0
2018,8,SP,SAO PAULO,3.238,3.39,137.0,691.0
2018,8,SP,SAO ROQUE,3.324,3.424,14.0,26.0
2018,8,SP,SAO VICENTE,3.274,3.365,26.0,47.0
2018,8,SP,SERTAOZINHO,3.342,3.471,42.0,45.0
2018,8,SP,SOROCABA,3.245,3.343,72.0,91.0
2018,8,SP,SUMARE,3.168,3.277,56.0,75.0
2018,8,SP,SUZANO,3.227,3.315,29.0,51.0
2018,8,SP,TABOAO DA SERRA,3.25,3.292,9.0,53.0
2018,8,SP,TATUI,3.366,3.447,23.0,37.0
2018,8,SP,TAUBATE,3.234,3.372,24.0,41.0
2018,8,SP,TUPA,3.325,3.421,52.0,45.0
2018,8,SP,UBATUBA,3.424,3.541,10.0,35.0
2018,8,SP,VALINHOS,3.235,3.334,27.0,39.0
2018,8,SP,VARZEA PAULISTA,3.262,3.352,39.0,32.0
2018,8,SP,VINHEDO,3.29,3.412,21.0,28.0
2018,8,SP,VOTORANTIM,3.269,3.341,34.0,44.0
2018,8,SP,VOTUPORANGA,3.429,3.515,40.0,55.0
2018,8,TO,ARAGUAINA,3.349,3.398,31.0,44.0
2018,8,TO,GURUPI,3.482,3.588,36.0,40.0
2018,8,TO,PALMAS,3.397,3.425,32.0,47.0
2018,8,TO,PARAISO DO TOCANTINS,3.705,3.646,20.0,32.0
2018,8,TO,PORTO NACIONAL,3.341,3.399,16.0,20.0
2018,9,AC,CRUZEIRO DO SUL,4.613,4.678,40.0,36.0
2018,9,AC,RIO BRANCO,4.342,4.419,110.0,112.0
2018,9,AL,ARAPIRACA,3.744,3.829,43.0,47.0
2018,9,AL,DELMIRO GOUVEIA,3.895,3.985,28.0,27.0
2018,9,AL,MACEIO,3.713,3.778,39.0,58.0
2018,9,AL,PALMEIRA DOS INDIOS,3.674,3.758,32.0,24.0
2018,9,AL,RIO LARGO,3.674,3.774,16.0,24.0
2018,9,AM,ITACOATIARA,3.882,3.978,30.0,27.0
2018,9,AM,MANACAPURU,3.578,3.684,12.0,8.0
2018,9,AM,MANAUS,3.646,3.755,103.0,116.0
2018,9,AM,PARINTINS,4.049,4.15,18.0,8.0
2018,9,AM,TEFE,4.25,4.317,3.0,12.0
2018,9,AP,MACAPA,3.909,4.417,75.0,65.0
2018,9,AP,SANTANA,3.888,4.383,15.0,8.0
2018,9,BA,ALAGOINHAS,3.539,3.641,25.0,36.0
2018,9,BA,BARREIRAS,3.815,3.884,30.0,41.0
2018,9,BA,BRUMADO,3.748,3.777,21.0,26.0
2018,9,BA,CAETITE,3.842,3.941,24.0,24.0
2018,9,BA,CAMACARI,3.574,3.63,28.0,42.0
2018,9,BA,EUNAPOLIS,3.748,3.845,23.0,32.0
2018,9,BA,FEIRA DE SANTANA,3.563,3.621,48.0,83.0
2018,9,BA,GUANAMBI,3.786,3.912,36.0,28.0
2018,9,BA,ILHEUS,3.771,3.821,24.0,36.0
2018,9,BA,IPIRA,3.624,3.794,22.0,12.0
2018,9,BA,IRECE,3.752,3.792,24.0,28.0
2018,9,BA,ITABUNA,3.744,3.833,32.0,45.0
2018,9,BA,ITAMARAJU,3.827,3.863,16.0,16.0
2018,9,BA,JACOBINA,3.599,3.724,20.0,16.0
2018,9,BA,JAGUAQUARA,3.646,3.678,25.0,18.0
2018,9,BA,JEQUIE,3.715,3.864,25.0,23.0
2018,9,BA,JUAZEIRO,3.669,3.795,25.0,33.0
2018,9,BA,LAURO DE FREITAS,3.527,3.593,20.0,36.0
2018,9,BA,LIVRAMENTO DE NOSSA SENHORA,3.888,4.009,24.0,12.0
2018,9,BA,PAULO AFONSO,3.684,3.723,23.0,28.0
2018,9,BA,POCOES,3.622,3.682,28.0,16.0
2018,9,BA,PORTO SEGURO,4.076,4.275,16.0,24.0
2018,9,BA,SALVADOR,3.603,3.693,66.0,226.0
2018,9,BA,SANTO ANTONIO DE JESUS,3.556,3.629,27.0,18.0
2018,9,BA,SENHOR DO BONFIM,3.629,3.698,32.0,16.0
2018,9,BA,SERRINHA,3.61,3.666,14.0,14.0
2018,9,BA,SIMOES FILHO,3.536,3.657,33.0,24.0
2018,9,BA,TEIXEIRA DE FREITAS,3.617,3.783,29.0,32.0
2018,9,BA,VALENCA,3.594,3.675,38.0,26.0
2018,9,BA,VITORIA DA CONQUISTA,3.658,3.753,32.0,28.0
2018,9,CE,CANINDE,3.685,3.767,24.0,28.0
2018,9,CE,CAUCAIA,,3.798,,82.0
2018,9,CE,CRATEUS,3.788,3.886,22.0,24.0
2018,9,CE,CRATO,3.685,3.809,31.0,35.0
2018,9,CE,FORTALEZA,,3.784,,403.0
2018,9,CE,ICO,3.696,3.77,21.0,32.0
2018,9,CE,IGUATU,3.84,3.859,16.0,32.0
2018,9,CE,ITAPIPOCA,3.779,3.843,23.0,27.0
2018,9,CE,JUAZEIRO DO NORTE,3.764,3.825,23.0,43.0
2018,9,CE,LIMOEIRO DO NORTE,3.671,3.826,12.0,19.0
2018,9,CE,MARACANAU,,3.666,,40.0
2018,9,CE,QUIXADA,3.618,3.713,23.0,32.0
2018,9,CE,SOBRAL,3.638,3.76,37.0,54.0
2018,9,DF,BRASILIA,3.765,3.899,98.0,124.0
2018,9,ES,ARACRUZ,3.48,3.588,20.0,24.0
2018,9,ES,CACHOEIRO DE ITAPEMIRIM,3.545,3.638,41.0,40.0
2018,9,ES,CARIACICA,3.468,3.589,19.0,31.0
2018,9,ES,COLATINA,3.582,3.681,20.0,32.0
2018,9,ES,GUARAPARI,3.615,3.757,36.0,34.0
2018,9,ES,LINHARES,3.424,3.492,32.0,36.0
2018,9,ES,SAO MATEUS,3.536,3.624,27.0,23.0
2018,9,ES,SERRA,3.51,3.594,39.0,30.0
2018,9,ES,VILA VELHA,3.416,3.577,9.0,46.0
2018,9,ES,VITORIA,3.523,3.626,23.0,63.0
2018,9,GO,AGUAS LINDAS DE GOIAS,3.813,3.909,16.0,20.0
2018,9,GO,ANAPOLIS,3.641,3.746,52.0,40.0
2018,9,GO,APARECIDA DE GOIANIA,3.547,3.7,25.0,30.0
2018,9,GO,CALDAS NOVAS,3.762,3.872,33.0,34.0
2018,9,GO,CATALAO,3.837,3.868,24.0,32.0
2018,9,GO,FORMOSA,3.765,3.873,25.0,44.0
2018,9,GO,GOIANIA,3.635,3.719,92.0,171.0
2018,9,GO,GOIATUBA,3.612,3.769,32.0,28.0
2018,9,GO,ITUMBIARA,3.729,3.824,52.0,49.0
2018,9,GO,JATAI,3.806,3.909,49.0,48.0
2018,9,GO,LUZIANIA,3.657,3.743,48.0,37.0
2018,9,GO,MINEIROS,3.749,3.858,28.0,25.0
2018,9,GO,MORRINHOS,3.613,3.79,44.0,39.0
2018,9,GO,PORANGATU,3.749,3.85,25.0,25.0
2018,9,GO,RIO VERDE,3.816,3.93,32.0,59.0
2018,9,GO,TRINDADE,3.613,3.686,22.0,5.0
2018,9,GO,VALPARAISO DE GOIAS,3.652,3.727,28.0,19.0
2018,9,MA,ACAILANDIA,3.714,3.781,32.0,32.0
2018,9,MA,BACABAL,3.652,3.713,8.0,8.0
2018,9,MA,BALSAS,3.758,3.83,24.0,28.0
2018,9,MA,BARRA DO CORDA,3.655,3.691,11.0,13.0
2018,9,MA,CAXIAS,3.575,3.675,28.0,36.0
2018,9,MA,CODO,3.81,3.828,24.0,20.0
2018,9,MA,IMPERATRIZ,3.618,3.691,34.0,45.0
2018,9,MA,PINHEIRO,3.733,3.856,10.0,10.0
2018,9,MA,PRESIDENTE DUTRA,3.691,3.792,8.0,12.0
2018,9,MA,SANTA INES,3.707,3.735,12.0,24.0
2018,9,MA,SAO JOSE DE RIBAMAR,3.317,3.459,11.0,39.0
2018,9,MA,SAO LUIS,3.386,3.452,35.0,186.0
2018,9,MG,ALFENAS,3.75,3.787,18.0,15.0
2018,9,MG,ARAGUARI,3.697,3.781,52.0,52.0
2018,9,MG,ARAXA,3.578,3.645,28.0,28.0
2018,9,MG,BARBACENA,3.731,3.764,21.0,26.0
2018,9,MG,BELO HORIZONTE,3.719,3.796,60.0,90.0
2018,9,MG,BETIM,3.576,3.66,32.0,40.0
2018,9,MG,BOM DESPACHO,3.651,3.685,28.0,19.0
2018,9,MG,CAMPO BELO,3.713,3.787,20.0,12.0
2018,9,MG,CARATINGA,3.789,3.907,16.0,20.0
2018,9,MG,CONGONHAS,3.667,3.748,16.0,20.0
2018,9,MG,CONSELHEIRO LAFAIETE,3.748,3.733,15.0,13.0
2018,9,MG,CONTAGEM,3.646,3.721,44.0,39.0
2018,9,MG,CORONEL FABRICIANO,3.704,3.747,9.0,19.0
2018,9,MG,CURVELO,3.644,3.745,25.0,28.0
2018,9,MG,DIVINOPOLIS,3.717,3.809,17.0,26.0
2018,9,MG,FORMIGA,3.686,3.793,24.0,24.0
2018,9,MG,FRUTAL,3.748,3.875,18.0,22.0
2018,9,MG,GOVERNADOR VALADARES,3.615,3.759,25.0,44.0
2018,9,MG,GUAXUPE,3.601,3.673,20.0,16.0
2018,9,MG,IPATINGA,3.62,3.719,36.0,28.0
2018,9,MG,ITABIRA,3.713,3.83,28.0,36.0
2018,9,MG,ITAJUBA,3.704,3.746,13.0,23.0
2018,9,MG,ITAUNA,3.6,3.795,20.0,8.0
2018,9,MG,ITUIUTABA,3.714,3.84,40.0,51.0
2018,9,MG,JANAUBA,3.768,3.894,20.0,16.0
2018,9,MG,JANUARIA,3.837,3.942,24.0,20.0
2018,9,MG,JOAO MONLEVADE,3.67,3.662,8.0,20.0
2018,9,MG,JOAO PINHEIRO,3.782,3.89,24.0,20.0
2018,9,MG,JUIZ DE FORA,3.66,3.774,27.0,35.0
2018,9,MG,LAVRAS,3.713,3.775,8.0,36.0
2018,9,MG,LEOPOLDINA,3.543,3.63,24.0,20.0
2018,9,MG,MANHUACU,3.636,3.729,32.0,20.0
2018,9,MG,MONTE CARMELO,3.703,3.82,32.0,29.0
2018,9,MG,MONTES CLAROS,3.549,3.708,53.0,39.0
2018,9,MG,MURIAE,3.612,3.715,27.0,35.0
2018,9,MG,NOVA LIMA,3.753,3.745,11.0,21.0
2018,9,MG,OLIVEIRA,3.575,3.688,29.0,24.0
2018,9,MG,OURO PRETO,3.798,3.879,23.0,23.0
2018,9,MG,PARA DE MINAS,3.879,3.946,27.0,24.0
2018,9,MG,PARACATU,3.823,3.905,20.0,24.0
2018,9,MG,PASSOS,3.677,3.776,20.0,28.0
2018,9,MG,PATOS DE MINAS,3.735,3.808,36.0,32.0
2018,9,MG,PATROCINIO,3.781,3.849,28.0,12.0
2018,9,MG,POCOS DE CALDAS,3.724,3.797,20.0,32.0
2018,9,MG,POUSO ALEGRE,3.672,3.786,20.0,40.0
2018,9,MG,SABARA,3.637,3.634,16.0,20.0
2018,9,MG,SAO JOAO DEL REI,3.735,3.841,12.0,17.0
2018,9,MG,SAO SEBASTIAO DO PARAISO,3.724,3.816,20.0,28.0
2018,9,MG,SETE LAGOAS,3.462,3.588,64.0,50.0
2018,9,MG,TEOFILO OTONI,3.768,3.849,32.0,31.0
2018,9,MG,TIMOTEO,3.569,3.737,9.0,22.0
2018,9,MG,TRES CORACOES,3.865,3.997,12.0,16.0
2018,9,MG,UBA,3.724,3.762,13.0,19.0
2018,9,MG,UBERABA,3.815,3.856,55.0,75.0
2018,9,MG,UBERLANDIA,3.758,3.851,99.0,118.0
2018,9,MG,UNAI,3.853,3.961,31.0,40.0
2018,9,MG,VARGINHA,3.703,3.77,27.0,36.0
2018,9,MG,VICOSA,3.883,3.955,8.0,16.0
2018,9,MS,CAMPO GRANDE,3.673,3.775,81.0,162.0
2018,9,MS,CORUMBA,3.861,3.9,24.0,21.0
2018,9,MS,COXIM,3.702,3.793,24.0,24.0
2018,9,MS,DOURADOS,3.761,3.853,17.0,34.0
2018,9,MS,NOVA ANDRADINA,3.678,3.754,20.0,24.0
2018,9,MS,PONTA PORA,3.669,3.78,12.0,16.0
2018,9,MS,TRES LAGOAS,3.794,3.862,32.0,48.0
2018,9,MT,ALTA FLORESTA,4.279,4.377,36.0,32.0
2018,9,MT,CACERES,3.893,3.955,28.0,40.0
2018,9,MT,CUIABA,3.833,3.896,112.0,208.0
2018,9,MT,RONDONOPOLIS,3.849,3.96,80.0,82.0
2018,9,MT,SINOP,3.996,4.111,32.0,47.0
2018,9,MT,SORRISO,4.074,4.182,29.0,40.0
2018,9,MT,VARZEA GRANDE,3.804,3.894,46.0,55.0
2018,9,PA,ABAETETUBA,4.03,4.009,19.0,13.0
2018,9,PA,ALENQUER,3.923,4.29,12.0,4.0
2018,9,PA,ALTAMIRA,3.943,4.131,21.0,21.0
2018,9,PA,ANANINDEUA,,3.794,,29.0
2018,9,PA,BELEM,,3.83,,81.0
2018,9,PA,BRAGANCA,,3.48,,16.0
2018,9,PA,CAMETA,3.804,3.877,5.0,7.0
2018,9,PA,CASTANHAL,3.675,3.712,20.0,24.0
2018,9,PA,CONCEICAO DO ARAGUAIA,4.025,4.073,15.0,15.0
2018,9,PA,ITAITUBA,3.589,3.705,24.0,24.0
2018,9,PA,MARABA,3.888,3.913,33.0,52.0
2018,9,PA,PARAGOMINAS,3.638,3.734,16.0,16.0
2018,9,PA,PARAUAPEBAS,4.042,4.134,28.0,36.0
2018,9,PA,REDENCAO,3.91,3.989,16.0,16.0
2018,9,PA,SANTAREM,3.782,3.856,45.0,44.0
2018,9,PA,XINGUARA,3.789,3.9,23.0,16.0
2018,9,PB,BAYEUX,3.506,3.58,25.0,27.0
2018,9,PB,CABEDELO,3.465,3.617,20.0,20.0
2018,9,PB,CAMPINA GRANDE,,3.57,,50.0
2018,9,PB,JOAO PESSOA,3.441,3.53,26.0,89.0
2018,9,PB,PATOS,3.703,3.822,24.0,20.0
2018,9,PB,SOUSA,3.664,3.726,12.0,28.0
2018,9,PE,ARARIPINA,3.572,3.696,5.0,35.0
2018,9,PE,ARCOVERDE,,3.595,,31.0
2018,9,PE,BELO JARDIM,,3.62,,27.0
2018,9,PE,CABO DE SANTO AGOSTINHO,,3.649,,24.0
2018,9,PE,CARUARU,3.64,3.588,2.0,56.0
2018,9,PE,GARANHUNS,,3.594,,47.0
2018,9,PE,GOIANA,,3.562,,26.0
2018,9,PE,IGARASSU,,3.502,,29.0
2018,9,PE,JABOATAO DOS GUARARAPES,,3.595,,44.0
2018,9,PE,LAJEDO,,3.617,,24.0
2018,9,PE,OLINDA,,3.603,,33.0
2018,9,PE,PAULISTA,,3.582,,37.0
2018,9,PE,PETROLINA,3.665,3.751,35.0,41.0
2018,9,PE,RECIFE,,3.671,,113.0
2018,9,PE,SALGUEIRO,,3.615,,24.0
2018,9,PE,SANTA CRUZ DO CAPIBARIBE,,3.61,,37.0
2018,9,PE,SERRA TALHADA,,3.631,,28.0
2018,9,PE,VITORIA DE SANTO ANTAO,3.26,3.574,3.0,32.0
2018,9,PI,PARNAIBA,3.757,3.817,40.0,45.0
2018,9,PI,PICOS,3.667,3.713,31.0,31.0
2018,9,PI,PIRIPIRI,3.758,3.824,12.0,20.0
2018,9,PI,TERESINA,3.732,3.827,87.0,157.0
2018,9,PR,APUCARANA,3.541,3.626,51.0,45.0
2018,9,PR,ARAPONGAS,3.401,3.535,24.0,16.0
2018,9,PR,ARAUCARIA,3.311,3.415,22.0,22.0
2018,9,PR,ASSIS CHATEAUBRIAND,3.462,3.573,37.0,32.0
2018,9,PR,CAMBE,3.445,3.546,28.0,35.0
2018,9,PR,CAMPO LARGO,3.388,3.483,19.0,21.0
2018,9,PR,CAMPO MOURAO,3.368,3.434,48.0,36.0
2018,9,PR,CASCAVEL,3.519,3.619,35.0,60.0
2018,9,PR,CASTRO,3.509,3.585,20.0,21.0
2018,9,PR,CIANORTE,3.509,3.547,31.0,30.0
2018,9,PR,COLOMBO,3.434,3.49,56.0,48.0
2018,9,PR,CORNELIO PROCOPIO,3.554,3.644,24.0,11.0
2018,9,PR,CURITIBA,3.288,3.432,65.0,170.0
2018,9,PR,FOZ DO IGUACU,3.569,3.668,31.0,54.0
2018,9,PR,FRANCISCO BELTRAO,3.439,3.545,24.0,24.0
2018,9,PR,GUARAPUAVA,3.455,3.527,28.0,51.0
2018,9,PR,LONDRINA,3.525,3.594,45.0,71.0
2018,9,PR,MARECHAL CANDIDO RONDON,3.49,3.568,24.0,16.0
2018,9,PR,MARINGA,3.462,3.628,25.0,63.0
2018,9,PR,PARANAGUA,3.483,3.589,17.0,31.0
2018,9,PR,PARANAVAI,3.494,3.455,16.0,24.0
2018,9,PR,PATO BRANCO,3.455,3.548,16.0,32.0
2018,9,PR,PINHAIS,3.408,3.473,8.0,20.0
2018,9,PR,PONTA GROSSA,3.468,3.526,52.0,56.0
2018,9,PR,SANTO ANTONIO DA PLATINA,3.295,3.438,13.0,27.0
2018,9,PR,SAO JOSE DOS PINHAIS,3.382,3.451,28.0,44.0
2018,9,PR,TOLEDO,3.445,3.593,41.0,41.0
2018,9,PR,UMUARAMA,3.432,3.521,28.0,44.0
2018,9,PR,UNIAO DA VITORIA,3.486,3.583,32.0,28.0
2018,9,RJ,ANGRA DOS REIS,4.077,3.951,4.0,20.0
2018,9,RJ,ARARUAMA,3.654,3.719,17.0,36.0
2018,9,RJ,BARRA DO PIRAI,3.736,3.841,28.0,24.0
2018,9,RJ,BARRA MANSA,3.706,3.899,28.0,26.0
2018,9,RJ,BELFORD ROXO,3.616,3.729,21.0,24.0
2018,9,RJ,CABO FRIO,3.801,3.829,5.0,28.0
2018,9,RJ,CAMPOS DOS GOYTACAZES,3.59,3.711,52.0,54.0
2018,9,RJ,DUQUE DE CAXIAS,3.582,3.738,56.0,66.0
2018,9,RJ,ITABORAI,3.462,3.541,32.0,32.0
2018,9,RJ,ITAGUAI,3.491,3.59,13.0,28.0
2018,9,RJ,ITAPERUNA,3.535,3.615,23.0,26.0
2018,9,RJ,MACAE,3.644,3.747,19.0,39.0
2018,9,RJ,MAGE,3.56,3.673,12.0,20.0
2018,9,RJ,MARICA,3.717,3.806,23.0,38.0
2018,9,RJ,NILOPOLIS,3.389,3.635,2.0,10.0
2018,9,RJ,NITEROI,3.726,3.762,17.0,62.0
2018,9,RJ,NOVA FRIBURGO,3.559,3.73,21.0,34.0
2018,9,RJ,NOVA IGUACU,3.568,3.661,34.0,51.0
2018,9,RJ,PETROPOLIS,3.689,3.82,35.0,52.0
2018,9,RJ,RESENDE,3.459,3.645,21.0,44.0
2018,9,RJ,RIO BONITO,3.593,3.735,20.0,20.0
2018,9,RJ,RIO DE JANEIRO,3.6,3.748,97.0,222.0
2018,9,RJ,SANTO ANTONIO DE PADUA,3.405,3.492,20.0,16.0
2018,9,RJ,SAO FRANCISCO DE ITABAPOANA,3.693,3.818,28.0,17.0
2018,9,RJ,SAO GONCALO,3.618,3.707,37.0,58.0
2018,9,RJ,SAO JOAO DE MERITI,3.512,3.667,27.0,28.0
2018,9,RJ,SAPUCAIA,3.48,3.552,36.0,24.0
2018,9,RJ,SAQUAREMA,3.718,3.864,20.0,17.0
2018,9,RJ,TERESOPOLIS,3.505,3.626,18.0,48.0
2018,9,RJ,TRES RIOS,3.493,3.638,20.0,28.0
2018,9,RJ,VALENCA,3.781,3.855,20.0,37.0
2018,9,RJ,VOLTA REDONDA,3.784,3.97,26.0,20.0
2018,9,RN,CAICO,3.713,3.782,24.0,28.0
2018,9,RN,MOSSORO,3.59,3.749,68.0,61.0
2018,9,RN,NATAL,3.656,3.793,64.0,93.0
2018,9,RN,PARNAMIRIM,3.61,3.768,35.0,41.0
2018,9,RO,ARIQUEMES,3.751,3.841,29.0,36.0
2018,9,RO,CACOAL,3.823,3.903,32.0,32.0
2018,9,RO,JI PARANA,3.782,3.834,51.0,50.0
2018,9,RO,PIMENTA BUENO,3.745,3.847,18.0,24.0
2018,9,RO,PORTO VELHO,3.762,3.845,83.0,84.0
2018,9,RO,VILHENA,3.847,3.941,39.0,36.0
2018,9,RR,BOA VISTA,3.782,3.846,43.0,52.0
2018,9,RS,ALEGRETE,3.723,3.803,20.0,18.0
2018,9,RS,ALVORADA,3.571,3.604,11.0,8.0
2018,9,RS,BAGE,3.812,3.915,17.0,36.0
2018,9,RS,BENTO GONCALVES,3.559,3.668,16.0,31.0
2018,9,RS,CACHOEIRA DO SUL,3.581,3.68,32.0,28.0
2018,9,RS,CACHOEIRINHA,3.366,3.487,36.0,35.0
2018,9,RS,CANOAS,3.419,3.508,30.0,43.0
2018,9,RS,CAXIAS DO SUL,3.639,3.724,21.0,52.0
2018,9,RS,CRUZ ALTA,3.524,3.614,32.0,28.0
2018,9,RS,ERECHIM,3.532,3.726,26.0,40.0
2018,9,RS,ESTEIO,3.425,3.548,19.0,24.0
2018,9,RS,GRAMADO,3.746,3.863,16.0,20.0
2018,9,RS,GRAVATAI,3.389,3.513,40.0,36.0
2018,9,RS,GUAIBA,3.427,3.525,26.0,31.0
2018,9,RS,IJUI,3.616,3.697,27.0,28.0
2018,9,RS,LAJEADO,3.506,3.684,5.0,23.0
2018,9,RS,NOVO HAMBURGO,3.357,3.483,41.0,49.0
2018,9,RS,OSORIO,3.464,3.596,21.0,24.0
2018,9,RS,PASSO FUNDO,3.578,3.714,21.0,41.0
2018,9,RS,PELOTAS,3.567,3.75,28.0,50.0
2018,9,RS,PORTO ALEGRE,3.531,3.664,34.0,114.0
2018,9,RS,RIO GRANDE,3.564,3.675,31.0,44.0
2018,9,RS,SANTA CRUZ DO SUL,3.566,3.65,25.0,42.0
2018,9,RS,SANTA MARIA,3.64,3.728,31.0,39.0
2018,9,RS,SANTA ROSA,3.631,3.717,28.0,28.0
2018,9,RS,SANTANA DO LIVRAMENTO,3.74,3.863,12.0,24.0
2018,9,RS,SANTO ANGELO,3.671,3.774,28.0,28.0
2018,9,RS,SAO GABRIEL,3.691,3.843,21.0,22.0
2018,9,RS,SAO LEOPOLDO,3.467,3.535,35.0,42.0
2018,9,RS,SAO LUIZ GONZAGA,3.598,3.667,20.0,16.0
2018,9,RS,SAPIRANGA,3.354,3.44,32.0,32.0
2018,9,RS,SAPUCAIA DO SUL,3.367,3.516,32.0,24.0
2018,9,RS,TORRES,3.501,3.605,12.0,20.0
2018,9,RS,URUGUAIANA,3.637,3.685,15.0,28.0
2018,9,RS,VACARIA,3.595,3.731,18.0,36.0
2018,9,RS,VIAMAO,3.473,3.615,10.0,16.0
2018,9,SC,ARARANGUA,3.404,3.509,30.0,32.0
2018,9,SC,BALNEARIO CAMBORIU,3.43,3.607,3.0,36.0
2018,9,SC,BIGUACU,3.277,3.522,7.0,27.0
2018,9,SC,BLUMENAU,3.54,3.62,38.0,68.0
2018,9,SC,BRUSQUE,3.485,3.563,21.0,36.0
2018,9,SC,CACADOR,3.725,3.658,17.0,32.0
2018,9,SC,CHAPECO,3.42,3.536,24.0,32.0
2018,9,SC,CONCORDIA,3.545,3.647,16.0,24.0
2018,9,SC,CRICIUMA,3.402,3.515,33.0,44.0
2018,9,SC,FLORIANOPOLIS,3.415,3.611,11.0,101.0
2018,9,SC,ITAJAI,3.385,3.519,5.0,39.0
2018,9,SC,JARAGUA DO SUL,3.508,3.52,21.0,47.0
2018,9,SC,JOINVILLE,3.447,3.576,24.0,52.0
2018,9,SC,LAGES,3.422,3.568,13.0,32.0
2018,9,SC,LAGUNA,3.468,3.548,24.0,21.0
2018,9,SC,MAFRA,3.471,3.62,20.0,28.0
2018,9,SC,PALHOCA,3.331,3.51,19.0,59.0
2018,9,SC,SAO JOSE,3.43,3.468,5.0,52.0
2018,9,SC,TUBARAO,3.442,3.542,22.0,36.0
2018,9,SC,VIDEIRA,3.536,3.58,16.0,25.0
2018,9,SC,XANXERE,3.557,3.568,12.0,16.0
2018,9,SE,ARACAJU,3.716,3.864,5.0,76.0
2018,9,SE,ITABAIANA,3.713,3.735,20.0,20.0
2018,9,SE,LAGARTO,3.626,3.656,16.0,20.0
2018,9,SE,NOSSA SENHORA DO SOCORRO,3.607,3.669,23.0,24.0
2018,9,SP,ADAMANTINA,3.498,3.708,17.0,27.0
2018,9,SP,AMERICANA,3.45,3.613,16.0,44.0
2018,9,SP,AMPARO,3.4,3.498,32.0,32.0
2018,9,SP,ARACATUBA,3.564,3.67,53.0,80.0
2018,9,SP,ARARAQUARA,3.526,3.604,35.0,50.0
2018,9,SP,ARARAS,3.401,3.503,48.0,42.0
2018,9,SP,ASSIS,3.617,3.684,50.0,69.0
2018,9,SP,ATIBAIA,3.454,3.584,33.0,56.0
2018,9,SP,AVARE,3.676,3.782,32.0,32.0
2018,9,SP,BARRETOS,3.56,3.643,33.0,60.0
2018,9,SP,BARUERI,3.435,3.617,29.0,64.0
2018,9,SP,BAURU,3.499,3.603,60.0,70.0
2018,9,SP,BEBEDOURO,3.393,3.528,22.0,34.0
2018,9,SP,BIRIGUI,3.519,3.647,22.0,51.0
2018,9,SP,BOTUCATU,3.563,3.595,23.0,27.0
2018,9,SP,BRAGANCA PAULISTA,3.482,3.595,23.0,37.0
2018,9,SP,CACAPAVA,3.392,3.504,18.0,37.0
2018,9,SP,CAMPINAS,3.48,3.568,72.0,105.0
2018,9,SP,CARAGUATATUBA,3.689,3.795,29.0,36.0
2018,9,SP,CARAPICUIBA,3.577,3.524,12.0,28.0
2018,9,SP,CATANDUVA,3.508,3.653,30.0,39.0
2018,9,SP,COSMOPOLIS,3.484,3.589,20.0,16.0
2018,9,SP,COTIA,3.484,3.626,29.0,44.0
2018,9,SP,CRUZEIRO,3.603,3.669,24.0,16.0
2018,9,SP,CUBATAO,3.577,3.749,13.0,22.0
2018,9,SP,DIADEMA,3.482,3.574,19.0,41.0
2018,9,SP,DRACENA,3.598,3.621,27.0,29.0
2018,9,SP,EMBU DAS ARTES,3.502,3.565,44.0,28.0
2018,9,SP,FRANCA,3.482,3.562,54.0,70.0
2018,9,SP,GARCA,3.678,3.776,18.0,26.0
2018,9,SP,GUARATINGUETA,3.498,3.742,21.0,28.0
2018,9,SP,GUARUJA,3.432,3.753,13.0,39.0
2018,9,SP,GUARULHOS,3.492,3.611,44.0,82.0
2018,9,SP,HORTOLANDIA,3.403,3.449,29.0,36.0
2018,9,SP,IBITINGA,3.529,3.699,24.0,24.0
2018,9,SP,INDAIATUBA,3.536,3.567,31.0,53.0
2018,9,SP,ITANHAEM,3.636,3.819,15.0,11.0
2018,9,SP,ITAPECERICA DA SERRA,3.472,3.558,25.0,36.0
2018,9,SP,ITAPETININGA,3.51,3.596,44.0,44.0
2018,9,SP,ITAPEVA,3.613,3.729,24.0,36.0
2018,9,SP,ITAPIRA,3.413,3.483,32.0,36.0
2018,9,SP,ITAPOLIS,3.546,3.646,28.0,29.0
2018,9,SP,ITAQUAQUECETUBA,3.493,3.616,12.0,38.0
2018,9,SP,ITATIBA,3.499,3.533,28.0,44.0
2018,9,SP,ITU,3.546,3.591,31.0,47.0
2018,9,SP,JABOTICABAL,3.531,3.671,37.0,38.0
2018,9,SP,JACAREI,3.434,3.479,33.0,45.0
2018,9,SP,JALES,3.477,3.585,36.0,32.0
2018,9,SP,JAU,3.447,3.557,29.0,39.0
2018,9,SP,JOSE BONIFACIO,3.446,3.554,40.0,32.0
2018,9,SP,JUNDIAI,3.505,3.534,28.0,69.0
2018,9,SP,LEME,3.535,3.614,38.0,46.0
2018,9,SP,LIMEIRA,3.526,3.633,58.0,67.0
2018,9,SP,LINS,3.591,3.661,30.0,44.0
2018,9,SP,LORENA,3.389,3.512,16.0,27.0
2018,9,SP,MARILIA,3.605,3.682,31.0,46.0
2018,9,SP,MATAO,3.458,3.585,52.0,45.0
2018,9,SP,MAUA,3.511,3.54,19.0,40.0
2018,9,SP,MIRASSOL,3.532,3.63,28.0,27.0
2018,9,SP,MOCOCA,3.433,3.532,38.0,25.0
2018,9,SP,MOGI DAS CRUZES,3.49,3.566,34.0,64.0
2018,9,SP,MOGI GUACU,3.441,3.533,33.0,39.0
2018,9,SP,MOGI MIRIM,3.446,3.545,24.0,43.0
2018,9,SP,MONTE ALTO,3.63,3.682,24.0,34.0
2018,9,SP,OLIMPIA,3.526,3.633,26.0,28.0
2018,9,SP,OSASCO,3.439,3.622,29.0,55.0
2018,9,SP,OURINHOS,3.525,3.698,36.0,49.0
2018,9,SP,PARAGUACU PAULISTA,3.717,3.726,23.0,32.0
2018,9,SP,PAULINIA,3.485,3.554,29.0,48.0
2018,9,SP,PINDAMONHANGABA,3.428,3.536,14.0,21.0
2018,9,SP,PIRACICABA,3.449,3.554,57.0,70.0
2018,9,SP,PIRASSUNUNGA,3.387,3.51,22.0,25.0
2018,9,SP,POA,3.364,3.499,14.0,18.0
2018,9,SP,PORTO FERREIRA,3.458,3.531,24.0,16.0
2018,9,SP,PRAIA GRANDE,3.546,3.57,15.0,40.0
2018,9,SP,PRESIDENTE PRUDENTE,3.611,3.702,56.0,67.0
2018,9,SP,PRESIDENTE VENCESLAU,3.674,3.749,39.0,37.0
2018,9,SP,RIBEIRAO PIRES,3.55,3.614,12.0,32.0
2018,9,SP,RIBEIRAO PRETO,3.533,3.661,49.0,88.0
2018,9,SP,RIO CLARO,3.446,3.555,34.0,51.0
2018,9,SP,SALTO,3.485,3.586,32.0,28.0
2018,9,SP,SANTA BARBARA D OESTE,3.352,3.468,49.0,37.0
2018,9,SP,SANTA CRUZ DO RIO PARDO,3.642,3.651,21.0,29.0
2018,9,SP,SANTO ANDRE,3.464,3.584,30.0,79.0
2018,9,SP,SANTOS,3.553,3.708,21.0,33.0
2018,9,SP,SAO BERNARDO DO CAMPO,3.534,3.591,28.0,69.0
2018,9,SP,SAO CAETANO DO SUL,3.518,3.667,10.0,33.0
2018,9,SP,SAO CARLOS,3.448,3.605,32.0,68.0
2018,9,SP,SAO JOAO DA BOA VISTA,3.426,3.54,40.0,44.0
2018,9,SP,SAO JOSE DO RIO PRETO,3.526,3.634,59.0,63.0
2018,9,SP,SAO JOSE DOS CAMPOS,3.37,3.505,25.0,60.0
2018,9,SP,SAO PAULO,3.47,3.633,127.0,534.0
2018,9,SP,SAO ROQUE,3.547,3.612,13.0,24.0
2018,9,SP,SAO VICENTE,3.514,3.594,23.0,38.0
2018,9,SP,SERTAOZINHO,3.532,3.668,31.0,37.0
2018,9,SP,SOROCABA,3.492,3.583,52.0,74.0
2018,9,SP,SUMARE,3.392,3.483,46.0,60.0
2018,9,SP,SUZANO,3.467,3.527,21.0,45.0
2018,9,SP,TABOAO DA SERRA,3.429,3.448,8.0,44.0
2018,9,SP,TATUI,3.617,3.664,20.0,29.0
2018,9,SP,TAUBATE,3.506,3.576,31.0,38.0
2018,9,SP,TUPA,3.557,3.647,43.0,36.0
2018,9,SP,UBATUBA,3.587,3.783,8.0,28.0
2018,9,SP,VALINHOS,3.459,3.538,26.0,41.0
2018,9,SP,VARZEA PAULISTA,3.49,3.591,28.0,31.0
2018,9,SP,VINHEDO,3.49,3.637,24.0,30.0
2018,9,SP,VOTORANTIM,3.511,3.548,29.0,33.0
2018,9,SP,VOTUPORANGA,3.662,3.756,35.0,44.0
2018,9,TO,ARAGUAINA,3.602,3.628,32.0,44.0
2018,9,TO,GURUPI,3.753,3.858,36.0,37.0
2018,9,TO,PALMAS,3.623,3.683,23.0,36.0
2018,9,TO,PARAISO DO TOCANTINS,3.964,3.914,20.0,32.0
2018,9,TO,PORTO NACIONAL,3.521,3.583,15.0,24.0
2018,10,AC,CRUZEIRO DO SUL,4.717,4.798,47.0,43.0
2018,10,AC,RIO BRANCO,4.42,4.502,111.0,114.0
2018,10,AL,ARAPIRACA,3.857,3.918,59.0,55.0
2018,10,AL,DELMIRO GOUVEIA,3.988,4.069,33.0,35.0
2018,10,AL,MACEIO,3.806,3.855,44.0,67.0
2018,10,AL,PALMEIRA DOS INDIOS,3.761,3.919,40.0,30.0
2018,10,AL,RIO LARGO,3.764,3.893,20.0,30.0
2018,10,AM,ITACOATIARA,4.005,4.113,38.0,33.0
2018,10,AM,MANACAPURU,3.63,3.75,15.0,10.0
2018,10,AM,MANAUS,3.763,3.867,94.0,120.0
2018,10,AM,PARINTINS,4.128,4.25,25.0,10.0
2018,10,AM,TEFE,4.25,4.45,3.0,17.0
2018,10,AP,MACAPA,4.01,4.602,92.0,75.0
2018,10,AP,SANTANA,3.978,4.618,15.0,10.0
2018,10,BA,ALAGOINHAS,3.628,3.726,33.0,45.0
2018,10,BA,BARREIRAS,3.92,3.991,43.0,51.0
2018,10,BA,BRUMADO,3.882,3.908,29.0,31.0
2018,10,BA,CAETITE,3.943,4.047,29.0,30.0
2018,10,BA,CAMACARI,3.686,3.729,37.0,52.0
2018,10,BA,EUNAPOLIS,3.84,3.96,26.0,39.0
2018,10,BA,FEIRA DE SANTANA,3.612,3.689,44.0,82.0
2018,10,BA,GUANAMBI,3.912,4.043,45.0,35.0
2018,10,BA,ILHEUS,3.82,3.91,30.0,45.0
2018,10,BA,IPIRA,3.714,3.853,25.0,16.0
2018,10,BA,IRECE,3.825,3.87,32.0,29.0
2018,10,BA,ITABUNA,3.767,3.879,41.0,55.0
2018,10,BA,ITAMARAJU,3.86,3.906,18.0,18.0
2018,10,BA,JACOBINA,3.725,3.837,23.0,20.0
2018,10,BA,JAGUAQUARA,3.711,3.777,33.0,27.0
2018,10,BA,JEQUIE,3.785,3.891,39.0,31.0
2018,10,BA,JUAZEIRO,3.788,3.911,35.0,42.0
2018,10,BA,LAURO DE FREITAS,3.581,3.721,18.0,51.0
2018,10,BA,LIVRAMENTO DE NOSSA SENHORA,3.977,4.08,28.0,16.0
2018,10,BA,PAULO AFONSO,3.763,3.822,34.0,35.0
2018,10,BA,POCOES,3.685,3.756,35.0,19.0
2018,10,BA,PORTO SEGURO,4.138,4.309,24.0,30.0
2018,10,BA,SALVADOR,3.665,3.765,73.0,297.0
2018,10,BA,SANTO ANTONIO DE JESUS,3.618,3.721,27.0,24.0
2018,10,BA,SENHOR DO BONFIM,3.733,3.81,40.0,27.0
2018,10,BA,SERRINHA,3.663,3.742,21.0,20.0
2018,10,BA,SIMOES FILHO,3.675,3.794,44.0,30.0
2018,10,BA,TEIXEIRA DE FREITAS,3.78,3.944,35.0,41.0
2018,10,BA,VALENCA,3.677,3.751,37.0,30.0
2018,10,BA,VITORIA DA CONQUISTA,3.73,3.862,40.0,35.0
2018,10,CE,CANINDE,3.848,3.932,31.0,33.0
2018,10,CE,CAUCAIA,,3.864,,105.0
2018,10,CE,CRATEUS,3.874,3.957,27.0,30.0
2018,10,CE,CRATO,3.867,3.946,37.0,40.0
2018,10,CE,FORTALEZA,,3.852,,505.0
2018,10,CE,ICO,3.92,3.976,27.0,40.0
2018,10,CE,IGUATU,3.92,3.952,23.0,40.0
2018,10,CE,ITAPIPOCA,3.91,3.988,29.0,34.0
2018,10,CE,JUAZEIRO DO NORTE,3.866,3.94,36.0,54.0
2018,10,CE,LIMOEIRO DO NORTE,3.849,3.891,15.0,25.0
2018,10,CE,MARACANAU,,3.835,,50.0
2018,10,CE,QUIXADA,3.863,3.939,34.0,40.0
2018,10,CE,SOBRAL,3.833,3.913,40.0,63.0
2018,10,DF,BRASILIA,3.834,3.943,96.0,129.0
2018,10,ES,ARACRUZ,3.544,3.667,25.0,30.0
2018,10,ES,CACHOEIRO DE ITAPEMIRIM,3.732,3.807,50.0,49.0
2018,10,ES,CARIACICA,3.476,3.584,20.0,33.0
2018,10,ES,COLATINA,3.714,3.821,25.0,38.0
2018,10,ES,GUARAPARI,3.639,3.772,37.0,36.0
2018,10,ES,LINHARES,3.537,3.612,40.0,45.0
2018,10,ES,SAO MATEUS,3.583,3.68,34.0,27.0
2018,10,ES,SERRA,3.559,3.628,39.0,29.0
2018,10,ES,VILA VELHA,3.641,3.719,13.0,50.0
2018,10,ES,VITORIA,3.601,3.679,18.0,66.0
2018,10,GO,AGUAS LINDAS DE GOIAS,3.869,3.958,20.0,25.0
2018,10,GO,ANAPOLIS,3.745,3.829,47.0,54.0
2018,10,GO,APARECIDA DE GOIANIA,3.654,3.824,32.0,41.0
2018,10,GO,CALDAS NOVAS,3.849,3.931,41.0,39.0
2018,10,GO,CATALAO,3.96,3.997,37.0,41.0
2018,10,GO,FORMOSA,3.884,3.995,37.0,55.0
2018,10,GO,GOIANIA,3.729,3.843,112.0,205.0
2018,10,GO,GOIATUBA,3.776,3.937,38.0,39.0
2018,10,GO,ITUMBIARA,3.835,3.956,65.0,61.0
2018,10,GO,JATAI,3.94,4.037,65.0,62.0
2018,10,GO,LUZIANIA,3.79,3.87,58.0,46.0
2018,10,GO,MINEIROS,3.888,3.971,35.0,35.0
2018,10,GO,MORRINHOS,3.698,3.885,41.0,38.0
2018,10,GO,PORANGATU,3.811,3.912,35.0,31.0
2018,10,GO,RIO VERDE,3.946,4.029,50.0,71.0
2018,10,GO,TRINDADE,3.762,3.818,28.0,8.0
2018,10,GO,VALPARAISO DE GOIAS,3.823,3.916,35.0,21.0
2018,10,MA,ACAILANDIA,3.823,3.882,40.0,40.0
2018,10,MA,BACABAL,3.693,3.752,6.0,6.0
2018,10,MA,BALSAS,3.854,3.919,30.0,33.0
2018,10,MA,BARRA DO CORDA,3.709,3.82,11.0,12.0
2018,10,MA,CAXIAS,3.685,3.779,35.0,45.0
2018,10,MA,CODO,3.831,3.855,30.0,25.0
2018,10,MA,IMPERATRIZ,3.741,3.799,40.0,57.0
2018,10,MA,PINHEIRO,3.8,3.893,10.0,15.0
2018,10,MA,PRESIDENTE DUTRA,3.828,3.911,6.0,11.0
2018,10,MA,SANTA INES,3.765,3.789,15.0,30.0
2018,10,MA,SAO JOSE DE RIBAMAR,3.477,3.556,13.0,47.0
2018,10,MA,SAO LUIS,3.508,3.536,37.0,235.0
2018,10,MG,ALFENAS,3.812,3.922,23.0,16.0
2018,10,MG,ARAGUARI,3.806,3.903,65.0,65.0
2018,10,MG,ARAXA,3.734,3.806,35.0,33.0
2018,10,MG,BARBACENA,3.757,3.796,28.0,29.0
2018,10,MG,BELO HORIZONTE,3.756,3.86,77.0,114.0
2018,10,MG,BETIM,3.671,3.778,36.0,50.0
2018,10,MG,BOM DESPACHO,3.744,3.788,31.0,23.0
2018,10,MG,CAMPO BELO,3.833,3.884,25.0,17.0
2018,10,MG,CARATINGA,3.863,3.979,20.0,25.0
2018,10,MG,CONGONHAS,3.746,3.825,20.0,25.0
2018,10,MG,CONSELHEIRO LAFAIETE,3.785,3.815,26.0,18.0
2018,10,MG,CONTAGEM,3.7,3.779,57.0,52.0
2018,10,MG,CORONEL FABRICIANO,3.737,3.817,13.0,25.0
2018,10,MG,CURVELO,3.766,3.851,30.0,35.0
2018,10,MG,DIVINOPOLIS,3.746,3.888,24.0,32.0
2018,10,MG,FORMIGA,3.796,3.907,30.0,26.0
2018,10,MG,FRUTAL,3.842,3.952,24.0,30.0
2018,10,MG,GOVERNADOR VALADARES,3.707,3.851,32.0,53.0
2018,10,MG,GUAXUPE,3.715,3.79,25.0,20.0
2018,10,MG,IPATINGA,3.714,3.805,41.0,39.0
2018,10,MG,ITABIRA,3.796,3.89,34.0,39.0
2018,10,MG,ITAJUBA,3.725,3.803,15.0,30.0
2018,10,MG,ITAUNA,3.658,3.858,23.0,12.0
2018,10,MG,ITUIUTABA,3.815,3.917,50.0,65.0
2018,10,MG,JANAUBA,3.861,3.984,25.0,20.0
2018,10,MG,JANUARIA,3.945,4.038,30.0,25.0
2018,10,MG,JOAO MONLEVADE,3.748,3.776,10.0,23.0
2018,10,MG,JOAO PINHEIRO,3.871,3.991,30.0,25.0
2018,10,MG,JUIZ DE FORA,3.709,3.844,30.0,45.0
2018,10,MG,LAVRAS,3.817,3.885,10.0,45.0
2018,10,MG,LEOPOLDINA,3.615,3.707,30.0,25.0
2018,10,MG,MANHUACU,3.718,3.806,40.0,25.0
2018,10,MG,MONTE CARMELO,3.757,3.893,40.0,35.0
2018,10,MG,MONTES CLAROS,3.671,3.792,56.0,50.0
2018,10,MG,MURIAE,3.737,3.831,38.0,42.0
2018,10,MG,NOVA LIMA,3.894,3.859,14.0,26.0
2018,10,MG,OLIVEIRA,3.751,3.843,37.0,35.0
2018,10,MG,OURO PRETO,3.88,3.955,21.0,26.0
2018,10,MG,PARA DE MINAS,4.005,4.092,30.0,25.0
2018,10,MG,PARACATU,3.932,4.0,25.0,30.0
2018,10,MG,PASSOS,3.783,3.865,25.0,35.0
2018,10,MG,PATOS DE MINAS,3.825,3.896,45.0,41.0
2018,10,MG,PATROCINIO,3.907,3.99,31.0,17.0
2018,10,MG,POCOS DE CALDAS,3.736,3.808,34.0,41.0
2018,10,MG,POUSO ALEGRE,3.784,3.876,27.0,50.0
2018,10,MG,SABARA,3.709,3.771,20.0,25.0
2018,10,MG,SAO JOAO DEL REI,3.779,3.884,15.0,20.0
2018,10,MG,SAO SEBASTIAO DO PARAISO,3.834,3.924,25.0,35.0
2018,10,MG,SETE LAGOAS,3.557,3.695,82.0,63.0
2018,10,MG,TEOFILO OTONI,3.888,3.957,38.0,39.0
2018,10,MG,TIMOTEO,3.698,3.816,14.0,21.0
2018,10,MG,TRES CORACOES,3.957,4.075,15.0,20.0
2018,10,MG,UBA,3.801,3.852,15.0,27.0
2018,10,MG,UBERABA,3.831,3.897,63.0,90.0
2018,10,MG,UBERLANDIA,3.798,3.895,120.0,149.0
2018,10,MG,UNAI,3.908,4.02,41.0,50.0
2018,10,MG,VARGINHA,3.786,3.85,26.0,36.0
2018,10,MG,VICOSA,3.969,4.031,9.0,21.0
2018,10,MS,CAMPO GRANDE,3.695,3.796,120.0,183.0
2018,10,MS,CORUMBA,3.898,3.944,30.0,25.0
2018,10,MS,COXIM,3.754,3.847,30.0,30.0
2018,10,MS,DOURADOS,3.84,3.954,26.0,46.0
2018,10,MS,NOVA ANDRADINA,3.763,3.843,25.0,29.0
2018,10,MS,PONTA PORA,3.731,3.848,15.0,20.0
2018,10,MS,TRES LAGOAS,3.866,3.955,39.0,60.0
2018,10,MT,ALTA FLORESTA,4.486,4.597,49.0,44.0
2018,10,MT,CACERES,3.953,4.028,37.0,50.0
2018,10,MT,CUIABA,3.918,3.981,100.0,217.0
2018,10,MT,RONDONOPOLIS,4.039,4.142,103.0,98.0
2018,10,MT,SINOP,4.148,4.225,35.0,60.0
2018,10,MT,SORRISO,4.209,4.303,35.0,50.0
2018,10,MT,VARZEA GRANDE,3.902,3.99,55.0,64.0
2018,10,PA,ABAETETUBA,4.078,4.115,21.0,19.0
2018,10,PA,ALENQUER,3.955,4.254,15.0,5.0
2018,10,PA,ALTAMIRA,4.213,4.309,26.0,30.0
2018,10,PA,ANANINDEUA,,3.849,,38.0
2018,10,PA,BELEM,,3.894,,94.0
2018,10,PA,BRAGANCA,,3.568,,20.0
2018,10,PA,CAMETA,3.958,3.901,5.0,9.0
2018,10,PA,CASTANHAL,3.785,3.83,25.0,30.0
2018,10,PA,CONCEICAO DO ARAGUAIA,4.123,4.178,20.0,20.0
2018,10,PA,ITAITUBA,3.734,3.823,30.0,30.0
2018,10,PA,MARABA,3.959,4.005,43.0,65.0
2018,10,PA,PARAGOMINAS,3.772,3.87,20.0,20.0
2018,10,PA,PARAUAPEBAS,4.216,4.263,38.0,45.0
2018,10,PA,REDENCAO,4.005,4.069,20.0,20.0
2018,10,PA,SANTAREM,3.907,3.976,46.0,44.0
2018,10,PA,XINGUARA,3.926,4.04,28.0,20.0
2018,10,PB,BAYEUX,3.664,3.695,30.0,35.0
2018,10,PB,CABEDELO,3.647,3.711,25.0,25.0
2018,10,PB,CAMPINA GRANDE,,3.673,,51.0
2018,10,PB,JOAO PESSOA,3.611,3.678,35.0,83.0
2018,10,PB,PATOS,3.784,3.884,30.0,19.0
2018,10,PB,SOUSA,3.78,3.851,15.0,35.0
2018,10,PE,ARARIPINA,3.724,3.857,5.0,45.0
2018,10,PE,ARCOVERDE,,3.703,,30.0
2018,10,PE,BELO JARDIM,,3.696,,32.0
2018,10,PE,CABO DE SANTO AGOSTINHO,,3.762,,30.0
2018,10,PE,CARUARU,,3.685,,60.0
2018,10,PE,GARANHUNS,,3.694,,45.0
2018,10,PE,GOIANA,,3.672,,25.0
2018,10,PE,IGARASSU,,3.644,,35.0
2018,10,PE,JABOATAO DOS GUARARAPES,,3.694,,50.0
2018,10,PE,LAJEDO,,3.706,,24.0
2018,10,PE,OLINDA,,3.7,,42.0
2018,10,PE,PAULISTA,,3.687,,44.0
2018,10,PE,PETROLINA,3.823,3.894,43.0,54.0
2018,10,PE,RECIFE,,3.739,,136.0
2018,10,PE,SALGUEIRO,,3.715,,27.0
2018,10,PE,SANTA CRUZ DO CAPIBARIBE,,3.703,,38.0
2018,10,PE,SERRA TALHADA,,3.682,,35.0
2018,10,PE,VITORIA DE SANTO ANTAO,,3.661,,40.0
2018,10,PI,PARNAIBA,3.899,3.964,53.0,60.0
2018,10,PI,PICOS,3.81,3.858,34.0,38.0
2018,10,PI,PIRIPIRI,3.877,3.949,15.0,25.0
2018,10,PI,TERESINA,3.832,3.931,94.0,195.0
2018,10,PR,APUCARANA,3.629,3.705,64.0,56.0
2018,10,PR,ARAPONGAS,3.607,3.741,36.0,23.0
2018,10,PR,ARAUCARIA,3.408,3.488,30.0,26.0
2018,10,PR,ASSIS CHATEAUBRIAND,3.571,3.679,43.0,40.0
2018,10,PR,CAMBE,3.552,3.658,35.0,45.0
2018,10,PR,CAMPO LARGO,3.466,3.591,25.0,25.0
2018,10,PR,CAMPO MOURAO,3.473,3.555,57.0,43.0
2018,10,PR,CASCAVEL,3.6,3.722,42.0,76.0
2018,10,PR,CASTRO,3.644,3.714,25.0,30.0
2018,10,PR,CIANORTE,3.639,3.69,36.0,39.0
2018,10,PR,COLOMBO,3.484,3.572,72.0,54.0
2018,10,PR,CORNELIO PROCOPIO,3.61,3.711,30.0,15.0
2018,10,PR,CURITIBA,3.398,3.538,78.0,201.0
2018,10,PR,FOZ DO IGUACU,3.645,3.753,26.0,53.0
2018,10,PR,FRANCISCO BELTRAO,3.564,3.633,30.0,34.0
2018,10,PR,GUARAPUAVA,3.545,3.607,35.0,60.0
2018,10,PR,LONDRINA,3.591,3.668,55.0,86.0
2018,10,PR,MARECHAL CANDIDO RONDON,3.553,3.643,26.0,20.0
2018,10,PR,MARINGA,3.531,3.648,31.0,83.0
2018,10,PR,PARANAGUA,3.583,3.676,26.0,34.0
2018,10,PR,PARANAVAI,3.6,3.618,20.0,30.0
2018,10,PR,PATO BRANCO,3.554,3.633,20.0,40.0
2018,10,PR,PINHAIS,3.486,3.579,14.0,25.0
2018,10,PR,PONTA GROSSA,3.533,3.598,59.0,69.0
2018,10,PR,SANTO ANTONIO DA PLATINA,3.412,3.541,20.0,31.0
2018,10,PR,SAO JOSE DOS PINHAIS,3.488,3.581,27.0,44.0
2018,10,PR,TOLEDO,3.556,3.651,48.0,39.0
2018,10,PR,UMUARAMA,3.455,3.597,30.0,55.0
2018,10,PR,UNIAO DA VITORIA,3.625,3.706,39.0,34.0
2018,10,RJ,ANGRA DOS REIS,3.949,3.989,5.0,25.0
2018,10,RJ,ARARUAMA,3.69,3.78,18.0,40.0
2018,10,RJ,BARRA DO PIRAI,3.79,3.875,28.0,24.0
2018,10,RJ,BARRA MANSA,3.754,3.956,28.0,26.0
2018,10,RJ,BELFORD ROXO,3.678,3.783,24.0,33.0
2018,10,RJ,CABO FRIO,3.778,3.895,11.0,28.0
2018,10,RJ,CAMPOS DOS GOYTACAZES,3.674,3.777,54.0,52.0
2018,10,RJ,DUQUE DE CAXIAS,3.624,3.762,67.0,84.0
2018,10,RJ,ITABORAI,3.556,3.651,40.0,40.0
2018,10,RJ,ITAGUAI,3.587,3.715,17.0,35.0
2018,10,RJ,ITAPERUNA,3.687,3.76,31.0,33.0
2018,10,RJ,MACAE,3.786,3.889,16.0,39.0
2018,10,RJ,MAGE,3.612,3.718,15.0,25.0
2018,10,RJ,MARICA,3.777,3.856,30.0,45.0
2018,10,RJ,NILOPOLIS,3.629,3.749,3.0,13.0
2018,10,RJ,NITEROI,3.77,3.846,16.0,77.0
2018,10,RJ,NOVA FRIBURGO,3.649,3.815,31.0,39.0
2018,10,RJ,NOVA IGUACU,3.642,3.754,48.0,66.0
2018,10,RJ,PETROPOLIS,3.751,3.89,43.0,68.0
2018,10,RJ,RESENDE,3.506,3.749,20.0,55.0
2018,10,RJ,RIO BONITO,3.656,3.806,24.0,26.0
2018,10,RJ,RIO DE JANEIRO,3.651,3.822,88.0,224.0
2018,10,RJ,SANTO ANTONIO DE PADUA,3.516,3.617,25.0,20.0
2018,10,RJ,SAO FRANCISCO DE ITABAPOANA,3.764,3.875,28.0,16.0
2018,10,RJ,SAO GONCALO,3.666,3.782,46.0,66.0
2018,10,RJ,SAO JOAO DE MERITI,3.609,3.717,31.0,36.0
2018,10,RJ,SAPUCAIA,3.568,3.646,45.0,30.0
2018,10,RJ,SAQUAREMA,3.777,3.941,27.0,20.0
2018,10,RJ,TERESOPOLIS,3.637,3.722,24.0,61.0
2018,10,RJ,TRES RIOS,3.541,3.696,25.0,35.0
2018,10,RJ,VALENCA,3.828,3.92,25.0,50.0
2018,10,RJ,VOLTA REDONDA,3.793,4.014,24.0,20.0
2018,10,RN,CAICO,3.793,3.881,30.0,35.0
2018,10,RN,MOSSORO,3.726,3.87,84.0,78.0
2018,10,RN,NATAL,3.779,3.902,77.0,116.0
2018,10,RN,PARNAMIRIM,3.752,3.888,42.0,54.0
2018,10,RO,ARIQUEMES,3.941,4.028,37.0,45.0
2018,10,RO,CACOAL,3.931,4.002,40.0,40.0
2018,10,RO,JI PARANA,3.937,3.995,65.0,52.0
2018,10,RO,PIMENTA BUENO,3.922,4.006,21.0,30.0
2018,10,RO,PORTO VELHO,3.855,3.941,107.0,102.0
2018,10,RO,VILHENA,3.976,4.072,50.0,45.0
2018,10,RR,BOA VISTA,3.871,3.936,56.0,64.0
2018,10,RS,ALEGRETE,3.846,3.921,25.0,19.0
2018,10,RS,ALVORADA,3.689,3.691,7.0,16.0
2018,10,RS,BAGE,3.972,4.057,22.0,43.0
2018,10,RS,BENTO GONCALVES,3.654,3.843,13.0,35.0
2018,10,RS,CACHOEIRA DO SUL,3.716,3.802,40.0,35.0
2018,10,RS,CACHOEIRINHA,3.586,3.694,45.0,40.0
2018,10,RS,CANOAS,3.526,3.635,34.0,52.0
2018,10,RS,CAXIAS DO SUL,3.745,3.818,25.0,66.0
2018,10,RS,CRUZ ALTA,3.57,3.654,40.0,35.0
2018,10,RS,ERECHIM,3.646,3.84,32.0,50.0
2018,10,RS,ESTEIO,3.554,3.692,18.0,24.0
2018,10,RS,GRAMADO,3.897,3.988,16.0,21.0
2018,10,RS,GRAVATAI,3.519,3.65,37.0,39.0
2018,10,RS,GUAIBA,3.599,3.701,31.0,37.0
2018,10,RS,IJUI,3.719,3.806,32.0,34.0
2018,10,RS,LAJEADO,3.439,3.695,10.0,30.0
2018,10,RS,NOVO HAMBURGO,3.507,3.622,53.0,65.0
2018,10,RS,OSORIO,3.515,3.718,20.0,27.0
2018,10,RS,PASSO FUNDO,3.737,3.853,31.0,51.0
2018,10,RS,PELOTAS,3.697,3.909,35.0,39.0
2018,10,RS,PORTO ALEGRE,3.624,3.771,59.0,142.0
2018,10,RS,RIO GRANDE,3.712,3.825,39.0,55.0
2018,10,RS,SANTA CRUZ DO SUL,3.707,3.782,31.0,55.0
2018,10,RS,SANTA MARIA,3.776,3.853,38.0,47.0
2018,10,RS,SANTA ROSA,3.769,3.866,32.0,31.0
2018,10,RS,SANTANA DO LIVRAMENTO,3.768,3.941,18.0,28.0
2018,10,RS,SANTO ANGELO,3.827,3.92,35.0,35.0
2018,10,RS,SAO GABRIEL,3.755,3.91,27.0,25.0
2018,10,RS,SAO LEOPOLDO,3.573,3.668,47.0,55.0
2018,10,RS,SAO LUIZ GONZAGA,3.719,3.784,25.0,20.0
2018,10,RS,SAPIRANGA,3.477,3.574,30.0,32.0
2018,10,RS,SAPUCAIA DO SUL,3.494,3.622,38.0,25.0
2018,10,RS,TORRES,3.592,3.712,15.0,25.0
2018,10,RS,URUGUAIANA,3.771,3.839,20.0,35.0
2018,10,RS,VACARIA,3.675,3.8,32.0,45.0
2018,10,RS,VIAMAO,3.622,3.773,16.0,16.0
2018,10,SC,ARARANGUA,3.501,3.624,37.0,40.0
2018,10,SC,BALNEARIO CAMBORIU,3.549,3.724,5.0,45.0
2018,10,SC,BIGUACU,3.484,3.548,10.0,28.0
2018,10,SC,BLUMENAU,3.661,3.737,40.0,92.0
2018,10,SC,BRUSQUE,3.598,3.666,25.0,40.0
2018,10,SC,CACADOR,3.548,3.615,30.0,40.0
2018,10,SC,CHAPECO,3.555,3.672,24.0,40.0
2018,10,SC,CONCORDIA,3.636,3.736,20.0,30.0
2018,10,SC,CRICIUMA,3.488,3.586,36.0,47.0
2018,10,SC,FLORIANOPOLIS,3.569,3.73,13.0,97.0
2018,10,SC,ITAJAI,3.562,3.663,3.0,37.0
2018,10,SC,JARAGUA DO SUL,3.598,3.622,28.0,55.0
2018,10,SC,JOINVILLE,3.529,3.675,22.0,73.0
2018,10,SC,LAGES,3.537,3.67,18.0,44.0
2018,10,SC,LAGUNA,3.553,3.627,30.0,29.0
2018,10,SC,MAFRA,3.652,3.743,25.0,35.0
2018,10,SC,PALHOCA,3.409,3.628,12.0,69.0
2018,10,SC,SAO JOSE,3.383,3.553,8.0,69.0
2018,10,SC,TUBARAO,3.507,3.605,25.0,45.0
2018,10,SC,VIDEIRA,3.663,3.692,18.0,31.0
2018,10,SC,XANXERE,3.622,3.654,15.0,20.0
2018,10,SE,ARACAJU,3.782,3.911,8.0,96.0
2018,10,SE,ITABAIANA,3.809,3.828,25.0,25.0
2018,10,SE,LAGARTO,3.686,3.705,20.0,25.0
2018,10,SE,NOSSA SENHORA DO SOCORRO,3.75,3.81,26.0,30.0
2018,10,SP,ADAMANTINA,3.658,3.834,20.0,35.0
2018,10,SP,AMERICANA,3.514,3.688,20.0,39.0
2018,10,SP,AMPARO,3.613,3.668,40.0,40.0
2018,10,SP,ARACATUBA,3.65,3.765,55.0,79.0
2018,10,SP,ARARAQUARA,3.625,3.768,47.0,53.0
2018,10,SP,ARARAS,3.523,3.629,56.0,53.0
2018,10,SP,ASSIS,3.735,3.79,48.0,72.0
2018,10,SP,ATIBAIA,3.602,3.72,49.0,67.0
2018,10,SP,AVARE,3.778,3.865,39.0,38.0
2018,10,SP,BARRETOS,3.668,3.734,50.0,75.0
2018,10,SP,BARUERI,3.538,3.724,31.0,80.0
2018,10,SP,BAURU,3.586,3.698,74.0,89.0
2018,10,SP,BEBEDOURO,3.536,3.631,30.0,40.0
2018,10,SP,BIRIGUI,3.646,3.75,24.0,52.0
2018,10,SP,BOTUCATU,3.662,3.703,32.0,31.0
2018,10,SP,BRAGANCA PAULISTA,3.593,3.7,30.0,43.0
2018,10,SP,CACAPAVA,3.575,3.619,15.0,50.0
2018,10,SP,CAMPINAS,3.576,3.667,77.0,129.0
2018,10,SP,CARAGUATATUBA,3.831,3.923,35.0,40.0
2018,10,SP,CARAPICUIBA,3.656,3.603,15.0,35.0
2018,10,SP,CATANDUVA,3.609,3.759,27.0,39.0
2018,10,SP,COSMOPOLIS,3.613,3.724,25.0,20.0
2018,10,SP,COTIA,3.601,3.729,34.0,54.0
2018,10,SP,CRUZEIRO,3.728,3.806,30.0,20.0
2018,10,SP,CUBATAO,3.716,3.89,12.0,22.0
2018,10,SP,DIADEMA,3.573,3.705,21.0,57.0
2018,10,SP,DRACENA,3.708,3.74,33.0,35.0
2018,10,SP,EMBU DAS ARTES,3.617,3.657,55.0,35.0
2018,10,SP,FRANCA,3.587,3.685,69.0,91.0
2018,10,SP,GARCA,3.779,3.832,21.0,25.0
2018,10,SP,GUARATINGUETA,3.599,3.821,20.0,29.0
2018,10,SP,GUARUJA,3.571,3.874,12.0,37.0
2018,10,SP,GUARULHOS,3.573,3.683,44.0,85.0
2018,10,SP,HORTOLANDIA,3.526,3.561,35.0,45.0
2018,10,SP,IBITINGA,3.652,3.78,30.0,29.0
2018,10,SP,INDAIATUBA,3.679,3.709,40.0,61.0
2018,10,SP,ITANHAEM,3.773,3.946,17.0,21.0
2018,10,SP,ITAPECERICA DA SERRA,3.601,3.657,32.0,45.0
2018,10,SP,ITAPETININGA,3.631,3.726,55.0,56.0
2018,10,SP,ITAPEVA,3.721,3.825,30.0,42.0
2018,10,SP,ITAPIRA,3.54,3.614,40.0,45.0
2018,10,SP,ITAPOLIS,3.631,3.747,28.0,28.0
2018,10,SP,ITAQUAQUECETUBA,3.604,3.725,13.0,38.0
2018,10,SP,ITATIBA,3.592,3.67,35.0,55.0
2018,10,SP,ITU,3.709,3.755,40.0,55.0
2018,10,SP,JABOTICABAL,3.636,3.763,42.0,46.0
2018,10,SP,JACAREI,3.515,3.58,47.0,58.0
2018,10,SP,JALES,3.532,3.635,45.0,40.0
2018,10,SP,JAU,3.589,3.697,36.0,47.0
2018,10,SP,JOSE BONIFACIO,3.557,3.683,40.0,33.0
2018,10,SP,JUNDIAI,3.635,3.646,31.0,89.0
2018,10,SP,LEME,3.621,3.721,45.0,60.0
2018,10,SP,LIMEIRA,3.549,3.667,57.0,64.0
2018,10,SP,LINS,3.698,3.755,39.0,56.0
2018,10,SP,LORENA,3.506,3.614,21.0,35.0
2018,10,SP,MARILIA,3.738,3.804,39.0,56.0
2018,10,SP,MATAO,3.544,3.678,68.0,53.0
2018,10,SP,MAUA,3.565,3.636,25.0,50.0
2018,10,SP,MIRASSOL,3.588,3.677,30.0,27.0
2018,10,SP,MOCOCA,3.562,3.663,45.0,36.0
2018,10,SP,MOGI DAS CRUZES,3.592,3.639,33.0,64.0
2018,10,SP,MOGI GUACU,3.578,3.699,41.0,49.0
2018,10,SP,MOGI MIRIM,3.567,3.664,34.0,57.0
2018,10,SP,MONTE ALTO,3.756,3.805,30.0,42.0
2018,10,SP,OLIMPIA,3.636,3.726,33.0,35.0
2018,10,SP,OSASCO,3.544,3.709,37.0,66.0
2018,10,SP,OURINHOS,3.634,3.835,48.0,59.0
2018,10,SP,PARAGUACU PAULISTA,3.827,3.871,24.0,32.0
2018,10,SP,PAULINIA,3.584,3.66,34.0,63.0
2018,10,SP,PINDAMONHANGABA,3.589,3.687,16.0,25.0
2018,10,SP,PIRACICABA,3.576,3.662,59.0,68.0
2018,10,SP,PIRASSUNUNGA,3.548,3.672,31.0,33.0
2018,10,SP,POA,3.511,3.677,16.0,18.0
2018,10,SP,PORTO FERREIRA,3.562,3.645,30.0,20.0
2018,10,SP,PRAIA GRANDE,3.713,3.749,18.0,45.0
2018,10,SP,PRESIDENTE PRUDENTE,3.687,3.781,72.0,82.0
2018,10,SP,PRESIDENTE VENCESLAU,3.73,3.813,39.0,38.0
2018,10,SP,RIBEIRAO PIRES,3.614,3.696,16.0,36.0
2018,10,SP,RIBEIRAO PRETO,3.575,3.73,46.0,119.0
2018,10,SP,RIO CLARO,3.548,3.636,40.0,61.0
2018,10,SP,SALTO,3.581,3.682,38.0,35.0
2018,10,SP,SANTA BARBARA D OESTE,3.471,3.599,54.0,49.0
2018,10,SP,SANTA CRUZ DO RIO PARDO,3.737,3.748,26.0,36.0
2018,10,SP,SANTO ANDRE,3.582,3.713,32.0,96.0
2018,10,SP,SANTOS,3.689,3.762,12.0,26.0
2018,10,SP,SAO BERNARDO DO CAMPO,3.581,3.719,16.0,76.0
2018,10,SP,SAO CAETANO DO SUL,3.584,3.769,6.0,47.0
2018,10,SP,SAO CARLOS,3.551,3.685,39.0,85.0
2018,10,SP,SAO JOAO DA BOA VISTA,3.549,3.655,51.0,55.0
2018,10,SP,SAO JOSE DO RIO PRETO,3.615,3.735,66.0,78.0
2018,10,SP,SAO JOSE DOS CAMPOS,3.449,3.562,35.0,77.0
2018,10,SP,SAO PAULO,3.561,3.714,116.0,550.0
2018,10,SP,SAO ROQUE,3.614,3.744,16.0,34.0
2018,10,SP,SAO VICENTE,3.605,3.684,20.0,42.0
2018,10,SP,SERTAOZINHO,3.625,3.762,35.0,48.0
2018,10,SP,SOROCABA,3.6,3.676,59.0,90.0
2018,10,SP,SUMARE,3.517,3.609,51.0,75.0
2018,10,SP,SUZANO,3.572,3.648,24.0,56.0
2018,10,SP,TABOAO DA SERRA,3.554,3.578,10.0,55.0
2018,10,SP,TATUI,3.701,3.776,25.0,37.0
2018,10,SP,TAUBATE,3.601,3.672,38.0,52.0
2018,10,SP,TUPA,3.663,3.75,44.0,36.0
2018,10,SP,UBATUBA,3.694,3.856,10.0,35.0
2018,10,SP,VALINHOS,3.581,3.69,35.0,50.0
2018,10,SP,VARZEA PAULISTA,3.586,3.677,35.0,35.0
2018,10,SP,VINHEDO,3.635,3.755,28.0,37.0
2018,10,SP,VOTORANTIM,3.627,3.664,25.0,34.0
2018,10,SP,VOTUPORANGA,3.718,3.824,37.0,42.0
2018,10,TO,ARAGUAINA,3.745,3.79,40.0,55.0
2018,10,TO,GURUPI,3.921,4.034,45.0,45.0
2018,10,TO,PALMAS,3.722,3.798,22.0,36.0
2018,10,TO,PARAISO DO TOCANTINS,3.988,4.005,29.0,40.0
2018,10,TO,PORTO NACIONAL,3.643,3.705,18.0,30.0
2018,11,AC,CRUZEIRO DO SUL,4.748,4.817,36.0,36.0
2018,11,AC,RIO BRANCO,4.421,4.481,137.0,141.0
2018,11,AL,ARAPIRACA,3.869,3.962,41.0,41.0
2018,11,AL,DELMIRO GOUVEIA,4.015,4.108,28.0,28.0
2018,11,AL,MACEIO,3.828,3.862,33.0,55.0
2018,11,AL,PALMEIRA DOS INDIOS,3.778,3.916,32.0,24.0
2018,11,AL,RIO LARGO,3.778,3.897,16.0,22.0
2018,11,AM,ITACOATIARA,4.016,4.136,34.0,24.0
2018,11,AM,MANACAPURU,3.74,3.865,12.0,8.0
2018,11,AM,MANAUS,3.758,3.855,124.0,155.0
2018,11,AM,PARINTINS,4.092,4.215,10.0,17.0
2018,11,AM,TEFE,4.366,4.491,4.0,11.0
2018,11,AP,MACAPA,3.987,4.572,61.0,58.0
2018,11,AP,SANTANA,3.886,4.47,16.0,8.0
2018,11,BA,ALAGOINHAS,3.622,3.719,30.0,36.0
2018,11,BA,BARREIRAS,3.768,3.877,40.0,40.0
2018,11,BA,BRUMADO,3.834,3.878,24.0,24.0
2018,11,BA,CAETITE,3.892,3.969,28.0,24.0
2018,11,BA,CAMACARI,3.623,3.668,32.0,44.0
2018,11,BA,EUNAPOLIS,3.801,3.88,24.0,32.0
2018,11,BA,FEIRA DE SANTANA,3.494,3.571,57.0,97.0
2018,11,BA,GUANAMBI,3.837,3.951,36.0,28.0
2018,11,BA,ILHEUS,3.811,3.918,34.0,34.0
2018,11,BA,IPIRA,3.611,3.806,18.0,12.0
2018,11,BA,IRECE,3.759,3.828,24.0,22.0
2018,11,BA,ITABUNA,3.727,3.845,37.0,56.0
2018,11,BA,ITAMARAJU,3.776,3.844,10.0,10.0
2018,11,BA,JACOBINA,3.606,3.729,20.0,18.0
2018,11,BA,JAGUAQUARA,3.627,3.694,26.0,22.0
2018,11,BA,JEQUIE,3.771,3.832,33.0,16.0
2018,11,BA,JUAZEIRO,3.826,3.91,22.0,34.0
2018,11,BA,LAURO DE FREITAS,3.531,3.627,18.0,40.0
2018,11,BA,LIVRAMENTO DE NOSSA SENHORA,3.898,3.985,22.0,12.0
2018,11,BA,PAULO AFONSO,3.754,3.808,24.0,26.0
2018,11,BA,POCOES,3.617,3.695,28.0,17.0
2018,11,BA,PORTO SEGURO,4.107,4.322,12.0,22.0
2018,11,BA,SALVADOR,3.61,3.702,67.0,231.0
2018,11,BA,SANTO ANTONIO DE JESUS,3.573,3.664,22.0,20.0
2018,11,BA,SENHOR DO BONFIM,3.709,3.785,32.0,23.0
2018,11,BA,SERRINHA,3.657,3.716,14.0,14.0
2018,11,BA,SIMOES FILHO,3.525,3.632,30.0,18.0
2018,11,BA,TEIXEIRA DE FREITAS,3.732,3.847,26.0,32.0
2018,11,BA,VALENCA,3.655,3.705,44.0,35.0
2018,11,BA,VITORIA DA CONQUISTA,3.586,3.678,30.0,28.0
2018,11,CE,CANINDE,3.858,3.979,27.0,28.0
2018,11,CE,CAUCAIA,,3.82,,84.0
2018,11,CE,CRATEUS,3.911,4.037,22.0,26.0
2018,11,CE,CRATO,3.833,3.949,26.0,36.0
2018,11,CE,FORTALEZA,,3.841,,404.0
2018,11,CE,ICO,3.94,4.034,22.0,29.0
2018,11,CE,IGUATU,3.885,3.949,22.0,34.0
2018,11,CE,ITAPIPOCA,3.884,3.998,25.0,27.0
2018,11,CE,JUAZEIRO DO NORTE,3.832,3.951,28.0,36.0
2018,11,CE,LIMOEIRO DO NORTE,3.758,3.92,13.0,19.0
2018,11,CE,MARACANAU,,3.758,,40.0
2018,11,CE,QUIXADA,3.871,3.956,30.0,36.0
2018,11,CE,SOBRAL,3.823,3.955,34.0,48.0
2018,11,DF,BRASILIA,3.823,3.933,125.0,173.0
2018,11,ES,ARACRUZ,3.583,3.702,17.0,21.0
2018,11,ES,CACHOEIRO DE ITAPEMIRIM,3.651,3.764,40.0,40.0
2018,11,ES,CARIACICA,3.554,3.659,24.0,38.0
2018,11,ES,COLATINA,3.656,3.758,32.0,30.0
2018,11,ES,GUARAPARI,3.683,3.822,39.0,47.0
2018,11,ES,LINHARES,3.51,3.598,34.0,36.0
2018,11,ES,SAO MATEUS,3.635,3.713,26.0,26.0
2018,11,ES,SERRA,3.596,3.685,49.0,35.0
2018,11,ES,VILA VELHA,3.609,3.728,14.0,61.0
2018,11,ES,VITORIA,3.592,3.695,24.0,84.0
2018,11,GO,AGUAS LINDAS DE GOIAS,3.864,3.961,16.0,20.0
2018,11,GO,ANAPOLIS,3.704,3.85,49.0,61.0
2018,11,GO,APARECIDA DE GOIANIA,3.591,3.746,34.0,29.0
2018,11,GO,CALDAS NOVAS,3.808,3.902,32.0,32.0
2018,11,GO,CATALAO,3.916,3.986,25.0,29.0
2018,11,GO,FORMOSA,3.885,3.986,22.0,44.0
2018,11,GO,GOIANIA,3.638,3.785,117.0,148.0
2018,11,GO,GOIATUBA,3.705,3.844,30.0,33.0
2018,11,GO,ITUMBIARA,3.712,3.816,55.0,44.0
2018,11,GO,JATAI,3.86,3.95,46.0,50.0
2018,11,GO,LUZIANIA,3.721,3.817,47.0,36.0
2018,11,GO,MINEIROS,3.813,3.921,28.0,28.0
2018,11,GO,MORRINHOS,3.611,3.824,52.0,49.0
2018,11,GO,PORANGATU,3.75,3.869,28.0,24.0
2018,11,GO,RIO VERDE,3.815,3.922,35.0,58.0
2018,11,GO,TRINDADE,3.68,3.73,26.0,6.0
2018,11,GO,VALPARAISO DE GOIAS,3.723,3.862,29.0,21.0
2018,11,MA,ACAILANDIA,3.736,3.79,29.0,29.0
2018,11,MA,BACABAL,3.672,3.756,13.0,12.0
2018,11,MA,BALSAS,3.837,3.908,23.0,23.0
2018,11,MA,BARRA DO CORDA,3.683,3.752,14.0,13.0
2018,11,MA,CAXIAS,3.683,3.756,20.0,36.0
2018,11,MA,CODO,3.803,3.846,24.0,20.0
2018,11,MA,IMPERATRIZ,3.736,3.814,24.0,48.0
2018,11,MA,PINHEIRO,3.861,3.936,12.0,16.0
2018,11,MA,PRESIDENTE DUTRA,3.689,3.76,12.0,16.0
2018,11,MA,SANTA INES,3.726,3.751,12.0,24.0
2018,11,MA,SAO JOSE DE RIBAMAR,3.562,3.673,16.0,36.0
2018,11,MA,SAO LUIS,3.58,3.645,46.0,194.0
2018,11,MG,ALFENAS,3.817,3.884,14.0,14.0
2018,11,MG,ARAGUARI,3.715,3.826,53.0,55.0
2018,11,MG,ARAXA,3.743,3.838,31.0,31.0
2018,11,MG,BARBACENA,3.686,3.761,18.0,29.0
2018,11,MG,BELO HORIZONTE,3.682,3.839,47.0,112.0
2018,11,MG,BETIM,3.575,3.705,28.0,40.0
2018,11,MG,BOM DESPACHO,3.713,3.759,25.0,17.0
2018,11,MG,CAMPO BELO,3.739,3.818,24.0,17.0
2018,11,MG,CARATINGA,3.72,3.89,17.0,19.0
2018,11,MG,CONGONHAS,3.714,3.775,16.0,20.0
2018,11,MG,CONSELHEIRO LAFAIETE,3.847,3.811,12.0,18.0
2018,11,MG,CONTAGEM,3.678,3.736,50.0,46.0
2018,11,MG,CORONEL FABRICIANO,3.732,3.787,13.0,21.0
2018,11,MG,CURVELO,3.594,3.718,22.0,26.0
2018,11,MG,DIVINOPOLIS,3.744,3.907,20.0,30.0
2018,11,MG,FORMIGA,3.687,3.809,24.0,24.0
2018,11,MG,FRUTAL,3.809,3.952,21.0,24.0
2018,11,MG,GOVERNADOR VALADARES,3.636,3.714,25.0,36.0
2018,11,MG,GUAXUPE,3.706,3.78,24.0,20.0
2018,11,MG,IPATINGA,3.69,3.78,32.0,29.0
2018,11,MG,ITABIRA,3.719,3.824,28.0,33.0
2018,11,MG,ITAJUBA,3.682,3.801,12.0,24.0
2018,11,MG,ITAUNA,3.681,3.829,20.0,15.0
2018,11,MG,ITUIUTABA,3.703,3.815,38.0,52.0
2018,11,MG,JANAUBA,3.793,3.918,24.0,22.0
2018,11,MG,JANUARIA,3.936,4.04,24.0,18.0
2018,11,MG,JOAO MONLEVADE,3.647,3.716,10.0,26.0
2018,11,MG,JOAO PINHEIRO,3.8,3.909,24.0,20.0
2018,11,MG,JUIZ DE FORA,3.687,3.83,26.0,37.0
2018,11,MG,LAVRAS,3.774,3.901,8.0,36.0
2018,11,MG,LEOPOLDINA,3.586,3.699,24.0,17.0
2018,11,MG,MANHUACU,3.673,3.755,32.0,20.0
2018,11,MG,MONTE CARMELO,3.676,3.84,29.0,30.0
2018,11,MG,MONTES CLAROS,3.675,3.799,50.0,36.0
2018,11,MG,MURIAE,3.742,3.851,30.0,32.0
2018,11,MG,NOVA LIMA,3.904,3.848,9.0,22.0
2018,11,MG,OLIVEIRA,3.636,3.74,27.0,26.0
2018,11,MG,OURO PRETO,3.844,3.918,15.0,24.0
2018,11,MG,PARA DE MINAS,3.926,4.024,26.0,24.0
2018,11,MG,PARACATU,3.912,3.982,20.0,22.0
2018,11,MG,PASSOS,3.789,3.871,20.0,28.0
2018,11,MG,PATOS DE MINAS,3.801,3.879,26.0,28.0
2018,11,MG,PATROCINIO,3.789,3.84,28.0,15.0
2018,11,MG,POCOS DE CALDAS,3.754,3.835,29.0,36.0
2018,11,MG,POUSO ALEGRE,3.744,3.852,21.0,41.0
2018,11,MG,SABARA,3.683,3.761,16.0,20.0
2018,11,MG,SAO JOAO DEL REI,3.79,3.864,10.0,15.0
2018,11,MG,SAO SEBASTIAO DO PARAISO,3.779,3.88,20.0,28.0
2018,11,MG,SETE LAGOAS,3.516,3.632,64.0,46.0
2018,11,MG,TEOFILO OTONI,3.805,3.888,32.0,40.0
2018,11,MG,TIMOTEO,3.683,3.779,12.0,20.0
2018,11,MG,TRES CORACOES,3.937,4.073,19.0,13.0
2018,11,MG,UBA,3.733,3.785,14.0,21.0
2018,11,MG,UBERABA,3.782,3.836,58.0,81.0
2018,11,MG,UBERLANDIA,3.715,3.831,88.0,123.0
2018,11,MG,UNAI,3.736,3.863,33.0,36.0
2018,11,MG,VARGINHA,3.787,3.853,35.0,45.0
2018,11,MG,VICOSA,,3.963,,16.0
2018,11,MS,CAMPO GRANDE,3.639,3.744,100.0,125.0
2018,11,MS,CORUMBA,3.871,3.898,25.0,21.0
2018,11,MS,COXIM,3.683,3.788,24.0,24.0
2018,11,MS,DOURADOS,3.746,3.912,17.0,35.0
2018,11,MS,NOVA ANDRADINA,3.679,3.784,20.0,24.0
2018,11,MS,PONTA PORA,3.704,3.768,8.0,16.0
2018,11,MS,TRES LAGOAS,3.742,3.859,33.0,48.0
2018,11,MT,ALTA FLORESTA,4.518,4.641,40.0,38.0
2018,11,MT,CACERES,3.956,4.06,32.0,40.0
2018,11,MT,CUIABA,3.928,3.975,117.0,277.0
2018,11,MT,RONDONOPOLIS,4.043,4.157,84.0,74.0
2018,11,MT,SINOP,4.127,4.243,32.0,45.0
2018,11,MT,SORRISO,4.185,4.277,26.0,36.0
2018,11,MT,VARZEA GRANDE,3.854,3.94,53.0,61.0
2018,11,PA,ABAETETUBA,4.089,4.202,14.0,10.0
2018,11,PA,ALENQUER,4.075,4.27,12.0,8.0
2018,11,PA,ALTAMIRA,4.122,4.225,23.0,24.0
2018,11,PA,ANANINDEUA,,3.715,,32.0
2018,11,PA,BELEM,,3.873,,80.0
2018,11,PA,BRAGANCA,3.709,3.606,4.0,22.0
2018,11,PA,CAMETA,3.865,3.827,4.0,8.0
2018,11,PA,CASTANHAL,3.752,3.803,24.0,24.0
2018,11,PA,CONCEICAO DO ARAGUAIA,4.069,4.119,16.0,16.0
2018,11,PA,ITAITUBA,3.758,3.838,24.0,28.0
2018,11,PA,MARABA,3.967,4.034,29.0,52.0
2018,11,PA,PARAGOMINAS,3.753,3.855,16.0,16.0
2018,11,PA,PARAUAPEBAS,4.186,4.24,34.0,34.0
2018,11,PA,REDENCAO,3.981,4.071,14.0,16.0
2018,11,PA,SANTAREM,3.842,3.922,56.0,54.0
2018,11,PA,XINGUARA,3.925,4.032,22.0,20.0
2018,11,PB,BAYEUX,3.678,3.717,21.0,25.0
2018,11,PB,CABEDELO,3.727,3.769,16.0,19.0
2018,11,PB,CAMPINA GRANDE,,3.7,,62.0
2018,11,PB,JOAO PESSOA,3.629,3.708,38.0,108.0
2018,11,PB,PATOS,3.759,3.85,22.0,22.0
2018,11,PB,SOUSA,3.793,3.874,12.0,28.0
2018,11,PE,ARARIPINA,3.74,3.765,2.0,36.0
2018,11,PE,ARCOVERDE,,3.716,,40.0
2018,11,PE,BELO JARDIM,,3.641,,31.0
2018,11,PE,CABO DE SANTO AGOSTINHO,,3.69,,24.0
2018,11,PE,CARUARU,,3.648,,73.0
2018,11,PE,GARANHUNS,3.63,3.695,2.0,51.0
2018,11,PE,GOIANA,,3.661,,35.0
2018,11,PE,IGARASSU,,3.662,,29.0
2018,11,PE,JABOATAO DOS GUARARAPES,,3.65,,38.0
2018,11,PE,LAJEDO,,3.692,,30.0
2018,11,PE,OLINDA,,3.665,,34.0
2018,11,PE,PAULISTA,,3.646,,40.0
2018,11,PE,PETROLINA,3.801,3.86,32.0,42.0
2018,11,PE,RECIFE,,3.704,,118.0
2018,11,PE,SALGUEIRO,,3.669,,25.0
2018,11,PE,SANTA CRUZ DO CAPIBARIBE,,3.639,,47.0
2018,11,PE,SERRA TALHADA,,3.677,,36.0
2018,11,PE,VITORIA DE SANTO ANTAO,3.59,3.653,2.0,32.0
2018,11,PI,PARNAIBA,3.91,4.016,40.0,44.0
2018,11,PI,PICOS,3.799,3.841,22.0,32.0
2018,11,PI,PIRIPIRI,3.777,3.91,13.0,20.0
2018,11,PI,TERESINA,3.777,3.855,75.0,151.0
2018,11,PR,APUCARANA,3.621,3.675,49.0,45.0
2018,11,PR,ARAPONGAS,3.522,3.638,25.0,14.0
2018,11,PR,ARAUCARIA,3.341,3.404,22.0,23.0
2018,11,PR,ASSIS CHATEAUBRIAND,3.501,3.601,31.0,37.0
2018,11,PR,CAMBE,3.512,3.636,26.0,31.0
2018,11,PR,CAMPO LARGO,3.399,3.518,21.0,21.0
2018,11,PR,CAMPO MOURAO,3.397,3.496,43.0,32.0
2018,11,PR,CASCAVEL,3.538,3.655,39.0,61.0
2018,11,PR,CASTRO,3.543,3.645,20.0,24.0
2018,11,PR,CIANORTE,3.633,3.717,32.0,36.0
2018,11,PR,COLOMBO,3.41,3.501,56.0,44.0
2018,11,PR,CORNELIO PROCOPIO,3.589,3.725,24.0,13.0
2018,11,PR,CURITIBA,3.334,3.503,65.0,152.0
2018,11,PR,FOZ DO IGUACU,3.537,3.664,36.0,67.0
2018,11,PR,FRANCISCO BELTRAO,3.461,3.532,21.0,26.0
2018,11,PR,GUARAPUAVA,3.485,3.534,26.0,56.0
2018,11,PR,LONDRINA,3.51,3.612,43.0,62.0
2018,11,PR,MARECHAL CANDIDO RONDON,3.482,3.558,22.0,20.0
2018,11,PR,MARINGA,3.427,3.578,27.0,66.0
2018,11,PR,PARANAGUA,3.518,3.646,19.0,28.0
2018,11,PR,PARANAVAI,3.563,3.601,16.0,24.0
2018,11,PR,PATO BRANCO,3.445,3.571,20.0,32.0
2018,11,PR,PINHAIS,3.434,3.533,12.0,21.0
2018,11,PR,PONTA GROSSA,3.507,3.563,49.0,55.0
2018,11,PR,SANTO ANTONIO DA PLATINA,3.375,3.497,16.0,24.0
2018,11,PR,SAO JOSE DOS PINHAIS,3.402,3.502,41.0,55.0
2018,11,PR,TOLEDO,3.504,3.567,40.0,34.0
2018,11,PR,UMUARAMA,3.43,3.572,24.0,44.0
2018,11,PR,UNIAO DA VITORIA,3.584,3.653,33.0,31.0
2018,11,RJ,ANGRA DOS REIS,3.951,3.945,8.0,20.0
2018,11,RJ,ARARUAMA,3.714,3.79,22.0,55.0
2018,11,RJ,BARRA DO PIRAI,3.789,3.881,35.0,30.0
2018,11,RJ,BARRA MANSA,3.755,3.875,36.0,35.0
2018,11,RJ,BELFORD ROXO,3.685,3.802,16.0,28.0
2018,11,RJ,CABO FRIO,3.72,3.847,17.0,38.0
2018,11,RJ,CAMPOS DOS GOYTACAZES,3.597,3.707,57.0,71.0
2018,11,RJ,DUQUE DE CAXIAS,3.581,3.726,54.0,71.0
2018,11,RJ,ITABORAI,3.558,3.652,32.0,32.0
2018,11,RJ,ITAGUAI,3.563,3.693,14.0,28.0
2018,11,RJ,ITAPERUNA,3.635,3.739,23.0,26.0
2018,11,RJ,MACAE,3.707,3.857,18.0,50.0
2018,11,RJ,MAGE,3.532,3.671,12.0,20.0
2018,11,RJ,MARICA,3.737,3.829,24.0,36.0
2018,11,RJ,NILOPOLIS,3.629,3.841,2.0,10.0
2018,11,RJ,NITEROI,3.764,3.824,13.0,66.0
2018,11,RJ,NOVA FRIBURGO,3.612,3.783,28.0,31.0
2018,11,RJ,NOVA IGUACU,3.651,3.739,32.0,51.0
2018,11,RJ,PETROPOLIS,3.712,3.858,44.0,44.0
2018,11,RJ,RESENDE,3.358,3.695,16.0,44.0
2018,11,RJ,RIO BONITO,3.595,3.73,20.0,20.0
2018,11,RJ,RIO DE JANEIRO,3.631,3.806,118.0,293.0
2018,11,RJ,SANTO ANTONIO DE PADUA,3.479,3.533,24.0,16.0
2018,11,RJ,SAO FRANCISCO DE ITABAPOANA,3.747,3.831,31.0,20.0
2018,11,RJ,SAO GONCALO,3.664,3.778,43.0,56.0
2018,11,RJ,SAO JOAO DE MERITI,3.614,3.731,26.0,30.0
2018,11,RJ,SAPUCAIA,3.472,3.539,36.0,24.0
2018,11,RJ,SAQUAREMA,3.742,3.906,20.0,18.0
2018,11,RJ,TERESOPOLIS,3.627,3.711,20.0,48.0
2018,11,RJ,TRES RIOS,3.595,3.71,22.0,28.0
2018,11,RJ,VALENCA,3.779,3.906,20.0,36.0
2018,11,RJ,VOLTA REDONDA,3.818,3.983,30.0,18.0
2018,11,RN,CAICO,3.778,3.944,26.0,23.0
2018,11,RN,MOSSORO,3.691,3.873,67.0,62.0
2018,11,RN,NATAL,3.743,3.902,62.0,98.0
2018,11,RN,PARNAMIRIM,3.755,3.866,32.0,38.0
2018,11,RO,ARIQUEMES,3.909,3.99,30.0,36.0
2018,11,RO,CACOAL,3.914,3.979,32.0,32.0
2018,11,RO,JI PARANA,3.914,3.991,56.0,44.0
2018,11,RO,PIMENTA BUENO,3.9,3.984,22.0,24.0
2018,11,RO,PORTO VELHO,3.852,3.942,91.0,83.0
2018,11,RO,VILHENA,3.989,4.09,38.0,36.0
2018,11,RR,BOA VISTA,3.755,3.812,44.0,49.0
2018,11,RS,ALEGRETE,3.78,3.855,23.0,17.0
2018,11,RS,ALVORADA,3.714,3.832,8.0,6.0
2018,11,RS,BAGE,3.913,4.02,14.0,34.0
2018,11,RS,BENTO GONCALVES,3.599,3.798,4.0,28.0
2018,11,RS,CACHOEIRA DO SUL,3.593,3.702,32.0,28.0
2018,11,RS,CACHOEIRINHA,3.579,3.684,36.0,32.0
2018,11,RS,CANOAS,3.48,3.592,30.0,40.0
2018,11,RS,CAXIAS DO SUL,3.595,3.745,21.0,54.0
2018,11,RS,CRUZ ALTA,3.551,3.648,32.0,32.0
2018,11,RS,ERECHIM,3.631,3.764,28.0,41.0
2018,11,RS,ESTEIO,3.563,3.701,26.0,30.0
2018,11,RS,GRAMADO,3.932,4.028,12.0,24.0
2018,11,RS,GRAVATAI,3.506,3.629,49.0,46.0
2018,11,RS,GUAIBA,3.603,3.707,24.0,28.0
2018,11,RS,IJUI,3.677,3.788,23.0,29.0
2018,11,RS,LAJEADO,3.401,3.671,7.0,24.0
2018,11,RS,NOVO HAMBURGO,3.516,3.612,38.0,52.0
2018,11,RS,OSORIO,3.45,3.589,25.0,25.0
2018,11,RS,PASSO FUNDO,3.717,3.85,21.0,45.0
2018,11,RS,PELOTAS,3.698,3.88,42.0,63.0
2018,11,RS,PORTO ALEGRE,3.592,3.722,45.0,89.0
2018,11,RS,RIO GRANDE,3.697,3.88,30.0,44.0
2018,11,RS,SANTA CRUZ DO SUL,3.64,3.768,20.0,44.0
2018,11,RS,SANTA MARIA,3.691,3.773,28.0,38.0
2018,11,RS,SANTA ROSA,3.713,3.812,22.0,28.0
2018,11,RS,SANTANA DO LIVRAMENTO,3.701,3.836,15.0,30.0
2018,11,RS,SANTO ANGELO,3.747,3.877,28.0,24.0
2018,11,RS,SAO GABRIEL,3.743,3.879,20.0,20.0
2018,11,RS,SAO LEOPOLDO,3.516,3.607,39.0,41.0
2018,11,RS,SAO LUIZ GONZAGA,3.626,3.676,20.0,14.0
2018,11,RS,SAPIRANGA,3.522,3.627,30.0,40.0
2018,11,RS,SAPUCAIA DO SUL,3.456,3.604,36.0,27.0
2018,11,RS,TORRES,3.572,3.725,14.0,16.0
2018,11,RS,URUGUAIANA,3.776,3.815,12.0,28.0
2018,11,RS,VACARIA,3.627,3.75,27.0,36.0
2018,11,RS,VIAMAO,3.602,3.732,16.0,17.0
2018,11,SC,ARARANGUA,3.448,3.553,26.0,32.0
2018,11,SC,BALNEARIO CAMBORIU,3.499,3.7,4.0,36.0
2018,11,SC,BIGUACU,3.446,3.542,8.0,28.0
2018,11,SC,BLUMENAU,3.661,3.768,32.0,76.0
2018,11,SC,BRUSQUE,3.592,3.67,21.0,39.0
2018,11,SC,CACADOR,3.649,3.736,24.0,32.0
2018,11,SC,CHAPECO,3.501,3.595,20.0,32.0
2018,11,SC,CONCORDIA,3.638,3.738,16.0,22.0
2018,11,SC,CRICIUMA,3.479,3.601,39.0,54.0
2018,11,SC,FLORIANOPOLIS,3.661,3.686,4.0,94.0
2018,11,SC,ITAJAI,3.579,3.681,8.0,49.0
2018,11,SC,JARAGUA DO SUL,3.557,3.597,18.0,44.0
2018,11,SC,JOINVILLE,3.548,3.704,24.0,52.0
2018,11,SC,LAGES,3.504,3.634,9.0,34.0
2018,11,SC,LAGUNA,3.528,3.591,24.0,23.0
2018,11,SC,MAFRA,3.359,3.579,8.0,24.0
2018,11,SC,PALHOCA,3.487,3.585,8.0,50.0
2018,11,SC,SAO JOSE,3.585,3.576,6.0,39.0
2018,11,SC,TUBARAO,3.413,3.542,20.0,36.0
2018,11,SC,VIDEIRA,3.577,3.659,19.0,27.0
2018,11,SC,XANXERE,3.62,3.68,14.0,16.0
2018,11,SE,ARACAJU,3.702,3.875,8.0,75.0
2018,11,SE,ITABAIANA,3.662,3.69,28.0,32.0
2018,11,SE,LAGARTO,3.607,3.636,16.0,20.0
2018,11,SE,NOSSA SENHORA DO SOCORRO,3.677,3.748,19.0,22.0
2018,11,SP,ADAMANTINA,3.617,3.806,21.0,27.0
2018,11,SP,AMERICANA,3.456,3.648,26.0,51.0
2018,11,SP,AMPARO,3.554,3.618,33.0,29.0
2018,11,SP,ARACATUBA,3.608,3.722,72.0,98.0
2018,11,SP,ARARAQUARA,3.544,3.727,38.0,47.0
2018,11,SP,ARARAS,3.455,3.56,46.0,44.0
2018,11,SP,ASSIS,3.694,3.747,68.0,83.0
2018,11,SP,ATIBAIA,3.542,3.673,36.0,56.0
2018,11,SP,AVARE,3.763,3.829,32.0,32.0
2018,11,SP,BARRETOS,3.582,3.671,30.0,60.0
2018,11,SP,BARUERI,3.566,3.756,20.0,61.0
2018,11,SP,BAURU,3.534,3.665,58.0,70.0
2018,11,SP,BEBEDOURO,3.505,3.602,22.0,28.0
2018,11,SP,BIRIGUI,3.7,3.765,31.0,55.0
2018,11,SP,BOTUCATU,3.555,3.631,16.0,20.0
2018,11,SP,BRAGANCA PAULISTA,3.564,3.68,24.0,32.0
2018,11,SP,CACAPAVA,3.556,3.567,12.0,36.0
2018,11,SP,CAMPINAS,3.548,3.639,67.0,108.0
2018,11,SP,CARAGUATATUBA,3.75,3.896,21.0,31.0
2018,11,SP,CARAPICUIBA,3.685,3.673,12.0,28.0
2018,11,SP,CATANDUVA,3.583,3.725,25.0,51.0
2018,11,SP,COSMOPOLIS,3.573,3.639,16.0,14.0
2018,11,SP,COTIA,3.572,3.701,29.0,45.0
2018,11,SP,CRUZEIRO,3.655,3.65,19.0,21.0
2018,11,SP,CUBATAO,3.591,3.8,18.0,26.0
2018,11,SP,DIADEMA,3.545,3.728,14.0,39.0
2018,11,SP,DRACENA,3.657,3.701,27.0,32.0
2018,11,SP,EMBU DAS ARTES,3.589,3.639,44.0,30.0
2018,11,SP,FRANCA,3.562,3.653,50.0,74.0
2018,11,SP,GARCA,3.676,3.725,17.0,31.0
2018,11,SP,GUARATINGUETA,3.628,3.814,29.0,32.0
2018,11,SP,GUARUJA,3.588,3.869,17.0,54.0
2018,11,SP,GUARULHOS,3.518,3.617,57.0,99.0
2018,11,SP,HORTOLANDIA,3.547,3.541,28.0,36.0
2018,11,SP,IBITINGA,3.566,3.693,27.0,25.0
2018,11,SP,INDAIATUBA,3.635,3.657,30.0,52.0
2018,11,SP,ITANHAEM,3.812,4.014,12.0,17.0
2018,11,SP,ITAPECERICA DA SERRA,3.552,3.626,28.0,36.0
2018,11,SP,ITAPETININGA,3.572,3.661,40.0,46.0
2018,11,SP,ITAPEVA,3.632,3.726,27.0,31.0
2018,11,SP,ITAPIRA,3.528,3.615,29.0,31.0
2018,11,SP,ITAPOLIS,3.584,3.662,37.0,33.0
2018,11,SP,ITAQUAQUECETUBA,3.499,3.636,18.0,46.0
2018,11,SP,ITATIBA,3.524,3.64,33.0,44.0
2018,11,SP,ITU,3.663,3.675,34.0,50.0
2018,11,SP,JABOTICABAL,3.53,3.608,40.0,38.0
2018,11,SP,JACAREI,3.481,3.503,38.0,46.0
2018,11,SP,JALES,3.46,3.568,36.0,32.0
2018,11,SP,JAU,3.515,3.693,26.0,38.0
2018,11,SP,JOSE BONIFACIO,3.481,3.582,50.0,45.0
2018,11,SP,JUNDIAI,3.689,3.647,27.0,73.0
2018,11,SP,LEME,3.541,3.605,34.0,46.0
2018,11,SP,LIMEIRA,3.475,3.627,63.0,77.0
2018,11,SP,LINS,3.669,3.735,29.0,48.0
2018,11,SP,LORENA,3.347,3.494,12.0,30.0
2018,11,SP,MARILIA,3.721,3.78,22.0,48.0
2018,11,SP,MATAO,3.494,3.614,54.0,44.0
2018,11,SP,MAUA,3.583,3.658,18.0,40.0
2018,11,SP,MIRASSOL,3.504,3.62,36.0,33.0
2018,11,SP,MOCOCA,3.47,3.555,34.0,28.0
2018,11,SP,MOGI DAS CRUZES,3.533,3.586,40.0,74.0
2018,11,SP,MOGI GUACU,3.511,3.635,37.0,40.0
2018,11,SP,MOGI MIRIM,3.52,3.622,24.0,39.0
2018,11,SP,MONTE ALTO,3.682,3.709,24.0,34.0
2018,11,SP,OLIMPIA,3.549,3.671,24.0,26.0
2018,11,SP,OSASCO,3.646,3.702,38.0,62.0
2018,11,SP,OURINHOS,3.557,3.784,31.0,52.0
2018,11,SP,PARAGUACU PAULISTA,3.767,3.843,30.0,40.0
2018,11,SP,PAULINIA,3.512,3.61,28.0,48.0
2018,11,SP,PINDAMONHANGABA,3.404,3.494,10.0,24.0
2018,11,SP,PIRACICABA,3.521,3.63,71.0,84.0
2018,11,SP,PIRASSUNUNGA,3.576,3.67,21.0,18.0
2018,11,SP,POA,3.503,3.689,20.0,21.0
2018,11,SP,PORTO FERREIRA,3.494,3.572,24.0,16.0
2018,11,SP,PRAIA GRANDE,3.739,3.691,18.0,39.0
2018,11,SP,PRESIDENTE PRUDENTE,3.636,3.72,48.0,61.0
2018,11,SP,PRESIDENTE VENCESLAU,3.685,3.77,47.0,37.0
2018,11,SP,RIBEIRAO PIRES,3.556,3.686,19.0,24.0
2018,11,SP,RIBEIRAO PRETO,3.511,3.681,48.0,103.0
2018,11,SP,RIO CLARO,3.504,3.62,30.0,51.0
2018,11,SP,SALTO,3.511,3.609,30.0,28.0
2018,11,SP,SANTA BARBARA D OESTE,3.447,3.598,43.0,41.0
2018,11,SP,SANTA CRUZ DO RIO PARDO,3.651,3.706,28.0,30.0
2018,11,SP,SANTO ANDRE,3.573,3.697,29.0,75.0
2018,11,SP,SANTOS,3.594,3.722,20.0,40.0
2018,11,SP,SAO BERNARDO DO CAMPO,3.562,3.679,28.0,60.0
2018,11,SP,SAO CAETANO DO SUL,3.67,3.757,11.0,37.0
2018,11,SP,SAO CARLOS,3.47,3.636,29.0,72.0
2018,11,SP,SAO JOAO DA BOA VISTA,3.49,3.605,40.0,43.0
2018,11,SP,SAO JOSE DO RIO PRETO,3.531,3.687,48.0,67.0
2018,11,SP,SAO JOSE DOS CAMPOS,3.4,3.546,27.0,53.0
2018,11,SP,SAO PAULO,3.519,3.689,149.0,648.0
2018,11,SP,SAO ROQUE,3.58,3.724,12.0,30.0
2018,11,SP,SAO VICENTE,3.58,3.67,27.0,41.0
2018,11,SP,SERTAOZINHO,3.536,3.655,34.0,34.0
2018,11,SP,SOROCABA,3.553,3.632,50.0,72.0
2018,11,SP,SUMARE,3.507,3.605,44.0,52.0
2018,11,SP,SUZANO,3.495,3.608,22.0,44.0
2018,11,SP,TABOAO DA SERRA,3.505,3.575,8.0,42.0
2018,11,SP,TATUI,3.615,3.692,22.0,31.0
2018,11,SP,TAUBATE,3.503,3.635,25.0,43.0
2018,11,SP,TUPA,3.659,3.731,55.0,45.0
2018,11,SP,UBATUBA,3.699,3.764,4.0,32.0
2018,11,SP,VALINHOS,3.484,3.619,28.0,40.0
2018,11,SP,VARZEA PAULISTA,3.56,3.642,30.0,26.0
2018,11,SP,VINHEDO,3.612,3.734,22.0,32.0
2018,11,SP,VOTORANTIM,3.586,3.637,33.0,43.0
2018,11,SP,VOTUPORANGA,3.74,3.838,44.0,55.0
2018,11,TO,ARAGUAINA,3.616,3.672,34.0,44.0
2018,11,TO,GURUPI,3.775,3.858,32.0,40.0
2018,11,TO,PALMAS,3.736,3.776,31.0,48.0
2018,11,TO,PARAISO DO TOCANTINS,3.907,3.958,24.0,32.0
2018,11,TO,PORTO NACIONAL,3.648,3.711,14.0,20.0
2018,12,AC,CRUZEIRO DO SUL,4.666,4.732,36.0,36.0
2018,12,AC,RIO BRANCO,4.394,4.441,109.0,112.0
2018,12,AL,ARAPIRACA,3.819,3.866,48.0,47.0
2018,12,AL,DELMIRO GOUVEIA,4.019,4.105,26.0,26.0
2018,12,AL,MACEIO,3.705,3.733,30.0,50.0
2018,12,AL,PALMEIRA DOS INDIOS,3.707,3.842,32.0,22.0
2018,12,AL,RIO LARGO,3.687,3.829,16.0,24.0
2018,12,AM,ITACOATIARA,4.009,4.112,35.0,24.0
2018,12,AM,MANACAPURU,3.776,3.87,14.0,10.0
2018,12,AM,MANAUS,3.652,3.772,102.0,117.0
2018,12,AM,PARINTINS,3.978,4.078,15.0,16.0
2018,12,AM,TEFE,,4.397,,12.0
2018,12,AP,MACAPA,3.889,4.44,49.0,47.0
2018,12,AP,SANTANA,3.813,4.373,16.0,8.0
2018,12,BA,ALAGOINHAS,3.384,3.508,28.0,36.0
2018,12,BA,BARREIRAS,3.697,3.782,36.0,40.0
2018,12,BA,BRUMADO,3.713,3.745,24.0,26.0
2018,12,BA,CAETITE,3.745,3.806,27.0,22.0
2018,12,BA,CAMACARI,3.394,3.479,32.0,46.0
2018,12,BA,EUNAPOLIS,3.619,3.697,29.0,32.0
2018,12,BA,FEIRA DE SANTANA,3.327,3.35,48.0,80.0
2018,12,BA,GUANAMBI,3.666,3.757,36.0,28.0
2018,12,BA,ILHEUS,3.775,3.882,34.0,34.0
2018,12,BA,IPIRA,3.412,3.54,19.0,8.0
2018,12,BA,IRECE,3.688,3.782,26.0,22.0
2018,12,BA,ITABUNA,3.628,3.747,40.0,56.0
2018,12,BA,ITAMARAJU,3.574,3.666,10.0,10.0
2018,12,BA,JACOBINA,3.606,3.7,16.0,22.0
2018,12,BA,JAGUAQUARA,3.398,3.459,25.0,22.0
2018,12,BA,JEQUIE,3.646,3.742,24.0,26.0
2018,12,BA,JUAZEIRO,3.694,3.832,24.0,34.0
2018,12,BA,LAURO DE FREITAS,3.384,3.434,15.0,40.0
2018,12,BA,LIVRAMENTO DE NOSSA SENHORA,3.771,3.867,24.0,16.0
2018,12,BA,PAULO AFONSO,3.717,3.762,22.0,26.0
2018,12,BA,POCOES,3.453,3.453,28.0,15.0
2018,12,BA,PORTO SEGURO,4.083,4.277,12.0,20.0
2018,12,BA,SALVADOR,3.391,3.543,67.0,228.0
2018,12,BA,SANTO ANTONIO DE JESUS,3.39,3.509,22.0,20.0
2018,12,BA,SENHOR DO BONFIM,3.569,3.618,32.0,18.0
2018,12,BA,SERRINHA,3.511,3.48,16.0,14.0
2018,12,BA,SIMOES FILHO,3.442,3.567,31.0,19.0
2018,12,BA,TEIXEIRA DE FREITAS,3.618,3.741,22.0,30.0
2018,12,BA,VALENCA,3.587,3.65,36.0,29.0
2018,12,BA,VITORIA DA CONQUISTA,3.398,3.547,28.0,29.0
2018,12,CE,CANINDE,3.822,3.952,23.0,27.0
2018,12,CE,CAUCAIA,,3.786,,84.0
2018,12,CE,CRATEUS,3.908,4.059,23.0,24.0
2018,12,CE,CRATO,3.826,3.911,27.0,36.0
2018,12,CE,FORTALEZA,,3.797,,404.0
2018,12,CE,ICO,3.774,3.907,22.0,31.0
2018,12,CE,IGUATU,3.857,3.943,20.0,30.0
2018,12,CE,ITAPIPOCA,3.849,3.986,21.0,26.0
2018,12,CE,JUAZEIRO DO NORTE,3.763,3.892,29.0,41.0
2018,12,CE,LIMOEIRO DO NORTE,3.752,3.874,9.0,21.0
2018,12,CE,MARACANAU,,3.711,,40.0
2018,12,CE,QUIXADA,3.797,3.907,27.0,36.0
2018,12,CE,SOBRAL,3.781,3.91,33.0,52.0
2018,12,DF,BRASILIA,3.734,3.842,103.0,139.0
2018,12,ES,ARACRUZ,3.51,3.564,17.0,19.0
2018,12,ES,CACHOEIRO DE ITAPEMIRIM,3.48,3.591,37.0,40.0
2018,12,ES,CARIACICA,3.394,3.502,20.0,28.0
2018,12,ES,COLATINA,3.532,3.658,32.0,30.0
2018,12,ES,GUARAPARI,3.561,3.679,38.0,38.0
2018,12,ES,LINHARES,3.322,3.408,31.0,32.0
2018,12,ES,SAO MATEUS,3.526,3.611,26.0,26.0
2018,12,ES,SERRA,3.468,3.548,32.0,34.0
2018,12,ES,VILA VELHA,3.491,3.596,14.0,52.0
2018,12,ES,VITORIA,3.459,3.564,21.0,69.0
2018,12,GO,AGUAS LINDAS DE GOIAS,3.8,3.893,16.0,20.0
2018,12,GO,ANAPOLIS,3.449,3.62,43.0,50.0
2018,12,GO,APARECIDA DE GOIANIA,3.46,3.642,26.0,34.0
2018,12,GO,CALDAS NOVAS,3.665,3.776,29.0,31.0
2018,12,GO,CATALAO,3.613,3.786,24.0,33.0
2018,12,GO,FORMOSA,3.608,3.768,21.0,44.0
2018,12,GO,GOIANIA,3.492,3.635,109.0,147.0
2018,12,GO,GOIATUBA,3.531,3.674,28.0,34.0
2018,12,GO,ITUMBIARA,3.474,3.549,56.0,48.0
2018,12,GO,JATAI,3.633,3.733,43.0,50.0
2018,12,GO,LUZIANIA,3.521,3.652,48.0,43.0
2018,12,GO,MINEIROS,3.734,3.867,28.0,28.0
2018,12,GO,MORRINHOS,3.374,3.557,42.0,35.0
2018,12,GO,PORANGATU,3.557,3.642,28.0,25.0
2018,12,GO,RIO VERDE,3.596,3.701,37.0,59.0
2018,12,GO,TRINDADE,3.521,3.526,26.0,6.0
2018,12,GO,VALPARAISO DE GOIAS,3.52,3.665,28.0,20.0
2018,12,MA,ACAILANDIA,3.572,3.626,28.0,28.0
2018,12,MA,BACABAL,3.512,3.47,12.0,8.0
2018,12,MA,BALSAS,3.687,3.757,25.0,25.0
2018,12,MA,BARRA DO CORDA,3.522,3.645,12.0,12.0
2018,12,MA,CAXIAS,3.501,3.603,23.0,36.0
2018,12,MA,CODO,3.772,3.816,24.0,20.0
2018,12,MA,IMPERATRIZ,3.64,3.733,26.0,49.0
2018,12,MA,PINHEIRO,3.81,3.869,12.0,16.0
2018,12,MA,PRESIDENTE DUTRA,3.539,3.654,12.0,16.0
2018,12,MA,SANTA INES,3.647,3.673,12.0,24.0
2018,12,MA,SAO JOSE DE RIBAMAR,3.336,3.496,12.0,36.0
2018,12,MA,SAO LUIS,3.484,3.536,34.0,182.0
2018,12,MG,ALFENAS,3.707,3.746,17.0,13.0
2018,12,MG,ARAGUARI,3.42,3.556,54.0,58.0
2018,12,MG,ARAXA,3.457,3.536,32.0,35.0
2018,12,MG,BARBACENA,3.518,3.599,22.0,24.0
2018,12,MG,BELO HORIZONTE,3.508,3.648,50.0,106.0
2018,12,MG,BETIM,3.452,3.572,25.0,40.0
2018,12,MG,BOM DESPACHO,3.318,3.349,24.0,19.0
2018,12,MG,CAMPO BELO,3.515,3.61,24.0,16.0
2018,12,MG,CARATINGA,3.502,3.649,18.0,18.0
2018,12,MG,CONGONHAS,3.584,3.628,16.0,20.0
2018,12,MG,CONSELHEIRO LAFAIETE,3.691,3.745,16.0,15.0
2018,12,MG,CONTAGEM,3.444,3.507,43.0,47.0
2018,12,MG,CORONEL FABRICIANO,3.629,3.705,16.0,20.0
2018,12,MG,CURVELO,3.41,3.561,22.0,26.0
2018,12,MG,DIVINOPOLIS,3.607,3.798,19.0,30.0
2018,12,MG,FORMIGA,3.53,3.64,26.0,20.0
2018,12,MG,FRUTAL,3.685,3.801,18.0,24.0
2018,12,MG,GOVERNADOR VALADARES,3.451,3.671,21.0,36.0
2018,12,MG,GUAXUPE,3.479,3.576,24.0,20.0
2018,12,MG,IPATINGA,3.58,3.669,29.0,26.0
2018,12,MG,ITABIRA,3.447,3.558,27.0,31.0
2018,12,MG,ITAJUBA,3.541,3.656,12.0,24.0
2018,12,MG,ITAUNA,3.477,3.596,20.0,18.0
2018,12,MG,ITUIUTABA,3.549,3.632,44.0,52.0
2018,12,MG,JANAUBA,3.606,3.739,26.0,21.0
2018,12,MG,JANUARIA,3.754,3.906,24.0,17.0
2018,12,MG,JOAO MONLEVADE,3.45,3.435,11.0,26.0
2018,12,MG,JOAO PINHEIRO,3.465,3.586,24.0,20.0
2018,12,MG,JUIZ DE FORA,3.548,3.704,25.0,39.0
2018,12,MG,LAVRAS,3.774,3.821,8.0,36.0
2018,12,MG,LEOPOLDINA,3.35,3.456,24.0,18.0
2018,12,MG,MANHUACU,3.494,3.563,32.0,21.0
2018,12,MG,MONTE CARMELO,3.361,3.613,29.0,31.0
2018,12,MG,MONTES CLAROS,3.484,3.608,53.0,33.0
2018,12,MG,MURIAE,3.576,3.682,29.0,33.0
2018,12,MG,NOVA LIMA,3.784,3.797,8.0,24.0
2018,12,MG,OLIVEIRA,3.448,3.556,24.0,29.0
2018,12,MG,OURO PRETO,3.717,3.767,16.0,23.0
2018,12,MG,PARA DE MINAS,3.599,3.715,23.0,22.0
2018,12,MG,PARACATU,3.767,3.838,24.0,21.0
2018,12,MG,PASSOS,3.693,3.702,20.0,28.0
2018,12,MG,PATOS DE MINAS,3.557,3.622,27.0,26.0
2018,12,MG,PATROCINIO,3.595,3.686,28.0,15.0
2018,12,MG,POCOS DE CALDAS,3.644,3.748,35.0,35.0
2018,12,MG,POUSO ALEGRE,3.549,3.653,20.0,40.0
2018,12,MG,SABARA,3.601,3.611,16.0,20.0
2018,12,MG,SAO JOAO DEL REI,3.729,3.812,12.0,16.0
2018,12,MG,SAO SEBASTIAO DO PARAISO,3.634,3.717,20.0,28.0
2018,12,MG,SETE LAGOAS,3.308,3.449,68.0,47.0
2018,12,MG,TEOFILO OTONI,3.5,3.593,35.0,42.0
2018,12,MG,TIMOTEO,3.513,3.655,13.0,14.0
2018,12,MG,TRES CORACOES,3.826,3.999,15.0,16.0
2018,12,MG,UBA,3.563,3.665,16.0,18.0
2018,12,MG,UBERABA,3.539,3.633,60.0,71.0
2018,12,MG,UBERLANDIA,3.471,3.605,90.0,125.0
2018,12,MG,UNAI,3.598,3.702,34.0,36.0
2018,12,MG,VARGINHA,3.554,3.681,26.0,36.0
2018,12,MG,VICOSA,,3.834,,15.0
2018,12,MS,CAMPO GRANDE,3.499,3.6,95.0,134.0
2018,12,MS,CORUMBA,3.721,3.799,21.0,22.0
2018,12,MS,COXIM,3.505,3.606,24.0,24.0
2018,12,MS,DOURADOS,3.576,3.772,17.0,38.0
2018,12,MS,NOVA ANDRADINA,3.425,3.525,21.0,24.0
2018,12,MS,PONTA PORA,3.568,3.655,11.0,16.0
2018,12,MS,TRES LAGOAS,3.58,3.74,33.0,48.0
2018,12,MT,ALTA FLORESTA,4.331,4.479,40.0,38.0
2018,12,MT,CACERES,3.809,3.938,26.0,36.0
2018,12,MT,CUIABA,3.853,3.91,93.0,225.0
2018,12,MT,RONDONOPOLIS,3.961,4.096,79.0,81.0
2018,12,MT,SINOP,4.012,4.158,36.0,44.0
2018,12,MT,SORRISO,3.978,4.084,30.0,37.0
2018,12,MT,VARZEA GRANDE,3.811,3.89,39.0,59.0
2018,12,PA,ABAETETUBA,4.052,4.142,16.0,12.0
2018,12,PA,ALENQUER,3.963,4.163,12.0,6.0
2018,12,PA,ALTAMIRA,4.079,4.177,21.0,24.0
2018,12,PA,ANANINDEUA,,3.675,,32.0
2018,12,PA,BELEM,,3.856,,78.0
2018,12,PA,BRAGANCA,3.599,3.519,4.0,22.0
2018,12,PA,CAMETA,3.816,3.822,10.0,10.0
2018,12,PA,CASTANHAL,3.624,3.652,24.0,24.0
2018,12,PA,CONCEICAO DO ARAGUAIA,3.973,4.017,14.0,14.0
2018,12,PA,ITAITUBA,3.656,3.724,24.0,28.0
2018,12,PA,MARABA,3.93,4.017,32.0,53.0
2018,12,PA,PARAGOMINAS,3.6,3.698,16.0,16.0
2018,12,PA,PARAUAPEBAS,4.099,4.13,25.0,36.0
2018,12,PA,REDENCAO,3.88,3.973,12.0,14.0
2018,12,PA,SANTAREM,3.693,3.761,46.0,44.0
2018,12,PA,XINGUARA,3.812,3.974,20.0,18.0
2018,12,PB,BAYEUX,3.615,3.671,16.0,20.0
2018,12,PB,CABEDELO,3.684,3.746,17.0,18.0
2018,12,PB,CAMPINA GRANDE,,3.628,,48.0
2018,12,PB,JOAO PESSOA,3.565,3.635,28.0,73.0
2018,12,PB,PATOS,3.774,3.859,24.0,20.0
2018,12,PB,SOUSA,3.713,3.774,10.0,28.0
2018,12,PE,ARARIPINA,3.399,3.661,2.0,36.0
2018,12,PE,ARCOVERDE,,3.437,,30.0
2018,12,PE,BELO JARDIM,,3.498,,28.0
2018,12,PE,CABO DE SANTO AGOSTINHO,,3.495,,24.0
2018,12,PE,CARUARU,,3.507,,64.0
2018,12,PE,GARANHUNS,,3.433,,46.0
2018,12,PE,GOIANA,,3.477,,26.0
2018,12,PE,IGARASSU,,3.508,,28.0
2018,12,PE,JABOATAO DOS GUARARAPES,,3.599,,44.0
2018,12,PE,LAJEDO,,3.419,,24.0
2018,12,PE,OLINDA,,3.612,,36.0
2018,12,PE,PAULISTA,,3.564,,36.0
2018,12,PE,PETROLINA,3.72,3.8,34.0,40.0
2018,12,PE,RECIFE,,3.588,,94.0
2018,12,PE,SALGUEIRO,,3.477,,24.0
2018,12,PE,SANTA CRUZ DO CAPIBARIBE,,3.474,,40.0
2018,12,PE,SERRA TALHADA,,3.5,,36.0
2018,12,PE,VITORIA DE SANTO ANTAO,,3.5,,32.0
2018,12,PI,PARNAIBA,3.817,3.907,37.0,48.0
2018,12,PI,PICOS,3.709,3.74,17.0,29.0
2018,12,PI,PIRIPIRI,3.621,3.788,12.0,20.0
2018,12,PI,TERESINA,3.653,3.739,79.0,150.0
2018,12,PR,APUCARANA,3.489,3.537,48.0,38.0
2018,12,PR,ARAPONGAS,3.3,3.422,28.0,20.0
2018,12,PR,ARAUCARIA,3.188,3.235,22.0,26.0
2018,12,PR,ASSIS CHATEAUBRIAND,3.292,3.416,32.0,33.0
2018,12,PR,CAMBE,3.336,3.456,24.0,28.0
2018,12,PR,CAMPO LARGO,3.252,3.345,18.0,20.0
2018,12,PR,CAMPO MOURAO,3.188,3.236,44.0,36.0
2018,12,PR,CASCAVEL,3.448,3.56,39.0,59.0
2018,12,PR,CASTRO,3.264,3.366,20.0,24.0
2018,12,PR,CIANORTE,3.41,3.508,39.0,28.0
2018,12,PR,COLOMBO,3.246,3.336,52.0,46.0
2018,12,PR,CORNELIO PROCOPIO,3.429,3.544,24.0,10.0
2018,12,PR,CURITIBA,3.173,3.354,59.0,153.0
2018,12,PR,FOZ DO IGUACU,3.343,3.43,32.0,58.0
2018,12,PR,FRANCISCO BELTRAO,3.295,3.346,22.0,28.0
2018,12,PR,GUARAPUAVA,3.265,3.351,28.0,54.0
2018,12,PR,LONDRINA,3.332,3.451,47.0,66.0
2018,12,PR,MARECHAL CANDIDO RONDON,3.279,3.356,20.0,12.0
2018,12,PR,MARINGA,3.188,3.43,24.0,61.0
2018,12,PR,PARANAGUA,3.309,3.548,23.0,28.0
2018,12,PR,PARANAVAI,3.368,3.394,16.0,24.0
2018,12,PR,PATO BRANCO,3.332,3.431,20.0,32.0
2018,12,PR,PINHAIS,3.282,3.418,20.0,22.0
2018,12,PR,PONTA GROSSA,3.372,3.435,53.0,52.0
2018,12,PR,SANTO ANTONIO DA PLATINA,3.244,3.351,16.0,24.0
2018,12,PR,SAO JOSE DOS PINHAIS,3.241,3.313,33.0,46.0
2018,12,PR,TOLEDO,3.294,3.389,34.0,29.0
2018,12,PR,UMUARAMA,3.337,3.466,27.0,44.0
2018,12,PR,UNIAO DA VITORIA,3.359,3.45,32.0,32.0
2018,12,RJ,ANGRA DOS REIS,3.845,3.843,8.0,22.0
2018,12,RJ,ARARUAMA,3.675,3.692,16.0,41.0
2018,12,RJ,BARRA DO PIRAI,3.688,3.773,28.0,24.0
2018,12,RJ,BARRA MANSA,3.675,3.795,27.0,29.0
2018,12,RJ,BELFORD ROXO,3.578,3.663,18.0,24.0
2018,12,RJ,CABO FRIO,3.539,3.747,11.0,32.0
2018,12,RJ,CAMPOS DOS GOYTACAZES,3.398,3.504,47.0,58.0
2018,12,RJ,DUQUE DE CAXIAS,3.461,3.587,52.0,69.0
2018,12,RJ,ITABORAI,3.295,3.406,32.0,32.0
2018,12,RJ,ITAGUAI,3.39,3.565,18.0,28.0
2018,12,RJ,ITAPERUNA,3.412,3.544,18.0,26.0
2018,12,RJ,MACAE,3.536,3.708,14.0,40.0
2018,12,RJ,MAGE,3.482,3.629,12.0,20.0
2018,12,RJ,MARICA,3.657,3.768,24.0,36.0
2018,12,RJ,NILOPOLIS,3.629,3.895,2.0,9.0
2018,12,RJ,NITEROI,3.725,3.753,14.0,64.0
2018,12,RJ,NOVA FRIBURGO,3.52,3.71,31.0,34.0
2018,12,RJ,NOVA IGUACU,3.51,3.632,37.0,53.0
2018,12,RJ,PETROPOLIS,3.652,3.753,34.0,46.0
2018,12,RJ,RESENDE,3.343,3.611,17.0,42.0
2018,12,RJ,RIO BONITO,3.519,3.643,14.0,19.0
2018,12,RJ,RIO DE JANEIRO,3.536,3.683,111.0,221.0
2018,12,RJ,SANTO ANTONIO DE PADUA,3.295,3.338,24.0,18.0
2018,12,RJ,SAO FRANCISCO DE ITABAPOANA,3.588,3.757,24.0,16.0
2018,12,RJ,SAO GONCALO,3.567,3.653,38.0,54.0
2018,12,RJ,SAO JOAO DE MERITI,3.478,3.525,28.0,28.0
2018,12,RJ,SAPUCAIA,3.275,3.326,36.0,24.0
2018,12,RJ,SAQUAREMA,3.595,3.771,20.0,18.0
2018,12,RJ,TERESOPOLIS,3.426,3.614,17.0,45.0
2018,12,RJ,TRES RIOS,3.36,3.511,21.0,25.0
2018,12,RJ,VALENCA,3.672,3.788,18.0,36.0
2018,12,RJ,VOLTA REDONDA,3.734,3.899,22.0,14.0
2018,12,RN,CAICO,3.648,3.845,26.0,24.0
2018,12,RN,MOSSORO,3.567,3.759,65.0,58.0
2018,12,RN,NATAL,3.669,3.804,65.0,99.0
2018,12,RN,PARNAMIRIM,3.632,3.798,34.0,40.0
2018,12,RO,ARIQUEMES,3.821,3.903,32.0,36.0
2018,12,RO,CACOAL,3.764,3.828,32.0,32.0
2018,12,RO,JI PARANA,3.849,3.917,53.0,44.0
2018,12,RO,PIMENTA BUENO,3.631,3.718,21.0,24.0
2018,12,RO,PORTO VELHO,3.778,3.869,91.0,75.0
2018,12,RO,VILHENA,3.823,3.918,38.0,36.0
2018,12,RR,BOA VISTA,3.595,3.651,37.0,49.0
2018,12,RS,ALEGRETE,3.502,3.582,22.0,19.0
2018,12,RS,ALVORADA,3.699,3.664,8.0,12.0
2018,12,RS,BAGE,3.776,3.886,16.0,33.0
2018,12,RS,BENTO GONCALVES,3.549,3.652,2.0,30.0
2018,12,RS,CACHOEIRA DO SUL,3.471,3.577,32.0,29.0
2018,12,RS,CACHOEIRINHA,3.429,3.565,36.0,32.0
2018,12,RS,CANOAS,3.33,3.428,32.0,46.0
2018,12,RS,CAXIAS DO SUL,3.536,3.581,20.0,57.0
2018,12,RS,CRUZ ALTA,3.408,3.504,28.0,22.0
2018,12,RS,ERECHIM,3.504,3.659,26.0,40.0
2018,12,RS,ESTEIO,3.442,3.558,18.0,24.0
2018,12,RS,GRAMADO,3.814,3.881,19.0,20.0
2018,12,RS,GRAVATAI,3.341,3.467,36.0,34.0
2018,12,RS,GUAIBA,3.404,3.485,24.0,30.0
2018,12,RS,IJUI,3.397,3.575,24.0,28.0
2018,12,RS,LAJEADO,3.24,3.471,10.0,24.0
2018,12,RS,NOVO HAMBURGO,3.244,3.406,26.0,56.0
2018,12,RS,OSORIO,3.171,3.339,20.0,24.0
2018,12,RS,PASSO FUNDO,3.497,3.644,23.0,48.0
2018,12,RS,PELOTAS,3.462,3.649,34.0,38.0
2018,12,RS,PORTO ALEGRE,3.425,3.614,39.0,92.0
2018,12,RS,RIO GRANDE,3.559,3.644,32.0,48.0
2018,12,RS,SANTA CRUZ DO SUL,3.662,3.762,15.0,44.0
2018,12,RS,SANTA MARIA,3.505,3.588,31.0,37.0
2018,12,RS,SANTA ROSA,3.592,3.706,24.0,28.0
2018,12,RS,SANTANA DO LIVRAMENTO,3.539,3.668,19.0,28.0
2018,12,RS,SANTO ANGELO,3.414,3.514,28.0,28.0
2018,12,RS,SAO GABRIEL,3.651,3.736,20.0,20.0
2018,12,RS,SAO LEOPOLDO,3.269,3.366,43.0,45.0
2018,12,RS,SAO LUIZ GONZAGA,3.359,3.399,20.0,16.0
2018,12,RS,SAPIRANGA,3.197,3.254,28.0,32.0
2018,12,RS,SAPUCAIA DO SUL,3.262,3.364,36.0,24.0
2018,12,RS,TORRES,3.34,3.458,14.0,18.0
2018,12,RS,URUGUAIANA,3.352,3.491,12.0,28.0
2018,12,RS,VACARIA,3.484,3.631,25.0,36.0
2018,12,RS,VIAMAO,3.496,3.649,18.0,19.0
2018,12,SC,ARARANGUA,3.22,3.311,30.0,32.0
2018,12,SC,BALNEARIO CAMBORIU,3.349,3.572,4.0,36.0
2018,12,SC,BIGUACU,3.335,3.489,18.0,23.0
2018,12,SC,BLUMENAU,3.465,3.548,35.0,76.0
2018,12,SC,BRUSQUE,3.373,3.435,30.0,36.0
2018,12,SC,CACADOR,3.464,3.68,21.0,32.0
2018,12,SC,CHAPECO,3.434,3.525,20.0,30.0
2018,12,SC,CONCORDIA,3.485,3.613,16.0,24.0
2018,12,SC,CRICIUMA,3.296,3.419,32.0,46.0
2018,12,SC,FLORIANOPOLIS,3.611,3.676,8.0,99.0
2018,12,SC,ITAJAI,3.512,3.567,7.0,44.0
2018,12,SC,JARAGUA DO SUL,3.353,3.4,24.0,44.0
2018,12,SC,JOINVILLE,3.443,3.52,20.0,48.0
2018,12,SC,LAGES,3.391,3.4,15.0,31.0
2018,12,SC,LAGUNA,3.358,3.469,24.0,24.0
2018,12,SC,MAFRA,3.303,3.473,12.0,24.0
2018,12,SC,PALHOCA,3.29,3.486,6.0,58.0
2018,12,SC,SAO JOSE,3.299,3.514,1.0,51.0
2018,12,SC,TUBARAO,3.174,3.343,20.0,36.0
2018,12,SC,VIDEIRA,3.503,3.561,18.0,25.0
2018,12,SC,XANXERE,3.416,3.438,12.0,16.0
2018,12,SE,ARACAJU,3.634,3.742,10.0,78.0
2018,12,SE,ITABAIANA,3.43,3.465,28.0,28.0
2018,12,SE,LAGARTO,3.517,3.526,16.0,20.0
2018,12,SE,NOSSA SENHORA DO SOCORRO,3.555,3.652,28.0,34.0
2018,12,SP,ADAMANTINA,3.448,3.636,18.0,29.0
2018,12,SP,AMERICANA,3.227,3.41,21.0,43.0
2018,12,SP,AMPARO,3.437,3.497,31.0,31.0
2018,12,SP,ARACATUBA,3.405,3.575,51.0,78.0
2018,12,SP,ARARAQUARA,3.405,3.661,29.0,53.0
2018,12,SP,ARARAS,3.217,3.366,44.0,40.0
2018,12,SP,ASSIS,3.466,3.537,56.0,64.0
2018,12,SP,ATIBAIA,3.435,3.575,32.0,56.0
2018,12,SP,AVARE,3.581,3.664,28.0,32.0
2018,12,SP,BARRETOS,3.4,3.492,31.0,53.0
2018,12,SP,BARUERI,3.506,3.698,21.0,63.0
2018,12,SP,BAURU,3.331,3.453,51.0,73.0
2018,12,SP,BEBEDOURO,3.318,3.413,24.0,26.0
2018,12,SP,BIRIGUI,3.539,3.621,23.0,48.0
2018,12,SP,BOTUCATU,3.366,3.491,18.0,18.0
2018,12,SP,BRAGANCA PAULISTA,3.456,3.555,30.0,33.0
2018,12,SP,CACAPAVA,3.407,3.405,10.0,36.0
2018,12,SP,CAMPINAS,3.407,3.491,68.0,111.0
2018,12,SP,CARAGUATATUBA,3.715,3.821,24.0,32.0
2018,12,SP,CARAPICUIBA,3.572,3.582,15.0,26.0
2018,12,SP,CATANDUVA,3.466,3.544,30.0,34.0
2018,12,SP,COSMOPOLIS,3.338,3.403,16.0,16.0
2018,12,SP,COTIA,3.4,3.565,32.0,44.0
2018,12,SP,CRUZEIRO,3.417,3.499,21.0,21.0
2018,12,SP,CUBATAO,3.427,3.579,14.0,22.0
2018,12,SP,DIADEMA,3.472,3.577,18.0,36.0
2018,12,SP,DRACENA,3.432,3.513,27.0,30.0
2018,12,SP,EMBU DAS ARTES,3.385,3.449,42.0,36.0
2018,12,SP,FRANCA,3.331,3.425,58.0,65.0
2018,12,SP,GARCA,3.43,3.472,14.0,26.0
2018,12,SP,GUARATINGUETA,3.401,3.583,16.0,28.0
2018,12,SP,GUARUJA,3.279,3.715,10.0,44.0
2018,12,SP,GUARULHOS,3.294,3.407,43.0,82.0
2018,12,SP,HORTOLANDIA,3.37,3.42,30.0,36.0
2018,12,SP,IBITINGA,3.343,3.498,28.0,18.0
2018,12,SP,INDAIATUBA,3.52,3.546,30.0,55.0
2018,12,SP,ITANHAEM,3.579,3.773,13.0,14.0
2018,12,SP,ITAPECERICA DA SERRA,3.363,3.439,33.0,35.0
2018,12,SP,ITAPETININGA,3.386,3.476,42.0,44.0
2018,12,SP,ITAPEVA,3.508,3.721,26.0,34.0
2018,12,SP,ITAPIRA,3.366,3.445,32.0,32.0
2018,12,SP,ITAPOLIS,3.393,3.472,24.0,30.0
2018,12,SP,ITAQUAQUECETUBA,3.328,3.581,18.0,32.0
2018,12,SP,ITATIBA,3.438,3.547,26.0,52.0
2018,12,SP,ITU,3.458,3.512,34.0,54.0
2018,12,SP,JABOTICABAL,3.29,3.414,36.0,36.0
2018,12,SP,JACAREI,3.238,3.238,36.0,44.0
2018,12,SP,JALES,3.343,3.456,36.0,32.0
2018,12,SP,JAU,3.39,3.47,29.0,36.0
2018,12,SP,JOSE BONIFACIO,3.24,3.302,40.0,36.0
2018,12,SP,JUNDIAI,3.442,3.526,36.0,71.0
2018,12,SP,LEME,3.265,3.418,35.0,49.0
2018,12,SP,LIMEIRA,3.264,3.415,62.0,64.0
2018,12,SP,LINS,3.436,3.547,26.0,50.0
2018,12,SP,LORENA,3.171,3.292,16.0,28.0
2018,12,SP,MARILIA,3.51,3.604,28.0,46.0
2018,12,SP,MATAO,3.325,3.432,55.0,40.0
2018,12,SP,MAUA,3.543,3.578,15.0,40.0
2018,12,SP,MIRASSOL,3.305,3.391,30.0,24.0
2018,12,SP,MOCOCA,3.229,3.313,34.0,28.0
2018,12,SP,MOGI DAS CRUZES,3.308,3.376,30.0,66.0
2018,12,SP,MOGI GUACU,3.369,3.523,34.0,40.0
2018,12,SP,MOGI MIRIM,3.386,3.52,25.0,42.0
2018,12,SP,MONTE ALTO,3.535,3.576,24.0,32.0
2018,12,SP,OLIMPIA,3.342,3.465,24.0,28.0
2018,12,SP,OSASCO,3.579,3.665,35.0,62.0
2018,12,SP,OURINHOS,3.43,3.645,24.0,52.0
2018,12,SP,PARAGUACU PAULISTA,3.563,3.631,24.0,32.0
2018,12,SP,PAULINIA,3.348,3.433,30.0,50.0
2018,12,SP,PINDAMONHANGABA,3.079,3.218,15.0,20.0
2018,12,SP,PIRACICABA,3.338,3.465,54.0,70.0
2018,12,SP,PIRASSUNUNGA,3.389,3.447,27.0,23.0
2018,12,SP,POA,3.37,3.543,15.0,18.0
2018,12,SP,PORTO FERREIRA,3.316,3.386,24.0,16.0
2018,12,SP,PRAIA GRANDE,3.466,3.666,18.0,46.0
2018,12,SP,PRESIDENTE PRUDENTE,3.454,3.564,47.0,62.0
2018,12,SP,PRESIDENTE VENCESLAU,3.528,3.612,36.0,32.0
2018,12,SP,RIBEIRAO PIRES,3.597,3.62,18.0,18.0
2018,12,SP,RIBEIRAO PRETO,3.328,3.505,48.0,102.0
2018,12,SP,RIO CLARO,3.343,3.442,29.0,52.0
2018,12,SP,SALTO,3.221,3.339,28.0,26.0
2018,12,SP,SANTA BARBARA D OESTE,3.263,3.347,42.0,39.0
2018,12,SP,SANTA CRUZ DO RIO PARDO,3.464,3.503,28.0,32.0
2018,12,SP,SANTO ANDRE,3.411,3.568,32.0,84.0
2018,12,SP,SANTOS,3.129,3.497,4.0,18.0
2018,12,SP,SAO BERNARDO DO CAMPO,3.41,3.603,18.0,66.0
2018,12,SP,SAO CAETANO DO SUL,3.326,3.558,6.0,36.0
2018,12,SP,SAO CARLOS,3.266,3.457,35.0,73.0
2018,12,SP,SAO JOAO DA BOA VISTA,3.322,3.453,43.0,46.0
2018,12,SP,SAO JOSE DO RIO PRETO,3.358,3.488,56.0,69.0
2018,12,SP,SAO JOSE DOS CAMPOS,3.122,3.27,20.0,57.0
2018,12,SP,SAO PAULO,3.306,3.554,110.0,513.0
2018,12,SP,SAO ROQUE,3.454,3.499,10.0,28.0
2018,12,SP,SAO VICENTE,3.434,3.491,24.0,36.0
2018,12,SP,SERTAOZINHO,3.403,3.56,30.0,38.0
2018,12,SP,SOROCABA,3.331,3.405,45.0,74.0
2018,12,SP,SUMARE,3.371,3.468,45.0,60.0
2018,12,SP,SUZANO,3.323,3.483,26.0,44.0
2018,12,SP,TABOAO DA SERRA,3.315,3.477,8.0,40.0
2018,12,SP,TATUI,3.404,3.47,22.0,34.0
2018,12,SP,TAUBATE,3.339,3.458,24.0,40.0
2018,12,SP,TUPA,3.499,3.582,44.0,36.0
2018,12,SP,UBATUBA,,3.567,,36.0
2018,12,SP,VALINHOS,3.292,3.43,30.0,40.0
2018,12,SP,VARZEA PAULISTA,3.345,3.414,32.0,28.0
2018,12,SP,VINHEDO,3.45,3.579,25.0,32.0
2018,12,SP,VOTORANTIM,3.332,3.41,28.0,36.0
2018,12,SP,VOTUPORANGA,3.499,3.633,38.0,42.0
2018,12,TO,ARAGUAINA,3.507,3.535,35.0,44.0
2018,12,TO,GURUPI,3.614,3.716,32.0,40.0
2018,12,TO,PALMAS,3.585,3.584,21.0,39.0
2018,12,TO,PARAISO DO TOCANTINS,3.714,3.699,22.0,32.0
2018,12,TO,PORTO NACIONAL,3.388,3.412,18.0,21.0
