channel,scheme,current_month,k,sse,energy,fold_rows,relative_error
purchase_freight,HOLDOUT_03_CONTIGUOUS,2017-04,0,37466196654.15795,37466196654.15795,10,1.0
purchase_freight,HOLDOUT_03_CONTIGUOUS,2017-04,1,15762424255.034452,37466196654.15795,10,0.6486220405198383
purchase_freight,HOLDOUT_03_CONTIGUOUS,2017-04,2,12725010440.399763,37466196654.15795,10,0.5827862135415868
purchase_freight,HOLDOUT_03_CONTIGUOUS,2017-04,3,12435097107.10036,37466196654.15795,10,0.5761091678383582
purchase_freight,HOLDOUT_03_CONTIGUOUS,2017-04,4,11699512265.026268,37466196654.15795,10,0.5588098778520234
purchase_freight,HOLDOUT_03_CONTIGUOUS,2017-04,5,9734385428.098099,37466196654.15795,10,0.5097232749802972
purchase_freight,HOLDOUT_03_CONTIGUOUS,2017-04,6,9748189308.806149,37466196654.15795,10,0.5100845544204897
purchase_freight,HOLDOUT_03_CONTIGUOUS,2017-04,7,9824876357.674587,37466196654.15795,10,0.5120869903538234
purchase_freight,HOLDOUT_03_CONTIGUOUS,2017-04,8,9856226700.355623,37466196654.15795,10,0.5129033525969726
purchase_freight,HOLDOUT_03_CONTIGUOUS,2017-04,9,9863615971.225214,37466196654.15795,10,0.5130955798985923
purchase_freight,HOLDOUT_03_CONTIGUOUS,2017-04,10,9916568450.987637,37466196654.15795,10,0.5144710042899941
purchase_freight,HOLDOUT_03_CONTIGUOUS,2017-04,11,9855840715.46223,37466196654.15795,10,0.5128933094592608
purchase_freight,HOLDOUT_03_CONTIGUOUS,2017-04,12,10170003645.94736,37466196654.15795,10,0.5210036311542553
purchase_freight,HOLDOUT_03_CONTIGUOUS,2017-04,13,10368018840.309668,37466196654.15795,10,0.5260512836499698
purchase_freight,HOLDOUT_03_CONTIGUOUS,2017-04,14,10564010977.241344,37466196654.15795,10,0.5310001181840678
purchase_freight,HOLDOUT_03_CONTIGUOUS,2017-04,15,10837545964.354263,37466196654.15795,10,0.5378308033044337
purchase_freight,HOLDOUT_03_CONTIGUOUS,2017-04,16,11119725651.591724,37466196654.15795,10,0.5447876226380044
purchase_freight,HOLDOUT_03_CONTIGUOUS,2017-04,17,11465735875.232107,37466196654.15795,10,0.5531987147057369
purchase_freight,HOLDOUT_03_CONTIGUOUS,2017-04,18,11838007905.289307,37466196654.15795,10,0.562107666565335
purchase_freight,HOLDOUT_03_CONTIGUOUS,2017-04,19,11845086887.895515,37466196654.15795,10,0.5622757081705338
purchase_freight,HOLDOUT_03_CONTIGUOUS,2017-04,20,11873946092.096296,37466196654.15795,10,0.5629602518108427
purchase_freight,HOLDOUT_03_CONTIGUOUS,2017-04,21,12140874463.057228,37466196654.15795,10,0.5692528060599388
purchase_freight,HOLDOUT_03_CONTIGUOUS,2017-04,22,12528172852.583403,37466196654.15795,10,0.5782612147760499
purchase_freight,HOLDOUT_03_CONTIGUOUS,2017-04,23,12652262620.456615,37466196654.15795,10,0.5811179557920136
purchase_freight,HOLDOUT_03_CONTIGUOUS,2017-04,24,12712359619.454525,37466196654.15795,10,0.5824964472809725
purchase_freight,HOLDOUT_03_CONTIGUOUS,2017-04,25,12752746925.205095,37466196654.15795,10,0.5834210123215554
purchase_freight,HOLDOUT_03_CONTIGUOUS,2017-04,26,12852560931.340626,37466196654.15795,10,0.585699740426712
purchase_freight,HOLDOUT_03_CONTIGUOUS,2017-04,27,12921707226.025648,37466196654.15795,10,0.587273148340089
purchase_freight,HOLDOUT_03_CONTIGUOUS,2017-05,0,113428043705.4025,113428043705.4025,10,1.0
purchase_freight,HOLDOUT_03_CONTIGUOUS,2017-05,1,36552317175.304794,113428043705.4025,10,0.567671689364043
purchase_freight,HOLDOUT_03_CONTIGUOUS,2017-05,2,28378450496.28772,113428043705.4025,10,0.5001889790070757
purchase_freight,HOLDOUT_03_CONTIGUOUS,2017-05,3,26000488710.918114,113428043705.4025,10,0.4787739744094849
purchase_freight,HOLDOUT_03_CONTIGUOUS,2017-05,4,22886266262.597588,113428043705.4025,10,0.4491870759504454
purchase_freight,HOLDOUT_03_CONTIGUOUS,2017-05,5,20410397112.437477,113428043705.4025,10,0.4241949621000992
purchase_freight,HOLDOUT_03_CONTIGUOUS,2017-05,6,20828408216.487576,113428043705.4025,10,0.4285167668252107
purchase_freight,HOLDOUT_03_CONTIGUOUS,2017-05,7,21425678893.584236,113428043705.4025,10,0.434617365566447
purchase_freight,HOLDOUT_03_CONTIGUOUS,2017-05,8,21366411203.92626,113428043705.4025,10,0.4340158302447595
purchase_freight,HOLDOUT_03_CONTIGUOUS,2017-05,9,21509708355.499573,113428043705.4025,10,0.43546879543146266
purchase_freight,HOLDOUT_03_CONTIGUOUS,2017-05,10,21632811140.66849,113428043705.4025,10,0.4367131391220577
purchase_freight,HOLDOUT_03_CONTIGUOUS,2017-05,11,21890620530.350727,113428043705.4025,10,0.43930769991742824
purchase_freight,HOLDOUT_03_CONTIGUOUS,2017-05,12,21740034620.341522,113428043705.4025,10,0.4377940902304029
purchase_freight,HOLDOUT_03_CONTIGUOUS,2017-05,13,21751980298.03157,113428043705.4025,10,0.43791435289274366
purchase_freight,HOLDOUT_03_CONTIGUOUS,2017-05,14,21620527178.953247,113428043705.4025,10,0.4365891300597109
purchase_freight,HOLDOUT_03_CONTIGUOUS,2017-05,15,21622994881.946106,113428043705.4025,10,0.43661404484448263
purchase_freight,HOLDOUT_03_CONTIGUOUS,2017-05,16,21717093541.83458,113428043705.4025,10,0.4375630390901906
purchase_freight,HOLDOUT_03_CONTIGUOUS,2017-05,17,22113541102.24959,113428043705.4025,10,0.44153885340333815
purchase_freight,HOLDOUT_03_CONTIGUOUS,2017-05,18,22244634643.618534,113428043705.4025,10,0.4428456852590976
purchase_freight,HOLDOUT_03_CONTIGUOUS,2017-05,19,22251745985.81777,113428043705.4025,10,0.4429164658227591
purchase_freight,HOLDOUT_03_CONTIGUOUS,2017-05,20,22043541918.007366,113428043705.4025,10,0.44083946615738173
purchase_freight,HOLDOUT_03_CONTIGUOUS,2017-05,21,21891666452.713223,113428043705.4025,10,0.4393181947377648
purchase_freight,HOLDOUT_03_CONTIGUOUS,2017-05,22,21817595029.208305,113428043705.4025,10,0.4385743386976799
purchase_freight,HOLDOUT_03_CONTIGUOUS,2017-05,23,21727426883.18771,113428043705.4025,10,0.437667126465338
purchase_freight,HOLDOUT_03_CONTIGUOUS,2017-05,24,21678088689.566048,113428043705.4025,10,0.4371699212942637
purchase_freight,HOLDOUT_03_CONTIGUOUS,2017-05,25,21743514365.802094,113428043705.4025,10,0.4378291258471733
purchase_freight,HOLDOUT_03_CONTIGUOUS,2017-05,26,21699504718.043194,113428043705.4025,10,0.4373858105371626
purchase_freight,HOLDOUT_03_CONTIGUOUS,2017-05,27,21647814624.92969,113428043705.4025,10,0.436864554557255
purchase_freight,HOLDOUT_03_CONTIGUOUS,2017-06,0,108691681604.06735,108691681604.06735,10,1.0
purchase_freight,HOLDOUT_03_CONTIGUOUS,2017-06,1,39272089329.46061,108691681604.06735,10,0.6010960159959542
purchase_freight,HOLDOUT_03_CONTIGUOUS,2017-06,2,37390015328.64555,108691681604.06735,10,0.5865157347495605
purchase_freight,HOLDOUT_03_CONTIGUOUS,2017-06,3,31340298631.57101,108691681604.06735,10,0.5369741896022818
purchase_freight,HOLDOUT_03_CONTIGUOUS,2017-06,4,25800611075.93055,108691681604.06735,10,0.4872107275108918
purchase_freight,HOLDOUT_03_CONTIGUOUS,2017-06,5,26079914592.92074,108691681604.06735,10,0.48984076925741254
purchase_freight,HOLDOUT_03_CONTIGUOUS,2017-06,6,26054443770.47508,108691681604.06735,10,0.4896015105163854
purchase_freight,HOLDOUT_03_CONTIGUOUS,2017-06,7,26395310578.4642,108691681604.06735,10,0.49279379895894493
purchase_freight,HOLDOUT_03_CONTIGUOUS,2017-06,8,26360332296.317734,108691681604.06735,10,0.49246717285631814
purchase_freight,HOLDOUT_03_CONTIGUOUS,2017-06,9,26509242416.614735,108691681604.06735,10,0.4938561931308903
purchase_freight,HOLDOUT_03_CONTIGUOUS,2017-06,10,26661717733.854237,108691681604.06735,10,0.495274432669851
purchase_freight,HOLDOUT_03_CONTIGUOUS,2017-06,11,26783069021.610966,108691681604.06735,10,0.4964002782913243
purchase_freight,HOLDOUT_03_CONTIGUOUS,2017-06,12,26792522006.1337,108691681604.06735,10,0.49648787187834187
purchase_freight,HOLDOUT_03_CONTIGUOUS,2017-06,13,26822749064.494095,108691681604.06735,10,0.49676785928434397
purchase_freight,HOLDOUT_03_CONTIGUOUS,2017-06,14,27088221732.622314,108691681604.06735,10,0.49922013559664347
purchase_freight,HOLDOUT_03_CONTIGUOUS,2017-06,15,27752298546.432175,108691681604.06735,10,0.5053023586487464
purchase_freight,HOLDOUT_03_CONTIGUOUS,2017-06,16,28520947311.902905,108691681604.06735,10,0.5122521845993436
purchase_freight,HOLDOUT_03_CONTIGUOUS,2017-06,17,28863794742.5773,108691681604.06735,10,0.5153218530332452
purchase_freight,HOLDOUT_03_CONTIGUOUS,2017-06,18,29567369528.627487,108691681604.06735,10,0.521564700400261
purchase_freight,HOLDOUT_03_CONTIGUOUS,2017-06,19,29770198277.959618,108691681604.06735,10,0.5233505797879859
purchase_freight,HOLDOUT_03_CONTIGUOUS,2017-06,20,30059822128.039883,108691681604.06735,10,0.5258901654550331
purchase_freight,HOLDOUT_03_CONTIGUOUS,2017-06,21,30556680603.520195,108691681604.06735,10,0.5302185691595377
purchase_freight,HOLDOUT_03_CONTIGUOUS,2017-06,22,30751900776.164818,108691681604.06735,10,0.5319095997251498
purchase_freight,HOLDOUT_03_CONTIGUOUS,2017-06,23,30774033370.19575,108691681604.06735,10,0.5321009768673657
purchase_freight,HOLDOUT_03_CONTIGUOUS,2017-06,24,30595360618.703754,108691681604.06735,10,0.5305540502351352
purchase_freight,HOLDOUT_03_CONTIGUOUS,2017-06,25,30423572199.10949,108691681604.06735,10,0.5290624623102288
purchase_freight,HOLDOUT_03_CONTIGUOUS,2017-06,26,30519516844.336395,108691681604.06735,10,0.5298960388671081
purchase_freight,HOLDOUT_03_CONTIGUOUS,2017-06,27,30761269692.31256,108691681604.06735,10,0.5319906197077595
purchase_freight,HOLDOUT_03_CONTIGUOUS,2017-07,0,106941892469.3562,106941892469.3562,10,1.0
purchase_freight,HOLDOUT_03_CONTIGUOUS,2017-07,1,53465422239.99027,106941892469.3562,10,0.7070702552293197
purchase_freight,HOLDOUT_03_CONTIGUOUS,2017-07,2,53212589329.598335,106941892469.3562,10,0.7053964399714969
purchase_freight,HOLDOUT_03_CONTIGUOUS,2017-07,3,48257983357.75226,106941892469.3562,10,0.671754604642479
purchase_freight,HOLDOUT_03_CONTIGUOUS,2017-07,4,41317768757.37497,106941892469.3562,10,0.621576372699117
purchase_freight,HOLDOUT_03_CONTIGUOUS,2017-07,5,39893748234.01285,106941892469.3562,10,0.610771113237155
purchase_freight,HOLDOUT_03_CONTIGUOUS,2017-07,6,39989596568.32103,106941892469.3562,10,0.6115043894504448
purchase_freight,HOLDOUT_03_CONTIGUOUS,2017-07,7,40019787396.31825,106941892469.3562,10,0.6117351787334455
purchase_freight,HOLDOUT_03_CONTIGUOUS,2017-07,8,40164657341.56738,106941892469.3562,10,0.6128414063077531
purchase_freight,HOLDOUT_03_CONTIGUOUS,2017-07,9,39713284871.55534,106941892469.3562,10,0.6093881052941854
purchase_freight,HOLDOUT_03_CONTIGUOUS,2017-07,10,39404180666.36608,106941892469.3562,10,0.6070119182241114
purchase_freight,HOLDOUT_03_CONTIGUOUS,2017-07,11,38955662191.559395,106941892469.3562,10,0.6035473716288821
purchase_freight,HOLDOUT_03_CONTIGUOUS,2017-07,12,39240989392.7227,106941892469.3562,10,0.6057536529607429
purchase_freight,HOLDOUT_03_CONTIGUOUS,2017-07,13,39391232709.97058,106941892469.3562,10,0.6069121799543108
purchase_freight,HOLDOUT_03_CONTIGUOUS,2017-07,14,39354486965.24467,106941892469.3562,10,0.6066290377187047
purchase_freight,HOLDOUT_03_CONTIGUOUS,2017-07,15,39284062859.826546,106941892469.3562,10,0.6060860191208385
purchase_freight,HOLDOUT_03_CONTIGUOUS,2017-07,16,39319680131.98619,106941892469.3562,10,0.6063607137208389
purchase_freight,HOLDOUT_03_CONTIGUOUS,2017-07,17,39412192138.05921,106941892469.3562,10,0.6070736224844159
purchase_freight,HOLDOUT_03_CONTIGUOUS,2017-07,18,39348577578.87921,106941892469.3562,10,0.6065834909434494
purchase_freight,HOLDOUT_03_CONTIGUOUS,2017-07,19,39459353729.60029,106941892469.3562,10,0.6074367334506006
purchase_freight,HOLDOUT_03_CONTIGUOUS,2017-07,20,39573931061.89075,106941892469.3562,10,0.6083179951055905
purchase_freight,HOLDOUT_03_CONTIGUOUS,2017-07,21,39631694396.06147,106941892469.3562,10,0.6087617931026388
purchase_freight,HOLDOUT_03_CONTIGUOUS,2017-07,22,39855445008.56291,106941892469.3562,10,0.610477832675299
purchase_freight,HOLDOUT_03_CONTIGUOUS,2017-07,23,40578785382.82953,106941892469.3562,10,0.6159927335548693
purchase_freight,HOLDOUT_03_CONTIGUOUS,2017-07,24,41471008796.23258,106941892469.3562,10,0.6227279624049757
purchase_freight,HOLDOUT_03_CONTIGUOUS,2017-07,25,42001895588.76132,106941892469.3562,10,0.6267011806778606
purchase_freight,HOLDOUT_03_CONTIGUOUS,2017-07,26,43097282753.262054,106941892469.3562,10,0.634820601085199
purchase_freight,HOLDOUT_03_CONTIGUOUS,2017-07,27,43956182282.17672,106941892469.3562,10,0.6411151655796355
purchase_freight,HOLDOUT_03_CONTIGUOUS,2017-08,0,167523711656.17563,167523711656.17563,10,1.0
purchase_freight,HOLDOUT_03_CONTIGUOUS,2017-08,1,49479299182.85119,167523711656.17563,10,0.5434675608793311
purchase_freight,HOLDOUT_03_CONTIGUOUS,2017-08,2,42802986220.420845,167523711656.17563,10,0.5054740809825764
purchase_freight,HOLDOUT_03_CONTIGUOUS,2017-08,3,39564295206.084274,167523711656.17563,10,0.48597460281944577
purchase_freight,HOLDOUT_03_CONTIGUOUS,2017-08,4,34685820163.18734,167523711656.17563,10,0.4550277056332935
purchase_freight,HOLDOUT_03_CONTIGUOUS,2017-08,5,35515278501.70762,167523711656.17563,10,0.4604362084584513
purchase_freight,HOLDOUT_03_CONTIGUOUS,2017-08,6,35686115054.98228,167523711656.17563,10,0.4615422812907489
purchase_freight,HOLDOUT_03_CONTIGUOUS,2017-08,7,36257307136.51659,167523711656.17563,10,0.46522134164870255
purchase_freight,HOLDOUT_03_CONTIGUOUS,2017-08,8,34803294115.48994,167523711656.17563,10,0.455797598341482
purchase_freight,HOLDOUT_03_CONTIGUOUS,2017-08,9,31962796902.615074,167523711656.17563,10,0.4368016238936908
purchase_freight,HOLDOUT_03_CONTIGUOUS,2017-08,10,31780772773.856274,167523711656.17563,10,0.43555608276669844
purchase_freight,HOLDOUT_03_CONTIGUOUS,2017-08,11,31281941626.244766,167523711656.17563,10,0.43212431817407326
purchase_freight,HOLDOUT_03_CONTIGUOUS,2017-08,12,31025267275.5523,167523711656.17563,10,0.43034783497890194
purchase_freight,HOLDOUT_03_CONTIGUOUS,2017-08,13,30973141524.412506,167523711656.17563,10,0.4299861679222353
purchase_freight,HOLDOUT_03_CONTIGUOUS,2017-08,14,31054675659.82396,167523711656.17563,10,0.43055174678957076
purchase_freight,HOLDOUT_03_CONTIGUOUS,2017-08,15,30989332762.145073,167523711656.17563,10,0.43009854106736434
purchase_freight,HOLDOUT_03_CONTIGUOUS,2017-08,16,30964848407.051785,167523711656.17563,10,0.4299285992626426
purchase_freight,HOLDOUT_03_CONTIGUOUS,2017-08,17,30895043305.37899,167523711656.17563,10,0.42944372457343344
purchase_freight,HOLDOUT_03_CONTIGUOUS,2017-08,18,31009941746.591362,167523711656.17563,10,0.4302415325444894
purchase_freight,HOLDOUT_03_CONTIGUOUS,2017-08,19,31118682504.753246,167523711656.17563,10,0.43099522386390915
purchase_freight,HOLDOUT_03_CONTIGUOUS,2017-08,20,31188617180.327183,167523711656.17563,10,0.4314792513527989
purchase_freight,HOLDOUT_03_CONTIGUOUS,2017-08,21,31139881740.456688,167523711656.17563,10,0.43114200407844827
purchase_freight,HOLDOUT_03_CONTIGUOUS,2017-08,22,31095654905.924793,167523711656.17563,10,0.4308357276857297
purchase_freight,HOLDOUT_03_CONTIGUOUS,2017-08,23,31046989369.866615,167523711656.17563,10,0.43049846092689276
purchase_freight,HOLDOUT_03_CONTIGUOUS,2017-08,24,30889982306.94973,167523711656.17563,10,0.42940854897892955
purchase_freight,HOLDOUT_03_CONTIGUOUS,2017-08,25,30764811479.828636,167523711656.17563,10,0.42853765200836474
purchase_freight,HOLDOUT_03_CONTIGUOUS,2017-08,26,30849666003.442066,167523711656.17563,10,0.4291282345118663
purchase_freight,HOLDOUT_03_CONTIGUOUS,2017-08,27,30964870970.25444,167523711656.17563,10,0.4299287559009735
purchase_freight,HOLDOUT_03_CONTIGUOUS,2017-09,0,178131251829.37427,178131251829.37427,10,1.0
purchase_freight,HOLDOUT_03_CONTIGUOUS,2017-09,1,66799603875.79754,178131251829.37427,10,0.6123741978420372
purchase_freight,HOLDOUT_03_CONTIGUOUS,2017-09,2,54976580844.82061,178131251829.37427,10,0.5555444370943257
purchase_freight,HOLDOUT_03_CONTIGUOUS,2017-09,3,43065085762.71477,178131251829.37427,10,0.4916913841251885
purchase_freight,HOLDOUT_03_CONTIGUOUS,2017-09,4,43548849377.735725,178131251829.37427,10,0.49444533349374997
purchase_freight,HOLDOUT_03_CONTIGUOUS,2017-09,5,43956036748.6527,178131251829.37427,10,0.4967515191435439
purchase_freight,HOLDOUT_03_CONTIGUOUS,2017-09,6,44025088689.03625,178131251829.37427,10,0.49714154743090755
purchase_freight,HOLDOUT_03_CONTIGUOUS,2017-09,7,44103063074.08295,178131251829.37427,10,0.49758160511814986
purchase_freight,HOLDOUT_03_CONTIGUOUS,2017-09,8,45936591266.384995,178131251829.37427,10,0.5078194404408721
purchase_freight,HOLDOUT_03_CONTIGUOUS,2017-09,9,49677893388.98611,178131251829.37427,10,0.5280943555032517
purchase_freight,HOLDOUT_03_CONTIGUOUS,2017-09,10,48739407781.55551,178131251829.37427,10,0.5230823473402019
purchase_freight,HOLDOUT_03_CONTIGUOUS,2017-09,11,43445965053.94444,178131251829.37427,10,0.49386092362299644
purchase_freight,HOLDOUT_03_CONTIGUOUS,2017-09,12,42580314245.61887,178131251829.37427,10,0.4889161364008345
purchase_freight,HOLDOUT_03_CONTIGUOUS,2017-09,13,42581986296.74988,178131251829.37427,10,0.48892573572822456
purchase_freight,HOLDOUT_03_CONTIGUOUS,2017-09,14,42927851687.40048,178131251829.37427,10,0.49090733071399145
purchase_freight,HOLDOUT_03_CONTIGUOUS,2017-09,15,43160665546.52312,178131251829.37427,10,0.4922367181046252
purchase_freight,HOLDOUT_03_CONTIGUOUS,2017-09,16,43585436891.5601,178131251829.37427,10,0.49465299371491545
purchase_freight,HOLDOUT_03_CONTIGUOUS,2017-09,17,44140500081.6496,178131251829.37427,10,0.49779274708419907
purchase_freight,HOLDOUT_03_CONTIGUOUS,2017-09,18,44353525799.54747,178131251829.37427,10,0.498992495866519
purchase_freight,HOLDOUT_03_CONTIGUOUS,2017-09,19,44366753756.88892,178131251829.37427,10,0.49906689986552777
purchase_freight,HOLDOUT_03_CONTIGUOUS,2017-09,20,44439785210.17166,178131251829.37427,10,0.4994774842702266
purchase_freight,HOLDOUT_03_CONTIGUOUS,2017-09,21,44644868354.88566,178131251829.37427,10,0.5006286656343186
purchase_freight,HOLDOUT_03_CONTIGUOUS,2017-09,22,44561745951.5702,178131251829.37427,10,0.5001623987706244
purchase_freight,HOLDOUT_03_CONTIGUOUS,2017-09,23,44435951748.25828,178131251829.37427,10,0.4994559408581995
purchase_freight,HOLDOUT_03_CONTIGUOUS,2017-09,24,44334774701.22193,178131251829.37427,10,0.49888700654735146
purchase_freight,HOLDOUT_03_CONTIGUOUS,2017-09,25,43750367830.89494,178131251829.37427,10,0.49558801415543846
purchase_freight,HOLDOUT_03_CONTIGUOUS,2017-09,26,43744871972.93831,178131251829.37427,10,0.4955568856528972
purchase_freight,HOLDOUT_03_CONTIGUOUS,2017-09,27,43646838953.79285,178131251829.37427,10,0.4950012984070253
purchase_freight,HOLDOUT_03_CONTIGUOUS,2017-10,0,194423624463.40485,194423624463.40485,10,1.0
purchase_freight,HOLDOUT_03_CONTIGUOUS,2017-10,1,72164977207.65509,194423624463.40485,10,0.6092404382850692
purchase_freight,HOLDOUT_03_CONTIGUOUS,2017-10,2,53990035153.74091,194423624463.40485,10,0.5269656266414541
purchase_freight,HOLDOUT_03_CONTIGUOUS,2017-10,3,36486938669.51785,194423624463.40485,10,0.4332057334239851
purchase_freight,HOLDOUT_03_CONTIGUOUS,2017-10,4,35403727061.4408,194423624463.40485,10,0.42672685451299086
purchase_freight,HOLDOUT_03_CONTIGUOUS,2017-10,5,35227807079.12036,194423624463.40485,10,0.4256653381955782
purchase_freight,HOLDOUT_03_CONTIGUOUS,2017-10,6,35059596343.44674,194423624463.40485,10,0.42464785848939435
purchase_freight,HOLDOUT_03_CONTIGUOUS,2017-10,7,34119646541.373093,194423624463.40485,10,0.4189167679994482
purchase_freight,HOLDOUT_03_CONTIGUOUS,2017-10,8,33255674133.644604,194423624463.40485,10,0.4135788873123547
purchase_freight,HOLDOUT_03_CONTIGUOUS,2017-10,9,32065700877.757797,194423624463.40485,10,0.406112026689931
purchase_freight,HOLDOUT_03_CONTIGUOUS,2017-10,10,32385511478.365185,194423624463.40485,10,0.40813220233397696
purchase_freight,HOLDOUT_03_CONTIGUOUS,2017-10,11,32033031448.355896,194423624463.40485,10,0.4059050948459987
purchase_freight,HOLDOUT_03_CONTIGUOUS,2017-10,12,32265695579.34463,194423624463.40485,10,0.4073765242918634
purchase_freight,HOLDOUT_03_CONTIGUOUS,2017-10,13,32413277461.436863,194423624463.40485,10,0.4083071225900987
purchase_freight,HOLDOUT_03_CONTIGUOUS,2017-10,14,32420328864.4158,194423624463.40485,10,0.4083515331174548
purchase_freight,HOLDOUT_03_CONTIGUOUS,2017-10,15,32363998037.72219,194423624463.40485,10,0.4079966203071885
purchase_freight,HOLDOUT_03_CONTIGUOUS,2017-10,16,32392934220.49076,194423624463.40485,10,0.40817897149686816
purchase_freight,HOLDOUT_03_CONTIGUOUS,2017-10,17,32381674759.37384,194423624463.40485,10,0.4081080258599808
purchase_freight,HOLDOUT_03_CONTIGUOUS,2017-10,18,32290214934.66662,194423624463.40485,10,0.40753128173089614
purchase_freight,HOLDOUT_03_CONTIGUOUS,2017-10,19,32310456222.448578,194423624463.40485,10,0.40765899326285576
purchase_freight,HOLDOUT_03_CONTIGUOUS,2017-10,20,32217952916.210693,194423624463.40485,10,0.4070750207945278
purchase_freight,HOLDOUT_03_CONTIGUOUS,2017-10,21,32184786446.554565,194423624463.40485,10,0.4068654370597807
purchase_freight,HOLDOUT_03_CONTIGUOUS,2017-10,22,32170165312.474575,194423624463.40485,10,0.406773009696765
purchase_freight,HOLDOUT_03_CONTIGUOUS,2017-10,23,32101967860.496746,194423624463.40485,10,0.4063416224146999
purchase_freight,HOLDOUT_03_CONTIGUOUS,2017-10,24,31996228389.209675,194423624463.40485,10,0.4056718536920208
purchase_freight,HOLDOUT_03_CONTIGUOUS,2017-10,25,32065456620.732826,194423624463.40485,10,0.4061104799296602
purchase_freight,HOLDOUT_03_CONTIGUOUS,2017-10,26,32182547082.26654,194423624463.40485,10,0.40685128230097245
purchase_freight,HOLDOUT_03_CONTIGUOUS,2017-10,27,32247283734.09107,194423624463.40485,10,0.4072602766221593
purchase_freight,HOLDOUT_03_CONTIGUOUS,2017-11,0,1991785890360.7715,1991785890360.7715,10,1.0
purchase_freight,HOLDOUT_03_CONTIGUOUS,2017-11,1,1507056590211.1326,1991785890360.7715,10,0.8698481706475242
purchase_freight,HOLDOUT_03_CONTIGUOUS,2017-11,2,1642999320362.3652,1991785890360.7715,10,0.9082331850573556
purchase_freight,HOLDOUT_03_CONTIGUOUS,2017-11,3,1743878344913.1304,1991785890360.7715,10,0.935700295433395
purchase_freight,HOLDOUT_03_CONTIGUOUS,2017-11,4,1477643924757.401,1991785890360.7715,10,0.861318093650259
purchase_freight,HOLDOUT_03_CONTIGUOUS,2017-11,5,1435788179270.1323,1991785890360.7715,10,0.8490316126741153
purchase_freight,HOLDOUT_03_CONTIGUOUS,2017-11,6,1414745270686.7246,1991785890360.7715,10,0.8427869449819514
purchase_freight,HOLDOUT_03_CONTIGUOUS,2017-11,7,1381877473056.6956,1991785890360.7715,10,0.8329394711172715
purchase_freight,HOLDOUT_03_CONTIGUOUS,2017-11,8,1374571891412.8276,1991785890360.7715,10,0.8307347998260508
purchase_freight,HOLDOUT_03_CONTIGUOUS,2017-11,9,1388334637280.2378,1991785890360.7715,10,0.8348832608841801
purchase_freight,HOLDOUT_03_CONTIGUOUS,2017-11,10,1392994199425.1538,1991785890360.7715,10,0.8362831149653934
purchase_freight,HOLDOUT_03_CONTIGUOUS,2017-11,11,1447662509815.8098,1991785890360.7715,10,0.8525352364662764
purchase_freight,HOLDOUT_03_CONTIGUOUS,2017-11,12,1408407925100.4875,1991785890360.7715,10,0.8408971960095653
purchase_freight,HOLDOUT_03_CONTIGUOUS,2017-11,13,1412334113315.2253,1991785890360.7715,10,0.8420684557380509
purchase_freight,HOLDOUT_03_CONTIGUOUS,2017-11,14,1399133967072.9229,1991785890360.7715,10,0.8381240912760486
purchase_freight,HOLDOUT_03_CONTIGUOUS,2017-11,15,1387829419001.0562,1991785890360.7715,10,0.834731339058783
purchase_freight,HOLDOUT_03_CONTIGUOUS,2017-11,16,1387988972348.4011,1991785890360.7715,10,0.8347793205865416
purchase_freight,HOLDOUT_03_CONTIGUOUS,2017-11,17,1377549982371.6716,1991785890360.7715,10,0.8316342308572413
purchase_freight,HOLDOUT_03_CONTIGUOUS,2017-11,18,1377199379326.3457,1991785890360.7715,10,0.8315283936635753
purchase_freight,HOLDOUT_03_CONTIGUOUS,2017-11,19,1380693667615.609,1991785890360.7715,10,0.8325826198175923
purchase_freight,HOLDOUT_03_CONTIGUOUS,2017-11,20,1378112411723.8337,1991785890360.7715,10,0.8318039843236807
purchase_freight,HOLDOUT_03_CONTIGUOUS,2017-11,21,1380234816162.5933,1991785890360.7715,10,0.8324442605639685
purchase_freight,HOLDOUT_03_CONTIGUOUS,2017-11,22,1376988479124.6548,1991785890360.7715,10,0.8314647223379223
purchase_freight,HOLDOUT_03_CONTIGUOUS,2017-11,23,1374265482233.9495,1991785890360.7715,10,0.830642204103575
purchase_freight,HOLDOUT_03_CONTIGUOUS,2017-11,24,1374517913998.1655,1991785890360.7715,10,0.8307184887995914
purchase_freight,HOLDOUT_03_CONTIGUOUS,2017-11,25,1369776190054.3162,1991785890360.7715,10,0.8292843711568899
purchase_freight,HOLDOUT_03_CONTIGUOUS,2017-11,26,1366967320172.511,1991785890360.7715,10,0.8284336674866123
purchase_freight,HOLDOUT_03_CONTIGUOUS,2017-11,27,1367034504379.838,1991785890360.7715,10,0.828454025316166
purchase_freight,HOLDOUT_03_CONTIGUOUS,2017-12,0,3674368059565.438,3674368059565.438,10,1.0
purchase_freight,HOLDOUT_03_CONTIGUOUS,2017-12,1,2994355926552.111,3674368059565.438,10,0.9027352109217736
purchase_freight,HOLDOUT_03_CONTIGUOUS,2017-12,2,2620168184068.284,3674368059565.438,10,0.8444486695886135
purchase_freight,HOLDOUT_03_CONTIGUOUS,2017-12,3,2437102972471.4478,3674368059565.438,10,0.81441471333103
purchase_freight,HOLDOUT_03_CONTIGUOUS,2017-12,4,2440176926495.662,3674368059565.438,10,0.8149281681366229
purchase_freight,HOLDOUT_03_CONTIGUOUS,2017-12,5,2454904609001.7065,3674368059565.438,10,0.817383717183888
purchase_freight,HOLDOUT_03_CONTIGUOUS,2017-12,6,2471577602736.337,3674368059565.438,10,0.8201547356684893
purchase_freight,HOLDOUT_03_CONTIGUOUS,2017-12,7,3416568419933.113,3674368059565.438,10,0.9642812729913803
purchase_freight,HOLDOUT_03_CONTIGUOUS,2017-12,8,4403564960024.273,3674368059565.438,10,1.0947397183563456
purchase_freight,HOLDOUT_03_CONTIGUOUS,2017-12,9,4519924156459.011,3674368059565.438,10,1.1091090400913615
purchase_freight,HOLDOUT_03_CONTIGUOUS,2017-12,10,4638032946969.438,3674368059565.438,10,1.1235064915600619
purchase_freight,HOLDOUT_03_CONTIGUOUS,2017-12,11,4718223241541.808,3674368059565.438,10,1.1331774255245723
purchase_freight,HOLDOUT_03_CONTIGUOUS,2017-12,12,4558588753502.466,3674368059565.438,10,1.1138427407234848
purchase_freight,HOLDOUT_03_CONTIGUOUS,2017-12,13,5020084175943.736,3674368059565.438,10,1.1688645063751546
purchase_freight,HOLDOUT_03_CONTIGUOUS,2017-12,14,5114674118354.639,3674368059565.438,10,1.179825165358696
purchase_freight,HOLDOUT_03_CONTIGUOUS,2017-12,15,5073353884417.514,3674368059565.438,10,1.1750497376701257
purchase_freight,HOLDOUT_03_CONTIGUOUS,2017-12,16,5129781463288.189,3674368059565.438,10,1.181566320601768
purchase_freight,HOLDOUT_03_CONTIGUOUS,2017-12,17,5160562490497.265,3674368059565.438,10,1.185105986912995
purchase_freight,HOLDOUT_03_CONTIGUOUS,2017-12,18,5091035195869.033,3674368059565.438,10,1.1770955588552723
purchase_freight,HOLDOUT_03_CONTIGUOUS,2017-12,19,5081038801483.283,3674368059565.438,10,1.175939360485972
purchase_freight,HOLDOUT_03_CONTIGUOUS,2017-12,20,5085617654659.784,3674368059565.438,10,1.1764690987307231
purchase_freight,HOLDOUT_03_CONTIGUOUS,2017-12,21,5100900136349.016,3674368059565.438,10,1.1782354407720352
purchase_freight,HOLDOUT_03_CONTIGUOUS,2017-12,22,5089334906047.117,3674368059565.438,10,1.1768989808848935
purchase_freight,HOLDOUT_03_CONTIGUOUS,2017-12,23,5131582961073.977,3674368059565.438,10,1.1817737760534957
purchase_freight,HOLDOUT_03_CONTIGUOUS,2017-12,24,5128696640976.244,3674368059565.438,10,1.1814413779223683
purchase_freight,HOLDOUT_03_CONTIGUOUS,2017-12,25,5098176573812.363,3674368059565.438,10,1.1779208466527982
purchase_freight,HOLDOUT_03_CONTIGUOUS,2017-12,26,5083785129643.689,3674368059565.438,10,1.1762571182548243
purchase_freight,HOLDOUT_03_CONTIGUOUS,2017-12,27,5073959005177.249,3674368059565.438,10,1.1751198122011992
purchase_freight,HOLDOUT_03_CONTIGUOUS,2018-01,0,647715862221.674,647715862221.674,10,1.0
purchase_freight,HOLDOUT_03_CONTIGUOUS,2018-01,1,452366766383.7738,647715862221.674,10,0.8357051516211674
purchase_freight,HOLDOUT_03_CONTIGUOUS,2018-01,2,383749431148.7273,647715862221.674,10,0.7697179347851767
purchase_freight,HOLDOUT_03_CONTIGUOUS,2018-01,3,330842837136.3198,647715862221.674,10,0.714691475069686
purchase_freight,HOLDOUT_03_CONTIGUOUS,2018-01,4,315660936567.3657,647715862221.674,10,0.6981008293526898
purchase_freight,HOLDOUT_03_CONTIGUOUS,2018-01,5,297190856828.2851,647715862221.674,10,0.6773692159956881
purchase_freight,HOLDOUT_03_CONTIGUOUS,2018-01,6,302465401774.6814,647715862221.674,10,0.6833537556368637
purchase_freight,HOLDOUT_03_CONTIGUOUS,2018-01,7,305008556171.0948,647715862221.674,10,0.686220589872113
purchase_freight,HOLDOUT_03_CONTIGUOUS,2018-01,8,307579142057.5724,647715862221.674,10,0.6891062267187452
purchase_freight,HOLDOUT_03_CONTIGUOUS,2018-01,9,308792150288.9661,647715862221.674,10,0.6904637131347156
purchase_freight,HOLDOUT_03_CONTIGUOUS,2018-01,10,312369451989.6341,647715862221.674,10,0.6944516456871993
purchase_freight,HOLDOUT_03_CONTIGUOUS,2018-01,11,307827385173.204,647715862221.674,10,0.6893842549576559
purchase_freight,HOLDOUT_03_CONTIGUOUS,2018-01,12,300268762329.6324,647715862221.674,10,0.6808678231471469
purchase_freight,HOLDOUT_03_CONTIGUOUS,2018-01,13,283368112616.3099,647715862221.674,10,0.6614289847037376
purchase_freight,HOLDOUT_03_CONTIGUOUS,2018-01,14,277356720625.30536,647715862221.674,10,0.6543755747135721
purchase_freight,HOLDOUT_03_CONTIGUOUS,2018-01,15,270694239093.0771,647715862221.674,10,0.6464683094928804
purchase_freight,HOLDOUT_03_CONTIGUOUS,2018-01,16,260229122139.19904,647715862221.674,10,0.633848813807878
purchase_freight,HOLDOUT_03_CONTIGUOUS,2018-01,17,252464460539.82953,647715862221.674,10,0.6243208789190905
purchase_freight,HOLDOUT_03_CONTIGUOUS,2018-01,18,248897085098.19785,647715862221.674,10,0.619894294080198
purchase_freight,HOLDOUT_03_CONTIGUOUS,2018-01,19,244633522862.85535,647715862221.674,10,0.6145620214254223
purchase_freight,HOLDOUT_03_CONTIGUOUS,2018-01,20,241634321534.162,647715862221.674,10,0.6107831453936091
purchase_freight,HOLDOUT_03_CONTIGUOUS,2018-01,21,241299913082.34375,647715862221.674,10,0.6103603541243205
purchase_freight,HOLDOUT_03_CONTIGUOUS,2018-01,22,240831031850.54138,647715862221.674,10,0.6097670557847332
purchase_freight,HOLDOUT_03_CONTIGUOUS,2018-01,23,240174456261.00153,647715862221.674,10,0.6089352871232798
purchase_freight,HOLDOUT_03_CONTIGUOUS,2018-01,24,240136157902.89166,647715862221.674,10,0.6088867346005988
purchase_freight,HOLDOUT_03_CONTIGUOUS,2018-01,25,238990465917.72882,647715862221.674,10,0.6074324956622458
purchase_freight,HOLDOUT_03_CONTIGUOUS,2018-01,26,239622438067.39954,647715862221.674,10,0.6082350945775331
purchase_freight,HOLDOUT_03_CONTIGUOUS,2018-01,27,239844396785.0722,647715862221.674,10,0.6085167289569264
purchase_freight,HOLDOUT_03_CONTIGUOUS,2018-02,0,783166030125.1906,783166030125.1906,10,1.0
purchase_freight,HOLDOUT_03_CONTIGUOUS,2018-02,1,291526628149.5998,783166030125.1906,10,0.610115690413118
purchase_freight,HOLDOUT_03_CONTIGUOUS,2018-02,2,236183272259.42072,783166030125.1906,10,0.5491584200211642
purchase_freight,HOLDOUT_03_CONTIGUOUS,2018-02,3,219719194539.37958,783166030125.1906,10,0.5296720766431915
purchase_freight,HOLDOUT_03_CONTIGUOUS,2018-02,4,219536341654.90186,783166030125.1906,10,0.5294516311195551
purchase_freight,HOLDOUT_03_CONTIGUOUS,2018-02,5,221630650295.35535,783166030125.1906,10,0.531971039001319
purchase_freight,HOLDOUT_03_CONTIGUOUS,2018-02,6,231787181511.07095,783166030125.1906,10,0.5440236581914895
purchase_freight,HOLDOUT_03_CONTIGUOUS,2018-02,7,234104129785.93826,783166030125.1906,10,0.5467359315422446
purchase_freight,HOLDOUT_03_CONTIGUOUS,2018-02,8,226996203840.97223,783166030125.1906,10,0.5383718904342321
purchase_freight,HOLDOUT_03_CONTIGUOUS,2018-02,9,221471187352.56717,783166030125.1906,10,0.5317796283560795
purchase_freight,HOLDOUT_03_CONTIGUOUS,2018-02,10,216405313432.35223,783166030125.1906,10,0.5256625519491085
purchase_freight,HOLDOUT_03_CONTIGUOUS,2018-02,11,205154502590.7382,783166030125.1906,10,0.5118157022297556
purchase_freight,HOLDOUT_03_CONTIGUOUS,2018-02,12,195272829134.0995,783166030125.1906,10,0.49933727671344097
purchase_freight,HOLDOUT_03_CONTIGUOUS,2018-02,13,187919946662.7838,783166030125.1906,10,0.4898459474408973
purchase_freight,HOLDOUT_03_CONTIGUOUS,2018-02,14,183159375257.95395,783166030125.1906,10,0.48360151856972877
purchase_freight,HOLDOUT_03_CONTIGUOUS,2018-02,15,178860094418.22986,783166030125.1906,10,0.4778920512766968
purchase_freight,HOLDOUT_03_CONTIGUOUS,2018-02,16,171004466527.61404,783166030125.1906,10,0.46727958356278954
purchase_freight,HOLDOUT_03_CONTIGUOUS,2018-02,17,166096454892.19507,783166030125.1906,10,0.46052505249296277
purchase_freight,HOLDOUT_03_CONTIGUOUS,2018-02,18,164910776412.81818,783166030125.1906,10,0.45887838097243544
purchase_freight,HOLDOUT_03_CONTIGUOUS,2018-02,19,160738076239.00104,783166030125.1906,10,0.4530357373252943
purchase_freight,HOLDOUT_03_CONTIGUOUS,2018-02,20,158729492312.74512,783166030125.1906,10,0.4501962703492571
purchase_freight,HOLDOUT_03_CONTIGUOUS,2018-02,21,157563569730.08868,783166030125.1906,10,0.44853979987061277
purchase_freight,HOLDOUT_03_CONTIGUOUS,2018-02,22,156428381261.4367,783166030125.1906,10,0.44692109563128185
purchase_freight,HOLDOUT_03_CONTIGUOUS,2018-02,23,155952746216.28073,783166030125.1906,10,0.4462411257765714
purchase_freight,HOLDOUT_03_CONTIGUOUS,2018-02,24,154190116163.68344,783166030125.1906,10,0.44371217655126066
purchase_freight,HOLDOUT_03_CONTIGUOUS,2018-02,25,153017138502.93542,783166030125.1906,10,0.4420212183196327
purchase_freight,HOLDOUT_03_CONTIGUOUS,2018-02,26,152037018504.86295,783166030125.1906,10,0.4406033058611061
purchase_freight,HOLDOUT_03_CONTIGUOUS,2018-02,27,151629271144.2584,783166030125.1906,10,0.44001208323498836
purchase_freight,HOLDOUT_03_CONTIGUOUS,2018-03,0,1087918519768.833,1087918519768.833,10,1.0
purchase_freight,HOLDOUT_03_CONTIGUOUS,2018-03,1,238862131990.0726,1087918519768.833,10,0.4685710655493258
purchase_freight,HOLDOUT_03_CONTIGUOUS,2018-03,2,232460524986.91995,1087918519768.833,10,0.46224947034188146
purchase_freight,HOLDOUT_03_CONTIGUOUS,2018-03,3,237902825542.95874,1087918519768.833,10,0.4676291927895486
purchase_freight,HOLDOUT_03_CONTIGUOUS,2018-03,4,241657970852.71786,1087918519768.833,10,0.4713053583043794
purchase_freight,HOLDOUT_03_CONTIGUOUS,2018-03,5,250371379707.4812,1087918519768.833,10,0.4797269936357283
purchase_freight,HOLDOUT_03_CONTIGUOUS,2018-03,6,244498333086.1134,1087918519768.833,10,0.47406704519873805
purchase_freight,HOLDOUT_03_CONTIGUOUS,2018-03,7,234202350653.64944,1087918519768.833,10,0.46397805491552
purchase_freight,HOLDOUT_03_CONTIGUOUS,2018-03,8,217632537574.21667,1087918519768.833,10,0.4472637781040674
purchase_freight,HOLDOUT_03_CONTIGUOUS,2018-03,9,209322790315.65662,1087918519768.833,10,0.4386418582753552
purchase_freight,HOLDOUT_03_CONTIGUOUS,2018-03,10,204782311230.6333,1087918519768.833,10,0.43385842485944137
purchase_freight,HOLDOUT_03_CONTIGUOUS,2018-03,11,193267982688.24414,1087918519768.833,10,0.42148465884669867
purchase_freight,HOLDOUT_03_CONTIGUOUS,2018-03,12,184608581435.9268,1087918519768.833,10,0.4119341125046715
purchase_freight,HOLDOUT_03_CONTIGUOUS,2018-03,13,179654762874.63022,1087918519768.833,10,0.4063695731412735
purchase_freight,HOLDOUT_03_CONTIGUOUS,2018-03,14,176439589308.11935,1087918519768.833,10,0.4027168805578009
purchase_freight,HOLDOUT_03_CONTIGUOUS,2018-03,15,173464900271.65167,1087918519768.833,10,0.3993076407072934
purchase_freight,HOLDOUT_03_CONTIGUOUS,2018-03,16,170761177091.4481,1087918519768.833,10,0.39618350056656837
purchase_freight,HOLDOUT_03_CONTIGUOUS,2018-03,17,171615818421.02075,1087918519768.833,10,0.3971736910732202
purchase_freight,HOLDOUT_03_CONTIGUOUS,2018-03,18,171689298966.67126,1087918519768.833,10,0.3972587106725135
purchase_freight,HOLDOUT_03_CONTIGUOUS,2018-03,19,168973984332.65567,1087918519768.833,10,0.3941048118095732
purchase_freight,HOLDOUT_03_CONTIGUOUS,2018-03,20,168293516673.36078,1087918519768.833,10,0.3933104702593756
purchase_freight,HOLDOUT_03_CONTIGUOUS,2018-03,21,168587816823.0608,1087918519768.833,10,0.39365421722083405
purchase_freight,HOLDOUT_03_CONTIGUOUS,2018-03,22,168980643102.56903,1087918519768.833,10,0.3941125769913582
purchase_freight,HOLDOUT_03_CONTIGUOUS,2018-03,23,170280746308.53418,1087918519768.833,10,0.39562578358673123
purchase_freight,HOLDOUT_03_CONTIGUOUS,2018-03,24,171170173801.0038,1087918519768.833,10,0.39665767403260427
purchase_freight,HOLDOUT_03_CONTIGUOUS,2018-03,25,171805848542.95972,1087918519768.833,10,0.39739352536311945
purchase_freight,HOLDOUT_03_CONTIGUOUS,2018-03,26,172605740661.8513,1087918519768.833,10,0.3983175416995329
purchase_freight,HOLDOUT_03_CONTIGUOUS,2018-03,27,172996113224.71213,1087918519768.833,10,0.3987677133487625
purchase_freight,HOLDOUT_03_CONTIGUOUS,2018-04,0,893496272852.0038,893496272852.0038,10,1.0
purchase_freight,HOLDOUT_03_CONTIGUOUS,2018-04,1,339576916364.60504,893496272852.0038,10,0.6164852746666059
purchase_freight,HOLDOUT_03_CONTIGUOUS,2018-04,2,335141410514.73755,893496272852.0038,10,0.61244581869718
purchase_freight,HOLDOUT_03_CONTIGUOUS,2018-04,3,341419702281.8825,893496272852.0038,10,0.6181557552575219
purchase_freight,HOLDOUT_03_CONTIGUOUS,2018-04,4,352856198125.83514,893496272852.0038,10,0.6284236236338286
purchase_freight,HOLDOUT_03_CONTIGUOUS,2018-04,5,359049952325.62006,893496272852.0038,10,0.6339150521255501
purchase_freight,HOLDOUT_03_CONTIGUOUS,2018-04,6,317214308213.0908,893496272852.0038,10,0.5958404892091475
purchase_freight,HOLDOUT_03_CONTIGUOUS,2018-04,7,294805914943.7079,893496272852.0038,10,0.5744096453142306
purchase_freight,HOLDOUT_03_CONTIGUOUS,2018-04,8,274000915363.4852,893496272852.0038,10,0.5537702673944817
purchase_freight,HOLDOUT_03_CONTIGUOUS,2018-04,9,268147463417.09082,893496272852.0038,10,0.5478232674596197
purchase_freight,HOLDOUT_03_CONTIGUOUS,2018-04,10,255201161849.88254,893496272852.0038,10,0.5344350723517791
purchase_freight,HOLDOUT_03_CONTIGUOUS,2018-04,11,241543188085.84473,893496272852.0038,10,0.5199373597326322
purchase_freight,HOLDOUT_03_CONTIGUOUS,2018-04,12,232430036950.23563,893496272852.0038,10,0.510034733901186
purchase_freight,HOLDOUT_03_CONTIGUOUS,2018-04,13,222482279353.67773,893496272852.0038,10,0.4990009127599426
purchase_freight,HOLDOUT_03_CONTIGUOUS,2018-04,14,216950672883.24576,893496272852.0038,10,0.49275850407824406
purchase_freight,HOLDOUT_03_CONTIGUOUS,2018-04,15,211590464432.03943,893496272852.0038,10,0.48663313102727507
purchase_freight,HOLDOUT_03_CONTIGUOUS,2018-04,16,206978767416.4282,893496272852.0038,10,0.4813007357385142
purchase_freight,HOLDOUT_03_CONTIGUOUS,2018-04,17,203980216278.11398,893496272852.0038,10,0.4778016567994601
purchase_freight,HOLDOUT_03_CONTIGUOUS,2018-04,18,204565590185.8408,893496272852.0038,10,0.47848675325860957
purchase_freight,HOLDOUT_03_CONTIGUOUS,2018-04,19,201565280876.78888,893496272852.0038,10,0.47496487272131377
purchase_freight,HOLDOUT_03_CONTIGUOUS,2018-04,20,200731595462.40634,893496272852.0038,10,0.47398161416147744
purchase_freight,HOLDOUT_03_CONTIGUOUS,2018-04,21,200978896727.67584,893496272852.0038,10,0.47427349689237414
purchase_freight,HOLDOUT_03_CONTIGUOUS,2018-04,22,200834206458.82892,893496272852.0038,10,0.47410274484777243
purchase_freight,HOLDOUT_03_CONTIGUOUS,2018-04,23,201378631955.50037,893496272852.0038,10,0.4747449136761071
purchase_freight,HOLDOUT_03_CONTIGUOUS,2018-04,24,201065029108.45825,893496272852.0038,10,0.47437511435143653
purchase_freight,HOLDOUT_03_CONTIGUOUS,2018-04,25,201383201632.18335,893496272852.0038,10,0.47475030009281455
purchase_freight,HOLDOUT_03_CONTIGUOUS,2018-04,26,201202161365.16147,893496272852.0038,10,0.47453685566010223
purchase_freight,HOLDOUT_03_CONTIGUOUS,2018-04,27,202813115405.7893,893496272852.0038,10,0.47643279199436683
purchase_freight,HOLDOUT_03_CONTIGUOUS,2018-05,0,1026248821637.1643,1026248821637.1643,10,1.0
purchase_freight,HOLDOUT_03_CONTIGUOUS,2018-05,1,481261533840.9242,1026248821637.1643,10,0.6848007695453713
purchase_freight,HOLDOUT_03_CONTIGUOUS,2018-05,2,461162109307.94385,1026248821637.1643,10,0.6703482388578816
purchase_freight,HOLDOUT_03_CONTIGUOUS,2018-05,3,450541096145.3949,1026248821637.1643,10,0.6625838864214666
purchase_freight,HOLDOUT_03_CONTIGUOUS,2018-05,4,442774685000.0445,1026248821637.1643,10,0.6568482628013905
purchase_freight,HOLDOUT_03_CONTIGUOUS,2018-05,5,408846350158.00714,1026248821637.1643,10,0.631180723393356
purchase_freight,HOLDOUT_03_CONTIGUOUS,2018-05,6,333982886482.64417,1026248821637.1643,10,0.5704738889278268
purchase_freight,HOLDOUT_03_CONTIGUOUS,2018-05,7,307642883226.5379,1026248821637.1643,10,0.5475163601640425
purchase_freight,HOLDOUT_03_CONTIGUOUS,2018-05,8,299603410620.2324,1026248821637.1643,10,0.5403150203356816
purchase_freight,HOLDOUT_03_CONTIGUOUS,2018-05,9,292788516833.7059,1026248821637.1643,10,0.5341345663567938
purchase_freight,HOLDOUT_03_CONTIGUOUS,2018-05,10,281352012664.6286,1026248821637.1643,10,0.5235988420074983
purchase_freight,HOLDOUT_03_CONTIGUOUS,2018-05,11,273268849287.73828,1026248821637.1643,10,0.5160226067066319
purchase_freight,HOLDOUT_03_CONTIGUOUS,2018-05,12,266232433076.74014,1026248821637.1643,10,0.509335732068767
purchase_freight,HOLDOUT_03_CONTIGUOUS,2018-05,13,256959180189.0273,1026248821637.1643,10,0.5003866716646116
purchase_freight,HOLDOUT_03_CONTIGUOUS,2018-05,14,249051199592.77817,1026248821637.1643,10,0.49262674157337766
purchase_freight,HOLDOUT_03_CONTIGUOUS,2018-05,15,246560557765.27606,1026248821637.1643,10,0.49015728999705477
purchase_freight,HOLDOUT_03_CONTIGUOUS,2018-05,16,241764171082.34473,1026248821637.1643,10,0.4853663168839704
purchase_freight,HOLDOUT_03_CONTIGUOUS,2018-05,17,240738997224.3193,1026248821637.1643,10,0.4843361529292451
purchase_freight,HOLDOUT_03_CONTIGUOUS,2018-05,18,239157300317.82782,1026248821637.1643,10,0.48274244467589816
purchase_freight,HOLDOUT_03_CONTIGUOUS,2018-05,19,240873409327.61945,1026248821637.1643,10,0.4844713440644069
purchase_freight,HOLDOUT_03_CONTIGUOUS,2018-05,20,240784073934.95245,1026248821637.1643,10,0.48438149510267003
purchase_freight,HOLDOUT_03_CONTIGUOUS,2018-05,21,240849663337.05075,1026248821637.1643,10,0.48444746318950344
purchase_freight,HOLDOUT_03_CONTIGUOUS,2018-05,22,239605604085.27597,1026248821637.1643,10,0.48319468663744625
purchase_freight,HOLDOUT_03_CONTIGUOUS,2018-05,23,238680358382.2828,1026248821637.1643,10,0.48226084737588387
purchase_freight,HOLDOUT_03_CONTIGUOUS,2018-05,24,238127170582.28534,1026248821637.1643,10,0.4817016568807033
purchase_freight,HOLDOUT_03_CONTIGUOUS,2018-05,25,237476557868.254,1026248821637.1643,10,0.48104315246946505
purchase_freight,HOLDOUT_03_CONTIGUOUS,2018-05,26,236619204271.65378,1026248821637.1643,10,0.4801740203870455
purchase_freight,HOLDOUT_03_CONTIGUOUS,2018-05,27,236524236949.1698,1026248821637.1643,10,0.4800776515872569
purchase_freight,HOLDOUT_03_CONTIGUOUS,2018-06,0,552621982071.3872,552621982071.3872,10,1.0
purchase_freight,HOLDOUT_03_CONTIGUOUS,2018-06,1,544867020186.2936,552621982071.3872,10,0.9929586940716574
purchase_freight,HOLDOUT_03_CONTIGUOUS,2018-06,2,492709547341.02856,552621982071.3872,10,0.9442378620669417
purchase_freight,HOLDOUT_03_CONTIGUOUS,2018-06,3,418148896840.7495,552621982071.3872,10,0.8698640841007386
purchase_freight,HOLDOUT_03_CONTIGUOUS,2018-06,4,399286954914.68335,552621982071.3872,10,0.8500187051326901
purchase_freight,HOLDOUT_03_CONTIGUOUS,2018-06,5,349331115797.16876,552621982071.3872,10,0.7950685183924672
purchase_freight,HOLDOUT_03_CONTIGUOUS,2018-06,6,274371179890.39542,552621982071.3872,10,0.7046203265513545
purchase_freight,HOLDOUT_03_CONTIGUOUS,2018-06,7,250475939165.41583,552621982071.3872,10,0.673238476820251
purchase_freight,HOLDOUT_03_CONTIGUOUS,2018-06,8,246462875765.33435,552621982071.3872,10,0.6678234697821324
purchase_freight,HOLDOUT_03_CONTIGUOUS,2018-06,9,243358764058.86237,552621982071.3872,10,0.6636046452571991
purchase_freight,HOLDOUT_03_CONTIGUOUS,2018-06,10,239393030023.01743,552621982071.3872,10,0.658175440461202
purchase_freight,HOLDOUT_03_CONTIGUOUS,2018-06,11,236179688321.34375,552621982071.3872,10,0.653743214979607
purchase_freight,HOLDOUT_03_CONTIGUOUS,2018-06,12,233799920520.33093,552621982071.3872,10,0.6504412885512365
purchase_freight,HOLDOUT_03_CONTIGUOUS,2018-06,13,225873994147.052,552621982071.3872,10,0.6393210995269006
purchase_freight,HOLDOUT_03_CONTIGUOUS,2018-06,14,212686008020.6933,552621982071.3872,10,0.6203765622437232
purchase_freight,HOLDOUT_03_CONTIGUOUS,2018-06,15,208141265296.6499,552621982071.3872,10,0.6137125679000943
purchase_freight,HOLDOUT_03_CONTIGUOUS,2018-06,16,202698003588.37637,552621982071.3872,10,0.6056345707479759
purchase_freight,HOLDOUT_03_CONTIGUOUS,2018-06,17,198122334918.26306,552621982071.3872,10,0.5987598083494751
purchase_freight,HOLDOUT_03_CONTIGUOUS,2018-06,18,195630794733.35132,552621982071.3872,10,0.5949829648928915
purchase_freight,HOLDOUT_03_CONTIGUOUS,2018-06,19,195775214946.28522,552621982071.3872,10,0.5952025410437396
purchase_freight,HOLDOUT_03_CONTIGUOUS,2018-06,20,196416779739.94205,552621982071.3872,10,0.5961769970362347
purchase_freight,HOLDOUT_03_CONTIGUOUS,2018-06,21,195414023995.1863,552621982071.3872,10,0.5946532349940954
purchase_freight,HOLDOUT_03_CONTIGUOUS,2018-06,22,194991745886.56213,552621982071.3872,10,0.5940103823396861
purchase_freight,HOLDOUT_03_CONTIGUOUS,2018-06,23,194151036756.64584,552621982071.3872,10,0.5927284578296804
purchase_freight,HOLDOUT_03_CONTIGUOUS,2018-06,24,193319472864.46204,552621982071.3872,10,0.5914577448370815
purchase_freight,HOLDOUT_03_CONTIGUOUS,2018-06,25,193366371223.94647,552621982071.3872,10,0.5915294828659263
purchase_freight,HOLDOUT_03_CONTIGUOUS,2018-06,26,193698131681.21167,552621982071.3872,10,0.5920367116754335
purchase_freight,HOLDOUT_03_CONTIGUOUS,2018-06,27,193372853175.78336,552621982071.3872,10,0.5915393972927774
purchase_freight,HOLDOUT_03_CONTIGUOUS,2018-07,0,491878068708.90936,491878068708.90936,10,1.0
purchase_freight,HOLDOUT_03_CONTIGUOUS,2018-07,1,370102628887.82184,491878068708.90936,10,0.8674258401270444
purchase_freight,HOLDOUT_03_CONTIGUOUS,2018-07,2,359476479634.6725,491878068708.90936,10,0.8548826644082824
purchase_freight,HOLDOUT_03_CONTIGUOUS,2018-07,3,341030172711.46844,491878068708.90936,10,0.8326599438983937
purchase_freight,HOLDOUT_03_CONTIGUOUS,2018-07,4,311548272131.69836,491878068708.90936,10,0.7958549904720117
purchase_freight,HOLDOUT_03_CONTIGUOUS,2018-07,5,271994070969.41672,491878068708.90936,10,0.7436198753815566
purchase_freight,HOLDOUT_03_CONTIGUOUS,2018-07,6,204205008550.27933,491878068708.90936,10,0.6443242328443682
purchase_freight,HOLDOUT_03_CONTIGUOUS,2018-07,7,193425842119.14917,491878068708.90936,10,0.6270880410242715
purchase_freight,HOLDOUT_03_CONTIGUOUS,2018-07,8,188743095370.1519,491878068708.90936,10,0.6194507840786048
purchase_freight,HOLDOUT_03_CONTIGUOUS,2018-07,9,185054997531.94766,491878068708.90936,10,0.6133687975981787
purchase_freight,HOLDOUT_03_CONTIGUOUS,2018-07,10,177779774375.90558,491878068708.90936,10,0.6011909658202064
purchase_freight,HOLDOUT_03_CONTIGUOUS,2018-07,11,172120437688.65533,491878068708.90936,10,0.5915445960701922
purchase_freight,HOLDOUT_03_CONTIGUOUS,2018-07,12,167537148074.87717,491878068708.90936,10,0.5836155160712275
purchase_freight,HOLDOUT_03_CONTIGUOUS,2018-07,13,164810407201.3899,491878068708.90936,10,0.5788467331782584
purchase_freight,HOLDOUT_03_CONTIGUOUS,2018-07,14,155217430946.37158,491878068708.90936,10,0.561747975491531
purchase_freight,HOLDOUT_03_CONTIGUOUS,2018-07,15,153122152109.41986,491878068708.90936,10,0.5579435773091681
purchase_freight,HOLDOUT_03_CONTIGUOUS,2018-07,16,150343546766.22665,491878068708.90936,10,0.5528580863588618
purchase_freight,HOLDOUT_03_CONTIGUOUS,2018-07,17,147909013505.54434,491878068708.90936,10,0.5483635643462439
purchase_freight,HOLDOUT_03_CONTIGUOUS,2018-07,18,148303110840.82144,491878068708.90936,10,0.5490936241740226
purchase_freight,HOLDOUT_03_CONTIGUOUS,2018-07,19,150336874074.03525,491878068708.90936,10,0.5528458174825156
purchase_freight,HOLDOUT_03_CONTIGUOUS,2018-07,20,150711867501.9243,491878068708.90936,10,0.5535348847259651
purchase_freight,HOLDOUT_03_CONTIGUOUS,2018-07,21,150399859555.30603,491878068708.90936,10,0.55296161613026
purchase_freight,HOLDOUT_03_CONTIGUOUS,2018-07,22,150562383514.725,491878068708.90936,10,0.5532603040615747
purchase_freight,HOLDOUT_03_CONTIGUOUS,2018-07,23,151590567707.5171,491878068708.90936,10,0.5551461855768202
purchase_freight,HOLDOUT_03_CONTIGUOUS,2018-07,24,151953323830.58942,491878068708.90936,10,0.5558100208927156
purchase_freight,HOLDOUT_03_CONTIGUOUS,2018-07,25,152155906297.01147,491878068708.90936,10,0.5561803973302509
purchase_freight,HOLDOUT_03_CONTIGUOUS,2018-07,26,153118323353.462,491878068708.90936,10,0.5579366016915961
purchase_freight,HOLDOUT_03_CONTIGUOUS,2018-07,27,153954944589.7898,491878068708.90936,10,0.5594587765847557
purchase_freight,HOLDOUT_03_CONTIGUOUS,2018-08,0,1220206591781.9827,1220206591781.9827,10,1.0
purchase_freight,HOLDOUT_03_CONTIGUOUS,2018-08,1,481494915998.5278,1220206591781.9827,10,0.6281728608844833
purchase_freight,HOLDOUT_03_CONTIGUOUS,2018-08,2,419227762509.75977,1220206591781.9827,10,0.5861494127325144
purchase_freight,HOLDOUT_03_CONTIGUOUS,2018-08,3,420693031473.92755,1220206591781.9827,10,0.5871728628219327
purchase_freight,HOLDOUT_03_CONTIGUOUS,2018-08,4,382459028948.401,1220206591781.9827,10,0.5598552764161259
purchase_freight,HOLDOUT_03_CONTIGUOUS,2018-08,5,335846472490.48315,1220206591781.9827,10,0.524630713765998
purchase_freight,HOLDOUT_03_CONTIGUOUS,2018-08,6,261519708927.26187,1220206591781.9827,10,0.4629515352998851
purchase_freight,HOLDOUT_03_CONTIGUOUS,2018-08,7,241907467272.052,1220206591781.9827,10,0.44525412728597774
purchase_freight,HOLDOUT_03_CONTIGUOUS,2018-08,8,238185836811.74405,1220206591781.9827,10,0.44181584124378986
purchase_freight,HOLDOUT_03_CONTIGUOUS,2018-08,9,233843580891.8978,1220206591781.9827,10,0.43777004696376715
purchase_freight,HOLDOUT_03_CONTIGUOUS,2018-08,10,226971284739.7867,1220206591781.9827,10,0.43128939020984874
purchase_freight,HOLDOUT_03_CONTIGUOUS,2018-08,11,220100068896.7835,1220206591781.9827,10,0.4247108987839297
purchase_freight,HOLDOUT_03_CONTIGUOUS,2018-08,12,214424640702.70334,1220206591781.9827,10,0.4191994094055906
purchase_freight,HOLDOUT_03_CONTIGUOUS,2018-08,13,209155716130.26715,1220206591781.9827,10,0.4140170110301658
purchase_freight,HOLDOUT_03_CONTIGUOUS,2018-08,14,209482203745.89124,1220206591781.9827,10,0.4143400208920535
purchase_freight,HOLDOUT_03_CONTIGUOUS,2018-08,15,211201758818.4621,1220206591781.9827,10,0.4160371205166696
purchase_freight,HOLDOUT_03_CONTIGUOUS,2018-08,16,213498789620.9444,1220206591781.9827,10,0.4182934125756895
purchase_freight,HOLDOUT_03_CONTIGUOUS,2018-08,17,215839920222.04056,1220206591781.9827,10,0.4205805673310077
purchase_freight,HOLDOUT_03_CONTIGUOUS,2018-08,18,215327046469.62726,1220206591781.9827,10,0.4200805833054984
purchase_freight,HOLDOUT_03_CONTIGUOUS,2018-08,19,214593427152.09924,1220206591781.9827,10,0.4193643654042119
purchase_freight,HOLDOUT_03_CONTIGUOUS,2018-08,20,214353618915.1289,1220206591781.9827,10,0.419129979985041
purchase_freight,HOLDOUT_03_CONTIGUOUS,2018-08,21,214065286823.9017,1220206591781.9827,10,0.4188479943328433
purchase_freight,HOLDOUT_03_CONTIGUOUS,2018-08,22,214702757266.84024,1220206591781.9827,10,0.41947117975665305
purchase_freight,HOLDOUT_03_CONTIGUOUS,2018-08,23,214848948246.60315,1220206591781.9827,10,0.4196139642937539
purchase_freight,HOLDOUT_03_CONTIGUOUS,2018-08,24,214434869786.27795,1220206591781.9827,10,0.41920940819733526
purchase_freight,HOLDOUT_03_CONTIGUOUS,2018-08,25,213857388842.33777,1220206591781.9827,10,0.41864455451689564
purchase_freight,HOLDOUT_03_CONTIGUOUS,2018-08,26,213303405977.5872,1220206591781.9827,10,0.41810196793578547
purchase_freight,HOLDOUT_03_CONTIGUOUS,2018-08,27,212200281599.14716,1220206591781.9827,10,0.4170194340443858
purchase_freight,HOLDOUT_06_CONTIGUOUS,2017-04,0,37466196654.15796,37466196654.15796,5,1.0
purchase_freight,HOLDOUT_06_CONTIGUOUS,2017-04,1,16972301014.08454,37466196654.15796,5,0.6730550058262695
purchase_freight,HOLDOUT_06_CONTIGUOUS,2017-04,2,13399418553.813608,37466196654.15796,5,0.5980302777089151
purchase_freight,HOLDOUT_06_CONTIGUOUS,2017-04,3,12896146577.874523,37466196654.15796,5,0.5866920133236002
purchase_freight,HOLDOUT_06_CONTIGUOUS,2017-04,4,12199875537.438496,37466196654.15796,5,0.5706343301398923
purchase_freight,HOLDOUT_06_CONTIGUOUS,2017-04,5,10832881495.664745,37466196654.15796,5,0.5377150499344565
purchase_freight,HOLDOUT_06_CONTIGUOUS,2017-04,6,10908227903.17071,37466196654.15796,5,0.5395818059068007
purchase_freight,HOLDOUT_06_CONTIGUOUS,2017-04,7,11020517269.218012,37466196654.15796,5,0.5423519244918563
purchase_freight,HOLDOUT_06_CONTIGUOUS,2017-04,8,11045757761.540619,37466196654.15796,5,0.5429726485487202
purchase_freight,HOLDOUT_06_CONTIGUOUS,2017-04,9,11114484876.592028,37466196654.15796,5,0.5446592271214246
purchase_freight,HOLDOUT_06_CONTIGUOUS,2017-04,10,11301702571.253738,37466196654.15796,5,0.5492273208183028
purchase_freight,HOLDOUT_06_CONTIGUOUS,2017-04,11,11461140848.371637,37466196654.15796,5,0.5530878531913842
purchase_freight,HOLDOUT_06_CONTIGUOUS,2017-04,12,12197528839.008188,37466196654.15796,5,0.5705794455189537
purchase_freight,HOLDOUT_06_CONTIGUOUS,2017-04,13,12877583552.40923,37466196654.15796,5,0.5862696119243284
purchase_freight,HOLDOUT_06_CONTIGUOUS,2017-04,14,12914932303.413239,37466196654.15796,5,0.5871191728739581
purchase_freight,HOLDOUT_06_CONTIGUOUS,2017-04,15,13185060917.484886,37466196654.15796,5,0.5932274876110472
purchase_freight,HOLDOUT_06_CONTIGUOUS,2017-04,16,13390160221.391748,37466196654.15796,5,0.5978236374049075
purchase_freight,HOLDOUT_06_CONTIGUOUS,2017-04,17,13440873843.165161,37466196654.15796,5,0.5989546600853284
purchase_freight,HOLDOUT_06_CONTIGUOUS,2017-04,18,13547550786.619165,37466196654.15796,5,0.601326841191252
purchase_freight,HOLDOUT_06_CONTIGUOUS,2017-04,19,13755966478.966675,37466196654.15796,5,0.605934597242893
purchase_freight,HOLDOUT_06_CONTIGUOUS,2017-04,20,14073275778.47756,37466196654.15796,5,0.6128833100992596
purchase_freight,HOLDOUT_06_CONTIGUOUS,2017-04,21,14264607160.713408,37466196654.15796,5,0.6170354328173138
purchase_freight,HOLDOUT_06_CONTIGUOUS,2017-04,22,14381454195.505842,37466196654.15796,5,0.6195574691466641
purchase_freight,HOLDOUT_06_CONTIGUOUS,2017-04,23,14450190505.007807,37466196654.15796,5,0.6210362949123652
purchase_freight,HOLDOUT_06_CONTIGUOUS,2017-04,24,14512282027.838768,37466196654.15796,5,0.6223691408153603
purchase_freight,HOLDOUT_06_CONTIGUOUS,2017-05,0,113428043705.4025,113428043705.4025,5,1.0
purchase_freight,HOLDOUT_06_CONTIGUOUS,2017-05,1,38527710460.055305,113428043705.4025,5,0.5828091745733397
purchase_freight,HOLDOUT_06_CONTIGUOUS,2017-05,2,28350852356.653965,113428043705.4025,5,0.4999457021040741
purchase_freight,HOLDOUT_06_CONTIGUOUS,2017-05,3,25915258381.175503,113428043705.4025,5,0.4779886130275798
purchase_freight,HOLDOUT_06_CONTIGUOUS,2017-05,4,23331403095.932793,113428043705.4025,5,0.45353437312051187
purchase_freight,HOLDOUT_06_CONTIGUOUS,2017-05,5,24007960859.69593,113428043705.4025,5,0.46006311566774793
purchase_freight,HOLDOUT_06_CONTIGUOUS,2017-05,6,24450565313.00737,113428043705.4025,5,0.4642845495237572
purchase_freight,HOLDOUT_06_CONTIGUOUS,2017-05,7,24750295132.40274,113428043705.4025,5,0.4671216217941976
purchase_freight,HOLDOUT_06_CONTIGUOUS,2017-05,8,24779972000.89092,113428043705.4025,5,0.4674015892416528
purchase_freight,HOLDOUT_06_CONTIGUOUS,2017-05,9,24920325241.342674,113428043705.4025,5,0.46872339659970796
purchase_freight,HOLDOUT_06_CONTIGUOUS,2017-05,10,24836411374.849033,113428043705.4025,5,0.4679335682394586
purchase_freight,HOLDOUT_06_CONTIGUOUS,2017-05,11,25033274036.549896,113428043705.4025,5,0.4697844158628567
purchase_freight,HOLDOUT_06_CONTIGUOUS,2017-05,12,24754208809.354057,113428043705.4025,5,0.4671585524823038
purchase_freight,HOLDOUT_06_CONTIGUOUS,2017-05,13,24774050812.295456,113428043705.4025,5,0.4673457429657235
purchase_freight,HOLDOUT_06_CONTIGUOUS,2017-05,14,24801501703.33521,113428043705.4025,5,0.46760459254432213
purchase_freight,HOLDOUT_06_CONTIGUOUS,2017-05,15,25031487955.936844,113428043705.4025,5,0.46976765641294627
purchase_freight,HOLDOUT_06_CONTIGUOUS,2017-05,16,25181502784.21573,113428043705.4025,5,0.47117322295391617
purchase_freight,HOLDOUT_06_CONTIGUOUS,2017-05,17,25217527057.936924,113428043705.4025,5,0.4715101291161114
purchase_freight,HOLDOUT_06_CONTIGUOUS,2017-05,18,25125348552.374733,113428043705.4025,5,0.47064757646052663
purchase_freight,HOLDOUT_06_CONTIGUOUS,2017-05,19,25050707158.31215,113428043705.4025,5,0.4699479658556868
purchase_freight,HOLDOUT_06_CONTIGUOUS,2017-05,20,24911767469.879665,113428043705.4025,5,0.4686429086426497
purchase_freight,HOLDOUT_06_CONTIGUOUS,2017-05,21,24934349899.43255,113428043705.4025,5,0.46885527210069056
purchase_freight,HOLDOUT_06_CONTIGUOUS,2017-05,22,24965784733.116623,113428043705.4025,5,0.4691507228603802
purchase_freight,HOLDOUT_06_CONTIGUOUS,2017-05,23,24857205881.564327,113428043705.4025,5,0.46812941802843194
purchase_freight,HOLDOUT_06_CONTIGUOUS,2017-05,24,24839347878.443253,113428043705.4025,5,0.4679612302066148
purchase_freight,HOLDOUT_06_CONTIGUOUS,2017-06,0,108691681604.06737,108691681604.06737,5,1.0
purchase_freight,HOLDOUT_06_CONTIGUOUS,2017-06,1,39753623629.32504,108691681604.06737,5,0.6047699544782617
purchase_freight,HOLDOUT_06_CONTIGUOUS,2017-06,2,34187461867.380478,108691681604.06737,5,0.5608352155016839
purchase_freight,HOLDOUT_06_CONTIGUOUS,2017-06,3,30575720416.968277,108691681604.06737,5,0.5303837325599601
purchase_freight,HOLDOUT_06_CONTIGUOUS,2017-06,4,26561687008.079155,108691681604.06737,5,0.4943444622536544
purchase_freight,HOLDOUT_06_CONTIGUOUS,2017-06,5,26429466572.3457,108691681604.06737,5,0.4931125377794504
purchase_freight,HOLDOUT_06_CONTIGUOUS,2017-06,6,26253633401.659103,108691681604.06737,5,0.49146948089452225
purchase_freight,HOLDOUT_06_CONTIGUOUS,2017-06,7,26368753921.237377,108691681604.06737,5,0.4925458335228368
purchase_freight,HOLDOUT_06_CONTIGUOUS,2017-06,8,26518223949.236443,108691681604.06737,5,0.49393984715993516
purchase_freight,HOLDOUT_06_CONTIGUOUS,2017-06,9,26558153989.50705,108691681604.06737,5,0.4943115843297726
purchase_freight,HOLDOUT_06_CONTIGUOUS,2017-06,10,26647008230.12686,108691681604.06737,5,0.4951377901943676
purchase_freight,HOLDOUT_06_CONTIGUOUS,2017-06,11,26766527506.365913,108691681604.06737,5,0.4962469635052245
purchase_freight,HOLDOUT_06_CONTIGUOUS,2017-06,12,27066954507.54406,108691681604.06737,5,0.4990241258365113
purchase_freight,HOLDOUT_06_CONTIGUOUS,2017-06,13,27414070257.787746,108691681604.06737,5,0.5022137589993446
purchase_freight,HOLDOUT_06_CONTIGUOUS,2017-06,14,27620980228.681816,108691681604.06737,5,0.5041054463096495
purchase_freight,HOLDOUT_06_CONTIGUOUS,2017-06,15,28425665127.35646,108691681604.06737,5,0.511395808064958
purchase_freight,HOLDOUT_06_CONTIGUOUS,2017-06,16,28817564971.8873,108691681604.06737,5,0.5149090043748581
purchase_freight,HOLDOUT_06_CONTIGUOUS,2017-06,17,29332253570.952087,108691681604.06737,5,0.5194868534187574
purchase_freight,HOLDOUT_06_CONTIGUOUS,2017-06,18,29654212902.804985,108691681604.06737,5,0.522330091927013
purchase_freight,HOLDOUT_06_CONTIGUOUS,2017-06,19,29902335583.891407,108691681604.06737,5,0.5245107596492871
purchase_freight,HOLDOUT_06_CONTIGUOUS,2017-06,20,30112990048.68578,108691681604.06737,5,0.5263550406911751
purchase_freight,HOLDOUT_06_CONTIGUOUS,2017-06,21,30207416492.0457,108691681604.06737,5,0.5271796504749424
purchase_freight,HOLDOUT_06_CONTIGUOUS,2017-06,22,30185976778.471966,108691681604.06737,5,0.5269925343916336
purchase_freight,HOLDOUT_06_CONTIGUOUS,2017-06,23,30142380375.992207,108691681604.06737,5,0.5266118397356514
purchase_freight,HOLDOUT_06_CONTIGUOUS,2017-06,24,30294732690.056183,108691681604.06737,5,0.5279410215563108
purchase_freight,HOLDOUT_06_CONTIGUOUS,2017-07,0,106941892469.3562,106941892469.3562,5,1.0
purchase_freight,HOLDOUT_06_CONTIGUOUS,2017-07,1,53005017300.71974,106941892469.3562,5,0.7040192880529261
purchase_freight,HOLDOUT_06_CONTIGUOUS,2017-07,2,50187625878.22869,106941892469.3562,5,0.6850533482969426
purchase_freight,HOLDOUT_06_CONTIGUOUS,2017-07,3,45951629548.53256,106941892469.3562,5,0.6555057806598203
purchase_freight,HOLDOUT_06_CONTIGUOUS,2017-07,4,41586053254.1893,106941892469.3562,5,0.6235911170131779
purchase_freight,HOLDOUT_06_CONTIGUOUS,2017-07,5,39133874271.60776,106941892469.3562,5,0.6049263329003856
purchase_freight,HOLDOUT_06_CONTIGUOUS,2017-07,6,38927283410.31863,106941892469.3562,5,0.6033274926898432
purchase_freight,HOLDOUT_06_CONTIGUOUS,2017-07,7,38663411082.698364,106941892469.3562,5,0.6012791589162112
purchase_freight,HOLDOUT_06_CONTIGUOUS,2017-07,8,38594518508.978806,106941892469.3562,5,0.6007432240773367
purchase_freight,HOLDOUT_06_CONTIGUOUS,2017-07,9,38141348396.72797,106941892469.3562,5,0.5972058986147522
purchase_freight,HOLDOUT_06_CONTIGUOUS,2017-07,10,37899905680.7258,106941892469.3562,5,0.5953126785900004
purchase_freight,HOLDOUT_06_CONTIGUOUS,2017-07,11,38173777555.55053,106941892469.3562,5,0.5974597277384177
purchase_freight,HOLDOUT_06_CONTIGUOUS,2017-07,12,38379917495.221664,106941892469.3562,5,0.5990707091484344
purchase_freight,HOLDOUT_06_CONTIGUOUS,2017-07,13,38477750392.51347,106941892469.3562,5,0.5998337582257421
purchase_freight,HOLDOUT_06_CONTIGUOUS,2017-07,14,38357183554.17794,106941892469.3562,5,0.598893256245035
purchase_freight,HOLDOUT_06_CONTIGUOUS,2017-07,15,38311845963.631134,106941892469.3562,5,0.5985392103678002
purchase_freight,HOLDOUT_06_CONTIGUOUS,2017-07,16,38466798820.939766,106941892469.3562,5,0.599748389541731
purchase_freight,HOLDOUT_06_CONTIGUOUS,2017-07,17,38588356217.73982,106941892469.3562,5,0.6006952625709892
purchase_freight,HOLDOUT_06_CONTIGUOUS,2017-07,18,38636529953.28289,106941892469.3562,5,0.6010700998498558
purchase_freight,HOLDOUT_06_CONTIGUOUS,2017-07,19,38869905792.78511,106941892469.3562,5,0.6028826856447684
purchase_freight,HOLDOUT_06_CONTIGUOUS,2017-07,20,39734942292.08427,106941892469.3562,5,0.6095542458647965
purchase_freight,HOLDOUT_06_CONTIGUOUS,2017-07,21,40267109139.206085,106941892469.3562,5,0.6136225248318778
purchase_freight,HOLDOUT_06_CONTIGUOUS,2017-07,22,40674427126.32559,106941892469.3562,5,0.6167182351287067
purchase_freight,HOLDOUT_06_CONTIGUOUS,2017-07,23,41855234932.57137,106941892469.3562,5,0.6256060779501201
purchase_freight,HOLDOUT_06_CONTIGUOUS,2017-07,24,42557799540.05032,106941892469.3562,5,0.6308348094600918
purchase_freight,HOLDOUT_06_CONTIGUOUS,2017-08,0,167523711656.1756,167523711656.1756,5,1.0
purchase_freight,HOLDOUT_06_CONTIGUOUS,2017-08,1,47850678808.170135,167523711656.1756,5,0.5344485562170187
purchase_freight,HOLDOUT_06_CONTIGUOUS,2017-08,2,41443486735.94336,167523711656.1756,5,0.4973819262164568
purchase_freight,HOLDOUT_06_CONTIGUOUS,2017-08,3,35832836382.67699,167523711656.1756,5,0.46249010979757166
purchase_freight,HOLDOUT_06_CONTIGUOUS,2017-08,4,34642550797.170456,167523711656.1756,5,0.45474380137002846
purchase_freight,HOLDOUT_06_CONTIGUOUS,2017-08,5,35251474472.58408,167523711656.1756,5,0.45872298345910684
purchase_freight,HOLDOUT_06_CONTIGUOUS,2017-08,6,34991765726.13045,167523711656.1756,5,0.4570300811060503
purchase_freight,HOLDOUT_06_CONTIGUOUS,2017-08,7,35545914278.466736,167523711656.1756,5,0.4606347537163035
purchase_freight,HOLDOUT_06_CONTIGUOUS,2017-08,8,34241126650.44083,167523711656.1756,5,0.4521014289170508
purchase_freight,HOLDOUT_06_CONTIGUOUS,2017-08,9,32878222259.821785,167523711656.1756,5,0.4430125405559426
purchase_freight,HOLDOUT_06_CONTIGUOUS,2017-08,10,32629183589.150993,167523711656.1756,5,0.4413315346771353
purchase_freight,HOLDOUT_06_CONTIGUOUS,2017-08,11,32387319238.154217,167523711656.1756,5,0.4396928036798776
purchase_freight,HOLDOUT_06_CONTIGUOUS,2017-08,12,32303203296.238503,167523711656.1756,5,0.43912145012546594
purchase_freight,HOLDOUT_06_CONTIGUOUS,2017-08,13,32299821316.83421,167523711656.1756,5,0.43909846264401864
purchase_freight,HOLDOUT_06_CONTIGUOUS,2017-08,14,32245408453.604176,167523711656.1756,5,0.4387284501395992
purchase_freight,HOLDOUT_06_CONTIGUOUS,2017-08,15,32141234247.37411,167523711656.1756,5,0.43801918386341354
purchase_freight,HOLDOUT_06_CONTIGUOUS,2017-08,16,31988348633.328426,167523711656.1756,5,0.43697618320716597
purchase_freight,HOLDOUT_06_CONTIGUOUS,2017-08,17,32145532110.062935,167523711656.1756,5,0.4380484684167763
purchase_freight,HOLDOUT_06_CONTIGUOUS,2017-08,18,32226495316.425465,167523711656.1756,5,0.43859976595091876
purchase_freight,HOLDOUT_06_CONTIGUOUS,2017-08,19,32151437365.66472,167523711656.1756,5,0.4380887021477554
purchase_freight,HOLDOUT_06_CONTIGUOUS,2017-08,20,32128952330.193855,167523711656.1756,5,0.43793548718074826
purchase_freight,HOLDOUT_06_CONTIGUOUS,2017-08,21,32064073414.278233,167523711656.1756,5,0.43749309588296864
purchase_freight,HOLDOUT_06_CONTIGUOUS,2017-08,22,32042880909.8802,167523711656.1756,5,0.4373484931255562
purchase_freight,HOLDOUT_06_CONTIGUOUS,2017-08,23,32075752835.040604,167523711656.1756,5,0.4375727676181212
purchase_freight,HOLDOUT_06_CONTIGUOUS,2017-08,24,32185617584.609287,167523711656.1756,5,0.43832150651651525
purchase_freight,HOLDOUT_06_CONTIGUOUS,2017-09,0,178131251829.37427,178131251829.37427,5,1.0
purchase_freight,HOLDOUT_06_CONTIGUOUS,2017-09,1,65070250202.42928,178131251829.37427,5,0.6043954390326967
purchase_freight,HOLDOUT_06_CONTIGUOUS,2017-09,2,53997043964.82876,178131251829.37427,5,0.5505730289207341
purchase_freight,HOLDOUT_06_CONTIGUOUS,2017-09,3,43735735726.66215,178131251829.37427,5,0.49550513368782495
purchase_freight,HOLDOUT_06_CONTIGUOUS,2017-09,4,45664008535.3356,178131251829.37427,5,0.5063105260425123
purchase_freight,HOLDOUT_06_CONTIGUOUS,2017-09,5,46367489200.43108,178131251829.37427,5,0.510195624548969
purchase_freight,HOLDOUT_06_CONTIGUOUS,2017-09,6,46697077725.78338,178131251829.37427,5,0.5120056951972929
purchase_freight,HOLDOUT_06_CONTIGUOUS,2017-09,7,47304791455.73015,178131251829.37427,5,0.5153265356811596
purchase_freight,HOLDOUT_06_CONTIGUOUS,2017-09,8,50270846372.78407,178131251829.37427,5,0.5312366613277475
purchase_freight,HOLDOUT_06_CONTIGUOUS,2017-09,9,51689079674.06123,178131251829.37427,5,0.5386781250559608
purchase_freight,HOLDOUT_06_CONTIGUOUS,2017-09,10,50651416690.34239,178131251829.37427,5,0.5332437064507313
purchase_freight,HOLDOUT_06_CONTIGUOUS,2017-09,11,49656295432.23504,178131251829.37427,5,0.5279795458944525
purchase_freight,HOLDOUT_06_CONTIGUOUS,2017-09,12,48928283541.8878,178131251829.37427,5,0.5240948960156291
purchase_freight,HOLDOUT_06_CONTIGUOUS,2017-09,13,49124007784.15141,178131251829.37427,5,0.5251420990825283
purchase_freight,HOLDOUT_06_CONTIGUOUS,2017-09,14,49080698561.455986,178131251829.37427,5,0.5249105573965701
purchase_freight,HOLDOUT_06_CONTIGUOUS,2017-09,15,47801052393.48815,178131251829.37427,5,0.518022554445164
purchase_freight,HOLDOUT_06_CONTIGUOUS,2017-09,16,48047834998.328705,178131251829.37427,5,0.5193580311228825
purchase_freight,HOLDOUT_06_CONTIGUOUS,2017-09,17,48035547249.98125,178131251829.37427,5,0.5192916165918479
purchase_freight,HOLDOUT_06_CONTIGUOUS,2017-09,18,48102644948.07323,178131251829.37427,5,0.5196541721889777
purchase_freight,HOLDOUT_06_CONTIGUOUS,2017-09,19,48105052507.03636,178131251829.37427,5,0.5196671764885045
purchase_freight,HOLDOUT_06_CONTIGUOUS,2017-09,20,48110660115.51696,178131251829.37427,5,0.519697464420802
purchase_freight,HOLDOUT_06_CONTIGUOUS,2017-09,21,47966423462.80459,178131251829.37427,5,0.5189178483302871
purchase_freight,HOLDOUT_06_CONTIGUOUS,2017-09,22,47698354431.07948,178131251829.37427,5,0.5174657835881786
purchase_freight,HOLDOUT_06_CONTIGUOUS,2017-09,23,47799128362.76274,178131251829.37427,5,0.5180121289284556
purchase_freight,HOLDOUT_06_CONTIGUOUS,2017-09,24,47713281063.009476,178131251829.37427,5,0.5175467446316939
purchase_freight,HOLDOUT_06_CONTIGUOUS,2017-10,0,194423624463.40485,194423624463.40485,5,1.0
purchase_freight,HOLDOUT_06_CONTIGUOUS,2017-10,1,69777877930.31091,194423624463.40485,5,0.5990793657224539
purchase_freight,HOLDOUT_06_CONTIGUOUS,2017-10,2,53311681567.2334,194423624463.40485,5,0.5236446528770817
purchase_freight,HOLDOUT_06_CONTIGUOUS,2017-10,3,36233540656.07805,194423624463.40485,5,0.4316988280445958
purchase_freight,HOLDOUT_06_CONTIGUOUS,2017-10,4,36928338550.50103,194423624463.40485,5,0.4358182041776965
purchase_freight,HOLDOUT_06_CONTIGUOUS,2017-10,5,37151108860.00256,194423624463.40485,5,0.43713076493831887
purchase_freight,HOLDOUT_06_CONTIGUOUS,2017-10,6,37108280993.46376,194423624463.40485,5,0.4368787297062976
purchase_freight,HOLDOUT_06_CONTIGUOUS,2017-10,7,36327465128.497665,194423624463.40485,5,0.43225799010037935
purchase_freight,HOLDOUT_06_CONTIGUOUS,2017-10,8,35841836983.184654,194423624463.40485,5,0.42935904134135844
purchase_freight,HOLDOUT_06_CONTIGUOUS,2017-10,9,35949957171.35684,194423624463.40485,5,0.4300061541515673
purchase_freight,HOLDOUT_06_CONTIGUOUS,2017-10,10,36793620788.42195,194423624463.40485,5,0.4350225266524598
purchase_freight,HOLDOUT_06_CONTIGUOUS,2017-10,11,35631930573.74432,194423624463.40485,5,0.4280999323796778
purchase_freight,HOLDOUT_06_CONTIGUOUS,2017-10,12,35813977917.228874,194423624463.40485,5,0.429192143267451
purchase_freight,HOLDOUT_06_CONTIGUOUS,2017-10,13,35748176074.874916,194423624463.40485,5,0.42879767971474014
purchase_freight,HOLDOUT_06_CONTIGUOUS,2017-10,14,35702699435.38664,194423624463.40485,5,0.4285248478482218
purchase_freight,HOLDOUT_06_CONTIGUOUS,2017-10,15,35657752275.785645,194423624463.40485,5,0.4282550217440037
purchase_freight,HOLDOUT_06_CONTIGUOUS,2017-10,16,35608375154.15319,194423624463.40485,5,0.4279584056576062
purchase_freight,HOLDOUT_06_CONTIGUOUS,2017-10,17,35592203894.16254,194423624463.40485,5,0.42786121767123436
purchase_freight,HOLDOUT_06_CONTIGUOUS,2017-10,18,35619483924.37929,194423624463.40485,5,0.4280251556967148
purchase_freight,HOLDOUT_06_CONTIGUOUS,2017-10,19,35544707542.87327,194423624463.40485,5,0.42757564065336745
purchase_freight,HOLDOUT_06_CONTIGUOUS,2017-10,20,35486188999.51306,194423624463.40485,5,0.42722352901465016
purchase_freight,HOLDOUT_06_CONTIGUOUS,2017-10,21,35514396675.94708,194423624463.40485,5,0.42739329349987565
purchase_freight,HOLDOUT_06_CONTIGUOUS,2017-10,22,35479217401.90782,194423624463.40485,5,0.4271815609009228
purchase_freight,HOLDOUT_06_CONTIGUOUS,2017-10,23,35560508308.79637,194423624463.40485,5,0.42767066565749395
purchase_freight,HOLDOUT_06_CONTIGUOUS,2017-10,24,35597657252.85146,194423624463.40485,5,0.4278939943900883
purchase_freight,HOLDOUT_06_CONTIGUOUS,2017-11,0,1991785890360.7715,1991785890360.7715,5,1.0
purchase_freight,HOLDOUT_06_CONTIGUOUS,2017-11,1,1619358433618.2554,1991785890360.7715,5,0.9016752894751735
purchase_freight,HOLDOUT_06_CONTIGUOUS,2017-11,2,1668593269032.8247,1991785890360.7715,5,0.9152798847336535
purchase_freight,HOLDOUT_06_CONTIGUOUS,2017-11,3,1742258875168.1453,1991785890360.7715,5,0.93526572088433
purchase_freight,HOLDOUT_06_CONTIGUOUS,2017-11,4,1570980910441.9307,1991785890360.7715,5,0.8881046175963027
purchase_freight,HOLDOUT_06_CONTIGUOUS,2017-11,5,1555660477876.8494,1991785890360.7715,5,0.8837635457748338
purchase_freight,HOLDOUT_06_CONTIGUOUS,2017-11,6,1560289515741.817,1991785890360.7715,5,0.8850774366298152
purchase_freight,HOLDOUT_06_CONTIGUOUS,2017-11,7,1551401158225.695,1991785890360.7715,5,0.8825528665832125
purchase_freight,HOLDOUT_06_CONTIGUOUS,2017-11,8,1553595294434.6785,1991785890360.7715,5,0.8831767403635203
purchase_freight,HOLDOUT_06_CONTIGUOUS,2017-11,9,1582230109086.49,1991785890360.7715,5,0.8912786359620368
purchase_freight,HOLDOUT_06_CONTIGUOUS,2017-11,10,1596557041585.788,1991785890360.7715,5,0.8953047611017848
purchase_freight,HOLDOUT_06_CONTIGUOUS,2017-11,11,1635070155201.748,1991785890360.7715,5,0.9060389538817621
purchase_freight,HOLDOUT_06_CONTIGUOUS,2017-11,12,1609451530035.6653,1991785890360.7715,5,0.8989129256284428
purchase_freight,HOLDOUT_06_CONTIGUOUS,2017-11,13,1601407438267.3032,1991785890360.7715,5,0.8966637134910285
purchase_freight,HOLDOUT_06_CONTIGUOUS,2017-11,14,1595477238764.9783,1991785890360.7715,5,0.895001948205628
purchase_freight,HOLDOUT_06_CONTIGUOUS,2017-11,15,1596705128164.1592,1991785890360.7715,5,0.895346281555166
purchase_freight,HOLDOUT_06_CONTIGUOUS,2017-11,16,1592368381642.056,1991785890360.7715,5,0.894129547816768
purchase_freight,HOLDOUT_06_CONTIGUOUS,2017-11,17,1593418230785.4956,1991785890360.7715,5,0.8944242492439594
purchase_freight,HOLDOUT_06_CONTIGUOUS,2017-11,18,1595877826275.3823,1991785890360.7715,5,0.895114298320037
purchase_freight,HOLDOUT_06_CONTIGUOUS,2017-11,19,1598716623860.6702,1991785890360.7715,5,0.8959100732993697
purchase_freight,HOLDOUT_06_CONTIGUOUS,2017-11,20,1595801924399.0889,1991785890360.7715,5,0.8950930117085315
purchase_freight,HOLDOUT_06_CONTIGUOUS,2017-11,21,1596918945891.3032,1991785890360.7715,5,0.8954062282838795
purchase_freight,HOLDOUT_06_CONTIGUOUS,2017-11,22,1597424330406.6084,1991785890360.7715,5,0.8955479038042219
purchase_freight,HOLDOUT_06_CONTIGUOUS,2017-11,23,1596163927330.8555,1991785890360.7715,5,0.8951945305485177
purchase_freight,HOLDOUT_06_CONTIGUOUS,2017-11,24,1597111197811.0447,1991785890360.7715,5,0.8954601253166722
purchase_freight,HOLDOUT_06_CONTIGUOUS,2017-12,0,3674368059565.4375,3674368059565.4375,5,1.0
purchase_freight,HOLDOUT_06_CONTIGUOUS,2017-12,1,3440032240955.3335,3674368059565.4375,5,0.9675867840806204
purchase_freight,HOLDOUT_06_CONTIGUOUS,2017-12,2,3141776459675.0444,3674368059565.4375,5,0.9246903216463549
purchase_freight,HOLDOUT_06_CONTIGUOUS,2017-12,3,3040033051822.7637,3674368059565.4375,5,0.9095944966924341
purchase_freight,HOLDOUT_06_CONTIGUOUS,2017-12,4,3352850337820.909,3674368059565.4375,5,0.9552471606167309
purchase_freight,HOLDOUT_06_CONTIGUOUS,2017-12,5,5062556187623.53,3674368059565.4375,5,1.173798633450491
purchase_freight,HOLDOUT_06_CONTIGUOUS,2017-12,6,5226752505760.27,3674368059565.4375,5,1.192681930083384
purchase_freight,HOLDOUT_06_CONTIGUOUS,2017-12,7,5334279880805.906,3674368059565.4375,5,1.204887699409517
purchase_freight,HOLDOUT_06_CONTIGUOUS,2017-12,8,5468590935114.214,3674368059565.4375,5,1.2199622450991259
purchase_freight,HOLDOUT_06_CONTIGUOUS,2017-12,9,5750878776613.296,3674368059565.4375,5,1.2510531996433738
purchase_freight,HOLDOUT_06_CONTIGUOUS,2017-12,10,6180956539443.099,3674368059565.4375,5,1.296989667731407
purchase_freight,HOLDOUT_06_CONTIGUOUS,2017-12,11,6426676817766.97,3674368059565.4375,5,1.3225189444474372
purchase_freight,HOLDOUT_06_CONTIGUOUS,2017-12,12,6392357015059.101,3674368059565.4375,5,1.318982953061272
purchase_freight,HOLDOUT_06_CONTIGUOUS,2017-12,13,6495952409195.755,3674368059565.4375,5,1.3296278056345765
purchase_freight,HOLDOUT_06_CONTIGUOUS,2017-12,14,6530984861750.2295,3674368059565.4375,5,1.333208303735625
purchase_freight,HOLDOUT_06_CONTIGUOUS,2017-12,15,6574755570945.732,3674368059565.4375,5,1.3376684292577956
purchase_freight,HOLDOUT_06_CONTIGUOUS,2017-12,16,6574097165909.271,3674368059565.4375,5,1.3376014496057116
purchase_freight,HOLDOUT_06_CONTIGUOUS,2017-12,17,6581505611220.1875,3674368059565.4375,5,1.3383549186149217
purchase_freight,HOLDOUT_06_CONTIGUOUS,2017-12,18,6585654998887.885,3674368059565.4375,5,1.3387767429438715
purchase_freight,HOLDOUT_06_CONTIGUOUS,2017-12,19,6583724483963.933,3674368059565.4375,5,1.3385805044590833
purchase_freight,HOLDOUT_06_CONTIGUOUS,2017-12,20,6595660601432.34,3674368059565.4375,5,1.339793360424061
purchase_freight,HOLDOUT_06_CONTIGUOUS,2017-12,21,6598255357195.128,3674368059565.4375,5,1.340056874187856
purchase_freight,HOLDOUT_06_CONTIGUOUS,2017-12,22,6596373654387.498,3674368059565.4375,5,1.3398657805995118
purchase_freight,HOLDOUT_06_CONTIGUOUS,2017-12,23,6583466564617.965,3674368059565.4375,5,1.3385542845595098
purchase_freight,HOLDOUT_06_CONTIGUOUS,2017-12,24,6580440394045.648,3674368059565.4375,5,1.338246607810468
purchase_freight,HOLDOUT_06_CONTIGUOUS,2018-01,0,647715862221.674,647715862221.674,5,1.0
purchase_freight,HOLDOUT_06_CONTIGUOUS,2018-01,1,496843948161.1145,647715862221.674,5,0.8758258025228423
purchase_freight,HOLDOUT_06_CONTIGUOUS,2018-01,2,444412833635.5191,647715862221.674,5,0.8283254965879118
purchase_freight,HOLDOUT_06_CONTIGUOUS,2018-01,3,396555760849.16846,647715862221.674,5,0.7824558921161827
purchase_freight,HOLDOUT_06_CONTIGUOUS,2018-01,4,380653354317.2967,647715862221.674,5,0.7666066180473111
purchase_freight,HOLDOUT_06_CONTIGUOUS,2018-01,5,365110882004.4251,647715862221.674,5,0.7507928397813115
purchase_freight,HOLDOUT_06_CONTIGUOUS,2018-01,6,356435412186.21375,647715862221.674,5,0.7418193476357423
purchase_freight,HOLDOUT_06_CONTIGUOUS,2018-01,7,354688673998.66547,647715862221.674,5,0.7399994448744929
purchase_freight,HOLDOUT_06_CONTIGUOUS,2018-01,8,356433021555.08203,647715862221.674,5,0.741816859920802
purchase_freight,HOLDOUT_06_CONTIGUOUS,2018-01,9,363494280783.7179,647715862221.674,5,0.7491288533397202
purchase_freight,HOLDOUT_06_CONTIGUOUS,2018-01,10,360386606203.4404,647715862221.674,5,0.7459196612224187
purchase_freight,HOLDOUT_06_CONTIGUOUS,2018-01,11,355372841653.11707,647715862221.674,5,0.740712802547057
purchase_freight,HOLDOUT_06_CONTIGUOUS,2018-01,12,352963133117.6235,647715862221.674,5,0.7381972219841354
purchase_freight,HOLDOUT_06_CONTIGUOUS,2018-01,13,348195657693.87354,647715862221.674,5,0.7331948553740764
purchase_freight,HOLDOUT_06_CONTIGUOUS,2018-01,14,343948825895.9492,647715862221.674,5,0.7287098655806673
purchase_freight,HOLDOUT_06_CONTIGUOUS,2018-01,15,337994965786.6093,647715862221.674,5,0.7223752362072328
purchase_freight,HOLDOUT_06_CONTIGUOUS,2018-01,16,335761469391.88043,647715862221.674,5,0.7199845249585353
purchase_freight,HOLDOUT_06_CONTIGUOUS,2018-01,17,332539092219.5779,647715862221.674,5,0.7165212700602519
purchase_freight,HOLDOUT_06_CONTIGUOUS,2018-01,18,331626805646.36676,647715862221.674,5,0.7155377440834771
purchase_freight,HOLDOUT_06_CONTIGUOUS,2018-01,19,330860935244.63965,647715862221.674,5,0.7147110226998507
purchase_freight,HOLDOUT_06_CONTIGUOUS,2018-01,20,330489227978.72327,647715862221.674,5,0.714309437155945
purchase_freight,HOLDOUT_06_CONTIGUOUS,2018-01,21,330531842606.7645,647715862221.674,5,0.7143554886565563
purchase_freight,HOLDOUT_06_CONTIGUOUS,2018-01,22,330322727406.7207,647715862221.674,5,0.7141294798333012
purchase_freight,HOLDOUT_06_CONTIGUOUS,2018-01,23,330418136104.7887,647715862221.674,5,0.7142326051091319
purchase_freight,HOLDOUT_06_CONTIGUOUS,2018-01,24,330443604470.76526,647715862221.674,5,0.714260130818046
purchase_freight,HOLDOUT_06_CONTIGUOUS,2018-02,0,783166030125.1906,783166030125.1906,5,1.0
purchase_freight,HOLDOUT_06_CONTIGUOUS,2018-02,1,307888234751.02734,783166030125.1906,5,0.627003010402546
purchase_freight,HOLDOUT_06_CONTIGUOUS,2018-02,2,248723132903.74942,783166030125.1906,5,0.5635483322525964
purchase_freight,HOLDOUT_06_CONTIGUOUS,2018-02,3,227940299808.20285,783166030125.1906,5,0.5394902953437727
purchase_freight,HOLDOUT_06_CONTIGUOUS,2018-02,4,226124608762.39777,783166030125.1906,5,0.5373373057467101
purchase_freight,HOLDOUT_06_CONTIGUOUS,2018-02,5,222090704592.2757,783166030125.1906,5,0.5325228775894207
purchase_freight,HOLDOUT_06_CONTIGUOUS,2018-02,6,221827523352.8922,783166030125.1906,5,0.5322072597524662
purchase_freight,HOLDOUT_06_CONTIGUOUS,2018-02,7,221953412780.01807,783166030125.1906,5,0.5323582549108464
purchase_freight,HOLDOUT_06_CONTIGUOUS,2018-02,8,217753038547.0069,783166030125.1906,5,0.5272968672469669
purchase_freight,HOLDOUT_06_CONTIGUOUS,2018-02,9,216074149030.97885,783166030125.1906,5,0.5252601880436485
purchase_freight,HOLDOUT_06_CONTIGUOUS,2018-02,10,209771820374.09305,783166030125.1906,5,0.5175432546944577
purchase_freight,HOLDOUT_06_CONTIGUOUS,2018-02,11,204248259197.53168,783166030125.1906,5,0.5106840113478402
purchase_freight,HOLDOUT_06_CONTIGUOUS,2018-02,12,201291786762.35645,783166030125.1906,5,0.5069744895471519
purchase_freight,HOLDOUT_06_CONTIGUOUS,2018-02,13,195396379842.93747,783166030125.1906,5,0.49949521911473593
purchase_freight,HOLDOUT_06_CONTIGUOUS,2018-02,14,191831448671.33908,783166030125.1906,5,0.4949176959416438
purchase_freight,HOLDOUT_06_CONTIGUOUS,2018-02,15,187600820603.5935,783166030125.1906,5,0.4894298419852137
purchase_freight,HOLDOUT_06_CONTIGUOUS,2018-02,16,184572986605.81262,783166030125.1906,5,0.4854641330754045
purchase_freight,HOLDOUT_06_CONTIGUOUS,2018-02,17,181930963687.53595,783166030125.1906,5,0.48197708324897554
purchase_freight,HOLDOUT_06_CONTIGUOUS,2018-02,18,181186406791.35712,783166030125.1906,5,0.4809898206432807
purchase_freight,HOLDOUT_06_CONTIGUOUS,2018-02,19,180292645109.521,783166030125.1906,5,0.4798020336173758
purchase_freight,HOLDOUT_06_CONTIGUOUS,2018-02,20,179148367900.80396,783166030125.1906,5,0.47827701177264187
purchase_freight,HOLDOUT_06_CONTIGUOUS,2018-02,21,178264691347.3683,783166030125.1906,5,0.47709596652394287
purchase_freight,HOLDOUT_06_CONTIGUOUS,2018-02,22,176987768495.83414,783166030125.1906,5,0.4753841591418671
purchase_freight,HOLDOUT_06_CONTIGUOUS,2018-02,23,176562753611.71133,783166030125.1906,5,0.474813027057997
purchase_freight,HOLDOUT_06_CONTIGUOUS,2018-02,24,176204686991.85086,783166030125.1906,5,0.4743313258596615
purchase_freight,HOLDOUT_06_CONTIGUOUS,2018-03,0,1087918519768.833,1087918519768.833,5,1.0
purchase_freight,HOLDOUT_06_CONTIGUOUS,2018-03,1,250910449011.73596,1087918519768.833,5,0.48024316095249886
purchase_freight,HOLDOUT_06_CONTIGUOUS,2018-03,2,230884046147.0976,1087918519768.833,5,0.46067938394084673
purchase_freight,HOLDOUT_06_CONTIGUOUS,2018-03,3,230542515235.1859,1087918519768.833,5,0.4603385321583748
purchase_freight,HOLDOUT_06_CONTIGUOUS,2018-03,4,231104002690.35272,1087918519768.833,5,0.4608987696554794
purchase_freight,HOLDOUT_06_CONTIGUOUS,2018-03,5,228847488850.61426,1087918519768.833,5,0.45864312798247436
purchase_freight,HOLDOUT_06_CONTIGUOUS,2018-03,6,223001038810.59766,1087918519768.833,5,0.45274666313994855
purchase_freight,HOLDOUT_06_CONTIGUOUS,2018-03,7,216596782399.36285,1087918519768.833,5,0.44619820152660344
purchase_freight,HOLDOUT_06_CONTIGUOUS,2018-03,8,210638045978.5935,1087918519768.833,5,0.44001777811897946
purchase_freight,HOLDOUT_06_CONTIGUOUS,2018-03,9,204442698412.30887,1087918519768.833,5,0.4334985182314083
purchase_freight,HOLDOUT_06_CONTIGUOUS,2018-03,10,196511976518.01678,1087918519768.833,5,0.42500723867766416
purchase_freight,HOLDOUT_06_CONTIGUOUS,2018-03,11,191711711734.78705,1087918519768.833,5,0.4197842474604313
purchase_freight,HOLDOUT_06_CONTIGUOUS,2018-03,12,189343285085.9251,1087918519768.833,5,0.4171831595952854
purchase_freight,HOLDOUT_06_CONTIGUOUS,2018-03,13,185117983990.02557,1087918519768.833,5,0.41250205937436474
purchase_freight,HOLDOUT_06_CONTIGUOUS,2018-03,14,184700171615.56915,1087918519768.833,5,0.41203628663054
purchase_freight,HOLDOUT_06_CONTIGUOUS,2018-03,15,182433921108.42392,1087918519768.833,5,0.4095006650334164
purchase_freight,HOLDOUT_06_CONTIGUOUS,2018-03,16,182149487867.0632,1087918519768.833,5,0.40918131368808464
purchase_freight,HOLDOUT_06_CONTIGUOUS,2018-03,17,182497485012.76392,1087918519768.833,5,0.4095719982428053
purchase_freight,HOLDOUT_06_CONTIGUOUS,2018-03,18,182465032594.88177,1087918519768.833,5,0.40953558077496305
purchase_freight,HOLDOUT_06_CONTIGUOUS,2018-03,19,182869519657.08734,1087918519768.833,5,0.40998925712945966
purchase_freight,HOLDOUT_06_CONTIGUOUS,2018-03,20,183606154898.09882,1087918519768.833,5,0.410814186852615
purchase_freight,HOLDOUT_06_CONTIGUOUS,2018-03,21,184509146814.6688,1087918519768.833,5,0.4118231587526664
purchase_freight,HOLDOUT_06_CONTIGUOUS,2018-03,22,185359801255.30914,1087918519768.833,5,0.412771394539576
purchase_freight,HOLDOUT_06_CONTIGUOUS,2018-03,23,185822623147.5236,1087918519768.833,5,0.413286394378483
purchase_freight,HOLDOUT_06_CONTIGUOUS,2018-03,24,186156788448.5961,1087918519768.833,5,0.4136578344559932
purchase_freight,HOLDOUT_06_CONTIGUOUS,2018-04,0,893496272852.0038,893496272852.0038,5,1.0
purchase_freight,HOLDOUT_06_CONTIGUOUS,2018-04,1,340245308564.3718,893496272852.0038,5,0.6170916930742943
purchase_freight,HOLDOUT_06_CONTIGUOUS,2018-04,2,318990881925.4486,893496272852.0038,5,0.5975066759750128
purchase_freight,HOLDOUT_06_CONTIGUOUS,2018-04,3,315424689938.53687,893496272852.0038,5,0.5941573443695617
purchase_freight,HOLDOUT_06_CONTIGUOUS,2018-04,4,317431056748.4807,893496272852.0038,5,0.5960440195927543
purchase_freight,HOLDOUT_06_CONTIGUOUS,2018-04,5,302613149004.54266,893496272852.0038,5,0.5819658821643814
purchase_freight,HOLDOUT_06_CONTIGUOUS,2018-04,6,291340975228.08215,893496272852.0038,5,0.5710240661207412
purchase_freight,HOLDOUT_06_CONTIGUOUS,2018-04,7,281735373690.2574,893496272852.0038,5,0.5615317496862644
purchase_freight,HOLDOUT_06_CONTIGUOUS,2018-04,8,274919627184.2527,893496272852.0038,5,0.5546978729564006
purchase_freight,HOLDOUT_06_CONTIGUOUS,2018-04,9,262299198985.9122,893496272852.0038,5,0.5418163540824235
purchase_freight,HOLDOUT_06_CONTIGUOUS,2018-04,10,251461760633.3175,893496272852.0038,5,0.5305051489126185
purchase_freight,HOLDOUT_06_CONTIGUOUS,2018-04,11,244504736130.83997,893496272852.0038,5,0.5231151108584241
purchase_freight,HOLDOUT_06_CONTIGUOUS,2018-04,12,240767297024.682,893496272852.0038,5,0.519101610152847
purchase_freight,HOLDOUT_06_CONTIGUOUS,2018-04,13,237158822241.61926,893496272852.0038,5,0.5151969340359881
purchase_freight,HOLDOUT_06_CONTIGUOUS,2018-04,14,233769726823.74548,893496272852.0038,5,0.5115025016066493
purchase_freight,HOLDOUT_06_CONTIGUOUS,2018-04,15,229868176439.51105,893496272852.0038,5,0.5072161259770985
purchase_freight,HOLDOUT_06_CONTIGUOUS,2018-04,16,228522391642.11685,893496272852.0038,5,0.5057291742179941
purchase_freight,HOLDOUT_06_CONTIGUOUS,2018-04,17,227322437848.06644,893496272852.0038,5,0.5043996537967459
purchase_freight,HOLDOUT_06_CONTIGUOUS,2018-04,18,227417513344.29376,893496272852.0038,5,0.504505123002934
purchase_freight,HOLDOUT_06_CONTIGUOUS,2018-04,19,228052526031.93707,893496272852.0038,5,0.505208991017778
purchase_freight,HOLDOUT_06_CONTIGUOUS,2018-04,20,227491212212.02917,893496272852.0038,5,0.5045868635072998
purchase_freight,HOLDOUT_06_CONTIGUOUS,2018-04,21,227691931212.17032,893496272852.0038,5,0.5048094168079954
purchase_freight,HOLDOUT_06_CONTIGUOUS,2018-04,22,227747335483.75488,893496272852.0038,5,0.5048708307032655
purchase_freight,HOLDOUT_06_CONTIGUOUS,2018-04,23,227854215283.06433,893496272852.0038,5,0.5049892825034553
purchase_freight,HOLDOUT_06_CONTIGUOUS,2018-04,24,228638467679.31628,893496272852.0038,5,0.5058575983638314
purchase_freight,HOLDOUT_06_CONTIGUOUS,2018-05,0,1026248821637.1643,1026248821637.1643,5,1.0
purchase_freight,HOLDOUT_06_CONTIGUOUS,2018-05,1,488596876496.86694,1026248821637.1643,5,0.6899998676165014
purchase_freight,HOLDOUT_06_CONTIGUOUS,2018-05,2,458245784386.30725,1026248821637.1643,5,0.6682252827865999
purchase_freight,HOLDOUT_06_CONTIGUOUS,2018-05,3,429783291072.4434,1026248821637.1643,5,0.6471402730989968
purchase_freight,HOLDOUT_06_CONTIGUOUS,2018-05,4,405026005054.6221,1026248821637.1643,5,0.6282248603346097
purchase_freight,HOLDOUT_06_CONTIGUOUS,2018-05,5,365836568608.52277,1026248821637.1643,5,0.597058962170012
purchase_freight,HOLDOUT_06_CONTIGUOUS,2018-05,6,335854506575.5266,1026248821637.1643,5,0.5720701065284219
purchase_freight,HOLDOUT_06_CONTIGUOUS,2018-05,7,320948066915.1302,1026248821637.1643,5,0.559230753577477
purchase_freight,HOLDOUT_06_CONTIGUOUS,2018-05,8,316409656667.366,1026248821637.1643,5,0.555262736398241
purchase_freight,HOLDOUT_06_CONTIGUOUS,2018-05,9,307734070822.5795,1026248821637.1643,5,0.5475974980747293
purchase_freight,HOLDOUT_06_CONTIGUOUS,2018-05,10,299717648515.9982,1026248821637.1643,5,0.5404180207790508
purchase_freight,HOLDOUT_06_CONTIGUOUS,2018-05,11,294066089910.8096,1026248821637.1643,5,0.5352986372115924
purchase_freight,HOLDOUT_06_CONTIGUOUS,2018-05,12,289146679596.01575,1026248821637.1643,5,0.5308022669761489
purchase_freight,HOLDOUT_06_CONTIGUOUS,2018-05,13,284548634139.3595,1026248821637.1643,5,0.5265649128264859
purchase_freight,HOLDOUT_06_CONTIGUOUS,2018-05,14,282777020700.4676,1026248821637.1643,5,0.5249231442072012
purchase_freight,HOLDOUT_06_CONTIGUOUS,2018-05,15,280759291338.44617,1026248821637.1643,5,0.5230470211385059
purchase_freight,HOLDOUT_06_CONTIGUOUS,2018-05,16,279060512785.1549,1026248821637.1643,5,0.5214622308294975
purchase_freight,HOLDOUT_06_CONTIGUOUS,2018-05,17,279480652280.5374,1026248821637.1643,5,0.5218546268671916
purchase_freight,HOLDOUT_06_CONTIGUOUS,2018-05,18,279817615486.86096,1026248821637.1643,5,0.5221691259846006
purchase_freight,HOLDOUT_06_CONTIGUOUS,2018-05,19,279215781809.3501,1026248821637.1643,5,0.5216072812194242
purchase_freight,HOLDOUT_06_CONTIGUOUS,2018-05,20,278106882929.29584,1026248821637.1643,5,0.5205704752864234
purchase_freight,HOLDOUT_06_CONTIGUOUS,2018-05,21,277961816963.9531,1026248821637.1643,5,0.520434687728611
purchase_freight,HOLDOUT_06_CONTIGUOUS,2018-05,22,277419661194.2702,1026248821637.1643,5,0.5199268942652077
purchase_freight,HOLDOUT_06_CONTIGUOUS,2018-05,23,277356806189.0716,1026248821637.1643,5,0.5198679909798578
purchase_freight,HOLDOUT_06_CONTIGUOUS,2018-05,24,277080274261.5717,1026248821637.1643,5,0.5196087654166247
purchase_freight,HOLDOUT_06_CONTIGUOUS,2018-06,0,552621982071.3872,552621982071.3872,5,1.0
purchase_freight,HOLDOUT_06_CONTIGUOUS,2018-06,1,601876824962.5369,552621982071.3872,5,1.0436136060565386
purchase_freight,HOLDOUT_06_CONTIGUOUS,2018-06,2,573675341399.982,552621982071.3872,5,1.0188705592779026
purchase_freight,HOLDOUT_06_CONTIGUOUS,2018-06,3,486667162051.4649,552621982071.3872,5,0.9384301307156847
purchase_freight,HOLDOUT_06_CONTIGUOUS,2018-06,4,462349565759.92413,552621982071.3872,5,0.9146841403407807
purchase_freight,HOLDOUT_06_CONTIGUOUS,2018-06,5,415000512890.4741,552621982071.3872,5,0.8665831467049278
purchase_freight,HOLDOUT_06_CONTIGUOUS,2018-06,6,366270881532.9008,552621982071.3872,5,0.8141175533583255
purchase_freight,HOLDOUT_06_CONTIGUOUS,2018-06,7,328684309835.70483,552621982071.3872,5,0.7712148942732238
purchase_freight,HOLDOUT_06_CONTIGUOUS,2018-06,8,323915125146.8064,552621982071.3872,5,0.7655993142851211
purchase_freight,HOLDOUT_06_CONTIGUOUS,2018-06,9,321694855533.94763,552621982071.3872,5,0.7629709100190729
purchase_freight,HOLDOUT_06_CONTIGUOUS,2018-06,10,318847823427.6501,552621982071.3872,5,0.759587221908341
purchase_freight,HOLDOUT_06_CONTIGUOUS,2018-06,11,313424326818.86273,552621982071.3872,5,0.7530993500277445
purchase_freight,HOLDOUT_06_CONTIGUOUS,2018-06,12,309057039167.10657,552621982071.3872,5,0.7478340609949713
purchase_freight,HOLDOUT_06_CONTIGUOUS,2018-06,13,304831002681.63385,552621982071.3872,5,0.7427035319314738
purchase_freight,HOLDOUT_06_CONTIGUOUS,2018-06,14,302735818374.2671,552621982071.3872,5,0.7401467318134975
purchase_freight,HOLDOUT_06_CONTIGUOUS,2018-06,15,300931263826.3971,552621982071.3872,5,0.7379374929405123
purchase_freight,HOLDOUT_06_CONTIGUOUS,2018-06,16,298701151790.5403,552621982071.3872,5,0.7351980907080508
purchase_freight,HOLDOUT_06_CONTIGUOUS,2018-06,17,297728376753.1184,552621982071.3872,5,0.7339999607768614
purchase_freight,HOLDOUT_06_CONTIGUOUS,2018-06,18,297178020888.8355,552621982071.3872,5,0.7333212413981601
purchase_freight,HOLDOUT_06_CONTIGUOUS,2018-06,19,296621175793.63354,552621982071.3872,5,0.7326338793212269
purchase_freight,HOLDOUT_06_CONTIGUOUS,2018-06,20,296558642059.9415,552621982071.3872,5,0.7325566482424245
purchase_freight,HOLDOUT_06_CONTIGUOUS,2018-06,21,296024830044.71564,552621982071.3872,5,0.7318970423209328
purchase_freight,HOLDOUT_06_CONTIGUOUS,2018-06,22,296141509585.369,552621982071.3872,5,0.7320412683937991
purchase_freight,HOLDOUT_06_CONTIGUOUS,2018-06,23,296353790050.4983,552621982071.3872,5,0.7323035926842922
purchase_freight,HOLDOUT_06_CONTIGUOUS,2018-06,24,296470325770.5972,552621982071.3872,5,0.7324475610448558
purchase_freight,HOLDOUT_06_CONTIGUOUS,2018-07,0,491878068708.90936,491878068708.90936,5,1.0
purchase_freight,HOLDOUT_06_CONTIGUOUS,2018-07,1,387834810144.3503,491878068708.90936,5,0.8879625786685611
purchase_freight,HOLDOUT_06_CONTIGUOUS,2018-07,2,378585829999.2967,491878068708.90936,5,0.877310743680763
purchase_freight,HOLDOUT_06_CONTIGUOUS,2018-07,3,353406608341.62946,491878068708.90936,5,0.8476344582941429
purchase_freight,HOLDOUT_06_CONTIGUOUS,2018-07,4,320661439235.65515,491878068708.90936,5,0.8074109578168595
purchase_freight,HOLDOUT_06_CONTIGUOUS,2018-07,5,278734340072.0667,491878068708.90936,5,0.7527772904570684
purchase_freight,HOLDOUT_06_CONTIGUOUS,2018-07,6,244257503488.1314,491878068708.90936,5,0.7046853248892683
purchase_freight,HOLDOUT_06_CONTIGUOUS,2018-07,7,234628534224.12842,491878068708.90936,5,0.6906558331867925
purchase_freight,HOLDOUT_06_CONTIGUOUS,2018-07,8,230170243194.33466,491878068708.90936,5,0.6840626188559294
purchase_freight,HOLDOUT_06_CONTIGUOUS,2018-07,9,226064099621.69824,491878068708.90936,5,0.6779334608995378
purchase_freight,HOLDOUT_06_CONTIGUOUS,2018-07,10,220139489470.73962,491878068708.90936,5,0.6689909579367596
purchase_freight,HOLDOUT_06_CONTIGUOUS,2018-07,11,217168546975.05478,491878068708.90936,5,0.6644613637481864
purchase_freight,HOLDOUT_06_CONTIGUOUS,2018-07,12,213579909450.62088,491878068708.90936,5,0.6589484935159249
purchase_freight,HOLDOUT_06_CONTIGUOUS,2018-07,13,210176148395.31058,491878068708.90936,5,0.65367666979097
purchase_freight,HOLDOUT_06_CONTIGUOUS,2018-07,14,208982469007.2858,491878068708.90936,5,0.6518177732984112
purchase_freight,HOLDOUT_06_CONTIGUOUS,2018-07,15,207053452143.52393,491878068708.90936,5,0.6488024905074423
purchase_freight,HOLDOUT_06_CONTIGUOUS,2018-07,16,206512122124.5774,491878068708.90936,5,0.6479538059760219
purchase_freight,HOLDOUT_06_CONTIGUOUS,2018-07,17,206442240255.77814,491878068708.90936,5,0.6478441657920803
purchase_freight,HOLDOUT_06_CONTIGUOUS,2018-07,18,206394105441.03494,491878068708.90936,5,0.6477686345519346
purchase_freight,HOLDOUT_06_CONTIGUOUS,2018-07,19,206141034726.73712,491878068708.90936,5,0.6473713810724218
purchase_freight,HOLDOUT_06_CONTIGUOUS,2018-07,20,206684490702.7216,491878068708.90936,5,0.6482241619713774
purchase_freight,HOLDOUT_06_CONTIGUOUS,2018-07,21,206592204281.36765,491878068708.90936,5,0.6480794269522566
purchase_freight,HOLDOUT_06_CONTIGUOUS,2018-07,22,206590939137.638,491878068708.90936,5,0.648077442572252
purchase_freight,HOLDOUT_06_CONTIGUOUS,2018-07,23,206706398533.56567,491878068708.90936,5,0.6482585158044643
purchase_freight,HOLDOUT_06_CONTIGUOUS,2018-07,24,207119408003.3258,491878068708.90936,5,0.648905818702122
purchase_freight,HOLDOUT_06_CONTIGUOUS,2018-08,0,1220206591781.9827,1220206591781.9827,5,1.0
purchase_freight,HOLDOUT_06_CONTIGUOUS,2018-08,1,506562173175.7162,1220206591781.9827,5,0.6443171552012862
purchase_freight,HOLDOUT_06_CONTIGUOUS,2018-08,2,436096614384.15796,1220206591781.9827,5,0.5978258281399788
purchase_freight,HOLDOUT_06_CONTIGUOUS,2018-08,3,432503980312.44653,1220206591781.9827,5,0.5953582428613331
purchase_freight,HOLDOUT_06_CONTIGUOUS,2018-08,4,395172899984.7727,1220206591781.9827,5,0.5690846790206789
purchase_freight,HOLDOUT_06_CONTIGUOUS,2018-08,5,353177137387.1575,1220206591781.9827,5,0.5379966949210643
purchase_freight,HOLDOUT_06_CONTIGUOUS,2018-08,6,319901582320.1192,1220206591781.9827,5,0.512025406123327
purchase_freight,HOLDOUT_06_CONTIGUOUS,2018-08,7,305653697539.63763,1220206591781.9827,5,0.5004931565194457
purchase_freight,HOLDOUT_06_CONTIGUOUS,2018-08,8,300411145107.39343,1220206591781.9827,5,0.49618237891690853
purchase_freight,HOLDOUT_06_CONTIGUOUS,2018-08,9,295187475401.7176,1220206591781.9827,5,0.49184955179070017
purchase_freight,HOLDOUT_06_CONTIGUOUS,2018-08,10,289490880817.7453,1220206591781.9827,5,0.4870805193542107
purchase_freight,HOLDOUT_06_CONTIGUOUS,2018-08,11,282635522460.96906,1220206591781.9827,5,0.4812787523997936
purchase_freight,HOLDOUT_06_CONTIGUOUS,2018-08,12,282892182198.591,1220206591781.9827,5,0.4814972260843848
purchase_freight,HOLDOUT_06_CONTIGUOUS,2018-08,13,282214796065.50183,1220206591781.9827,5,0.48092040734175756
purchase_freight,HOLDOUT_06_CONTIGUOUS,2018-08,14,282245582409.49445,1220206591781.9827,5,0.4809466380311782
purchase_freight,HOLDOUT_06_CONTIGUOUS,2018-08,15,282966035173.8594,1220206591781.9827,5,0.4815600727878477
purchase_freight,HOLDOUT_06_CONTIGUOUS,2018-08,16,282667200710.6398,1220206591781.9827,5,0.4813057228972914
purchase_freight,HOLDOUT_06_CONTIGUOUS,2018-08,17,284065058830.1312,1220206591781.9827,5,0.4824943421905837
purchase_freight,HOLDOUT_06_CONTIGUOUS,2018-08,18,283602849535.8773,1220206591781.9827,5,0.48210164313455
purchase_freight,HOLDOUT_06_CONTIGUOUS,2018-08,19,283929086191.96924,1220206591781.9827,5,0.48237885125055074
purchase_freight,HOLDOUT_06_CONTIGUOUS,2018-08,20,284142147536.5703,1220206591781.9827,5,0.48255980666858395
purchase_freight,HOLDOUT_06_CONTIGUOUS,2018-08,21,284256703858.2349,1220206591781.9827,5,0.4826570726079415
purchase_freight,HOLDOUT_06_CONTIGUOUS,2018-08,22,284560284967.34485,1220206591781.9827,5,0.4829147384195729
purchase_freight,HOLDOUT_06_CONTIGUOUS,2018-08,23,283913572022.00836,1220206591781.9827,5,0.48236567223846655
purchase_freight,HOLDOUT_06_CONTIGUOUS,2018-08,24,283611793232.2711,1220206591781.9827,5,0.4821092448507188
purchase_freight,HOLDOUT_15_CONTIGUOUS,2017-04,0,37466196654.15795,37466196654.15795,2,1.0
purchase_freight,HOLDOUT_15_CONTIGUOUS,2017-04,1,23221502538.857365,37466196654.15795,2,0.7872729947690646
purchase_freight,HOLDOUT_15_CONTIGUOUS,2017-04,2,21557284382.71727,37466196654.15795,2,0.7585377887760828
purchase_freight,HOLDOUT_15_CONTIGUOUS,2017-04,3,20811611806.694748,37466196654.15795,2,0.7453033170281744
purchase_freight,HOLDOUT_15_CONTIGUOUS,2017-04,4,20205876216.439445,37466196654.15795,2,0.7343769546560966
purchase_freight,HOLDOUT_15_CONTIGUOUS,2017-04,5,20311371559.57594,37466196654.15795,2,0.7362915583234827
purchase_freight,HOLDOUT_15_CONTIGUOUS,2017-04,6,20579735559.844627,37466196654.15795,2,0.7411397229507507
purchase_freight,HOLDOUT_15_CONTIGUOUS,2017-04,7,20183266605.167618,37466196654.15795,2,0.7339659696361931
purchase_freight,HOLDOUT_15_CONTIGUOUS,2017-04,8,20119844819.829784,37466196654.15795,2,0.7328118933742558
purchase_freight,HOLDOUT_15_CONTIGUOUS,2017-04,9,20198972896.126427,37466196654.15795,2,0.7342514943103623
purchase_freight,HOLDOUT_15_CONTIGUOUS,2017-04,10,20314121194.945183,37466196654.15795,2,0.7363413940717026
purchase_freight,HOLDOUT_15_CONTIGUOUS,2017-04,11,20471922105.102165,37466196654.15795,2,0.7391958262359661
purchase_freight,HOLDOUT_15_CONTIGUOUS,2017-04,12,20681795302.185196,37466196654.15795,2,0.7429751931144751
purchase_freight,HOLDOUT_15_CONTIGUOUS,2017-04,13,20950057139.705845,37466196654.15795,2,0.7477782029871156
purchase_freight,HOLDOUT_15_CONTIGUOUS,2017-04,14,21100899170.80603,37466196654.15795,2,0.7504654050838507
purchase_freight,HOLDOUT_15_CONTIGUOUS,2017-04,15,21129407297.53751,37466196654.15795,2,0.750972187790787
purchase_freight,HOLDOUT_15_CONTIGUOUS,2017-05,0,113428043705.4025,113428043705.4025,2,1.0
purchase_freight,HOLDOUT_15_CONTIGUOUS,2017-05,1,46454244647.56976,113428043705.4025,2,0.6399594853254805
purchase_freight,HOLDOUT_15_CONTIGUOUS,2017-05,2,41496177903.89485,113428043705.4025,2,0.6048446276665608
purchase_freight,HOLDOUT_15_CONTIGUOUS,2017-05,3,38909593731.805664,113428043705.4025,2,0.5856904290891023
purchase_freight,HOLDOUT_15_CONTIGUOUS,2017-05,4,35067041783.55966,113428043705.4025,2,0.5560186314778072
purchase_freight,HOLDOUT_15_CONTIGUOUS,2017-05,5,37672537803.01799,113428043705.4025,2,0.5763047747066311
purchase_freight,HOLDOUT_15_CONTIGUOUS,2017-05,6,38077210800.47897,113428043705.4025,2,0.5793917983726059
purchase_freight,HOLDOUT_15_CONTIGUOUS,2017-05,7,37703976844.24311,113428043705.4025,2,0.576545197731998
purchase_freight,HOLDOUT_15_CONTIGUOUS,2017-05,8,37991714694.329315,113428043705.4025,2,0.5787409684010436
purchase_freight,HOLDOUT_15_CONTIGUOUS,2017-05,9,38053970973.46086,113428043705.4025,2,0.5792149600479696
purchase_freight,HOLDOUT_15_CONTIGUOUS,2017-05,10,38141599237.190994,113428043705.4025,2,0.5798814662545374
purchase_freight,HOLDOUT_15_CONTIGUOUS,2017-05,11,38259576940.205215,113428043705.4025,2,0.5807776041125179
purchase_freight,HOLDOUT_15_CONTIGUOUS,2017-05,12,38518613507.96035,113428043705.4025,2,0.5827403656553886
purchase_freight,HOLDOUT_15_CONTIGUOUS,2017-05,13,38682078551.86302,113428043705.4025,2,0.5839755714583388
purchase_freight,HOLDOUT_15_CONTIGUOUS,2017-05,14,38573714876.436386,113428043705.4025,2,0.5831570254664522
purchase_freight,HOLDOUT_15_CONTIGUOUS,2017-05,15,38506566332.406494,113428043705.4025,2,0.5826492288794085
purchase_freight,HOLDOUT_15_CONTIGUOUS,2017-06,0,108691681604.06735,108691681604.06735,2,1.0
purchase_freight,HOLDOUT_15_CONTIGUOUS,2017-06,1,49722869744.60114,108691681604.06735,2,0.6763631514042278
purchase_freight,HOLDOUT_15_CONTIGUOUS,2017-06,2,47931153769.899536,108691681604.06735,2,0.6640653005902012
purchase_freight,HOLDOUT_15_CONTIGUOUS,2017-06,3,45213291919.17488,108691681604.06735,2,0.6449631625129612
purchase_freight,HOLDOUT_15_CONTIGUOUS,2017-06,4,40562824173.293625,108691681604.06735,2,0.6108941109564958
purchase_freight,HOLDOUT_15_CONTIGUOUS,2017-06,5,39274536243.38162,108691681604.06735,2,0.6011147418560318
purchase_freight,HOLDOUT_15_CONTIGUOUS,2017-06,6,39485582230.402695,108691681604.06735,2,0.6027276556504182
purchase_freight,HOLDOUT_15_CONTIGUOUS,2017-06,7,39627677823.232285,108691681604.06735,2,0.6038111907670758
purchase_freight,HOLDOUT_15_CONTIGUOUS,2017-06,8,39913216652.67293,108691681604.06735,2,0.6059826790351944
purchase_freight,HOLDOUT_15_CONTIGUOUS,2017-06,9,39857198980.98944,108691681604.06735,2,0.6055572853865198
purchase_freight,HOLDOUT_15_CONTIGUOUS,2017-06,10,39959130583.45113,108691681604.06735,2,0.6063311231370568
purchase_freight,HOLDOUT_15_CONTIGUOUS,2017-06,11,39972794523.09583,108691681604.06735,2,0.60643478109486
purchase_freight,HOLDOUT_15_CONTIGUOUS,2017-06,12,40104129783.009735,108691681604.06735,2,0.6074302200682024
purchase_freight,HOLDOUT_15_CONTIGUOUS,2017-06,13,40136273127.66934,108691681604.06735,2,0.6076735980983133
purchase_freight,HOLDOUT_15_CONTIGUOUS,2017-06,14,40163955628.73772,108691681604.06735,2,0.6078831221042008
purchase_freight,HOLDOUT_15_CONTIGUOUS,2017-06,15,40335903001.51978,108691681604.06735,2,0.6091829476906291
purchase_freight,HOLDOUT_15_CONTIGUOUS,2017-07,0,106941892469.3562,106941892469.3562,2,1.0
purchase_freight,HOLDOUT_15_CONTIGUOUS,2017-07,1,59578366103.39346,106941892469.3562,2,0.7463978191400087
purchase_freight,HOLDOUT_15_CONTIGUOUS,2017-07,2,57224799029.79759,106941892469.3562,2,0.7315065268486342
purchase_freight,HOLDOUT_15_CONTIGUOUS,2017-07,3,55552971908.000046,106941892469.3562,2,0.7207418099332834
purchase_freight,HOLDOUT_15_CONTIGUOUS,2017-07,4,55055025765.48698,106941892469.3562,2,0.717504373298079
purchase_freight,HOLDOUT_15_CONTIGUOUS,2017-07,5,54508205070.574066,106941892469.3562,2,0.7139322622703661
purchase_freight,HOLDOUT_15_CONTIGUOUS,2017-07,6,54344770228.56151,106941892469.3562,2,0.7128611482910887
purchase_freight,HOLDOUT_15_CONTIGUOUS,2017-07,7,53676416429.00153,106941892469.3562,2,0.7084640609000563
purchase_freight,HOLDOUT_15_CONTIGUOUS,2017-07,8,54069619495.91637,106941892469.3562,2,0.7110542295262849
purchase_freight,HOLDOUT_15_CONTIGUOUS,2017-07,9,54085073098.90401,106941892469.3562,2,0.7111558352416304
purchase_freight,HOLDOUT_15_CONTIGUOUS,2017-07,10,54719703778.59645,106941892469.3562,2,0.7153159949004122
purchase_freight,HOLDOUT_15_CONTIGUOUS,2017-07,11,54892856068.05028,106941892469.3562,2,0.7164468560471756
purchase_freight,HOLDOUT_15_CONTIGUOUS,2017-07,12,55428447234.216705,106941892469.3562,2,0.7199335679351749
purchase_freight,HOLDOUT_15_CONTIGUOUS,2017-07,13,55908038078.66919,106941892469.3562,2,0.7230414476862871
purchase_freight,HOLDOUT_15_CONTIGUOUS,2017-07,14,56347020383.85397,106941892469.3562,2,0.7258745088733426
purchase_freight,HOLDOUT_15_CONTIGUOUS,2017-07,15,56772263414.215576,106941892469.3562,2,0.7286083968669421
purchase_freight,HOLDOUT_15_CONTIGUOUS,2017-08,0,167523711656.1756,167523711656.1756,2,1.0
purchase_freight,HOLDOUT_15_CONTIGUOUS,2017-08,1,49606251515.929016,167523711656.1756,2,0.5441643196926033
purchase_freight,HOLDOUT_15_CONTIGUOUS,2017-08,2,42857867705.45544,167523711656.1756,2,0.5057980336317497
purchase_freight,HOLDOUT_15_CONTIGUOUS,2017-08,3,37364258329.41542,167523711656.1756,2,0.4722696530156611
purchase_freight,HOLDOUT_15_CONTIGUOUS,2017-08,4,38856928193.90953,167523711656.1756,2,0.4816106577830018
purchase_freight,HOLDOUT_15_CONTIGUOUS,2017-08,5,38153530355.828735,167523711656.1756,2,0.47723163139352714
purchase_freight,HOLDOUT_15_CONTIGUOUS,2017-08,6,37344036904.783134,167523711656.1756,2,0.4721418402599085
purchase_freight,HOLDOUT_15_CONTIGUOUS,2017-08,7,36859041093.549934,167523711656.1756,2,0.46906591197641445
purchase_freight,HOLDOUT_15_CONTIGUOUS,2017-08,8,36290211291.6809,167523711656.1756,2,0.46543239212360915
purchase_freight,HOLDOUT_15_CONTIGUOUS,2017-08,9,36176560248.95867,167523711656.1756,2,0.46470301697778577
purchase_freight,HOLDOUT_15_CONTIGUOUS,2017-08,10,36215205287.75579,167523711656.1756,2,0.46495115655483066
purchase_freight,HOLDOUT_15_CONTIGUOUS,2017-08,11,36258818506.85752,167523711656.1756,2,0.4652310378239854
purchase_freight,HOLDOUT_15_CONTIGUOUS,2017-08,12,36240896951.23486,167523711656.1756,2,0.4651160493221684
purchase_freight,HOLDOUT_15_CONTIGUOUS,2017-08,13,36305453920.03544,167523711656.1756,2,0.46553012740719824
purchase_freight,HOLDOUT_15_CONTIGUOUS,2017-08,14,36370579845.01834,167523711656.1756,2,0.4659474820009294
purchase_freight,HOLDOUT_15_CONTIGUOUS,2017-08,15,36333391333.14319,167523711656.1756,2,0.46570920802781973
purchase_freight,HOLDOUT_15_CONTIGUOUS,2017-09,0,178131251829.37427,178131251829.37427,2,1.0
purchase_freight,HOLDOUT_15_CONTIGUOUS,2017-09,1,65067897496.245605,178131251829.37427,2,0.6043845125514253
purchase_freight,HOLDOUT_15_CONTIGUOUS,2017-09,2,53942567318.888565,178131251829.37427,2,0.5502952272253111
purchase_freight,HOLDOUT_15_CONTIGUOUS,2017-09,3,43476836751.93501,178131251829.37427,2,0.49403635553945646
purchase_freight,HOLDOUT_15_CONTIGUOUS,2017-09,4,45587900219.73561,178131251829.37427,2,0.5058884155850562
purchase_freight,HOLDOUT_15_CONTIGUOUS,2017-09,5,45491126143.00639,178131251829.37427,2,0.5053511799022972
purchase_freight,HOLDOUT_15_CONTIGUOUS,2017-09,6,46153428863.13807,178131251829.37427,2,0.5090165765883434
purchase_freight,HOLDOUT_15_CONTIGUOUS,2017-09,7,46877541277.08824,178131251829.37427,2,0.5129940789775359
purchase_freight,HOLDOUT_15_CONTIGUOUS,2017-09,8,47558819281.89789,178131251829.37427,2,0.5167083408019272
purchase_freight,HOLDOUT_15_CONTIGUOUS,2017-09,9,47609642643.918396,178131251829.37427,2,0.5169843552545739
purchase_freight,HOLDOUT_15_CONTIGUOUS,2017-09,10,47567391087.898895,178131251829.37427,2,0.5167549033971467
purchase_freight,HOLDOUT_15_CONTIGUOUS,2017-09,11,47720341653.86693,178131251829.37427,2,0.5175850363877399
purchase_freight,HOLDOUT_15_CONTIGUOUS,2017-09,12,47788109246.80383,178131251829.37427,2,0.5179524169115414
purchase_freight,HOLDOUT_15_CONTIGUOUS,2017-09,13,47882917848.23538,178131251829.37427,2,0.5184659548311757
purchase_freight,HOLDOUT_15_CONTIGUOUS,2017-09,14,47786075350.62964,178131251829.37427,2,0.517941394581248
purchase_freight,HOLDOUT_15_CONTIGUOUS,2017-09,15,47711920731.5602,178131251829.37427,2,0.5175393668103024
purchase_freight,HOLDOUT_15_CONTIGUOUS,2017-10,0,194423624463.4048,194423624463.4048,2,1.0
purchase_freight,HOLDOUT_15_CONTIGUOUS,2017-10,1,72240475888.67975,194423624463.4048,2,0.6095590473054032
purchase_freight,HOLDOUT_15_CONTIGUOUS,2017-10,2,55094651936.02563,194423624463.4048,2,0.5323290958720374
purchase_freight,HOLDOUT_15_CONTIGUOUS,2017-10,3,40031862041.34688,194423624463.4048,2,0.4537622662114618
purchase_freight,HOLDOUT_15_CONTIGUOUS,2017-10,4,41277836972.146545,194423624463.4048,2,0.4607697380483142
purchase_freight,HOLDOUT_15_CONTIGUOUS,2017-10,5,40802866539.177246,194423624463.4048,2,0.4581111053430137
purchase_freight,HOLDOUT_15_CONTIGUOUS,2017-10,6,40270817236.36594,194423624463.4048,2,0.455114533131804
purchase_freight,HOLDOUT_15_CONTIGUOUS,2017-10,7,39966619671.23636,194423624463.4048,2,0.4533923533955306
purchase_freight,HOLDOUT_15_CONTIGUOUS,2017-10,8,39990613244.08485,194423624463.4048,2,0.45352842782887814
purchase_freight,HOLDOUT_15_CONTIGUOUS,2017-10,9,40417838675.18431,194423624463.4048,2,0.4559445465110003
purchase_freight,HOLDOUT_15_CONTIGUOUS,2017-10,10,40453224249.491714,194423624463.4048,2,0.45614409119758015
purchase_freight,HOLDOUT_15_CONTIGUOUS,2017-10,11,40482474412.62273,194423624463.4048,2,0.4563089714806035
purchase_freight,HOLDOUT_15_CONTIGUOUS,2017-10,12,40637652851.37194,194423624463.4048,2,0.45718270249065673
purchase_freight,HOLDOUT_15_CONTIGUOUS,2017-10,13,40594833287.49648,194423624463.4048,2,0.456941774162609
purchase_freight,HOLDOUT_15_CONTIGUOUS,2017-10,14,40569611431.296234,194423624463.4048,2,0.4567998015336912
purchase_freight,HOLDOUT_15_CONTIGUOUS,2017-10,15,40608200427.68543,194423624463.4048,2,0.45701699927782524
purchase_freight,HOLDOUT_15_CONTIGUOUS,2017-11,0,1991785890360.771,1991785890360.771,2,1.0
purchase_freight,HOLDOUT_15_CONTIGUOUS,2017-11,1,1972133355826.9607,1991785890360.771,2,0.9950543750382315
purchase_freight,HOLDOUT_15_CONTIGUOUS,2017-11,2,2061817347239.1094,1991785890360.771,2,1.0174281955170108
purchase_freight,HOLDOUT_15_CONTIGUOUS,2017-11,3,2133402613038.916,1991785890360.771,2,1.0349397926810697
purchase_freight,HOLDOUT_15_CONTIGUOUS,2017-11,4,1856780520485.2388,1991785890360.771,2,0.9655148546296617
purchase_freight,HOLDOUT_15_CONTIGUOUS,2017-11,5,1919742457966.9497,1991785890360.771,2,0.9817483030408095
purchase_freight,HOLDOUT_15_CONTIGUOUS,2017-11,6,1940975790527.9954,1991785890360.771,2,0.9871626916845234
purchase_freight,HOLDOUT_15_CONTIGUOUS,2017-11,7,1946188286557.7524,1991785890360.771,2,0.9884873170736235
purchase_freight,HOLDOUT_15_CONTIGUOUS,2017-11,8,1956188474593.498,1991785890360.771,2,0.9910236578318512
purchase_freight,HOLDOUT_15_CONTIGUOUS,2017-11,9,1967087577243.463,1991785890360.771,2,0.9937806174478394
purchase_freight,HOLDOUT_15_CONTIGUOUS,2017-11,10,1968177444027.2646,1991785890360.771,2,0.9940558818839171
purchase_freight,HOLDOUT_15_CONTIGUOUS,2017-11,11,1970414819004.175,1991785890360.771,2,0.9946207303565695
purchase_freight,HOLDOUT_15_CONTIGUOUS,2017-11,12,1970283658942.5198,1991785890360.771,2,0.994587626492843
purchase_freight,HOLDOUT_15_CONTIGUOUS,2017-11,13,1975892481060.0017,1991785890360.771,2,0.9960022706806295
purchase_freight,HOLDOUT_15_CONTIGUOUS,2017-11,14,1977124918751.192,1991785890360.771,2,0.9963128441048666
purchase_freight,HOLDOUT_15_CONTIGUOUS,2017-11,15,1980515104575.8765,1991785890360.771,2,0.9971666695145592
purchase_freight,HOLDOUT_15_CONTIGUOUS,2017-12,0,3674368059565.4375,3674368059565.4375,2,1.0
purchase_freight,HOLDOUT_15_CONTIGUOUS,2017-12,1,3669006800703.879,3674368059565.4375,2,0.9992701852602084
purchase_freight,HOLDOUT_15_CONTIGUOUS,2017-12,2,3682896315542.2197,3674368059565.4375,2,1.0011598338850247
purchase_freight,HOLDOUT_15_CONTIGUOUS,2017-12,3,3867497680195.9395,3674368059565.4375,2,1.0259441095823723
purchase_freight,HOLDOUT_15_CONTIGUOUS,2017-12,4,5580529815941.242,3674368059565.4375,2,1.2323849550763433
purchase_freight,HOLDOUT_15_CONTIGUOUS,2017-12,5,6053037520851.921,3674368059565.4375,2,1.2834984672801546
purchase_freight,HOLDOUT_15_CONTIGUOUS,2017-12,6,6273905598680.047,3674368059565.4375,2,1.306705326053891
purchase_freight,HOLDOUT_15_CONTIGUOUS,2017-12,7,6361458406589.588,3674368059565.4375,2,1.3157913207747385
purchase_freight,HOLDOUT_15_CONTIGUOUS,2017-12,8,6489322124203.705,3674368059565.4375,2,1.328949070523287
purchase_freight,HOLDOUT_15_CONTIGUOUS,2017-12,9,6632177706180.238,3674368059565.4375,2,1.3434971472768296
purchase_freight,HOLDOUT_15_CONTIGUOUS,2017-12,10,6704569187771.07,3674368059565.4375,2,1.3508095109689664
purchase_freight,HOLDOUT_15_CONTIGUOUS,2017-12,11,6673893199113.295,3674368059565.4375,2,1.3477157309766812
purchase_freight,HOLDOUT_15_CONTIGUOUS,2017-12,12,6676809237688.335,3674368059565.4375,2,1.3480101289953015
purchase_freight,HOLDOUT_15_CONTIGUOUS,2017-12,13,6668583769159.055,3674368059565.4375,2,1.34717953525191
purchase_freight,HOLDOUT_15_CONTIGUOUS,2017-12,14,6657815940797.17,3674368059565.4375,2,1.3460914437568827
purchase_freight,HOLDOUT_15_CONTIGUOUS,2017-12,15,6654641818760.142,3674368059565.4375,2,1.3457705301176557
purchase_freight,HOLDOUT_15_CONTIGUOUS,2018-01,0,647715862221.674,647715862221.674,2,1.0
purchase_freight,HOLDOUT_15_CONTIGUOUS,2018-01,1,621493675152.7222,647715862221.674,2,0.9795488299701544
purchase_freight,HOLDOUT_15_CONTIGUOUS,2018-01,2,603005260642.2783,647715862221.674,2,0.9648688461750932
purchase_freight,HOLDOUT_15_CONTIGUOUS,2018-01,3,598547220887.3778,647715862221.674,2,0.9612955744099576
purchase_freight,HOLDOUT_15_CONTIGUOUS,2018-01,4,593838115145.533,647715862221.674,2,0.9575065822051668
purchase_freight,HOLDOUT_15_CONTIGUOUS,2018-01,5,591673527351.4824,647715862221.674,2,0.9557598947134868
purchase_freight,HOLDOUT_15_CONTIGUOUS,2018-01,6,587573950404.7302,647715862221.674,2,0.9524430132129351
purchase_freight,HOLDOUT_15_CONTIGUOUS,2018-01,7,587685321321.5564,647715862221.674,2,0.9525332737031887
purchase_freight,HOLDOUT_15_CONTIGUOUS,2018-01,8,584900638413.7268,647715862221.674,2,0.950273856421633
purchase_freight,HOLDOUT_15_CONTIGUOUS,2018-01,9,582841480205.0276,647715862221.674,2,0.9485996494438637
purchase_freight,HOLDOUT_15_CONTIGUOUS,2018-01,10,577017986726.1138,647715862221.674,2,0.9438487590402548
purchase_freight,HOLDOUT_15_CONTIGUOUS,2018-01,11,574380467325.085,647715862221.674,2,0.9416891463912083
purchase_freight,HOLDOUT_15_CONTIGUOUS,2018-01,12,573770389357.9205,647715862221.674,2,0.9411889061618364
purchase_freight,HOLDOUT_15_CONTIGUOUS,2018-01,13,573620442199.4016,647715862221.674,2,0.9410659146076835
purchase_freight,HOLDOUT_15_CONTIGUOUS,2018-01,14,573527041276.9365,647715862221.674,2,0.9409892959969015
purchase_freight,HOLDOUT_15_CONTIGUOUS,2018-01,15,573969009187.3094,647715862221.674,2,0.9413517958893879
purchase_freight,HOLDOUT_15_CONTIGUOUS,2018-02,0,783166030125.1906,783166030125.1906,2,1.0
purchase_freight,HOLDOUT_15_CONTIGUOUS,2018-02,1,395343848306.4468,783166030125.1906,2,0.7104942570766483
purchase_freight,HOLDOUT_15_CONTIGUOUS,2018-02,2,378818668183.361,783166030125.1906,2,0.6954865980759148
purchase_freight,HOLDOUT_15_CONTIGUOUS,2018-02,3,378267407761.6371,783166030125.1906,2,0.6949803745858164
purchase_freight,HOLDOUT_15_CONTIGUOUS,2018-02,4,370171201815.9391,783166030125.1906,2,0.6875026771371638
purchase_freight,HOLDOUT_15_CONTIGUOUS,2018-02,5,366860366256.83496,783166030125.1906,2,0.6844212369447498
purchase_freight,HOLDOUT_15_CONTIGUOUS,2018-02,6,360047985938.71655,783166030125.1906,2,0.6780368102394561
purchase_freight,HOLDOUT_15_CONTIGUOUS,2018-02,7,356494656747.90967,783166030125.1906,2,0.674682726976694
purchase_freight,HOLDOUT_15_CONTIGUOUS,2018-02,8,348728059568.9945,783166030125.1906,2,0.6672929335226738
purchase_freight,HOLDOUT_15_CONTIGUOUS,2018-02,9,348553814235.08435,783166030125.1906,2,0.6671262030221484
purchase_freight,HOLDOUT_15_CONTIGUOUS,2018-02,10,345260095402.59033,783166030125.1906,2,0.6639666596127008
purchase_freight,HOLDOUT_15_CONTIGUOUS,2018-02,11,343945720750.5631,783166030125.1906,2,0.6627016233148728
purchase_freight,HOLDOUT_15_CONTIGUOUS,2018-02,12,342105627137.16986,783166030125.1906,2,0.6609265345349521
purchase_freight,HOLDOUT_15_CONTIGUOUS,2018-02,13,341837391735.2538,783166030125.1906,2,0.6606673767704756
purchase_freight,HOLDOUT_15_CONTIGUOUS,2018-02,14,341255602589.77484,783166030125.1906,2,0.6601049269022591
purchase_freight,HOLDOUT_15_CONTIGUOUS,2018-02,15,340878470478.5755,783166030125.1906,2,0.6597400748961264
purchase_freight,HOLDOUT_15_CONTIGUOUS,2018-03,0,1087918519768.8331,1087918519768.8331,2,1.0
purchase_freight,HOLDOUT_15_CONTIGUOUS,2018-03,1,361581206879.6296,1087918519768.8331,2,0.5765072059766361
purchase_freight,HOLDOUT_15_CONTIGUOUS,2018-03,2,336642766081.26306,1087918519768.8331,2,0.5562710497659007
purchase_freight,HOLDOUT_15_CONTIGUOUS,2018-03,3,331724229425.748,1087918519768.8331,2,0.5521923834938518
purchase_freight,HOLDOUT_15_CONTIGUOUS,2018-03,4,320277031858.04944,1087918519768.8331,2,0.5425811636012391
purchase_freight,HOLDOUT_15_CONTIGUOUS,2018-03,5,310818434560.7992,1087918519768.8331,2,0.5345092181557886
purchase_freight,HOLDOUT_15_CONTIGUOUS,2018-03,6,302376380157.92505,1087918519768.8331,2,0.527200419178457
purchase_freight,HOLDOUT_15_CONTIGUOUS,2018-03,7,297693860835.27783,1087918519768.8331,2,0.5231024502957995
purchase_freight,HOLDOUT_15_CONTIGUOUS,2018-03,8,290539806271.5043,1087918519768.8331,2,0.5167787372159389
purchase_freight,HOLDOUT_15_CONTIGUOUS,2018-03,9,288989883141.2589,1087918519768.8331,2,0.5153984816087525
purchase_freight,HOLDOUT_15_CONTIGUOUS,2018-03,10,285425390339.1492,1087918519768.8331,2,0.5122100752967759
purchase_freight,HOLDOUT_15_CONTIGUOUS,2018-03,11,283655418746.14,1087918519768.8331,2,0.5106194544557124
purchase_freight,HOLDOUT_15_CONTIGUOUS,2018-03,12,282850235455.12646,1087918519768.8331,2,0.5098942181175571
purchase_freight,HOLDOUT_15_CONTIGUOUS,2018-03,13,283609756531.42444,1087918519768.8331,2,0.5105783536128554
purchase_freight,HOLDOUT_15_CONTIGUOUS,2018-03,14,283520787138.549,1087918519768.8331,2,0.5104982622051879
purchase_freight,HOLDOUT_15_CONTIGUOUS,2018-03,15,283622510726.77246,1087918519768.8331,2,0.5105898340762409
purchase_freight,HOLDOUT_15_CONTIGUOUS,2018-04,0,893496272852.0039,893496272852.0039,2,1.0
purchase_freight,HOLDOUT_15_CONTIGUOUS,2018-04,1,403117205205.09894,893496272852.0039,2,0.6716906371274397
purchase_freight,HOLDOUT_15_CONTIGUOUS,2018-04,2,394995109232.6936,893496272852.0039,2,0.6648895182978543
purchase_freight,HOLDOUT_15_CONTIGUOUS,2018-04,3,380219024534.2001,893496272852.0039,2,0.6523348025038578
purchase_freight,HOLDOUT_15_CONTIGUOUS,2018-04,4,360579453928.2391,893496272852.0039,2,0.6352638111401095
purchase_freight,HOLDOUT_15_CONTIGUOUS,2018-04,5,352095676096.8331,893496272852.0039,2,0.6277460277546257
purchase_freight,HOLDOUT_15_CONTIGUOUS,2018-04,6,337072698452.7328,893496272852.0039,2,0.614207925768303
purchase_freight,HOLDOUT_15_CONTIGUOUS,2018-04,7,328946244524.8484,893496272852.0039,2,0.6067588138589605
purchase_freight,HOLDOUT_15_CONTIGUOUS,2018-04,8,318170231335.286,893496272852.0039,2,0.5967375944574939
purchase_freight,HOLDOUT_15_CONTIGUOUS,2018-04,9,316076390191.5768,893496272852.0039,2,0.5947708231254012
purchase_freight,HOLDOUT_15_CONTIGUOUS,2018-04,10,311181417924.94,893496272852.0039,2,0.5901473415304407
purchase_freight,HOLDOUT_15_CONTIGUOUS,2018-04,11,312036589687.7801,893496272852.0039,2,0.5909576905058092
purchase_freight,HOLDOUT_15_CONTIGUOUS,2018-04,12,311586060165.6029,893496272852.0039,2,0.5905309135391474
purchase_freight,HOLDOUT_15_CONTIGUOUS,2018-04,13,312027651303.4088,893496272852.0039,2,0.5909492263625201
purchase_freight,HOLDOUT_15_CONTIGUOUS,2018-04,14,311939624861.54785,893496272852.0039,2,0.5908658638354941
purchase_freight,HOLDOUT_15_CONTIGUOUS,2018-04,15,312112692047.1085,893496272852.0039,2,0.5910297502164442
purchase_freight,HOLDOUT_15_CONTIGUOUS,2018-05,0,1026248821637.1644,1026248821637.1644,2,1.0
purchase_freight,HOLDOUT_15_CONTIGUOUS,2018-05,1,554538754981.9626,1026248821637.1644,2,0.7350884784159819
purchase_freight,HOLDOUT_15_CONTIGUOUS,2018-05,2,541016237579.17456,1026248821637.1644,2,0.7260705372944514
purchase_freight,HOLDOUT_15_CONTIGUOUS,2018-05,3,500797408056.10583,1026248821637.1644,2,0.6985615867329289
purchase_freight,HOLDOUT_15_CONTIGUOUS,2018-05,4,459654295836.3013,1026248821637.1644,2,0.6692514578860966
purchase_freight,HOLDOUT_15_CONTIGUOUS,2018-05,5,446656068082.6377,1026248821637.1644,2,0.6597209618996849
purchase_freight,HOLDOUT_15_CONTIGUOUS,2018-05,6,428595997966.9231,1026248821637.1644,2,0.646245779780335
purchase_freight,HOLDOUT_15_CONTIGUOUS,2018-05,7,420626483783.0474,1026248821637.1644,2,0.6402092888280881
purchase_freight,HOLDOUT_15_CONTIGUOUS,2018-05,8,411288015806.8237,1026248821637.1644,2,0.6330626506642787
purchase_freight,HOLDOUT_15_CONTIGUOUS,2018-05,9,408486861552.9719,1026248821637.1644,2,0.630903171475579
purchase_freight,HOLDOUT_15_CONTIGUOUS,2018-05,10,406475975688.209,1026248821637.1644,2,0.629348360793548
purchase_freight,HOLDOUT_15_CONTIGUOUS,2018-05,11,406008626680.0912,1026248821637.1644,2,0.6289864575795199
purchase_freight,HOLDOUT_15_CONTIGUOUS,2018-05,12,405533130216.55615,1026248821637.1644,2,0.6286180313505229
purchase_freight,HOLDOUT_15_CONTIGUOUS,2018-05,13,404845833972.8075,1026248821637.1644,2,0.6280851155507176
purchase_freight,HOLDOUT_15_CONTIGUOUS,2018-05,14,404794112337.52295,1026248821637.1644,2,0.6280449933311285
purchase_freight,HOLDOUT_15_CONTIGUOUS,2018-05,15,404017359022.55927,1026248821637.1644,2,0.6274421309552394
purchase_freight,HOLDOUT_15_CONTIGUOUS,2018-06,0,552621982071.3871,552621982071.3871,2,1.0
purchase_freight,HOLDOUT_15_CONTIGUOUS,2018-06,1,738602942514.5391,552621982071.3871,2,1.15608945171517
purchase_freight,HOLDOUT_15_CONTIGUOUS,2018-06,2,753688958518.0098,552621982071.3871,2,1.1678363753472345
purchase_freight,HOLDOUT_15_CONTIGUOUS,2018-06,3,739539973710.4734,552621982071.3871,2,1.1568225577295639
purchase_freight,HOLDOUT_15_CONTIGUOUS,2018-06,4,712058942831.5105,552621982071.3871,2,1.13512553790902
purchase_freight,HOLDOUT_15_CONTIGUOUS,2018-06,5,679762120892.1464,552621982071.3871,2,1.1090839028838249
purchase_freight,HOLDOUT_15_CONTIGUOUS,2018-06,6,668994108495.9796,552621982071.3871,2,1.1002644184223764
purchase_freight,HOLDOUT_15_CONTIGUOUS,2018-06,7,666314285845.5337,552621982071.3871,2,1.0980585154459737
purchase_freight,HOLDOUT_15_CONTIGUOUS,2018-06,8,661219270004.4866,552621982071.3871,2,1.093852270995348
purchase_freight,HOLDOUT_15_CONTIGUOUS,2018-06,9,655351766150.8457,552621982071.3871,2,1.088988162678395
purchase_freight,HOLDOUT_15_CONTIGUOUS,2018-06,10,648478346151.64,552621982071.3871,2,1.0832623806445174
purchase_freight,HOLDOUT_15_CONTIGUOUS,2018-06,11,645776832586.4396,552621982071.3871,2,1.0810036296462615
purchase_freight,HOLDOUT_15_CONTIGUOUS,2018-06,12,644296599066.6632,552621982071.3871,2,1.0797639941187864
purchase_freight,HOLDOUT_15_CONTIGUOUS,2018-06,13,643533982806.2319,552621982071.3871,2,1.0791247781187627
purchase_freight,HOLDOUT_15_CONTIGUOUS,2018-06,14,642648506860.449,552621982071.3871,2,1.0783821071947206
purchase_freight,HOLDOUT_15_CONTIGUOUS,2018-06,15,642285685293.2899,552621982071.3871,2,1.0780776518655406
purchase_freight,HOLDOUT_15_CONTIGUOUS,2018-07,0,491878068708.90936,491878068708.90936,2,1.0
purchase_freight,HOLDOUT_15_CONTIGUOUS,2018-07,1,427957140214.3176,491878068708.90936,2,0.9327632109547944
purchase_freight,HOLDOUT_15_CONTIGUOUS,2018-07,2,450323725084.80347,491878068708.90936,2,0.9568275786392313
purchase_freight,HOLDOUT_15_CONTIGUOUS,2018-07,3,421097242117.45044,491878068708.90936,2,0.9252571907903211
purchase_freight,HOLDOUT_15_CONTIGUOUS,2018-07,4,391919722584.52954,491878068708.90936,2,0.8926266110861746
purchase_freight,HOLDOUT_15_CONTIGUOUS,2018-07,5,369183550741.38293,491878068708.90936,2,0.8663481286634855
purchase_freight,HOLDOUT_15_CONTIGUOUS,2018-07,6,356343887134.38403,491878068708.90936,2,0.851149654087401
purchase_freight,HOLDOUT_15_CONTIGUOUS,2018-07,7,352508597467.32825,491878068708.90936,2,0.8465568481086014
purchase_freight,HOLDOUT_15_CONTIGUOUS,2018-07,8,346616644798.8566,491878068708.90936,2,0.8394522112214353
purchase_freight,HOLDOUT_15_CONTIGUOUS,2018-07,9,343668825980.9365,491878068708.90936,2,0.8358750074222802
purchase_freight,HOLDOUT_15_CONTIGUOUS,2018-07,10,340169805693.86,491878068708.90936,2,0.831608943695994
purchase_freight,HOLDOUT_15_CONTIGUOUS,2018-07,11,340251131316.56744,491878068708.90936,2,0.8317083456304731
purchase_freight,HOLDOUT_15_CONTIGUOUS,2018-07,12,339664366608.4103,491878068708.90936,2,0.8309908936687747
purchase_freight,HOLDOUT_15_CONTIGUOUS,2018-07,13,339294638225.1618,491878068708.90936,2,0.8305384991815473
purchase_freight,HOLDOUT_15_CONTIGUOUS,2018-07,14,339366588978.42505,491878068708.90936,2,0.8306265564276302
purchase_freight,HOLDOUT_15_CONTIGUOUS,2018-07,15,339756328144.2413,491878068708.90936,2,0.8311033782779607
purchase_freight,HOLDOUT_15_CONTIGUOUS,2018-08,0,1220206591781.9827,1220206591781.9827,2,1.0
purchase_freight,HOLDOUT_15_CONTIGUOUS,2018-08,1,635946601528.6312,1220206591781.9827,2,0.7219275939677566
purchase_freight,HOLDOUT_15_CONTIGUOUS,2018-08,2,553053337126.4032,1220206591781.9827,2,0.6732352159405407
purchase_freight,HOLDOUT_15_CONTIGUOUS,2018-08,3,513156840574.18414,1220206591781.9827,2,0.6484976070690481
purchase_freight,HOLDOUT_15_CONTIGUOUS,2018-08,4,461835847822.6187,1220206591781.9827,2,0.6152153127848305
purchase_freight,HOLDOUT_15_CONTIGUOUS,2018-08,5,459371083059.89813,1220206591781.9827,2,0.6135714499172937
purchase_freight,HOLDOUT_15_CONTIGUOUS,2018-08,6,455778265255.2887,1220206591781.9827,2,0.6111673176226415
purchase_freight,HOLDOUT_15_CONTIGUOUS,2018-08,7,451186091665.6064,1220206591781.9827,2,0.60808062846034
purchase_freight,HOLDOUT_15_CONTIGUOUS,2018-08,8,446290755428.6241,1220206591781.9827,2,0.6047728163421559
purchase_freight,HOLDOUT_15_CONTIGUOUS,2018-08,9,447375953436.44415,1220206591781.9827,2,0.6055076509416469
purchase_freight,HOLDOUT_15_CONTIGUOUS,2018-08,10,444526786274.3531,1220206591781.9827,2,0.6035764473785692
purchase_freight,HOLDOUT_15_CONTIGUOUS,2018-08,11,444160294351.05664,1220206591781.9827,2,0.6033275855414226
purchase_freight,HOLDOUT_15_CONTIGUOUS,2018-08,12,444013131133.5783,1220206591781.9827,2,0.6032276272769062
purchase_freight,HOLDOUT_15_CONTIGUOUS,2018-08,13,443787757598.5294,1220206591781.9827,2,0.6030745137884542
purchase_freight,HOLDOUT_15_CONTIGUOUS,2018-08,14,443647172594.3016,1220206591781.9827,2,0.602978983946562
purchase_freight,HOLDOUT_15_CONTIGUOUS,2018-08,15,443612796068.21906,1220206591781.9827,2,0.602955622223999
purchase_volume,HOLDOUT_03_CONTIGUOUS,2017-04,0,85027000.82848442,85027000.82848442,10,1.0
purchase_volume,HOLDOUT_03_CONTIGUOUS,2017-04,1,32410944.606685366,85027000.82848442,10,0.6174011215806345
purchase_volume,HOLDOUT_03_CONTIGUOUS,2017-04,2,25877373.496307816,85027000.82848442,10,0.5516729208171874
purchase_volume,HOLDOUT_03_CONTIGUOUS,2017-04,3,25248308.26649113,85027000.82848442,10,0.5449262283198986
purchase_volume,HOLDOUT_03_CONTIGUOUS,2017-04,4,23297651.417331804,85027000.82848442,10,0.5234529374870518
purchase_volume,HOLDOUT_03_CONTIGUOUS,2017-04,5,20571236.35074547,85027000.82848442,10,0.4918716216132232
purchase_volume,HOLDOUT_03_CONTIGUOUS,2017-04,6,20827620.901672374,85027000.82848442,10,0.49492729076344566
purchase_volume,HOLDOUT_03_CONTIGUOUS,2017-04,7,20860872.812275447,85027000.82848442,10,0.4953222162019075
purchase_volume,HOLDOUT_03_CONTIGUOUS,2017-04,8,20813019.7275226,85027000.82848442,10,0.4947537763093103
purchase_volume,HOLDOUT_03_CONTIGUOUS,2017-04,9,20960951.99638203,85027000.82848442,10,0.496508938628588
purchase_volume,HOLDOUT_03_CONTIGUOUS,2017-04,10,21355575.080678232,85027000.82848442,10,0.5011609286110226
purchase_volume,HOLDOUT_03_CONTIGUOUS,2017-04,11,21824033.986650445,85027000.82848442,10,0.506627878696921
purchase_volume,HOLDOUT_03_CONTIGUOUS,2017-04,12,22746827.16553938,85027000.82848442,10,0.5172279481057269
purchase_volume,HOLDOUT_03_CONTIGUOUS,2017-04,13,24172544.553591173,85027000.82848442,10,0.5331909316853762
purchase_volume,HOLDOUT_03_CONTIGUOUS,2017-04,14,24125334.23171041,85027000.82848442,10,0.5326700014600825
purchase_volume,HOLDOUT_03_CONTIGUOUS,2017-04,15,24325534.52004902,85027000.82848442,10,0.5348755743410373
purchase_volume,HOLDOUT_03_CONTIGUOUS,2017-04,16,24585276.741109587,85027000.82848442,10,0.5377236283428083
purchase_volume,HOLDOUT_03_CONTIGUOUS,2017-04,17,24732187.790148944,85027000.82848442,10,0.5393278380617141
purchase_volume,HOLDOUT_03_CONTIGUOUS,2017-04,18,24296161.370792024,85027000.82848442,10,0.5345525449396789
purchase_volume,HOLDOUT_03_CONTIGUOUS,2017-04,19,24102289.088687792,85027000.82848442,10,0.532415530597444
purchase_volume,HOLDOUT_03_CONTIGUOUS,2017-04,20,24042532.51840108,85027000.82848442,10,0.5317551146863404
purchase_volume,HOLDOUT_03_CONTIGUOUS,2017-04,21,24054199.7364097,85027000.82848442,10,0.5318841225259988
purchase_volume,HOLDOUT_03_CONTIGUOUS,2017-04,22,24476140.58142304,85027000.82848442,10,0.5365288001456979
purchase_volume,HOLDOUT_03_CONTIGUOUS,2017-04,23,25110281.292064253,85027000.82848442,10,0.5434346908462482
purchase_volume,HOLDOUT_03_CONTIGUOUS,2017-04,24,25278601.407173373,85027000.82848442,10,0.545253033946264
purchase_volume,HOLDOUT_03_CONTIGUOUS,2017-04,25,25681521.41845198,85027000.82848442,10,0.5495812962288059
purchase_volume,HOLDOUT_03_CONTIGUOUS,2017-04,26,26111253.381060757,85027000.82848442,10,0.5541603250457648
purchase_volume,HOLDOUT_03_CONTIGUOUS,2017-04,27,26583845.03094343,85027000.82848442,10,0.5591527537608731
purchase_volume,HOLDOUT_03_CONTIGUOUS,2017-05,0,227268137.4217535,227268137.4217535,10,1.0
purchase_volume,HOLDOUT_03_CONTIGUOUS,2017-05,1,74102550.54207447,227268137.4217535,10,0.5710147171788145
purchase_volume,HOLDOUT_03_CONTIGUOUS,2017-05,2,57238079.18794842,227268137.4217535,10,0.5018492150812227
purchase_volume,HOLDOUT_03_CONTIGUOUS,2017-05,3,50009806.73969681,227268137.4217535,10,0.46909230817780156
purchase_volume,HOLDOUT_03_CONTIGUOUS,2017-05,4,42153926.859952115,227268137.4217535,10,0.4306750794240688
purchase_volume,HOLDOUT_03_CONTIGUOUS,2017-05,5,37053641.356164955,227268137.4217535,10,0.4037812707422375
purchase_volume,HOLDOUT_03_CONTIGUOUS,2017-05,6,37011950.336104035,227268137.4217535,10,0.403554048931775
purchase_volume,HOLDOUT_03_CONTIGUOUS,2017-05,7,34718608.620745726,227268137.4217535,10,0.3908515870152059
purchase_volume,HOLDOUT_03_CONTIGUOUS,2017-05,8,35233839.762836844,227268137.4217535,10,0.393741064510193
purchase_volume,HOLDOUT_03_CONTIGUOUS,2017-05,9,35112649.70580558,227268137.4217535,10,0.3930633267828165
purchase_volume,HOLDOUT_03_CONTIGUOUS,2017-05,10,34835210.10787916,227268137.4217535,10,0.39150736899457333
purchase_volume,HOLDOUT_03_CONTIGUOUS,2017-05,11,34747473.998467326,227268137.4217535,10,0.39101403210025004
purchase_volume,HOLDOUT_03_CONTIGUOUS,2017-05,12,34887512.70199743,227268137.4217535,10,0.3918011690115924
purchase_volume,HOLDOUT_03_CONTIGUOUS,2017-05,13,34949969.96288,227268137.4217535,10,0.39215172259824094
purchase_volume,HOLDOUT_03_CONTIGUOUS,2017-05,14,34828578.12495318,227268137.4217535,10,0.3914700993215855
purchase_volume,HOLDOUT_03_CONTIGUOUS,2017-05,15,35019449.273942225,227268137.4217535,10,0.3925413209834909
purchase_volume,HOLDOUT_03_CONTIGUOUS,2017-05,16,35362840.60990691,227268137.4217535,10,0.39446120350664704
purchase_volume,HOLDOUT_03_CONTIGUOUS,2017-05,17,35815175.22025727,227268137.4217535,10,0.39697601130609866
purchase_volume,HOLDOUT_03_CONTIGUOUS,2017-05,18,36887922.766122594,227268137.4217535,10,0.40287732385933417
purchase_volume,HOLDOUT_03_CONTIGUOUS,2017-05,19,37072671.69109317,227268137.4217535,10,0.40388494619998
purchase_volume,HOLDOUT_03_CONTIGUOUS,2017-05,20,37784495.00507344,227268137.4217535,10,0.40774395838813565
purchase_volume,HOLDOUT_03_CONTIGUOUS,2017-05,21,38529796.160330296,227268137.4217535,10,0.41174570661221527
purchase_volume,HOLDOUT_03_CONTIGUOUS,2017-05,22,39094469.35823116,227268137.4217535,10,0.41475190073338547
purchase_volume,HOLDOUT_03_CONTIGUOUS,2017-05,23,40003062.81000036,227268137.4217535,10,0.4195438369092607
purchase_volume,HOLDOUT_03_CONTIGUOUS,2017-05,24,40757134.35360709,227268137.4217535,10,0.423479648729663
purchase_volume,HOLDOUT_03_CONTIGUOUS,2017-05,25,40975498.846222386,227268137.4217535,10,0.42461257171668954
purchase_volume,HOLDOUT_03_CONTIGUOUS,2017-05,26,41199299.17816099,227268137.4217535,10,0.4257705689776845
purchase_volume,HOLDOUT_03_CONTIGUOUS,2017-05,27,41268962.81648275,227268137.4217535,10,0.4261303833412951
purchase_volume,HOLDOUT_03_CONTIGUOUS,2017-06,0,231962450.52892554,231962450.52892554,10,1.0
purchase_volume,HOLDOUT_03_CONTIGUOUS,2017-06,1,72822487.5474511,231962450.52892554,10,0.5603042425544988
purchase_volume,HOLDOUT_03_CONTIGUOUS,2017-06,2,68133318.9083747,231962450.52892554,10,0.5419646100815023
purchase_volume,HOLDOUT_03_CONTIGUOUS,2017-06,3,56280612.69625504,231962450.52892554,10,0.4925729564978077
purchase_volume,HOLDOUT_03_CONTIGUOUS,2017-06,4,44650227.997029364,231962450.52892554,10,0.43873572212959994
purchase_volume,HOLDOUT_03_CONTIGUOUS,2017-06,5,44794812.157734,231962450.52892554,10,0.43944549416853756
purchase_volume,HOLDOUT_03_CONTIGUOUS,2017-06,6,44732941.96485468,231962450.52892554,10,0.43914191021742893
purchase_volume,HOLDOUT_03_CONTIGUOUS,2017-06,7,44491361.162067905,231962450.52892554,10,0.43795450926246754
purchase_volume,HOLDOUT_03_CONTIGUOUS,2017-06,8,45476073.72264333,231962450.52892554,10,0.44277453625516094
purchase_volume,HOLDOUT_03_CONTIGUOUS,2017-06,9,45620496.77835324,231962450.52892554,10,0.4434770612984737
purchase_volume,HOLDOUT_03_CONTIGUOUS,2017-06,10,45609446.33439519,231962450.52892554,10,0.443423347337007
purchase_volume,HOLDOUT_03_CONTIGUOUS,2017-06,11,45290816.13641743,231962450.52892554,10,0.44187174226741005
purchase_volume,HOLDOUT_03_CONTIGUOUS,2017-06,12,45043001.03420915,231962450.52892554,10,0.4406612022383208
purchase_volume,HOLDOUT_03_CONTIGUOUS,2017-06,13,44869841.01495779,231962450.52892554,10,0.4398133637611133
purchase_volume,HOLDOUT_03_CONTIGUOUS,2017-06,14,45091379.4464114,231962450.52892554,10,0.44089778469939095
purchase_volume,HOLDOUT_03_CONTIGUOUS,2017-06,15,45233871.83875194,231962450.52892554,10,0.441593871473331
purchase_volume,HOLDOUT_03_CONTIGUOUS,2017-06,16,45488110.0222918,231962450.52892554,10,0.44283312766345884
purchase_volume,HOLDOUT_03_CONTIGUOUS,2017-06,17,45681036.59397795,231962450.52892554,10,0.44377121765675925
purchase_volume,HOLDOUT_03_CONTIGUOUS,2017-06,18,46199580.94063742,231962450.52892554,10,0.4462828255444823
purchase_volume,HOLDOUT_03_CONTIGUOUS,2017-06,19,46081203.72120035,231962450.52892554,10,0.44571070341991964
purchase_volume,HOLDOUT_03_CONTIGUOUS,2017-06,20,45744196.837948784,231962450.52892554,10,0.44407789870850345
purchase_volume,HOLDOUT_03_CONTIGUOUS,2017-06,21,45173850.89785315,231962450.52892554,10,0.44130079819914975
purchase_volume,HOLDOUT_03_CONTIGUOUS,2017-06,22,44380594.1091788,231962450.52892554,10,0.4374089970524516
purchase_volume,HOLDOUT_03_CONTIGUOUS,2017-06,23,43896726.83191083,231962450.52892554,10,0.4350179976386562
purchase_volume,HOLDOUT_03_CONTIGUOUS,2017-06,24,43924281.16254862,231962450.52892554,10,0.43515450837840025
purchase_volume,HOLDOUT_03_CONTIGUOUS,2017-06,25,43781677.15405505,231962450.52892554,10,0.43444755058589657
purchase_volume,HOLDOUT_03_CONTIGUOUS,2017-06,26,44215256.366285704,231962450.52892554,10,0.4365934638237127
purchase_volume,HOLDOUT_03_CONTIGUOUS,2017-06,27,44272231.22672767,231962450.52892554,10,0.4368746658970394
purchase_volume,HOLDOUT_03_CONTIGUOUS,2017-07,0,214240888.99208373,214240888.99208373,10,1.0
purchase_volume,HOLDOUT_03_CONTIGUOUS,2017-07,1,107099505.87566353,214240888.99208373,10,0.7070376694305441
purchase_volume,HOLDOUT_03_CONTIGUOUS,2017-07,2,105344838.04903622,214240888.99208373,10,0.7012218642336657
purchase_volume,HOLDOUT_03_CONTIGUOUS,2017-07,3,93577745.53309178,214240888.99208373,10,0.660899020341216
purchase_volume,HOLDOUT_03_CONTIGUOUS,2017-07,4,73617773.06659254,214240888.99208373,10,0.5861923643337742
purchase_volume,HOLDOUT_03_CONTIGUOUS,2017-07,5,67651270.44388288,214240888.99208373,10,0.5619359246452189
purchase_volume,HOLDOUT_03_CONTIGUOUS,2017-07,6,65993134.80179115,214240888.99208373,10,0.5550066648917398
purchase_volume,HOLDOUT_03_CONTIGUOUS,2017-07,7,65227326.67001575,214240888.99208373,10,0.5517770193274929
purchase_volume,HOLDOUT_03_CONTIGUOUS,2017-07,8,65163050.22654529,214240888.99208373,10,0.5515050857084164
purchase_volume,HOLDOUT_03_CONTIGUOUS,2017-07,9,68383934.92050613,214240888.99208373,10,0.5649706184139467
purchase_volume,HOLDOUT_03_CONTIGUOUS,2017-07,10,71267230.32665478,214240888.99208373,10,0.5767581759120087
purchase_volume,HOLDOUT_03_CONTIGUOUS,2017-07,11,72093326.33784744,214240888.99208373,10,0.5800912986763419
purchase_volume,HOLDOUT_03_CONTIGUOUS,2017-07,12,70995666.2923646,214240888.99208373,10,0.5756582575623009
purchase_volume,HOLDOUT_03_CONTIGUOUS,2017-07,13,70385048.1929986,214240888.99208373,10,0.5731773566375975
purchase_volume,HOLDOUT_03_CONTIGUOUS,2017-07,14,69907990.55677293,214240888.99208373,10,0.5712316057381263
purchase_volume,HOLDOUT_03_CONTIGUOUS,2017-07,15,69983109.3354905,214240888.99208373,10,0.571538428315
purchase_volume,HOLDOUT_03_CONTIGUOUS,2017-07,16,69767140.44759701,214240888.99208373,10,0.5706558589541422
purchase_volume,HOLDOUT_03_CONTIGUOUS,2017-07,17,69875056.91867308,214240888.99208373,10,0.5710970363490224
purchase_volume,HOLDOUT_03_CONTIGUOUS,2017-07,18,69983826.58259895,214240888.99208373,10,0.5715413571162395
purchase_volume,HOLDOUT_03_CONTIGUOUS,2017-07,19,70052725.9614403,214240888.99208373,10,0.5718226303690569
purchase_volume,HOLDOUT_03_CONTIGUOUS,2017-07,20,69913930.30537456,214240888.99208373,10,0.5712558726354885
purchase_volume,HOLDOUT_03_CONTIGUOUS,2017-07,21,70496606.5304556,214240888.99208373,10,0.5736314118511742
purchase_volume,HOLDOUT_03_CONTIGUOUS,2017-07,22,71710395.15516916,214240888.99208373,10,0.5785486398915355
purchase_volume,HOLDOUT_03_CONTIGUOUS,2017-07,23,73140943.04550302,214240888.99208373,10,0.5842908656324577
purchase_volume,HOLDOUT_03_CONTIGUOUS,2017-07,24,73777626.95116808,214240888.99208373,10,0.5868284492755648
purchase_volume,HOLDOUT_03_CONTIGUOUS,2017-07,25,73949339.22921209,214240888.99208373,10,0.5875109535175981
purchase_volume,HOLDOUT_03_CONTIGUOUS,2017-07,26,73889176.0822047,214240888.99208373,10,0.5872719135180803
purchase_volume,HOLDOUT_03_CONTIGUOUS,2017-07,27,73567930.79228869,214240888.99208373,10,0.5859938925084137
purchase_volume,HOLDOUT_03_CONTIGUOUS,2017-08,0,352980850.95975107,352980850.95975107,10,1.0
purchase_volume,HOLDOUT_03_CONTIGUOUS,2017-08,1,96786466.59209675,352980850.95975107,10,0.5236387105451905
purchase_volume,HOLDOUT_03_CONTIGUOUS,2017-08,2,92707053.4459353,352980850.95975107,10,0.5124845959370793
purchase_volume,HOLDOUT_03_CONTIGUOUS,2017-08,3,78785691.54399838,352980850.95975107,10,0.4724415686388627
purchase_volume,HOLDOUT_03_CONTIGUOUS,2017-08,4,53139510.40231226,352980850.95975107,10,0.3880013185742507
purchase_volume,HOLDOUT_03_CONTIGUOUS,2017-08,5,54579423.98313068,352980850.95975107,10,0.39322298992173127
purchase_volume,HOLDOUT_03_CONTIGUOUS,2017-08,6,52141248.82957733,352980850.95975107,10,0.3843396067731011
purchase_volume,HOLDOUT_03_CONTIGUOUS,2017-08,7,49029263.17220496,352980850.95975107,10,0.37269375053569376
purchase_volume,HOLDOUT_03_CONTIGUOUS,2017-08,8,48385533.19451655,352980850.95975107,10,0.37023902426481986
purchase_volume,HOLDOUT_03_CONTIGUOUS,2017-08,9,47362365.593810715,352980850.95975107,10,0.366303543608423
purchase_volume,HOLDOUT_03_CONTIGUOUS,2017-08,10,46365856.498244494,352980850.95975107,10,0.36242952552615376
purchase_volume,HOLDOUT_03_CONTIGUOUS,2017-08,11,44955781.16183546,352980850.95975107,10,0.3568758839927755
purchase_volume,HOLDOUT_03_CONTIGUOUS,2017-08,12,43112720.314089246,352980850.95975107,10,0.3494838734269815
purchase_volume,HOLDOUT_03_CONTIGUOUS,2017-08,13,37742476.292544305,352980850.95975107,10,0.32699387855247014
purchase_volume,HOLDOUT_03_CONTIGUOUS,2017-08,14,36950516.73587097,352980850.95975107,10,0.3235449944124975
purchase_volume,HOLDOUT_03_CONTIGUOUS,2017-08,15,36668794.416994065,352980850.95975107,10,0.32230923022847174
purchase_volume,HOLDOUT_03_CONTIGUOUS,2017-08,16,36600921.89361322,352980850.95975107,10,0.3220108010958478
purchase_volume,HOLDOUT_03_CONTIGUOUS,2017-08,17,36683354.01364524,352980850.95975107,10,0.32237321142474096
purchase_volume,HOLDOUT_03_CONTIGUOUS,2017-08,18,36716637.044852816,352980850.95975107,10,0.3225194238595076
purchase_volume,HOLDOUT_03_CONTIGUOUS,2017-08,19,36847543.60443063,352980850.95975107,10,0.32309385478013
purchase_volume,HOLDOUT_03_CONTIGUOUS,2017-08,20,37169884.75790844,352980850.95975107,10,0.32450398499566974
purchase_volume,HOLDOUT_03_CONTIGUOUS,2017-08,21,37226662.09072686,352980850.95975107,10,0.3247517317987521
purchase_volume,HOLDOUT_03_CONTIGUOUS,2017-08,22,37336693.0257317,352980850.95975107,10,0.32523131242462466
purchase_volume,HOLDOUT_03_CONTIGUOUS,2017-08,23,37395103.19858132,352980850.95975107,10,0.32548561177070984
purchase_volume,HOLDOUT_03_CONTIGUOUS,2017-08,24,37358077.15509447,352980850.95975107,10,0.3253244351995945
purchase_volume,HOLDOUT_03_CONTIGUOUS,2017-08,25,37306694.40856764,352980850.95975107,10,0.32510063065596184
purchase_volume,HOLDOUT_03_CONTIGUOUS,2017-08,26,37008597.45597796,352980850.95975107,10,0.3237991768877327
purchase_volume,HOLDOUT_03_CONTIGUOUS,2017-08,27,37134218.04958624,352980850.95975107,10,0.3243482572220608
purchase_volume,HOLDOUT_03_CONTIGUOUS,2017-09,0,316774155.1925708,316774155.1925708,10,1.0
purchase_volume,HOLDOUT_03_CONTIGUOUS,2017-09,1,120305105.41929746,316774155.1925708,10,0.6162645105821869
purchase_volume,HOLDOUT_03_CONTIGUOUS,2017-09,2,97319642.15293792,316774155.1925708,10,0.5542751153226995
purchase_volume,HOLDOUT_03_CONTIGUOUS,2017-09,3,74334314.08187939,316774155.1925708,10,0.4844174715228004
purchase_volume,HOLDOUT_03_CONTIGUOUS,2017-09,4,76063629.02024668,316774155.1925708,10,0.4900198243149788
purchase_volume,HOLDOUT_03_CONTIGUOUS,2017-09,5,76347097.29972544,316774155.1925708,10,0.4909320599235417
purchase_volume,HOLDOUT_03_CONTIGUOUS,2017-09,6,74875067.08588775,316774155.1925708,10,0.48617625234187184
purchase_volume,HOLDOUT_03_CONTIGUOUS,2017-09,7,75560823.69043547,316774155.1925708,10,0.4883975437029324
purchase_volume,HOLDOUT_03_CONTIGUOUS,2017-09,8,77300589.40508023,316774155.1925708,10,0.49398815112625233
purchase_volume,HOLDOUT_03_CONTIGUOUS,2017-09,9,79295076.54725882,316774155.1925708,10,0.500320434043381
purchase_volume,HOLDOUT_03_CONTIGUOUS,2017-09,10,77150920.16564295,316774155.1925708,10,0.4935096900029672
purchase_volume,HOLDOUT_03_CONTIGUOUS,2017-09,11,68268137.96099445,316774155.1925708,10,0.4642310214175286
purchase_volume,HOLDOUT_03_CONTIGUOUS,2017-09,12,67058149.56507279,316774155.1925708,10,0.4600986001011796
purchase_volume,HOLDOUT_03_CONTIGUOUS,2017-09,13,66334414.33185567,316774155.1925708,10,0.45760902268790493
purchase_volume,HOLDOUT_03_CONTIGUOUS,2017-09,14,64063082.41658562,316774155.1925708,10,0.4497063757349316
purchase_volume,HOLDOUT_03_CONTIGUOUS,2017-09,15,63869632.47403444,316774155.1925708,10,0.44902687793867185
purchase_volume,HOLDOUT_03_CONTIGUOUS,2017-09,16,63682019.422266066,316774155.1925708,10,0.4483668987316654
purchase_volume,HOLDOUT_03_CONTIGUOUS,2017-09,17,63134890.30388051,316774155.1925708,10,0.44643665394752385
purchase_volume,HOLDOUT_03_CONTIGUOUS,2017-09,18,62897268.913179755,316774155.1925708,10,0.44559573300311717
purchase_volume,HOLDOUT_03_CONTIGUOUS,2017-09,19,62667810.16881459,316774155.1925708,10,0.4447821900487658
purchase_volume,HOLDOUT_03_CONTIGUOUS,2017-09,20,62655579.36668235,316774155.1925708,10,0.44473878412472473
purchase_volume,HOLDOUT_03_CONTIGUOUS,2017-09,21,62460480.42253187,316774155.1925708,10,0.44404582334816334
purchase_volume,HOLDOUT_03_CONTIGUOUS,2017-09,22,62259731.910762355,316774155.1925708,10,0.44333166554518616
purchase_volume,HOLDOUT_03_CONTIGUOUS,2017-09,23,62044906.34127922,316774155.1925708,10,0.44256615249577347
purchase_volume,HOLDOUT_03_CONTIGUOUS,2017-09,24,61798247.202615485,316774155.1925708,10,0.44168556694243005
purchase_volume,HOLDOUT_03_CONTIGUOUS,2017-09,25,61601780.91154772,316774155.1925708,10,0.4409829142960127
purchase_volume,HOLDOUT_03_CONTIGUOUS,2017-09,26,61395250.96511303,316774155.1925708,10,0.4402430603383615
purchase_volume,HOLDOUT_03_CONTIGUOUS,2017-09,27,61481709.382602334,316774155.1925708,10,0.4405529322494989
purchase_volume,HOLDOUT_03_CONTIGUOUS,2017-10,0,335252391.6458299,335252391.6458299,10,1.0
purchase_volume,HOLDOUT_03_CONTIGUOUS,2017-10,1,127755424.43719192,335252391.6458299,10,0.6173105968606007
purchase_volume,HOLDOUT_03_CONTIGUOUS,2017-10,2,92345814.10160165,335252391.6458299,10,0.5248348494017555
purchase_volume,HOLDOUT_03_CONTIGUOUS,2017-10,3,57882438.35283506,335252391.6458299,10,0.41551572737201103
purchase_volume,HOLDOUT_03_CONTIGUOUS,2017-10,4,55941472.38444969,335252391.6458299,10,0.40848960003245516
purchase_volume,HOLDOUT_03_CONTIGUOUS,2017-10,5,54652527.6925835,335252391.6458299,10,0.4037561812115042
purchase_volume,HOLDOUT_03_CONTIGUOUS,2017-10,6,53322099.489948824,335252391.6458299,10,0.39881150465876747
purchase_volume,HOLDOUT_03_CONTIGUOUS,2017-10,7,52124257.40024401,335252391.6458299,10,0.3943065560101585
purchase_volume,HOLDOUT_03_CONTIGUOUS,2017-10,8,50693428.8892542,335252391.6458299,10,0.38885697333268937
purchase_volume,HOLDOUT_03_CONTIGUOUS,2017-10,9,45350450.25618674,335252391.6458299,10,0.3677941855975439
purchase_volume,HOLDOUT_03_CONTIGUOUS,2017-10,10,46908659.503371164,335252391.6458299,10,0.37405939649359826
purchase_volume,HOLDOUT_03_CONTIGUOUS,2017-10,11,49172127.487001926,335252391.6458299,10,0.38297776213852613
purchase_volume,HOLDOUT_03_CONTIGUOUS,2017-10,12,48790871.773082554,335252391.6458299,10,0.3814901654370273
purchase_volume,HOLDOUT_03_CONTIGUOUS,2017-10,13,49402349.32979961,335252391.6458299,10,0.38387325812026707
purchase_volume,HOLDOUT_03_CONTIGUOUS,2017-10,14,50862362.48498771,335252391.6458299,10,0.3895043587145837
purchase_volume,HOLDOUT_03_CONTIGUOUS,2017-10,15,50920502.838139944,335252391.6458299,10,0.38972691476554183
purchase_volume,HOLDOUT_03_CONTIGUOUS,2017-10,16,50949160.206895985,335252391.6458299,10,0.3898365658525634
purchase_volume,HOLDOUT_03_CONTIGUOUS,2017-10,17,51000274.31458166,335252391.6458299,10,0.3900320661607777
purchase_volume,HOLDOUT_03_CONTIGUOUS,2017-10,18,51010195.69277944,335252391.6458299,10,0.3900700019122155
purchase_volume,HOLDOUT_03_CONTIGUOUS,2017-10,19,50360842.592046276,335252391.6458299,10,0.3875792799013429
purchase_volume,HOLDOUT_03_CONTIGUOUS,2017-10,20,49925799.079013586,335252391.6458299,10,0.3859015917608567
purchase_volume,HOLDOUT_03_CONTIGUOUS,2017-10,21,49890449.48134868,335252391.6458299,10,0.3857649501667408
purchase_volume,HOLDOUT_03_CONTIGUOUS,2017-10,22,49842655.99406292,335252391.6458299,10,0.38558013052612206
purchase_volume,HOLDOUT_03_CONTIGUOUS,2017-10,23,49876894.510292724,335252391.6458299,10,0.3857125414591458
purchase_volume,HOLDOUT_03_CONTIGUOUS,2017-10,24,49852303.60245962,335252391.6458299,10,0.3856174454127355
purchase_volume,HOLDOUT_03_CONTIGUOUS,2017-10,25,49577330.382295564,335252391.6458299,10,0.38455248870270503
purchase_volume,HOLDOUT_03_CONTIGUOUS,2017-10,26,50399829.629919,335252391.6458299,10,0.38772927386433204
purchase_volume,HOLDOUT_03_CONTIGUOUS,2017-10,27,50575216.31137443,335252391.6458299,10,0.3884033187294977
purchase_volume,HOLDOUT_03_CONTIGUOUS,2017-11,0,3944264086.4004216,3944264086.4004216,10,1.0
purchase_volume,HOLDOUT_03_CONTIGUOUS,2017-11,1,3118113931.408292,3944264086.4004216,10,0.889125359295376
purchase_volume,HOLDOUT_03_CONTIGUOUS,2017-11,2,3392282588.21825,3944264086.4004216,10,0.9273913034352627
purchase_volume,HOLDOUT_03_CONTIGUOUS,2017-11,3,3618740787.6870055,3944264086.4004216,10,0.9578461216903867
purchase_volume,HOLDOUT_03_CONTIGUOUS,2017-11,4,3121339500.1989956,3944264086.4004216,10,0.8895851233970627
purchase_volume,HOLDOUT_03_CONTIGUOUS,2017-11,5,2939325186.416314,3944264086.4004216,10,0.8632584247024256
purchase_volume,HOLDOUT_03_CONTIGUOUS,2017-11,6,2939976464.7188907,3944264086.4004216,10,0.8633540572551192
purchase_volume,HOLDOUT_03_CONTIGUOUS,2017-11,7,2949653722.556492,3944264086.4004216,10,0.8647738026068602
purchase_volume,HOLDOUT_03_CONTIGUOUS,2017-11,8,2911474288.808663,3944264086.4004216,10,0.8591588875234336
purchase_volume,HOLDOUT_03_CONTIGUOUS,2017-11,9,2962005245.5177183,3944264086.4004216,10,0.866582508986114
purchase_volume,HOLDOUT_03_CONTIGUOUS,2017-11,10,2985237967.7216682,3944264086.4004216,10,0.8699744249809552
purchase_volume,HOLDOUT_03_CONTIGUOUS,2017-11,11,2996399381.924361,3944264086.4004216,10,0.8715992679072805
purchase_volume,HOLDOUT_03_CONTIGUOUS,2017-11,12,3024332477.2181354,3944264086.4004216,10,0.8756524638397422
purchase_volume,HOLDOUT_03_CONTIGUOUS,2017-11,13,3071128580.841568,3944264086.4004216,10,0.8824010317532965
purchase_volume,HOLDOUT_03_CONTIGUOUS,2017-11,14,3007509988.4996643,3944264086.4004216,10,0.8732137115942068
purchase_volume,HOLDOUT_03_CONTIGUOUS,2017-11,15,2996160358.7000055,3944264086.4004216,10,0.8715645034123567
purchase_volume,HOLDOUT_03_CONTIGUOUS,2017-11,16,2991440256.95658,3944264086.4004216,10,0.870877708623548
purchase_volume,HOLDOUT_03_CONTIGUOUS,2017-11,17,2996307409.9277387,3944264086.4004216,10,0.8715858912959132
purchase_volume,HOLDOUT_03_CONTIGUOUS,2017-11,18,3015548569.5278883,3944264086.4004216,10,0.8743799113798448
purchase_volume,HOLDOUT_03_CONTIGUOUS,2017-11,19,3023327661.4547663,3944264086.4004216,10,0.8755069866971888
purchase_volume,HOLDOUT_03_CONTIGUOUS,2017-11,20,3002311400.9189095,3944264086.4004216,10,0.8724586947641443
purchase_volume,HOLDOUT_03_CONTIGUOUS,2017-11,21,2986847316.256694,3944264086.4004216,10,0.8702088959735758
purchase_volume,HOLDOUT_03_CONTIGUOUS,2017-11,22,2982340957.8254576,3944264086.4004216,10,0.8695521912592272
purchase_volume,HOLDOUT_03_CONTIGUOUS,2017-11,23,2981729441.4715605,3944264086.4004216,10,0.869463037695991
purchase_volume,HOLDOUT_03_CONTIGUOUS,2017-11,24,3017989916.459805,3944264086.4004216,10,0.8747337827884331
purchase_volume,HOLDOUT_03_CONTIGUOUS,2017-11,25,3010393139.539794,3944264086.4004216,10,0.8736321647237356
purchase_volume,HOLDOUT_03_CONTIGUOUS,2017-11,26,3005649044.508786,3944264086.4004216,10,0.8729435124482022
purchase_volume,HOLDOUT_03_CONTIGUOUS,2017-11,27,3002937609.2401147,3944264086.4004216,10,0.8725496767337451
purchase_volume,HOLDOUT_03_CONTIGUOUS,2017-12,0,7665872507.582492,7665872507.582492,10,1.0
purchase_volume,HOLDOUT_03_CONTIGUOUS,2017-12,1,6176099852.961123,7665872507.582492,10,0.8975865957872461
purchase_volume,HOLDOUT_03_CONTIGUOUS,2017-12,2,5427914364.7457695,7665872507.582492,10,0.8414643043467321
purchase_volume,HOLDOUT_03_CONTIGUOUS,2017-12,3,5011830666.352036,7665872507.582492,10,0.8085695804102351
purchase_volume,HOLDOUT_03_CONTIGUOUS,2017-12,4,5021541614.369644,7665872507.582492,10,0.8093525455440699
purchase_volume,HOLDOUT_03_CONTIGUOUS,2017-12,5,5068378172.734379,7665872507.582492,10,0.8131182522680146
purchase_volume,HOLDOUT_03_CONTIGUOUS,2017-12,6,5162707234.385364,7665872507.582492,10,0.8206499603689819
purchase_volume,HOLDOUT_03_CONTIGUOUS,2017-12,7,7282370986.6853485,7665872507.582492,10,0.974665522312188
purchase_volume,HOLDOUT_03_CONTIGUOUS,2017-12,8,8866709965.736502,7665872507.582492,10,1.0754753364231038
purchase_volume,HOLDOUT_03_CONTIGUOUS,2017-12,9,9503694887.52318,7665872507.582492,10,1.1134364806235253
purchase_volume,HOLDOUT_03_CONTIGUOUS,2017-12,10,9445738648.86594,7665872507.582492,10,1.1100362624045266
purchase_volume,HOLDOUT_03_CONTIGUOUS,2017-12,11,9386991122.564713,7665872507.582492,10,1.1065789575075662
purchase_volume,HOLDOUT_03_CONTIGUOUS,2017-12,12,9145521166.880756,7665872507.582492,10,1.0922534711010685
purchase_volume,HOLDOUT_03_CONTIGUOUS,2017-12,13,9250382746.745201,7665872507.582492,10,1.0984974553725146
purchase_volume,HOLDOUT_03_CONTIGUOUS,2017-12,14,9544059076.695093,7665872507.582492,10,1.1157984746578475
purchase_volume,HOLDOUT_03_CONTIGUOUS,2017-12,15,9891674215.25946,7665872507.582492,10,1.1359366347942603
purchase_volume,HOLDOUT_03_CONTIGUOUS,2017-12,16,9957118434.642292,7665872507.582492,10,1.139688170122997
purchase_volume,HOLDOUT_03_CONTIGUOUS,2017-12,17,10002325140.12194,7665872507.582492,10,1.1422724118093324
purchase_volume,HOLDOUT_03_CONTIGUOUS,2017-12,18,9977842919.656145,7665872507.582492,10,1.140873612131382
purchase_volume,HOLDOUT_03_CONTIGUOUS,2017-12,19,9986978713.006485,7665872507.582492,10,1.1413957891659474
purchase_volume,HOLDOUT_03_CONTIGUOUS,2017-12,20,9953090830.818798,7665872507.582492,10,1.139457647771826
purchase_volume,HOLDOUT_03_CONTIGUOUS,2017-12,21,9960224838.236757,7665872507.582492,10,1.1398659351746034
purchase_volume,HOLDOUT_03_CONTIGUOUS,2017-12,22,9957950496.646751,7665872507.582492,10,1.139735787886081
purchase_volume,HOLDOUT_03_CONTIGUOUS,2017-12,23,9928457979.957096,7665872507.582492,10,1.1380467554825444
purchase_volume,HOLDOUT_03_CONTIGUOUS,2017-12,24,9969903368.236553,7665872507.582492,10,1.1404196148392913
purchase_volume,HOLDOUT_03_CONTIGUOUS,2017-12,25,9934868236.70914,7665872507.582492,10,1.1384140831567322
purchase_volume,HOLDOUT_03_CONTIGUOUS,2017-12,26,9982238574.696169,7665872507.582492,10,1.1411248856124645
purchase_volume,HOLDOUT_03_CONTIGUOUS,2017-12,27,9975481122.433277,7665872507.582492,10,1.1407385793582705
purchase_volume,HOLDOUT_03_CONTIGUOUS,2018-01,0,1420885339.6868918,1420885339.6868918,10,1.0
purchase_volume,HOLDOUT_03_CONTIGUOUS,2018-01,1,921525062.2088845,1420885339.6868918,10,0.8053303359499722
purchase_volume,HOLDOUT_03_CONTIGUOUS,2018-01,2,802930651.1765747,1420885339.6868918,10,0.7517258794760696
purchase_volume,HOLDOUT_03_CONTIGUOUS,2018-01,3,733529304.093262,1420885339.6868918,10,0.7185040450918566
purchase_volume,HOLDOUT_03_CONTIGUOUS,2018-01,4,715596289.2346358,1420885339.6868918,10,0.7096668570839334
purchase_volume,HOLDOUT_03_CONTIGUOUS,2018-01,5,686514212.9904842,1420885339.6868918,10,0.6950967369768213
purchase_volume,HOLDOUT_03_CONTIGUOUS,2018-01,6,705215671.968188,1420885339.6868918,10,0.7045007517142968
purchase_volume,HOLDOUT_03_CONTIGUOUS,2018-01,7,715134449.3883523,1420885339.6868918,10,0.7094378136020433
purchase_volume,HOLDOUT_03_CONTIGUOUS,2018-01,8,737483491.7615753,1420885339.6868918,10,0.7204380382344382
purchase_volume,HOLDOUT_03_CONTIGUOUS,2018-01,9,733527896.1612339,1420885339.6868918,10,0.7185033555452106
purchase_volume,HOLDOUT_03_CONTIGUOUS,2018-01,10,748402291.2426366,1420885339.6868918,10,0.7257516594675518
purchase_volume,HOLDOUT_03_CONTIGUOUS,2018-01,11,714878196.3674176,1420885339.6868918,10,0.7093106963364666
purchase_volume,HOLDOUT_03_CONTIGUOUS,2018-01,12,670513557.6618538,1420885339.6868918,10,0.6869486353759235
purchase_volume,HOLDOUT_03_CONTIGUOUS,2018-01,13,636223789.3035728,1420885339.6868918,10,0.6691530091529359
purchase_volume,HOLDOUT_03_CONTIGUOUS,2018-01,14,621232656.6629369,1420885339.6868918,10,0.6612224981376972
purchase_volume,HOLDOUT_03_CONTIGUOUS,2018-01,15,594781893.9185458,1420885339.6868918,10,0.6469926590172579
purchase_volume,HOLDOUT_03_CONTIGUOUS,2018-01,16,578469055.9553612,1420885339.6868918,10,0.6380585747170529
purchase_volume,HOLDOUT_03_CONTIGUOUS,2018-01,17,567360827.2130282,1420885339.6868918,10,0.6319026212302808
purchase_volume,HOLDOUT_03_CONTIGUOUS,2018-01,18,561139461.3943524,1420885339.6868918,10,0.6284285234560862
purchase_volume,HOLDOUT_03_CONTIGUOUS,2018-01,19,548252311.9442987,1420885339.6868918,10,0.6211703522885381
purchase_volume,HOLDOUT_03_CONTIGUOUS,2018-01,20,539876103.8181591,1420885339.6868918,10,0.6164069628832878
purchase_volume,HOLDOUT_03_CONTIGUOUS,2018-01,21,538117841.2090344,1420885339.6868918,10,0.6154023905579136
purchase_volume,HOLDOUT_03_CONTIGUOUS,2018-01,22,536202819.2081241,1420885339.6868918,10,0.61430638574354
purchase_volume,HOLDOUT_03_CONTIGUOUS,2018-01,23,535017148.7256233,1420885339.6868918,10,0.6136268219525621
purchase_volume,HOLDOUT_03_CONTIGUOUS,2018-01,24,533271683.45064175,1420885339.6868918,10,0.6126250416239306
purchase_volume,HOLDOUT_03_CONTIGUOUS,2018-01,25,534881940.7195512,1420885339.6868918,10,0.613549280044101
purchase_volume,HOLDOUT_03_CONTIGUOUS,2018-01,26,537180332.7505867,1420885339.6868918,10,0.6148660800979332
purchase_volume,HOLDOUT_03_CONTIGUOUS,2018-01,27,537663009.1052252,1420885339.6868918,10,0.6151422580057374
purchase_volume,HOLDOUT_03_CONTIGUOUS,2018-02,0,1781194042.1038358,1781194042.1038358,10,1.0
purchase_volume,HOLDOUT_03_CONTIGUOUS,2018-02,1,572487417.6038792,1781194042.1038358,10,0.566927281001732
purchase_volume,HOLDOUT_03_CONTIGUOUS,2018-02,2,472903681.8986216,1781194042.1038358,10,0.5152651035553345
purchase_volume,HOLDOUT_03_CONTIGUOUS,2018-02,3,448963478.77910435,1781194042.1038358,10,0.5020533743298423
purchase_volume,HOLDOUT_03_CONTIGUOUS,2018-02,4,450476023.47728586,1781194042.1038358,10,0.5028983647353599
purchase_volume,HOLDOUT_03_CONTIGUOUS,2018-02,5,471347447.2347264,1781194042.1038358,10,0.5144165859434945
purchase_volume,HOLDOUT_03_CONTIGUOUS,2018-02,6,499815402.495914,1781194042.1038358,10,0.52972345233614
purchase_volume,HOLDOUT_03_CONTIGUOUS,2018-02,7,497113936.32165205,1781194042.1038358,10,0.5282899542107913
purchase_volume,HOLDOUT_03_CONTIGUOUS,2018-02,8,480114994.81223845,1781194042.1038358,10,0.5191788810232307
purchase_volume,HOLDOUT_03_CONTIGUOUS,2018-02,9,457237265.58624464,1781194042.1038358,10,0.5066583361056084
purchase_volume,HOLDOUT_03_CONTIGUOUS,2018-02,10,424449225.91817594,1781194042.1038358,10,0.48815445378128636
purchase_volume,HOLDOUT_03_CONTIGUOUS,2018-02,11,401414512.27594364,1781194042.1038358,10,0.47472370429591915
purchase_volume,HOLDOUT_03_CONTIGUOUS,2018-02,12,366372882.42092067,1781194042.1038358,10,0.45353002484590904
purchase_volume,HOLDOUT_03_CONTIGUOUS,2018-02,13,358783993.3654236,1781194042.1038358,10,0.44880833397775444
purchase_volume,HOLDOUT_03_CONTIGUOUS,2018-02,14,344186181.61177045,1781194042.1038358,10,0.4395832121988525
purchase_volume,HOLDOUT_03_CONTIGUOUS,2018-02,15,330946001.9156409,1781194042.1038358,10,0.43104533820879826
purchase_volume,HOLDOUT_03_CONTIGUOUS,2018-02,16,320696173.356547,1781194042.1038358,10,0.4243178208580158
purchase_volume,HOLDOUT_03_CONTIGUOUS,2018-02,17,313265130.8440502,1781194042.1038358,10,0.4193729470243434
purchase_volume,HOLDOUT_03_CONTIGUOUS,2018-02,18,310607914.8477225,1781194042.1038358,10,0.4175905308392437
purchase_volume,HOLDOUT_03_CONTIGUOUS,2018-02,19,305039893.6788212,1781194042.1038358,10,0.41383069801810207
purchase_volume,HOLDOUT_03_CONTIGUOUS,2018-02,20,300201884.8443476,1781194042.1038358,10,0.41053585246472235
purchase_volume,HOLDOUT_03_CONTIGUOUS,2018-02,21,298666800.0958128,1781194042.1038358,10,0.40948486799944445
purchase_volume,HOLDOUT_03_CONTIGUOUS,2018-02,22,298070994.04612595,1781194042.1038358,10,0.4090762263997213
purchase_volume,HOLDOUT_03_CONTIGUOUS,2018-02,23,296289247.72514343,1781194042.1038358,10,0.40785174873279034
purchase_volume,HOLDOUT_03_CONTIGUOUS,2018-02,24,295873181.3753877,1781194042.1038358,10,0.4075652837246922
purchase_volume,HOLDOUT_03_CONTIGUOUS,2018-02,25,296251051.703861,1781194042.1038358,10,0.4078254588550867
purchase_volume,HOLDOUT_03_CONTIGUOUS,2018-02,26,295619216.07965136,1781194042.1038358,10,0.40739032758555344
purchase_volume,HOLDOUT_03_CONTIGUOUS,2018-02,27,295316190.6186576,1781194042.1038358,10,0.4071814756453792
purchase_volume,HOLDOUT_03_CONTIGUOUS,2018-03,0,1900050558.1832774,1900050558.1832774,10,1.0
purchase_volume,HOLDOUT_03_CONTIGUOUS,2018-03,1,469584599.4857981,1900050558.1832774,10,0.4971350046299232
purchase_volume,HOLDOUT_03_CONTIGUOUS,2018-03,2,420706293.68417776,1900050558.1832774,10,0.4705512440176311
purchase_volume,HOLDOUT_03_CONTIGUOUS,2018-03,3,417311143.19942695,1900050558.1832774,10,0.4686486951723212
purchase_volume,HOLDOUT_03_CONTIGUOUS,2018-03,4,416838134.9155913,1900050558.1832774,10,0.4683830210230799
purchase_volume,HOLDOUT_03_CONTIGUOUS,2018-03,5,427862618.04813075,1900050558.1832774,10,0.4745364680738076
purchase_volume,HOLDOUT_03_CONTIGUOUS,2018-03,6,408990596.6508118,1900050558.1832774,10,0.46395310214243984
purchase_volume,HOLDOUT_03_CONTIGUOUS,2018-03,7,386237017.870416,1900050558.1832774,10,0.45086276389237234
purchase_volume,HOLDOUT_03_CONTIGUOUS,2018-03,8,357047485.8163223,1900050558.1832774,10,0.4334913252267544
purchase_volume,HOLDOUT_03_CONTIGUOUS,2018-03,9,342933781.58676267,1900050558.1832774,10,0.4248372174381126
purchase_volume,HOLDOUT_03_CONTIGUOUS,2018-03,10,330222886.1351782,1900050558.1832774,10,0.41688954695202335
purchase_volume,HOLDOUT_03_CONTIGUOUS,2018-03,11,315825474.7289885,1900050558.1832774,10,0.4077002710793189
purchase_volume,HOLDOUT_03_CONTIGUOUS,2018-03,12,305910305.7365243,1900050558.1832774,10,0.40124947339620165
purchase_volume,HOLDOUT_03_CONTIGUOUS,2018-03,13,295727186.3828703,1900050558.1832774,10,0.3945145700857874
purchase_volume,HOLDOUT_03_CONTIGUOUS,2018-03,14,281248085.96694154,1900050558.1832774,10,0.38473545407024223
purchase_volume,HOLDOUT_03_CONTIGUOUS,2018-03,15,271466698.7256782,1900050558.1832774,10,0.3779859892319376
purchase_volume,HOLDOUT_03_CONTIGUOUS,2018-03,16,267474400.37212643,1900050558.1832774,10,0.37519628770375707
purchase_volume,HOLDOUT_03_CONTIGUOUS,2018-03,17,264153208.10647684,1900050558.1832774,10,0.37285963161701186
purchase_volume,HOLDOUT_03_CONTIGUOUS,2018-03,18,261120998.76022908,1900050558.1832774,10,0.3707134306964448
purchase_volume,HOLDOUT_03_CONTIGUOUS,2018-03,19,259447257.05037743,1900050558.1832774,10,0.36952341529262106
purchase_volume,HOLDOUT_03_CONTIGUOUS,2018-03,20,258048041.40505186,1900050558.1832774,10,0.36852563650044046
purchase_volume,HOLDOUT_03_CONTIGUOUS,2018-03,21,258844007.21869144,1900050558.1832774,10,0.36909356941894905
purchase_volume,HOLDOUT_03_CONTIGUOUS,2018-03,22,259219473.38765258,1900050558.1832774,10,0.3693611667477787
purchase_volume,HOLDOUT_03_CONTIGUOUS,2018-03,23,259233590.87776992,1900050558.1832774,10,0.36937122459867683
purchase_volume,HOLDOUT_03_CONTIGUOUS,2018-03,24,259379786.16100994,1900050558.1832774,10,0.3694753637254128
purchase_volume,HOLDOUT_03_CONTIGUOUS,2018-03,25,260021094.74157053,1900050558.1832774,10,0.36993184000649193
purchase_volume,HOLDOUT_03_CONTIGUOUS,2018-03,26,259840598.1866251,1900050558.1832774,10,0.3698034215520038
purchase_volume,HOLDOUT_03_CONTIGUOUS,2018-03,27,259237160.95699823,1900050558.1832774,10,0.36937376801905675
purchase_volume,HOLDOUT_03_CONTIGUOUS,2018-04,0,1145560921.2490935,1145560921.2490935,10,1.0
purchase_volume,HOLDOUT_03_CONTIGUOUS,2018-04,1,498802440.95930237,1145560921.2490935,10,0.6598651466708082
purchase_volume,HOLDOUT_03_CONTIGUOUS,2018-04,2,500191766.47074896,1145560921.2490935,10,0.6607834761750807
purchase_volume,HOLDOUT_03_CONTIGUOUS,2018-04,3,513633167.4472964,1145560921.2490935,10,0.669603068342268
purchase_volume,HOLDOUT_03_CONTIGUOUS,2018-04,4,522849825.2206334,1145560921.2490935,10,0.675584051391296
purchase_volume,HOLDOUT_03_CONTIGUOUS,2018-04,5,531665656.54799557,1145560921.2490935,10,0.6812557937364722
purchase_volume,HOLDOUT_03_CONTIGUOUS,2018-04,6,457879058.0896205,1145560921.2490935,10,0.6322171830347451
purchase_volume,HOLDOUT_03_CONTIGUOUS,2018-04,7,400122231.2774866,1145560921.2490935,10,0.5909996803246016
purchase_volume,HOLDOUT_03_CONTIGUOUS,2018-04,8,372511303.88009095,1145560921.2490935,10,0.5702438799373075
purchase_volume,HOLDOUT_03_CONTIGUOUS,2018-04,9,355855600.0968719,1145560921.2490935,10,0.557349745728101
purchase_volume,HOLDOUT_03_CONTIGUOUS,2018-04,10,344336044.87360466,1145560921.2490935,10,0.5482544284952909
purchase_volume,HOLDOUT_03_CONTIGUOUS,2018-04,11,328343786.5564506,1145560921.2490935,10,0.5353715713976733
purchase_volume,HOLDOUT_03_CONTIGUOUS,2018-04,12,310422672.241189,1145560921.2490935,10,0.5205561977551981
purchase_volume,HOLDOUT_03_CONTIGUOUS,2018-04,13,299516464.32923275,1145560921.2490935,10,0.51132997813426
purchase_volume,HOLDOUT_03_CONTIGUOUS,2018-04,14,290926015.35083675,1145560921.2490935,10,0.5039438903593448
purchase_volume,HOLDOUT_03_CONTIGUOUS,2018-04,15,282477502.4631237,1145560921.2490935,10,0.4965726972719667
purchase_volume,HOLDOUT_03_CONTIGUOUS,2018-04,16,279465898.9628564,1145560921.2490935,10,0.4939185258320972
purchase_volume,HOLDOUT_03_CONTIGUOUS,2018-04,17,276812871.79952043,1145560921.2490935,10,0.4915685002207632
purchase_volume,HOLDOUT_03_CONTIGUOUS,2018-04,18,273843452.8851226,1145560921.2490935,10,0.48892482171265156
purchase_volume,HOLDOUT_03_CONTIGUOUS,2018-04,19,267825477.4367459,1145560921.2490935,10,0.4835226789501245
purchase_volume,HOLDOUT_03_CONTIGUOUS,2018-04,20,265488371.22798762,1145560921.2490935,10,0.4814083918102042
purchase_volume,HOLDOUT_03_CONTIGUOUS,2018-04,21,265326956.2435711,1145560921.2490935,10,0.4812620231716374
purchase_volume,HOLDOUT_03_CONTIGUOUS,2018-04,22,265174451.2243603,1145560921.2490935,10,0.4811236930436624
purchase_volume,HOLDOUT_03_CONTIGUOUS,2018-04,23,262819436.59890693,1145560921.2490935,10,0.478982498400421
purchase_volume,HOLDOUT_03_CONTIGUOUS,2018-04,24,261870288.3713863,1145560921.2490935,10,0.47811681548603835
purchase_volume,HOLDOUT_03_CONTIGUOUS,2018-04,25,260638568.4207226,1145560921.2490935,10,0.4769910670389172
purchase_volume,HOLDOUT_03_CONTIGUOUS,2018-04,26,259477311.28611365,1145560921.2490935,10,0.47592728043679966
purchase_volume,HOLDOUT_03_CONTIGUOUS,2018-04,27,259091851.8469673,1145560921.2490935,10,0.4755736486638234
purchase_volume,HOLDOUT_03_CONTIGUOUS,2018-05,0,1764850796.1922395,1764850796.1922395,10,1.0
purchase_volume,HOLDOUT_03_CONTIGUOUS,2018-05,1,818199440.9890735,1764850796.1922395,10,0.6808878610918595
purchase_volume,HOLDOUT_03_CONTIGUOUS,2018-05,2,774083802.8250927,1764850796.1922395,10,0.6622774874929734
purchase_volume,HOLDOUT_03_CONTIGUOUS,2018-05,3,761307469.1448221,1764850796.1922395,10,0.656789267953714
purchase_volume,HOLDOUT_03_CONTIGUOUS,2018-05,4,740211066.7258837,1764850796.1922395,10,0.6476252744214274
purchase_volume,HOLDOUT_03_CONTIGUOUS,2018-05,5,672418316.9175954,1764850796.1922395,10,0.6172566393992798
purchase_volume,HOLDOUT_03_CONTIGUOUS,2018-05,6,556974224.6643592,1764850796.1922395,10,0.5617764782447613
purchase_volume,HOLDOUT_03_CONTIGUOUS,2018-05,7,508132445.43366414,1764850796.1922395,10,0.5365799808676577
purchase_volume,HOLDOUT_03_CONTIGUOUS,2018-05,8,480489465.1894609,1764850796.1922395,10,0.5217806115731698
purchase_volume,HOLDOUT_03_CONTIGUOUS,2018-05,9,466627835.3173648,1764850796.1922395,10,0.5141991131807755
purchase_volume,HOLDOUT_03_CONTIGUOUS,2018-05,10,452986631.621075,1764850796.1922395,10,0.506627424532135
purchase_volume,HOLDOUT_03_CONTIGUOUS,2018-05,11,431129634.349104,1764850796.1922395,10,0.4942537126804996
purchase_volume,HOLDOUT_03_CONTIGUOUS,2018-05,12,417755952.6918354,1764850796.1922395,10,0.4865274248848039
purchase_volume,HOLDOUT_03_CONTIGUOUS,2018-05,13,398391498.1187468,1764850796.1922395,10,0.4751175067928564
purchase_volume,HOLDOUT_03_CONTIGUOUS,2018-05,14,379643178.7913755,1764850796.1922395,10,0.4638032664766896
purchase_volume,HOLDOUT_03_CONTIGUOUS,2018-05,15,370573096.03430384,1764850796.1922395,10,0.458229395019174
purchase_volume,HOLDOUT_03_CONTIGUOUS,2018-05,16,367446565.6415551,1764850796.1922395,10,0.45629225654182193
purchase_volume,HOLDOUT_03_CONTIGUOUS,2018-05,17,366160669.6494542,1764850796.1922395,10,0.45549314903383537
purchase_volume,HOLDOUT_03_CONTIGUOUS,2018-05,18,363768140.63853794,1764850796.1922395,10,0.4540025921740024
purchase_volume,HOLDOUT_03_CONTIGUOUS,2018-05,19,362648177.9030564,1764850796.1922395,10,0.4533031659519391
purchase_volume,HOLDOUT_03_CONTIGUOUS,2018-05,20,360393601.4132898,1764850796.1922395,10,0.45189188067771735
purchase_volume,HOLDOUT_03_CONTIGUOUS,2018-05,21,360267771.9697967,1764850796.1922395,10,0.45181298600851233
purchase_volume,HOLDOUT_03_CONTIGUOUS,2018-05,22,359852697.5765597,1764850796.1922395,10,0.4515526379242501
purchase_volume,HOLDOUT_03_CONTIGUOUS,2018-05,23,358165736.17907435,1764850796.1922395,10,0.45049297277329253
purchase_volume,HOLDOUT_03_CONTIGUOUS,2018-05,24,357423873.79817224,1764850796.1922395,10,0.45002618185410526
purchase_volume,HOLDOUT_03_CONTIGUOUS,2018-05,25,354903924.3956536,1764850796.1922395,10,0.4484369635504929
purchase_volume,HOLDOUT_03_CONTIGUOUS,2018-05,26,352914093.7495525,1764850796.1922395,10,0.44717807657017206
purchase_volume,HOLDOUT_03_CONTIGUOUS,2018-05,27,353056980.54163086,1764850796.1922395,10,0.4472685934633773
purchase_volume,HOLDOUT_03_CONTIGUOUS,2018-06,0,789858371.4372315,789858371.4372315,10,1.0
purchase_volume,HOLDOUT_03_CONTIGUOUS,2018-06,1,867330369.9202659,789858371.4372315,10,1.0478947489753003
purchase_volume,HOLDOUT_03_CONTIGUOUS,2018-06,2,739054253.8415308,789858371.4372315,10,0.9673052564797505
purchase_volume,HOLDOUT_03_CONTIGUOUS,2018-06,3,655926684.54433,789858371.4372315,10,0.9112825139454885
purchase_volume,HOLDOUT_03_CONTIGUOUS,2018-06,4,626564710.0210841,789858371.4372315,10,0.8906526255974954
purchase_volume,HOLDOUT_03_CONTIGUOUS,2018-06,5,537168945.7917407,789858371.4372315,10,0.8246712155861439
purchase_volume,HOLDOUT_03_CONTIGUOUS,2018-06,6,459338176.85811734,789858371.4372315,10,0.7625909700777872
purchase_volume,HOLDOUT_03_CONTIGUOUS,2018-06,7,409578601.1648431,789858371.4372315,10,0.7201019989420303
purchase_volume,HOLDOUT_03_CONTIGUOUS,2018-06,8,397120626.28706205,789858371.4372315,10,0.7090659156956556
purchase_volume,HOLDOUT_03_CONTIGUOUS,2018-06,9,393676808.6394886,789858371.4372315,10,0.7059847224282306
purchase_volume,HOLDOUT_03_CONTIGUOUS,2018-06,10,390511673.54106134,789858371.4372315,10,0.7031409601045259
purchase_volume,HOLDOUT_03_CONTIGUOUS,2018-06,11,375077887.6964467,789858371.4372315,10,0.6891061376474296
purchase_volume,HOLDOUT_03_CONTIGUOUS,2018-06,12,363575801.5196359,789858371.4372315,10,0.6784578509553059
purchase_volume,HOLDOUT_03_CONTIGUOUS,2018-06,13,345384760.22220814,789858371.4372315,10,0.6612671866127947
purchase_volume,HOLDOUT_03_CONTIGUOUS,2018-06,14,315842606.7321754,789858371.4372315,10,0.6323546914623225
purchase_volume,HOLDOUT_03_CONTIGUOUS,2018-06,15,301010433.78376275,789858371.4372315,10,0.6173282650605668
purchase_volume,HOLDOUT_03_CONTIGUOUS,2018-06,16,297628738.3119386,789858371.4372315,10,0.6138507897763184
purchase_volume,HOLDOUT_03_CONTIGUOUS,2018-06,17,290124927.54623294,789858371.4372315,10,0.6060631933265112
purchase_volume,HOLDOUT_03_CONTIGUOUS,2018-06,18,283516410.5820391,789858371.4372315,10,0.5991209251912131
purchase_volume,HOLDOUT_03_CONTIGUOUS,2018-06,19,282947941.6896086,789858371.4372315,10,0.5985199855462571
purchase_volume,HOLDOUT_03_CONTIGUOUS,2018-06,20,281907693.82228124,789858371.4372315,10,0.5974187539219189
purchase_volume,HOLDOUT_03_CONTIGUOUS,2018-06,21,281714843.2111461,789858371.4372315,10,0.5972143744653703
purchase_volume,HOLDOUT_03_CONTIGUOUS,2018-06,22,281485742.08789706,789858371.4372315,10,0.5969714864601325
purchase_volume,HOLDOUT_03_CONTIGUOUS,2018-06,23,278757606.2100971,789858371.4372315,10,0.5940715444107579
purchase_volume,HOLDOUT_03_CONTIGUOUS,2018-06,24,278601746.97714293,789858371.4372315,10,0.5939054422502137
purchase_volume,HOLDOUT_03_CONTIGUOUS,2018-06,25,277621504.7839267,789858371.4372315,10,0.5928597127001755
purchase_volume,HOLDOUT_03_CONTIGUOUS,2018-06,26,277935322.1078012,789858371.4372315,10,0.5931946959387593
purchase_volume,HOLDOUT_03_CONTIGUOUS,2018-06,27,276907801.74479246,789858371.4372315,10,0.5920971671803251
purchase_volume,HOLDOUT_03_CONTIGUOUS,2018-07,0,527703699.54834354,527703699.54834354,10,1.0
purchase_volume,HOLDOUT_03_CONTIGUOUS,2018-07,1,565864477.2368294,527703699.54834354,10,1.0355263306271485
purchase_volume,HOLDOUT_03_CONTIGUOUS,2018-07,2,528975353.3712566,527703699.54834354,10,1.0012041687804998
purchase_volume,HOLDOUT_03_CONTIGUOUS,2018-07,3,494341727.56889313,527703699.54834354,10,0.9678734260947175
purchase_volume,HOLDOUT_03_CONTIGUOUS,2018-07,4,449895374.7161133,527703699.54834354,10,0.9233379689159724
purchase_volume,HOLDOUT_03_CONTIGUOUS,2018-07,5,381625727.89032406,527703699.54834354,10,0.8504009827294907
purchase_volume,HOLDOUT_03_CONTIGUOUS,2018-07,6,304924125.0117667,527703699.54834354,10,0.760152667228699
purchase_volume,HOLDOUT_03_CONTIGUOUS,2018-07,7,282709635.41415226,527703699.54834354,10,0.7319395856289816
purchase_volume,HOLDOUT_03_CONTIGUOUS,2018-07,8,273376727.56138825,527703699.54834354,10,0.7197566743623556
purchase_volume,HOLDOUT_03_CONTIGUOUS,2018-07,9,266836824.03289425,527703699.54834354,10,0.7110953063020964
purchase_volume,HOLDOUT_03_CONTIGUOUS,2018-07,10,259909431.2169825,527703699.54834354,10,0.701804179032375
purchase_volume,HOLDOUT_03_CONTIGUOUS,2018-07,11,252697346.10570303,527703699.54834354,10,0.6919986879080922
purchase_volume,HOLDOUT_03_CONTIGUOUS,2018-07,12,244570690.29523093,527703699.54834354,10,0.6807805434716407
purchase_volume,HOLDOUT_03_CONTIGUOUS,2018-07,13,245788494.08548874,527703699.54834354,10,0.6824733621095623
purchase_volume,HOLDOUT_03_CONTIGUOUS,2018-07,14,235114017.96161327,527703699.54834354,10,0.6674891217146935
purchase_volume,HOLDOUT_03_CONTIGUOUS,2018-07,15,233854850.86650047,527703699.54834354,10,0.6656993333393271
purchase_volume,HOLDOUT_03_CONTIGUOUS,2018-07,16,233158834.31393936,527703699.54834354,10,0.6647079426913224
purchase_volume,HOLDOUT_03_CONTIGUOUS,2018-07,17,230856563.12074593,527703699.54834354,10,0.6614180513624129
purchase_volume,HOLDOUT_03_CONTIGUOUS,2018-07,18,229757474.45947427,527703699.54834354,10,0.6598416950700726
purchase_volume,HOLDOUT_03_CONTIGUOUS,2018-07,19,229221325.91314495,527703699.54834354,10,0.659071361496206
purchase_volume,HOLDOUT_03_CONTIGUOUS,2018-07,20,226935232.8445831,527703699.54834354,10,0.6557765676870596
purchase_volume,HOLDOUT_03_CONTIGUOUS,2018-07,21,226441837.56330624,527703699.54834354,10,0.6550632956263653
purchase_volume,HOLDOUT_03_CONTIGUOUS,2018-07,22,225504385.46786585,527703699.54834354,10,0.6537059330541622
purchase_volume,HOLDOUT_03_CONTIGUOUS,2018-07,23,224134539.36228248,527703699.54834354,10,0.6517174116700961
purchase_volume,HOLDOUT_03_CONTIGUOUS,2018-07,24,223046332.1969201,527703699.54834354,10,0.6501333932542799
purchase_volume,HOLDOUT_03_CONTIGUOUS,2018-07,25,222462833.53230196,527703699.54834354,10,0.6492824480979329
purchase_volume,HOLDOUT_03_CONTIGUOUS,2018-07,26,222513865.3693384,527703699.54834354,10,0.6493569148652056
purchase_volume,HOLDOUT_03_CONTIGUOUS,2018-07,27,222806163.48893574,527703699.54834354,10,0.6497832782127112
purchase_volume,HOLDOUT_03_CONTIGUOUS,2018-08,0,1572865331.505402,1572865331.505402,10,1.0
purchase_volume,HOLDOUT_03_CONTIGUOUS,2018-08,1,820956048.2263944,1572865331.505402,10,0.722460626520617
purchase_volume,HOLDOUT_03_CONTIGUOUS,2018-08,2,710324574.6253389,1572865331.505402,10,0.6720206989200698
purchase_volume,HOLDOUT_03_CONTIGUOUS,2018-08,3,710891320.5121253,1572865331.505402,10,0.6722887376735952
purchase_volume,HOLDOUT_03_CONTIGUOUS,2018-08,4,654090904.6039038,1572865331.505402,10,0.6448716504070099
purchase_volume,HOLDOUT_03_CONTIGUOUS,2018-08,5,586252963.6074616,1572865331.505402,10,0.610515585937796
purchase_volume,HOLDOUT_03_CONTIGUOUS,2018-08,6,503827573.71322703,1572865331.505402,10,0.5659723257027692
purchase_volume,HOLDOUT_03_CONTIGUOUS,2018-08,7,436010159.59382904,1572865331.505402,10,0.5265050420096835
purchase_volume,HOLDOUT_03_CONTIGUOUS,2018-08,8,416580343.55210745,1572865331.505402,10,0.5146400930405812
purchase_volume,HOLDOUT_03_CONTIGUOUS,2018-08,9,397411986.8450659,1572865331.505402,10,0.5026604447293166
purchase_volume,HOLDOUT_03_CONTIGUOUS,2018-08,10,385105713.8789087,1572865331.505402,10,0.49481654345823634
purchase_volume,HOLDOUT_03_CONTIGUOUS,2018-08,11,368315768.6153399,1572865331.505402,10,0.48390976535110436
purchase_volume,HOLDOUT_03_CONTIGUOUS,2018-08,12,338052146.0704067,1572865331.505402,10,0.4636028303001594
purchase_volume,HOLDOUT_03_CONTIGUOUS,2018-08,13,326342442.49883723,1572865331.505402,10,0.455502756887482
purchase_volume,HOLDOUT_03_CONTIGUOUS,2018-08,14,320104462.9317023,1572865331.505402,10,0.451128323528767
purchase_volume,HOLDOUT_03_CONTIGUOUS,2018-08,15,318874625.8594188,1572865331.505402,10,0.4502608750480089
purchase_volume,HOLDOUT_03_CONTIGUOUS,2018-08,16,318612596.30360025,1572865331.505402,10,0.4500758400925478
purchase_volume,HOLDOUT_03_CONTIGUOUS,2018-08,17,316100072.85297877,1572865331.505402,10,0.4482977178146462
purchase_volume,HOLDOUT_03_CONTIGUOUS,2018-08,18,313324754.65316117,1572865331.505402,10,0.446325380748402
purchase_volume,HOLDOUT_03_CONTIGUOUS,2018-08,19,309579233.17518187,1572865331.505402,10,0.44364964678530344
purchase_volume,HOLDOUT_03_CONTIGUOUS,2018-08,20,308873277.5286894,1572865331.505402,10,0.4431435150832023
purchase_volume,HOLDOUT_03_CONTIGUOUS,2018-08,21,309478488.2670712,1572865331.505402,10,0.4435774535065605
purchase_volume,HOLDOUT_03_CONTIGUOUS,2018-08,22,310072799.7627329,1572865331.505402,10,0.4440031644171011
purchase_volume,HOLDOUT_03_CONTIGUOUS,2018-08,23,308730881.57164645,1572865331.505402,10,0.443041354870636
purchase_volume,HOLDOUT_03_CONTIGUOUS,2018-08,24,308447416.7263495,1572865331.505402,10,0.4428379163792695
purchase_volume,HOLDOUT_03_CONTIGUOUS,2018-08,25,307735196.93237746,1572865331.505402,10,0.4423263539699686
purchase_volume,HOLDOUT_03_CONTIGUOUS,2018-08,26,307707447.10500044,1572865331.505402,10,0.44230641027029977
purchase_volume,HOLDOUT_03_CONTIGUOUS,2018-08,27,306053401.60233074,1572865331.505402,10,0.4411160251533199
purchase_volume,HOLDOUT_06_CONTIGUOUS,2017-04,0,85027000.82848442,85027000.82848442,5,1.0
purchase_volume,HOLDOUT_06_CONTIGUOUS,2017-04,1,35017169.12774472,85027000.82848442,5,0.6417443986141119
purchase_volume,HOLDOUT_06_CONTIGUOUS,2017-04,2,27041338.426866762,85027000.82848442,5,0.5639435859295617
purchase_volume,HOLDOUT_06_CONTIGUOUS,2017-04,3,26504804.724665105,85027000.82848442,5,0.5583208856678687
purchase_volume,HOLDOUT_06_CONTIGUOUS,2017-04,4,24669397.803743713,85027000.82848442,5,0.5386427812254538
purchase_volume,HOLDOUT_06_CONTIGUOUS,2017-04,5,24023978.48818586,85027000.82848442,5,0.5315498928639132
purchase_volume,HOLDOUT_06_CONTIGUOUS,2017-04,6,24790032.096515607,85027000.82848442,5,0.5399581669501211
purchase_volume,HOLDOUT_06_CONTIGUOUS,2017-04,7,24972030.49944809,85027000.82848442,5,0.5419366197263021
purchase_volume,HOLDOUT_06_CONTIGUOUS,2017-04,8,25429084.880453236,85027000.82848442,5,0.5468735709758191
purchase_volume,HOLDOUT_06_CONTIGUOUS,2017-04,9,26005239.744515814,85027000.82848442,5,0.553034214731087
purchase_volume,HOLDOUT_06_CONTIGUOUS,2017-04,10,27161502.711205486,85027000.82848442,5,0.5651952022495292
purchase_volume,HOLDOUT_06_CONTIGUOUS,2017-04,11,27945426.26693351,85027000.82848442,5,0.5732933961004515
purchase_volume,HOLDOUT_06_CONTIGUOUS,2017-04,12,29591913.81589952,85027000.82848442,5,0.5899403432265407
purchase_volume,HOLDOUT_06_CONTIGUOUS,2017-04,13,29548650.12289156,85027000.82848442,5,0.589508935957473
purchase_volume,HOLDOUT_06_CONTIGUOUS,2017-04,14,29765211.718316264,85027000.82848442,5,0.5916652431785568
purchase_volume,HOLDOUT_06_CONTIGUOUS,2017-04,15,29736581.63642452,85027000.82848442,5,0.5913806240090324
purchase_volume,HOLDOUT_06_CONTIGUOUS,2017-04,16,29833492.78678926,85027000.82848442,5,0.5923434912098339
purchase_volume,HOLDOUT_06_CONTIGUOUS,2017-04,17,29682806.488194328,85027000.82848442,5,0.5908456605171815
purchase_volume,HOLDOUT_06_CONTIGUOUS,2017-04,18,29723699.795928694,85027000.82848442,5,0.5912525175545515
purchase_volume,HOLDOUT_06_CONTIGUOUS,2017-04,19,30012763.84281767,85027000.82848442,5,0.5941205374988835
purchase_volume,HOLDOUT_06_CONTIGUOUS,2017-04,20,30177952.97136511,85027000.82848442,5,0.5957533025100296
purchase_volume,HOLDOUT_06_CONTIGUOUS,2017-04,21,30628193.211646277,85027000.82848442,5,0.6001810221749146
purchase_volume,HOLDOUT_06_CONTIGUOUS,2017-04,22,31141823.214462295,85027000.82848442,5,0.6051925696811716
purchase_volume,HOLDOUT_06_CONTIGUOUS,2017-04,23,31507272.059905462,85027000.82848442,5,0.608733175767173
purchase_volume,HOLDOUT_06_CONTIGUOUS,2017-04,24,31809839.393169537,85027000.82848442,5,0.611649053451382
purchase_volume,HOLDOUT_06_CONTIGUOUS,2017-05,0,227268137.4217535,227268137.4217535,5,1.0
purchase_volume,HOLDOUT_06_CONTIGUOUS,2017-05,1,78258835.96516335,227268137.4217535,5,0.5868098775833256
purchase_volume,HOLDOUT_06_CONTIGUOUS,2017-05,2,56815554.77462958,227268137.4217535,5,0.49999348967057944
purchase_volume,HOLDOUT_06_CONTIGUOUS,2017-05,3,50173154.907710075,227268137.4217535,5,0.4698577870443013
purchase_volume,HOLDOUT_06_CONTIGUOUS,2017-05,4,43491868.33722712,227268137.4217535,5,0.43745638117207714
purchase_volume,HOLDOUT_06_CONTIGUOUS,2017-05,5,43381740.32206052,227268137.4217535,5,0.4369021771235718
purchase_volume,HOLDOUT_06_CONTIGUOUS,2017-05,6,43407463.13506012,227268137.4217535,5,0.4370316865380336
purchase_volume,HOLDOUT_06_CONTIGUOUS,2017-05,7,41935858.53534204,227268137.4217535,5,0.42955966294661185
purchase_volume,HOLDOUT_06_CONTIGUOUS,2017-05,8,41636869.93483131,227268137.4217535,5,0.428025615612011
purchase_volume,HOLDOUT_06_CONTIGUOUS,2017-05,9,41167190.26416881,227268137.4217535,5,0.42560462325117604
purchase_volume,HOLDOUT_06_CONTIGUOUS,2017-05,10,40941799.461442746,227268137.4217535,5,0.42443792923377965
purchase_volume,HOLDOUT_06_CONTIGUOUS,2017-05,11,41136724.96313057,227268137.4217535,5,0.42544711222550413
purchase_volume,HOLDOUT_06_CONTIGUOUS,2017-05,12,41021106.83291195,227268137.4217535,5,0.42484881458476537
purchase_volume,HOLDOUT_06_CONTIGUOUS,2017-05,13,41381931.96392405,227268137.4217535,5,0.4267132267623388
purchase_volume,HOLDOUT_06_CONTIGUOUS,2017-05,14,41584345.46366273,227268137.4217535,5,0.42775555552149874
purchase_volume,HOLDOUT_06_CONTIGUOUS,2017-05,15,42018638.21659694,227268137.4217535,5,0.4299834205922819
purchase_volume,HOLDOUT_06_CONTIGUOUS,2017-05,16,42430568.72844446,227268137.4217535,5,0.4320859553850981
purchase_volume,HOLDOUT_06_CONTIGUOUS,2017-05,17,42886051.49037032,227268137.4217535,5,0.43439893815284747
purchase_volume,HOLDOUT_06_CONTIGUOUS,2017-05,18,43190139.077720195,227268137.4217535,5,0.4359362910727691
purchase_volume,HOLDOUT_06_CONTIGUOUS,2017-05,19,43539369.54840799,227268137.4217535,5,0.43769520785403315
purchase_volume,HOLDOUT_06_CONTIGUOUS,2017-05,20,43893035.17084726,227268137.4217535,5,0.43946928805584173
purchase_volume,HOLDOUT_06_CONTIGUOUS,2017-05,21,44505816.28030601,227268137.4217535,5,0.44252632292153954
purchase_volume,HOLDOUT_06_CONTIGUOUS,2017-05,22,45108969.6265605,227268137.4217535,5,0.4455148424003117
purchase_volume,HOLDOUT_06_CONTIGUOUS,2017-05,23,45319753.70624012,227268137.4217535,5,0.4465545246440956
purchase_volume,HOLDOUT_06_CONTIGUOUS,2017-05,24,45361327.78727685,227268137.4217535,5,0.44675930111303014
purchase_volume,HOLDOUT_06_CONTIGUOUS,2017-06,0,231962450.52892554,231962450.52892554,5,1.0
purchase_volume,HOLDOUT_06_CONTIGUOUS,2017-06,1,74315432.33009326,231962450.52892554,5,0.5660185445234654
purchase_volume,HOLDOUT_06_CONTIGUOUS,2017-06,2,62340940.65046164,231962450.52892554,5,0.5184153251025809
purchase_volume,HOLDOUT_06_CONTIGUOUS,2017-06,3,54840351.592089295,231962450.52892554,5,0.48622946284034646
purchase_volume,HOLDOUT_06_CONTIGUOUS,2017-06,4,46176899.34120411,231962450.52892554,5,0.44617326122835266
purchase_volume,HOLDOUT_06_CONTIGUOUS,2017-06,5,46131132.47446508,231962450.52892554,5,0.4459521007060217
purchase_volume,HOLDOUT_06_CONTIGUOUS,2017-06,6,45712127.67429997,231962450.52892554,5,0.4439222100678558
purchase_volume,HOLDOUT_06_CONTIGUOUS,2017-06,7,45909381.72957544,231962450.52892554,5,0.4448789714314295
purchase_volume,HOLDOUT_06_CONTIGUOUS,2017-06,8,46329614.86809115,231962450.52892554,5,0.4469104408865345
purchase_volume,HOLDOUT_06_CONTIGUOUS,2017-06,9,46335839.945235506,231962450.52892554,5,0.44694046443122354
purchase_volume,HOLDOUT_06_CONTIGUOUS,2017-06,10,46326395.85840221,231962450.52892554,5,0.4468949148128436
purchase_volume,HOLDOUT_06_CONTIGUOUS,2017-06,11,46242311.77567284,231962450.52892554,5,0.4464891654061317
purchase_volume,HOLDOUT_06_CONTIGUOUS,2017-06,12,45803710.607197165,231962450.52892554,5,0.4443666802477209
purchase_volume,HOLDOUT_06_CONTIGUOUS,2017-06,13,46034861.97467832,231962450.52892554,5,0.44548653167164276
purchase_volume,HOLDOUT_06_CONTIGUOUS,2017-06,14,46179926.524901494,231962450.52892554,5,0.4461878857084145
purchase_volume,HOLDOUT_06_CONTIGUOUS,2017-06,15,46486532.051476374,231962450.52892554,5,0.44766663805972645
purchase_volume,HOLDOUT_06_CONTIGUOUS,2017-06,16,46752735.893000215,231962450.52892554,5,0.44894658359998657
purchase_volume,HOLDOUT_06_CONTIGUOUS,2017-06,17,47008997.811168306,231962450.52892554,5,0.45017528915483435
purchase_volume,HOLDOUT_06_CONTIGUOUS,2017-06,18,46705667.82308063,231962450.52892554,5,0.44872053939257084
purchase_volume,HOLDOUT_06_CONTIGUOUS,2017-06,19,45571137.13922604,231962450.52892554,5,0.44323708372853116
purchase_volume,HOLDOUT_06_CONTIGUOUS,2017-06,20,45205707.20244779,231962450.52892554,5,0.4414563719968169
purchase_volume,HOLDOUT_06_CONTIGUOUS,2017-06,21,45293455.451852635,231962450.52892554,5,0.4418846170841955
purchase_volume,HOLDOUT_06_CONTIGUOUS,2017-06,22,45121353.449634016,231962450.52892554,5,0.44104430135402756
purchase_volume,HOLDOUT_06_CONTIGUOUS,2017-06,23,45274726.27246207,231962450.52892554,5,0.44179324635614464
purchase_volume,HOLDOUT_06_CONTIGUOUS,2017-06,24,45436603.895406544,231962450.52892554,5,0.44258234697097054
purchase_volume,HOLDOUT_06_CONTIGUOUS,2017-07,0,214240888.99208373,214240888.99208373,5,1.0
purchase_volume,HOLDOUT_06_CONTIGUOUS,2017-07,1,108269476.68694375,214240888.99208373,5,0.7108890716129357
purchase_volume,HOLDOUT_06_CONTIGUOUS,2017-07,2,101090268.38312142,214240888.99208373,5,0.6869157810667723
purchase_volume,HOLDOUT_06_CONTIGUOUS,2017-07,3,87732460.38861355,214240888.99208373,5,0.6399248474730488
purchase_volume,HOLDOUT_06_CONTIGUOUS,2017-07,4,75347249.54119748,214240888.99208373,5,0.5930379978366164
purchase_volume,HOLDOUT_06_CONTIGUOUS,2017-07,5,69437574.16020396,214240888.99208373,5,0.5693064302838033
purchase_volume,HOLDOUT_06_CONTIGUOUS,2017-07,6,68060162.26982467,214240888.99208373,5,0.5636315680504947
purchase_volume,HOLDOUT_06_CONTIGUOUS,2017-07,7,67380911.59049252,214240888.99208373,5,0.5608119513522019
purchase_volume,HOLDOUT_06_CONTIGUOUS,2017-07,8,67916895.477124,214240888.99208373,5,0.5630380326865084
purchase_volume,HOLDOUT_06_CONTIGUOUS,2017-07,9,69674471.07238007,214240888.99208373,5,0.5702767414089492
purchase_volume,HOLDOUT_06_CONTIGUOUS,2017-07,10,69924302.37598023,214240888.99208373,5,0.5712982453534914
purchase_volume,HOLDOUT_06_CONTIGUOUS,2017-07,11,70007320.98681903,214240888.99208373,5,0.5716372856866714
purchase_volume,HOLDOUT_06_CONTIGUOUS,2017-07,12,70788702.68476227,214240888.99208373,5,0.5748185776848935
purchase_volume,HOLDOUT_06_CONTIGUOUS,2017-07,13,69883180.70571288,214240888.99208373,5,0.5711302337163426
purchase_volume,HOLDOUT_06_CONTIGUOUS,2017-07,14,69832298.17089503,214240888.99208373,5,0.5709222734786681
purchase_volume,HOLDOUT_06_CONTIGUOUS,2017-07,15,70010705.9481473,214240888.99208373,5,0.5716511052893176
purchase_volume,HOLDOUT_06_CONTIGUOUS,2017-07,16,70219305.85496883,214240888.99208373,5,0.5725021013823299
purchase_volume,HOLDOUT_06_CONTIGUOUS,2017-07,17,70198694.73730397,214240888.99208373,5,0.5724180733928032
purchase_volume,HOLDOUT_06_CONTIGUOUS,2017-07,18,70332700.41181447,214240888.99208373,5,0.5729641711348002
purchase_volume,HOLDOUT_06_CONTIGUOUS,2017-07,19,71604056.44334583,214240888.99208373,5,0.578119518412443
purchase_volume,HOLDOUT_06_CONTIGUOUS,2017-07,20,71965522.79248273,214240888.99208373,5,0.5795768917647147
purchase_volume,HOLDOUT_06_CONTIGUOUS,2017-07,21,72591522.90041074,214240888.99208373,5,0.582092190748903
purchase_volume,HOLDOUT_06_CONTIGUOUS,2017-07,22,73223954.2572,214240888.99208373,5,0.5846223416601702
purchase_volume,HOLDOUT_06_CONTIGUOUS,2017-07,23,73058213.83820291,214240888.99208373,5,0.5839603284904723
purchase_volume,HOLDOUT_06_CONTIGUOUS,2017-07,24,73035021.4582694,214240888.99208373,5,0.5838676318304646
purchase_volume,HOLDOUT_06_CONTIGUOUS,2017-08,0,352980850.959751,352980850.959751,5,1.0
purchase_volume,HOLDOUT_06_CONTIGUOUS,2017-08,1,91974005.43450856,352980850.959751,5,0.5104544300475341
purchase_volume,HOLDOUT_06_CONTIGUOUS,2017-08,2,78624701.9991082,352980850.959751,5,0.47195863166508123
purchase_volume,HOLDOUT_06_CONTIGUOUS,2017-08,3,68135595.17969808,352980850.959751,5,0.43935083293276084
purchase_volume,HOLDOUT_06_CONTIGUOUS,2017-08,4,52777245.85575076,352980850.959751,5,0.3866765086834966
purchase_volume,HOLDOUT_06_CONTIGUOUS,2017-08,5,54286315.31928381,352980850.959751,5,0.3921657029872004
purchase_volume,HOLDOUT_06_CONTIGUOUS,2017-08,6,52463495.20729907,352980850.959751,5,0.38552543640434644
purchase_volume,HOLDOUT_06_CONTIGUOUS,2017-08,7,50336130.96555354,352980850.959751,5,0.3776281339910268
purchase_volume,HOLDOUT_06_CONTIGUOUS,2017-08,8,49454444.65295172,352980850.959751,5,0.3743062611635757
purchase_volume,HOLDOUT_06_CONTIGUOUS,2017-08,9,48366854.35457112,352980850.959751,5,0.3701675534906114
purchase_volume,HOLDOUT_06_CONTIGUOUS,2017-08,10,47214749.78768074,352980850.959751,5,0.3657322631189446
purchase_volume,HOLDOUT_06_CONTIGUOUS,2017-08,11,46415710.066287525,352980850.959751,5,0.36262431919654636
purchase_volume,HOLDOUT_06_CONTIGUOUS,2017-08,12,43045070.02413234,352980850.959751,5,0.34920956961120203
purchase_volume,HOLDOUT_06_CONTIGUOUS,2017-08,13,39509744.94100614,352980850.959751,5,0.3345619448969
purchase_volume,HOLDOUT_06_CONTIGUOUS,2017-08,14,39333999.37261136,352980850.959751,5,0.3338170234790241
purchase_volume,HOLDOUT_06_CONTIGUOUS,2017-08,15,39323906.52675483,352980850.959751,5,0.33377419310364836
purchase_volume,HOLDOUT_06_CONTIGUOUS,2017-08,16,39273468.8944285,352980850.959751,5,0.3335600716805677
purchase_volume,HOLDOUT_06_CONTIGUOUS,2017-08,17,39359870.95728886,352980850.959751,5,0.3339267880067828
purchase_volume,HOLDOUT_06_CONTIGUOUS,2017-08,18,39409404.75298192,352980850.959751,5,0.3341368428179536
purchase_volume,HOLDOUT_06_CONTIGUOUS,2017-08,19,39415994.60272738,352980850.959751,5,0.33416477802227657
purchase_volume,HOLDOUT_06_CONTIGUOUS,2017-08,20,39387797.412619725,352980850.959751,5,0.33404523018863436
purchase_volume,HOLDOUT_06_CONTIGUOUS,2017-08,21,39480391.90963031,352980850.959751,5,0.334437643513399
purchase_volume,HOLDOUT_06_CONTIGUOUS,2017-08,22,39505640.88205047,352980850.959751,5,0.3345445682015221
purchase_volume,HOLDOUT_06_CONTIGUOUS,2017-08,23,39378929.572440326,352980850.959751,5,0.33400762429722247
purchase_volume,HOLDOUT_06_CONTIGUOUS,2017-08,24,39390067.159984335,352980850.959751,5,0.33405485483647057
purchase_volume,HOLDOUT_06_CONTIGUOUS,2017-09,0,316774155.1925708,316774155.1925708,5,1.0
purchase_volume,HOLDOUT_06_CONTIGUOUS,2017-09,1,116990630.70570818,316774155.1925708,5,0.6077159997525209
purchase_volume,HOLDOUT_06_CONTIGUOUS,2017-09,2,95695768.56502132,316774155.1925708,5,0.549631350690113
purchase_volume,HOLDOUT_06_CONTIGUOUS,2017-09,3,75360590.30806917,316774155.1925708,5,0.48774999672949837
purchase_volume,HOLDOUT_06_CONTIGUOUS,2017-09,4,79764343.82283154,316774155.1925708,5,0.5017986952359679
purchase_volume,HOLDOUT_06_CONTIGUOUS,2017-09,5,79946249.19637388,316774155.1925708,5,0.5023705541158021
purchase_volume,HOLDOUT_06_CONTIGUOUS,2017-09,6,78380664.04976429,316774155.1925708,5,0.4974272792493952
purchase_volume,HOLDOUT_06_CONTIGUOUS,2017-09,7,83908223.36045258,316774155.1925708,5,0.5146682675016616
purchase_volume,HOLDOUT_06_CONTIGUOUS,2017-09,8,84398751.63560343,316774155.1925708,5,0.5161704530568322
purchase_volume,HOLDOUT_06_CONTIGUOUS,2017-09,9,84196493.92010401,316774155.1925708,5,0.5155515927253825
purchase_volume,HOLDOUT_06_CONTIGUOUS,2017-09,10,81430870.58275841,316774155.1925708,5,0.5070136693105258
purchase_volume,HOLDOUT_06_CONTIGUOUS,2017-09,11,78913553.73901348,316774155.1925708,5,0.4991153540732802
purchase_volume,HOLDOUT_06_CONTIGUOUS,2017-09,12,77996808.45068717,316774155.1925708,5,0.49620775274434475
purchase_volume,HOLDOUT_06_CONTIGUOUS,2017-09,13,71342214.65375577,316774155.1925708,5,0.47456796968042303
purchase_volume,HOLDOUT_06_CONTIGUOUS,2017-09,14,70633049.17258301,316774155.1925708,5,0.4722033966503001
purchase_volume,HOLDOUT_06_CONTIGUOUS,2017-09,15,70339290.73437458,316774155.1925708,5,0.47122044136184893
purchase_volume,HOLDOUT_06_CONTIGUOUS,2017-09,16,69738641.10668854,316774155.1925708,5,0.4692041769654376
purchase_volume,HOLDOUT_06_CONTIGUOUS,2017-09,17,69655676.47608826,316774155.1925708,5,0.4689249993461112
purchase_volume,HOLDOUT_06_CONTIGUOUS,2017-09,18,69439889.93160012,316774155.1925708,5,0.46819809380582733
purchase_volume,HOLDOUT_06_CONTIGUOUS,2017-09,19,69375030.11202264,316774155.1925708,5,0.46797938422614893
purchase_volume,HOLDOUT_06_CONTIGUOUS,2017-09,20,69283403.43015736,316774155.1925708,5,0.46767024154450054
purchase_volume,HOLDOUT_06_CONTIGUOUS,2017-09,21,69038342.41077527,316774155.1925708,5,0.4668424150788447
purchase_volume,HOLDOUT_06_CONTIGUOUS,2017-09,22,68864891.72235791,316774155.1925708,5,0.4662556030340447
purchase_volume,HOLDOUT_06_CONTIGUOUS,2017-09,23,68907646.48716283,316774155.1925708,5,0.46640031796063414
purchase_volume,HOLDOUT_06_CONTIGUOUS,2017-09,24,68934339.5271124,316774155.1925708,5,0.4664906449237546
purchase_volume,HOLDOUT_06_CONTIGUOUS,2017-10,0,335252391.6458299,335252391.6458299,5,1.0
purchase_volume,HOLDOUT_06_CONTIGUOUS,2017-10,1,122308567.7718263,335252391.6458299,5,0.6040077317480332
purchase_volume,HOLDOUT_06_CONTIGUOUS,2017-10,2,90447344.83309543,335252391.6458299,5,0.519411987834375
purchase_volume,HOLDOUT_06_CONTIGUOUS,2017-10,3,56763189.17872674,335252391.6458299,5,0.4114787876128714
purchase_volume,HOLDOUT_06_CONTIGUOUS,2017-10,4,58211210.20339421,335252391.6458299,5,0.41669411965895603
purchase_volume,HOLDOUT_06_CONTIGUOUS,2017-10,5,58053876.55208489,335252391.6458299,5,0.4161306168038323
purchase_volume,HOLDOUT_06_CONTIGUOUS,2017-10,6,57236209.90651065,335252391.6458299,5,0.4131897043915073
purchase_volume,HOLDOUT_06_CONTIGUOUS,2017-10,7,55537597.07267011,335252391.6458299,5,0.4070123622351882
purchase_volume,HOLDOUT_06_CONTIGUOUS,2017-10,8,55470899.878019355,335252391.6458299,5,0.4067678905671922
purchase_volume,HOLDOUT_06_CONTIGUOUS,2017-10,9,53972956.63069044,335252391.6458299,5,0.40123809729735527
purchase_volume,HOLDOUT_06_CONTIGUOUS,2017-10,10,55987145.60061407,335252391.6458299,5,0.4086563209502703
purchase_volume,HOLDOUT_06_CONTIGUOUS,2017-10,11,56672834.96064655,335252391.6458299,5,0.4111511663892944
purchase_volume,HOLDOUT_06_CONTIGUOUS,2017-10,12,56609116.70044616,335252391.6458299,5,0.4109199691601986
purchase_volume,HOLDOUT_06_CONTIGUOUS,2017-10,13,56903175.00129754,335252391.6458299,5,0.4119858567891639
purchase_volume,HOLDOUT_06_CONTIGUOUS,2017-10,14,57243327.68544813,335252391.6458299,5,0.41321539530947354
purchase_volume,HOLDOUT_06_CONTIGUOUS,2017-10,15,57206916.23566326,335252391.6458299,5,0.4130839549689794
purchase_volume,HOLDOUT_06_CONTIGUOUS,2017-10,16,57015755.819478266,335252391.6458299,5,0.4123932047656269
purchase_volume,HOLDOUT_06_CONTIGUOUS,2017-10,17,56761583.53836105,335252391.6458299,5,0.4114729678938528
purchase_volume,HOLDOUT_06_CONTIGUOUS,2017-10,18,56541783.40720451,335252391.6458299,5,0.4106755135950585
purchase_volume,HOLDOUT_06_CONTIGUOUS,2017-10,19,56317634.0777534,335252391.6458299,5,0.40986068208376525
purchase_volume,HOLDOUT_06_CONTIGUOUS,2017-10,20,56226700.22695676,335252391.6458299,5,0.40952965550955345
purchase_volume,HOLDOUT_06_CONTIGUOUS,2017-10,21,56224823.43567932,335252391.6458299,5,0.40952282060641926
purchase_volume,HOLDOUT_06_CONTIGUOUS,2017-10,22,56129798.08627775,335252391.6458299,5,0.40917660782006643
purchase_volume,HOLDOUT_06_CONTIGUOUS,2017-10,23,56572353.26686268,335252391.6458299,5,0.41078651642887426
purchase_volume,HOLDOUT_06_CONTIGUOUS,2017-10,24,56788051.258175805,335252391.6458299,5,0.41156889088668736
purchase_volume,HOLDOUT_06_CONTIGUOUS,2017-11,0,3944264086.4004216,3944264086.4004216,5,1.0
purchase_volume,HOLDOUT_06_CONTIGUOUS,2017-11,1,3343301770.412279,3944264086.4004216,5,0.9206717057392358
purchase_volume,HOLDOUT_06_CONTIGUOUS,2017-11,2,3438372289.4640555,3944264086.4004216,5,0.933670111432411
purchase_volume,HOLDOUT_06_CONTIGUOUS,2017-11,3,3609895389.9327374,3944264086.4004216,5,0.9566747593044252
purchase_volume,HOLDOUT_06_CONTIGUOUS,2017-11,4,3302730994.3196507,3944264086.4004216,5,0.9150685059362437
purchase_volume,HOLDOUT_06_CONTIGUOUS,2017-11,5,3211522086.9644556,3944264086.4004216,5,0.9023446837200371
purchase_volume,HOLDOUT_06_CONTIGUOUS,2017-11,6,3230161098.874782,3944264086.4004216,5,0.9049594066117244
purchase_volume,HOLDOUT_06_CONTIGUOUS,2017-11,7,3215013681.5289955,3944264086.4004216,5,0.9028350689372509
purchase_volume,HOLDOUT_06_CONTIGUOUS,2017-11,8,3270271521.172792,3944264086.4004216,5,0.9105607239816556
purchase_volume,HOLDOUT_06_CONTIGUOUS,2017-11,9,3438645607.33457,3944264086.4004216,5,0.9337072196385722
purchase_volume,HOLDOUT_06_CONTIGUOUS,2017-11,10,3445833958.596793,3944264086.4004216,5,0.9346826489504165
purchase_volume,HOLDOUT_06_CONTIGUOUS,2017-11,11,3550606516.393322,3944264086.4004216,5,0.948786027378891
purchase_volume,HOLDOUT_06_CONTIGUOUS,2017-11,12,3526588188.9529033,3944264086.4004216,5,0.9455715170610507
purchase_volume,HOLDOUT_06_CONTIGUOUS,2017-11,13,3509203198.1268167,3944264086.4004216,5,0.943237949764334
purchase_volume,HOLDOUT_06_CONTIGUOUS,2017-11,14,3467049939.7552967,3944264086.4004216,5,0.9375556514936018
purchase_volume,HOLDOUT_06_CONTIGUOUS,2017-11,15,3473926475.3593197,3944264086.4004216,5,0.9384849633422906
purchase_volume,HOLDOUT_06_CONTIGUOUS,2017-11,16,3479992129.1057496,3944264086.4004216,5,0.9393039274425887
purchase_volume,HOLDOUT_06_CONTIGUOUS,2017-11,17,3492491395.218762,3944264086.4004216,5,0.9409892884818943
purchase_volume,HOLDOUT_06_CONTIGUOUS,2017-11,18,3509520996.019505,3944264086.4004216,5,0.9432806592099663
purchase_volume,HOLDOUT_06_CONTIGUOUS,2017-11,19,3515198202.7535815,3944264086.4004216,5,0.9440433039335012
purchase_volume,HOLDOUT_06_CONTIGUOUS,2017-11,20,3520688873.6059732,3944264086.4004216,5,0.9447803048404521
purchase_volume,HOLDOUT_06_CONTIGUOUS,2017-11,21,3534216608.6345553,3944264086.4004216,5,0.946593655093899
purchase_volume,HOLDOUT_06_CONTIGUOUS,2017-11,22,3539318821.6741166,3944264086.4004216,5,0.9472766891521668
purchase_volume,HOLDOUT_06_CONTIGUOUS,2017-11,23,3538081928.499915,3944264086.4004216,5,0.9471111513022024
purchase_volume,HOLDOUT_06_CONTIGUOUS,2017-11,24,3535413335.087656,3944264086.4004216,5,0.9467539052869566
purchase_volume,HOLDOUT_06_CONTIGUOUS,2017-12,0,7665872507.582491,7665872507.582491,5,1.0
purchase_volume,HOLDOUT_06_CONTIGUOUS,2017-12,1,7016548285.496587,7665872507.582491,5,0.9567114309878527
purchase_volume,HOLDOUT_06_CONTIGUOUS,2017-12,2,6433339457.439353,7665872507.582491,5,0.916088513629874
purchase_volume,HOLDOUT_06_CONTIGUOUS,2017-12,3,6075514874.153793,7665872507.582491,5,0.8902474700478646
purchase_volume,HOLDOUT_06_CONTIGUOUS,2017-12,4,7170480344.681955,7665872507.582491,5,0.9671488700730106
purchase_volume,HOLDOUT_06_CONTIGUOUS,2017-12,5,10153975561.738386,7665872507.582491,5,1.150899127530387
purchase_volume,HOLDOUT_06_CONTIGUOUS,2017-12,6,10640823260.010075,7665872507.582491,5,1.1781669041448628
purchase_volume,HOLDOUT_06_CONTIGUOUS,2017-12,7,11016024986.07983,7665872507.582491,5,1.198758390816214
purchase_volume,HOLDOUT_06_CONTIGUOUS,2017-12,8,11373598049.624588,7665872507.582491,5,1.218058486325203
purchase_volume,HOLDOUT_06_CONTIGUOUS,2017-12,9,11543236767.71912,7665872507.582491,5,1.2271086169071783
purchase_volume,HOLDOUT_06_CONTIGUOUS,2017-12,10,11534687001.138067,7665872507.582491,5,1.226654089469728
purchase_volume,HOLDOUT_06_CONTIGUOUS,2017-12,11,11913752525.491314,7665872507.582491,5,1.2466469855744877
purchase_volume,HOLDOUT_06_CONTIGUOUS,2017-12,12,12658466622.184599,7665872507.582491,5,1.2850196072368172
purchase_volume,HOLDOUT_06_CONTIGUOUS,2017-12,13,12712473730.16646,7665872507.582491,5,1.287757945480883
purchase_volume,HOLDOUT_06_CONTIGUOUS,2017-12,14,12844429400.325378,7665872507.582491,5,1.2944241647799206
purchase_volume,HOLDOUT_06_CONTIGUOUS,2017-12,15,12929813646.838577,7665872507.582491,5,1.2987194261127457
purchase_volume,HOLDOUT_06_CONTIGUOUS,2017-12,16,12985953313.051403,7665872507.582491,5,1.30153581261308
purchase_volume,HOLDOUT_06_CONTIGUOUS,2017-12,17,13015453577.882029,7665872507.582491,5,1.3030133271652022
purchase_volume,HOLDOUT_06_CONTIGUOUS,2017-12,18,13020483773.15939,7665872507.582491,5,1.3032650962750032
purchase_volume,HOLDOUT_06_CONTIGUOUS,2017-12,19,12999020778.733284,7665872507.582491,5,1.3021905007085015
purchase_volume,HOLDOUT_06_CONTIGUOUS,2017-12,20,13017598353.969465,7665872507.582491,5,1.3031206824981207
purchase_volume,HOLDOUT_06_CONTIGUOUS,2017-12,21,13008092214.674013,7665872507.582491,5,1.3026447917560404
purchase_volume,HOLDOUT_06_CONTIGUOUS,2017-12,22,13001761833.391418,7665872507.582491,5,1.3023277874800647
purchase_volume,HOLDOUT_06_CONTIGUOUS,2017-12,23,13028707236.204369,7665872507.582491,5,1.3036765886920454
purchase_volume,HOLDOUT_06_CONTIGUOUS,2017-12,24,13046175218.967285,7665872507.582491,5,1.304550235321013
purchase_volume,HOLDOUT_06_CONTIGUOUS,2018-01,0,1420885339.6868918,1420885339.6868918,5,1.0
purchase_volume,HOLDOUT_06_CONTIGUOUS,2018-01,1,996618406.480245,1420885339.6868918,5,0.8375002305438415
purchase_volume,HOLDOUT_06_CONTIGUOUS,2018-01,2,898048361.6743271,1420885339.6868918,5,0.7950058891484384
purchase_volume,HOLDOUT_06_CONTIGUOUS,2018-01,3,848528718.7529771,1420885339.6868918,5,0.7727762320516192
purchase_volume,HOLDOUT_06_CONTIGUOUS,2018-01,4,824464798.8307391,1420885339.6868918,5,0.7617396152837934
purchase_volume,HOLDOUT_06_CONTIGUOUS,2018-01,5,799505435.0647185,1420885339.6868918,5,0.7501207748238958
purchase_volume,HOLDOUT_06_CONTIGUOUS,2018-01,6,786325500.4869437,1420885339.6868918,5,0.7439121695836954
purchase_volume,HOLDOUT_06_CONTIGUOUS,2018-01,7,783703750.8207436,1420885339.6868918,5,0.7426709660986338
purchase_volume,HOLDOUT_06_CONTIGUOUS,2018-01,8,789588316.4931569,1420885339.6868918,5,0.745453983888549
purchase_volume,HOLDOUT_06_CONTIGUOUS,2018-01,9,803645177.184889,1420885339.6868918,5,0.7520602846001048
purchase_volume,HOLDOUT_06_CONTIGUOUS,2018-01,10,792123882.4808676,1420885339.6868918,5,0.7466499443178615
purchase_volume,HOLDOUT_06_CONTIGUOUS,2018-01,11,773453804.0037644,1420885339.6868918,5,0.7377983390562293
purchase_volume,HOLDOUT_06_CONTIGUOUS,2018-01,12,766048577.2821137,1420885339.6868918,5,0.7342579179700283
purchase_volume,HOLDOUT_06_CONTIGUOUS,2018-01,13,751155575.0677441,1420885339.6868918,5,0.7270854113248806
purchase_volume,HOLDOUT_06_CONTIGUOUS,2018-01,14,741666808.2644706,1420885339.6868918,5,0.7224784625511211
purchase_volume,HOLDOUT_06_CONTIGUOUS,2018-01,15,727723844.3667482,1420885339.6868918,5,0.7156551252559928
purchase_volume,HOLDOUT_06_CONTIGUOUS,2018-01,16,727525066.6941569,1420885339.6868918,5,0.7155573780288514
purchase_volume,HOLDOUT_06_CONTIGUOUS,2018-01,17,721627830.9382255,1420885339.6868918,5,0.712651363576642
purchase_volume,HOLDOUT_06_CONTIGUOUS,2018-01,18,718400976.6042638,1420885339.6868918,5,0.7110562209196463
purchase_volume,HOLDOUT_06_CONTIGUOUS,2018-01,19,716367715.9150739,1420885339.6868918,5,0.7100492713679726
purchase_volume,HOLDOUT_06_CONTIGUOUS,2018-01,20,716937514.2907524,1420885339.6868918,5,0.7103316015824909
purchase_volume,HOLDOUT_06_CONTIGUOUS,2018-01,21,716556154.063168,1420885339.6868918,5,0.7101426532785481
purchase_volume,HOLDOUT_06_CONTIGUOUS,2018-01,22,718333462.930537,1420885339.6868918,5,0.7110228084193916
purchase_volume,HOLDOUT_06_CONTIGUOUS,2018-01,23,720421766.6108048,1420885339.6868918,5,0.7120555836085225
purchase_volume,HOLDOUT_06_CONTIGUOUS,2018-01,24,721059358.5314928,1420885339.6868918,5,0.7123706077388423
purchase_volume,HOLDOUT_06_CONTIGUOUS,2018-02,0,1781194042.1038358,1781194042.1038358,5,1.0
purchase_volume,HOLDOUT_06_CONTIGUOUS,2018-02,1,600375626.3512645,1781194042.1038358,5,0.5805717630518433
purchase_volume,HOLDOUT_06_CONTIGUOUS,2018-02,2,483699455.2337634,1781194042.1038358,5,0.5211133296869702
purchase_volume,HOLDOUT_06_CONTIGUOUS,2018-02,3,447849978.9141756,1781194042.1038358,5,0.5014304022553585
purchase_volume,HOLDOUT_06_CONTIGUOUS,2018-02,4,447757351.2360471,1781194042.1038358,5,0.5013785447830645
purchase_volume,HOLDOUT_06_CONTIGUOUS,2018-02,5,441636750.44167495,1781194042.1038358,5,0.49793996672074564
purchase_volume,HOLDOUT_06_CONTIGUOUS,2018-02,6,446798769.61352986,1781194042.1038358,5,0.5008415689376556
purchase_volume,HOLDOUT_06_CONTIGUOUS,2018-02,7,448199323.85164785,1781194042.1038358,5,0.5016259342787649
purchase_volume,HOLDOUT_06_CONTIGUOUS,2018-02,8,429038597.1726985,1781194042.1038358,5,0.4907864513357064
purchase_volume,HOLDOUT_06_CONTIGUOUS,2018-02,9,422393801.1369991,1781194042.1038358,5,0.48697105849399674
purchase_volume,HOLDOUT_06_CONTIGUOUS,2018-02,10,403419563.7134377,1781194042.1038358,5,0.4759078415994569
purchase_volume,HOLDOUT_06_CONTIGUOUS,2018-02,11,385532443.247188,1781194042.1038358,5,0.4652376446814363
purchase_volume,HOLDOUT_06_CONTIGUOUS,2018-02,12,378530367.9366362,1781194042.1038358,5,0.46099344126022235
purchase_volume,HOLDOUT_06_CONTIGUOUS,2018-02,13,366441866.19314164,1781194042.1038358,5,0.4535727200628058
purchase_volume,HOLDOUT_06_CONTIGUOUS,2018-02,14,361528921.6035749,1781194042.1038358,5,0.45052189891777034
purchase_volume,HOLDOUT_06_CONTIGUOUS,2018-02,15,353134577.781392,1781194042.1038358,5,0.4452608440876337
purchase_volume,HOLDOUT_06_CONTIGUOUS,2018-02,16,351544236.00125915,1781194042.1038358,5,0.4442570964804336
purchase_volume,HOLDOUT_06_CONTIGUOUS,2018-02,17,348833402.76473814,1781194042.1038358,5,0.44254090056346235
purchase_volume,HOLDOUT_06_CONTIGUOUS,2018-02,18,346814831.117075,1781194042.1038358,5,0.44125863148976613
purchase_volume,HOLDOUT_06_CONTIGUOUS,2018-02,19,345969269.2128611,1781194042.1038358,5,0.4407203915535534
purchase_volume,HOLDOUT_06_CONTIGUOUS,2018-02,20,345127760.1753577,1781194042.1038358,5,0.4401840780435907
purchase_volume,HOLDOUT_06_CONTIGUOUS,2018-02,21,344525243.708112,1781194042.1038358,5,0.4397996783510476
purchase_volume,HOLDOUT_06_CONTIGUOUS,2018-02,22,344332302.86258554,1781194042.1038358,5,0.4396765129127538
purchase_volume,HOLDOUT_06_CONTIGUOUS,2018-02,23,344262729.45466864,1781194042.1038358,5,0.4396320916683965
purchase_volume,HOLDOUT_06_CONTIGUOUS,2018-02,24,344441022.8914348,1781194042.1038358,5,0.4397459195152199
purchase_volume,HOLDOUT_06_CONTIGUOUS,2018-03,0,1900050558.1832774,1900050558.1832774,5,1.0
purchase_volume,HOLDOUT_06_CONTIGUOUS,2018-03,1,494976640.6245922,1900050558.1832774,5,0.5103989512133577
purchase_volume,HOLDOUT_06_CONTIGUOUS,2018-03,2,426011776.4828322,1900050558.1832774,5,0.4735089844055208
purchase_volume,HOLDOUT_06_CONTIGUOUS,2018-03,3,414869177.60668415,1900050558.1832774,5,0.46727549543798624
purchase_volume,HOLDOUT_06_CONTIGUOUS,2018-03,4,411498139.27364194,1900050558.1832774,5,0.4653731891132905
purchase_volume,HOLDOUT_06_CONTIGUOUS,2018-03,5,400201417.69556415,1900050558.1832774,5,0.4589408681044182
purchase_volume,HOLDOUT_06_CONTIGUOUS,2018-03,6,386207287.5345534,1900050558.1832774,5,0.45084541112873894
purchase_volume,HOLDOUT_06_CONTIGUOUS,2018-03,7,369017668.7934416,1900050558.1832774,5,0.440697921157113
purchase_volume,HOLDOUT_06_CONTIGUOUS,2018-03,8,353834320.842371,1900050558.1832774,5,0.4315363653113953
purchase_volume,HOLDOUT_06_CONTIGUOUS,2018-03,9,338953478.6437601,1900050558.1832774,5,0.4223645590927034
purchase_volume,HOLDOUT_06_CONTIGUOUS,2018-03,10,328889526.28964233,1900050558.1832774,5,0.4160470462476143
purchase_volume,HOLDOUT_06_CONTIGUOUS,2018-03,11,320858496.1105894,1900050558.1832774,5,0.410936003745438
purchase_volume,HOLDOUT_06_CONTIGUOUS,2018-03,12,314462234.1796863,1900050558.1832774,5,0.40681941338132793
purchase_volume,HOLDOUT_06_CONTIGUOUS,2018-03,13,304687977.04392207,1900050558.1832774,5,0.4004470328622611
purchase_volume,HOLDOUT_06_CONTIGUOUS,2018-03,14,301572461.1301917,1900050558.1832774,5,0.3983944333724937
purchase_volume,HOLDOUT_06_CONTIGUOUS,2018-03,15,295852037.49819016,1900050558.1832774,5,0.3945978400533915
purchase_volume,HOLDOUT_06_CONTIGUOUS,2018-03,16,294714438.24164665,1900050558.1832774,5,0.3938384628952398
purchase_volume,HOLDOUT_06_CONTIGUOUS,2018-03,17,293884499.3510093,1900050558.1832774,5,0.3932835319922003
purchase_volume,HOLDOUT_06_CONTIGUOUS,2018-03,18,294171513.67707086,1900050558.1832774,5,0.39347552997401514
purchase_volume,HOLDOUT_06_CONTIGUOUS,2018-03,19,294792399.74826515,1900050558.1832774,5,0.3938905509602445
purchase_volume,HOLDOUT_06_CONTIGUOUS,2018-03,20,294910663.7276293,1900050558.1832774,5,0.3939695529849775
purchase_volume,HOLDOUT_06_CONTIGUOUS,2018-03,21,295907138.30610555,1900050558.1832774,5,0.39463458417674474
purchase_volume,HOLDOUT_06_CONTIGUOUS,2018-03,22,296445109.1342464,1900050558.1832774,5,0.3949931518841538
purchase_volume,HOLDOUT_06_CONTIGUOUS,2018-03,23,296938771.7101341,1900050558.1832774,5,0.3953219011516583
purchase_volume,HOLDOUT_06_CONTIGUOUS,2018-03,24,296782189.91331875,1900050558.1832774,5,0.39521765680575166
purchase_volume,HOLDOUT_06_CONTIGUOUS,2018-04,0,1145560921.2490935,1145560921.2490935,5,1.0
purchase_volume,HOLDOUT_06_CONTIGUOUS,2018-04,1,493580194.51547474,1145560921.2490935,5,0.6564018061424539
purchase_volume,HOLDOUT_06_CONTIGUOUS,2018-04,2,465900151.2014807,1145560921.2490935,5,0.6377307095318797
purchase_volume,HOLDOUT_06_CONTIGUOUS,2018-04,3,461683374.8538668,1145560921.2490935,5,0.634838158146717
purchase_volume,HOLDOUT_06_CONTIGUOUS,2018-04,4,456190658.96769685,1145560921.2490935,5,0.6310504767173974
purchase_volume,HOLDOUT_06_CONTIGUOUS,2018-04,5,427450713.1639697,1145560921.2490935,5,0.6108490854249273
purchase_volume,HOLDOUT_06_CONTIGUOUS,2018-04,6,410454827.2179392,1145560921.2490935,5,0.5985819114971317
purchase_volume,HOLDOUT_06_CONTIGUOUS,2018-04,7,380047087.60734725,1145560921.2490935,5,0.5759829255354149
purchase_volume,HOLDOUT_06_CONTIGUOUS,2018-04,8,363392831.528319,1145560921.2490935,5,0.5632213159291256
purchase_volume,HOLDOUT_06_CONTIGUOUS,2018-04,9,352897907.27074856,1145560921.2490935,5,0.5550287074118093
purchase_volume,HOLDOUT_06_CONTIGUOUS,2018-04,10,338305504.50893426,1145560921.2490935,5,0.5434322862917642
purchase_volume,HOLDOUT_06_CONTIGUOUS,2018-04,11,325244091.5519284,1145560921.2490935,5,0.5328385194455025
purchase_volume,HOLDOUT_06_CONTIGUOUS,2018-04,12,320770572.7386318,1145560921.2490935,5,0.5291614097131493
purchase_volume,HOLDOUT_06_CONTIGUOUS,2018-04,13,316180876.9390147,1145560921.2490935,5,0.5253620583172907
purchase_volume,HOLDOUT_06_CONTIGUOUS,2018-04,14,309182967.23156595,1145560921.2490935,5,0.5195157104168011
purchase_volume,HOLDOUT_06_CONTIGUOUS,2018-04,15,305712884.0688495,1145560921.2490935,5,0.5165921185994762
purchase_volume,HOLDOUT_06_CONTIGUOUS,2018-04,16,303767391.9504802,1145560921.2490935,5,0.5149457536625669
purchase_volume,HOLDOUT_06_CONTIGUOUS,2018-04,17,300489243.88581216,1145560921.2490935,5,0.512159662284934
purchase_volume,HOLDOUT_06_CONTIGUOUS,2018-04,18,300296105.3327168,1145560921.2490935,5,0.5119950412909614
purchase_volume,HOLDOUT_06_CONTIGUOUS,2018-04,19,300568145.6255833,1145560921.2490935,5,0.5122268986949825
purchase_volume,HOLDOUT_06_CONTIGUOUS,2018-04,20,299536483.9266628,1145560921.2490935,5,0.5113470664257026
purchase_volume,HOLDOUT_06_CONTIGUOUS,2018-04,21,298232669.46040314,1145560921.2490935,5,0.5102329637671752
purchase_volume,HOLDOUT_06_CONTIGUOUS,2018-04,22,297949763.15817416,1145560921.2490935,5,0.5099909004646254
purchase_volume,HOLDOUT_06_CONTIGUOUS,2018-04,23,297205723.5915048,1145560921.2490935,5,0.5093537282893794
purchase_volume,HOLDOUT_06_CONTIGUOUS,2018-04,24,296940557.46556747,1145560921.2490935,5,0.5091264555900781
purchase_volume,HOLDOUT_06_CONTIGUOUS,2018-05,0,1764850796.1922395,1764850796.1922395,5,1.0
purchase_volume,HOLDOUT_06_CONTIGUOUS,2018-05,1,825338508.7073988,1764850796.1922395,5,0.6838518983750564
purchase_volume,HOLDOUT_06_CONTIGUOUS,2018-05,2,750375217.7231334,1764850796.1922395,5,0.6520565226270058
purchase_volume,HOLDOUT_06_CONTIGUOUS,2018-05,3,706795790.5127894,1764850796.1922395,5,0.6328386268885734
purchase_volume,HOLDOUT_06_CONTIGUOUS,2018-05,4,664877616.9374014,1764850796.1922395,5,0.6137858310732744
purchase_volume,HOLDOUT_06_CONTIGUOUS,2018-05,5,589570690.4586806,1764850796.1922395,5,0.5779815095871174
purchase_volume,HOLDOUT_06_CONTIGUOUS,2018-05,6,551377420.4719203,1764850796.1922395,5,0.5589468217554875
purchase_volume,HOLDOUT_06_CONTIGUOUS,2018-05,7,516266651.3196106,1764850796.1922395,5,0.5408577268762755
purchase_volume,HOLDOUT_06_CONTIGUOUS,2018-05,8,503873286.7864065,1764850796.1922395,5,0.5343264459219066
purchase_volume,HOLDOUT_06_CONTIGUOUS,2018-05,9,491450454.5305993,1764850796.1922395,5,0.5276985161020264
purchase_volume,HOLDOUT_06_CONTIGUOUS,2018-05,10,475886300.537432,1764850796.1922395,5,0.5192752264721514
purchase_volume,HOLDOUT_06_CONTIGUOUS,2018-05,11,462172019.1765835,1764850796.1922395,5,0.5117381877909497
purchase_volume,HOLDOUT_06_CONTIGUOUS,2018-05,12,452011731.8358948,1764850796.1922395,5,0.5060819592103454
purchase_volume,HOLDOUT_06_CONTIGUOUS,2018-05,13,441916950.05412924,1764850796.1922395,5,0.5003988836933713
purchase_volume,HOLDOUT_06_CONTIGUOUS,2018-05,14,436814469.7301488,1764850796.1922395,5,0.4975016328627836
purchase_volume,HOLDOUT_06_CONTIGUOUS,2018-05,15,432858414.18197274,1764850796.1922395,5,0.49524367130158886
purchase_volume,HOLDOUT_06_CONTIGUOUS,2018-05,16,430055428.9102964,1764850796.1922395,5,0.4936375857504245
purchase_volume,HOLDOUT_06_CONTIGUOUS,2018-05,17,427648506.8913646,1764850796.1922395,5,0.49225425907886994
purchase_volume,HOLDOUT_06_CONTIGUOUS,2018-05,18,428424818.53788745,1764850796.1922395,5,0.4927008518288035
purchase_volume,HOLDOUT_06_CONTIGUOUS,2018-05,19,427661566.9136467,1764850796.1922395,5,0.4922617755350323
purchase_volume,HOLDOUT_06_CONTIGUOUS,2018-05,20,426637984.7270688,1764850796.1922395,5,0.49167232317272885
purchase_volume,HOLDOUT_06_CONTIGUOUS,2018-05,21,426053578.19587994,1764850796.1922395,5,0.4913354626579247
purchase_volume,HOLDOUT_06_CONTIGUOUS,2018-05,22,424639870.5620442,1764850796.1922395,5,0.49051962412532824
purchase_volume,HOLDOUT_06_CONTIGUOUS,2018-05,23,423539568.55165446,1764850796.1922395,5,0.48988370903321216
purchase_volume,HOLDOUT_06_CONTIGUOUS,2018-05,24,422736581.5393029,1764850796.1922395,5,0.48941910441374675
purchase_volume,HOLDOUT_06_CONTIGUOUS,2018-06,0,789858371.4372315,789858371.4372315,5,1.0
purchase_volume,HOLDOUT_06_CONTIGUOUS,2018-06,1,958847231.656707,789858371.4372315,5,1.10179322269785
purchase_volume,HOLDOUT_06_CONTIGUOUS,2018-06,2,857895043.1685591,789858371.4372315,5,1.042179356818924
purchase_volume,HOLDOUT_06_CONTIGUOUS,2018-06,3,752572887.9454072,789858371.4372315,5,0.9761120441060275
purchase_volume,HOLDOUT_06_CONTIGUOUS,2018-06,4,712635927.0295835,789858371.4372315,5,0.9498592226992056
purchase_volume,HOLDOUT_06_CONTIGUOUS,2018-06,5,643401610.6137536,789858371.4372315,5,0.9025400009995499
purchase_volume,HOLDOUT_06_CONTIGUOUS,2018-06,6,592374139.1095018,789858371.4372315,5,0.8660110481141436
purchase_volume,HOLDOUT_06_CONTIGUOUS,2018-06,7,520134616.00453293,789858371.4372315,5,0.8114901753637
purchase_volume,HOLDOUT_06_CONTIGUOUS,2018-06,8,517752148.8590807,789858371.4372315,5,0.8096295342679287
purchase_volume,HOLDOUT_06_CONTIGUOUS,2018-06,9,512028015.1282604,789858371.4372315,5,0.8051415680700682
purchase_volume,HOLDOUT_06_CONTIGUOUS,2018-06,10,503351515.4741806,789858371.4372315,5,0.7982907141806984
purchase_volume,HOLDOUT_06_CONTIGUOUS,2018-06,11,493918011.54295003,789858371.4372315,5,0.7907747966254683
purchase_volume,HOLDOUT_06_CONTIGUOUS,2018-06,12,484477674.2656491,789858371.4372315,5,0.7831812320611581
purchase_volume,HOLDOUT_06_CONTIGUOUS,2018-06,13,476333596.05481875,789858371.4372315,5,0.7765706883503951
purchase_volume,HOLDOUT_06_CONTIGUOUS,2018-06,14,468521541.20434016,789858371.4372315,5,0.7701763329603148
purchase_volume,HOLDOUT_06_CONTIGUOUS,2018-06,15,465401622.0378641,789858371.4372315,5,0.7676077194417407
purchase_volume,HOLDOUT_06_CONTIGUOUS,2018-06,16,463126471.4125984,789858371.4372315,5,0.7657291669043661
purchase_volume,HOLDOUT_06_CONTIGUOUS,2018-06,17,460089973.9595316,789858371.4372315,5,0.7632147798506521
purchase_volume,HOLDOUT_06_CONTIGUOUS,2018-06,18,458714189.3281002,789858371.4372315,5,0.7620728235430109
purchase_volume,HOLDOUT_06_CONTIGUOUS,2018-06,19,458739047.3327816,789858371.4372315,5,0.7620934718613117
purchase_volume,HOLDOUT_06_CONTIGUOUS,2018-06,20,458407522.5792727,789858371.4372315,5,0.7618180445616145
purchase_volume,HOLDOUT_06_CONTIGUOUS,2018-06,21,457617047.55542344,789858371.4372315,5,0.761160924054201
purchase_volume,HOLDOUT_06_CONTIGUOUS,2018-06,22,457552729.81228805,789858371.4372315,5,0.7611074318674825
purchase_volume,HOLDOUT_06_CONTIGUOUS,2018-06,23,457094201.8501838,789858371.4372315,5,0.7607259714433728
purchase_volume,HOLDOUT_06_CONTIGUOUS,2018-06,24,456778720.83439547,789858371.4372315,5,0.760463404093041
purchase_volume,HOLDOUT_06_CONTIGUOUS,2018-07,0,527703699.54834354,527703699.54834354,5,1.0
purchase_volume,HOLDOUT_06_CONTIGUOUS,2018-07,1,593722110.8117253,527703699.54834354,5,1.0607097037691744
purchase_volume,HOLDOUT_06_CONTIGUOUS,2018-07,2,558104552.3192694,527703699.54834354,5,1.0284015275184364
purchase_volume,HOLDOUT_06_CONTIGUOUS,2018-07,3,508452489.91273,527703699.54834354,5,0.9815899874220276
purchase_volume,HOLDOUT_06_CONTIGUOUS,2018-07,4,463699467.58328134,527703699.54834354,5,0.9373962874819336
purchase_volume,HOLDOUT_06_CONTIGUOUS,2018-07,5,403662405.0681163,527703699.54834354,5,0.8746092824078959
purchase_volume,HOLDOUT_06_CONTIGUOUS,2018-07,6,363693416.39530617,527703699.54834354,5,0.830180733655786
purchase_volume,HOLDOUT_06_CONTIGUOUS,2018-07,7,345428900.2850498,527703699.54834354,5,0.8090665862311739
purchase_volume,HOLDOUT_06_CONTIGUOUS,2018-07,8,340235963.86143404,527703699.54834354,5,0.8029620861390746
purchase_volume,HOLDOUT_06_CONTIGUOUS,2018-07,9,336016998.78112054,527703699.54834354,5,0.7979681453806873
purchase_volume,HOLDOUT_06_CONTIGUOUS,2018-07,10,331295420.26104224,527703699.54834354,5,0.7923419441256884
purchase_volume,HOLDOUT_06_CONTIGUOUS,2018-07,11,325252352.71090543,527703699.54834354,5,0.7850822417796837
purchase_volume,HOLDOUT_06_CONTIGUOUS,2018-07,12,323064678.68453264,527703699.54834354,5,0.7824375233227834
purchase_volume,HOLDOUT_06_CONTIGUOUS,2018-07,13,319042527.4820072,527703699.54834354,5,0.7775515995886402
purchase_volume,HOLDOUT_06_CONTIGUOUS,2018-07,14,319018702.2871522,527703699.54834354,5,0.7775225663679223
purchase_volume,HOLDOUT_06_CONTIGUOUS,2018-07,15,317124711.7605905,527703699.54834354,5,0.7752110833947439
purchase_volume,HOLDOUT_06_CONTIGUOUS,2018-07,16,316308302.86240107,527703699.54834354,5,0.7742125849221293
purchase_volume,HOLDOUT_06_CONTIGUOUS,2018-07,17,314281133.2412884,527703699.54834354,5,0.7717276945260212
purchase_volume,HOLDOUT_06_CONTIGUOUS,2018-07,18,313497148.05282867,527703699.54834354,5,0.77076454274548
purchase_volume,HOLDOUT_06_CONTIGUOUS,2018-07,19,312245833.74581057,527703699.54834354,5,0.769224763128582
purchase_volume,HOLDOUT_06_CONTIGUOUS,2018-07,20,311580760.61347675,527703699.54834354,5,0.7684051149929914
purchase_volume,HOLDOUT_06_CONTIGUOUS,2018-07,21,310940101.8152173,527703699.54834354,5,0.7676147279179432
purchase_volume,HOLDOUT_06_CONTIGUOUS,2018-07,22,310720218.14213383,527703699.54834354,5,0.7673432676028764
purchase_volume,HOLDOUT_06_CONTIGUOUS,2018-07,23,310818678.96259075,527703699.54834354,5,0.7674648355906052
purchase_volume,HOLDOUT_06_CONTIGUOUS,2018-07,24,310791821.5901427,527703699.54834354,5,0.767431677135838
purchase_volume,HOLDOUT_06_CONTIGUOUS,2018-08,0,1572865331.505402,1572865331.505402,5,1.0
purchase_volume,HOLDOUT_06_CONTIGUOUS,2018-08,1,861457643.3576921,1572865331.505402,5,0.7400672643577135
purchase_volume,HOLDOUT_06_CONTIGUOUS,2018-08,2,737657527.8825684,1572865331.505402,5,0.6848281746110957
purchase_volume,HOLDOUT_06_CONTIGUOUS,2018-08,3,731283181.028003,1572865331.505402,5,0.6818628392762922
purchase_volume,HOLDOUT_06_CONTIGUOUS,2018-08,4,679148584.1463251,1572865331.505402,5,0.6571078112590567
purchase_volume,HOLDOUT_06_CONTIGUOUS,2018-08,5,638470188.4452691,1572865331.505402,5,0.6371248465069271
purchase_volume,HOLDOUT_06_CONTIGUOUS,2018-08,6,600599659.0343751,1572865331.505402,5,0.6179406575504792
purchase_volume,HOLDOUT_06_CONTIGUOUS,2018-08,7,555978107.6095299,1572865331.505402,5,0.5945427334532827
purchase_volume,HOLDOUT_06_CONTIGUOUS,2018-08,8,536654964.2978457,1572865331.505402,5,0.5841196355569228
purchase_volume,HOLDOUT_06_CONTIGUOUS,2018-08,9,521982499.1214268,1572865331.505402,5,0.5760792084503338
purchase_volume,HOLDOUT_06_CONTIGUOUS,2018-08,10,507151528.6707598,1572865331.505402,5,0.5678362310739846
purchase_volume,HOLDOUT_06_CONTIGUOUS,2018-08,11,488614803.8718387,1572865331.505402,5,0.557362236847042
purchase_volume,HOLDOUT_06_CONTIGUOUS,2018-08,12,485529864.5595038,1572865331.505402,5,0.5555999578206293
purchase_volume,HOLDOUT_06_CONTIGUOUS,2018-08,13,480825878.5683257,1572865331.505402,5,0.5529019821924912
purchase_volume,HOLDOUT_06_CONTIGUOUS,2018-08,14,476956893.2462914,1572865331.505402,5,0.5506730149310948
purchase_volume,HOLDOUT_06_CONTIGUOUS,2018-08,15,474112638.461063,1572865331.505402,5,0.5490286353298396
purchase_volume,HOLDOUT_06_CONTIGUOUS,2018-08,16,473091520.31384146,1572865331.505402,5,0.548437082560724
purchase_volume,HOLDOUT_06_CONTIGUOUS,2018-08,17,471503893.1174321,1572865331.505402,5,0.547516071174825
purchase_volume,HOLDOUT_06_CONTIGUOUS,2018-08,18,471083752.3145776,1572865331.505402,5,0.547272080497632
purchase_volume,HOLDOUT_06_CONTIGUOUS,2018-08,19,471510059.8050388,1572865331.505402,5,0.5475196515795473
purchase_volume,HOLDOUT_06_CONTIGUOUS,2018-08,20,471516282.3998553,1572865331.505402,5,0.5475232644204978
purchase_volume,HOLDOUT_06_CONTIGUOUS,2018-08,21,470977853.058535,1572865331.505402,5,0.547210563874146
purchase_volume,HOLDOUT_06_CONTIGUOUS,2018-08,22,471520280.5154453,1572865331.505402,5,0.547525585715372
purchase_volume,HOLDOUT_06_CONTIGUOUS,2018-08,23,471406473.3453258,1572865331.505402,5,0.547459505739104
purchase_volume,HOLDOUT_06_CONTIGUOUS,2018-08,24,471075894.0243273,1572865331.505402,5,0.5472675158732224
purchase_volume,HOLDOUT_15_CONTIGUOUS,2017-04,0,85027000.82848442,85027000.82848442,2,1.0
purchase_volume,HOLDOUT_15_CONTIGUOUS,2017-04,1,48706535.17696588,85027000.82848442,2,0.7568593631720207
purchase_volume,HOLDOUT_15_CONTIGUOUS,2017-04,2,45678985.77258927,85027000.82848442,2,0.7329591926663102
purchase_volume,HOLDOUT_15_CONTIGUOUS,2017-04,3,43512019.885634005,85027000.82848442,2,0.7153625356962517
purchase_volume,HOLDOUT_15_CONTIGUOUS,2017-04,4,41574288.669131294,85027000.82848442,2,0.6992524286033247
purchase_volume,HOLDOUT_15_CONTIGUOUS,2017-04,5,42440833.43815494,85027000.82848442,2,0.7065022051482346
purchase_volume,HOLDOUT_15_CONTIGUOUS,2017-04,6,41349621.44661835,85027000.82848442,2,0.6973604910370019
purchase_volume,HOLDOUT_15_CONTIGUOUS,2017-04,7,41314905.66492206,85027000.82848442,2,0.6970676891053942
purchase_volume,HOLDOUT_15_CONTIGUOUS,2017-04,8,41241298.54923801,85027000.82848442,2,0.696446460340294
purchase_volume,HOLDOUT_15_CONTIGUOUS,2017-04,9,41314049.07391669,85027000.82848442,2,0.697060462839256
purchase_volume,HOLDOUT_15_CONTIGUOUS,2017-04,10,41519477.52365795,85027000.82848442,2,0.6987913327123448
purchase_volume,HOLDOUT_15_CONTIGUOUS,2017-04,11,41703249.86362475,85027000.82848442,2,0.7003361104771405
purchase_volume,HOLDOUT_15_CONTIGUOUS,2017-04,12,41762708.76428419,85027000.82848442,2,0.700835188886081
purchase_volume,HOLDOUT_15_CONTIGUOUS,2017-04,13,41760246.77073322,85027000.82848442,2,0.7008145307774857
purchase_volume,HOLDOUT_15_CONTIGUOUS,2017-04,14,42545514.915381595,85027000.82848442,2,0.7073729720488556
purchase_volume,HOLDOUT_15_CONTIGUOUS,2017-04,15,42798729.24066414,85027000.82848442,2,0.7094748534308868
purchase_volume,HOLDOUT_15_CONTIGUOUS,2017-05,0,227268137.42175347,227268137.42175347,2,1.0
purchase_volume,HOLDOUT_15_CONTIGUOUS,2017-05,1,96293395.6786144,227268137.42175347,2,0.6509220366089425
purchase_volume,HOLDOUT_15_CONTIGUOUS,2017-05,2,84289482.26989967,227268137.42175347,2,0.6090001741061531
purchase_volume,HOLDOUT_15_CONTIGUOUS,2017-05,3,77547195.48122591,227268137.42175347,2,0.5841357300000811
purchase_volume,HOLDOUT_15_CONTIGUOUS,2017-05,4,67929096.93632111,227268137.42175347,2,0.5467120474146473
purchase_volume,HOLDOUT_15_CONTIGUOUS,2017-05,5,70671737.01907414,227268137.42175347,2,0.5576395994430614
purchase_volume,HOLDOUT_15_CONTIGUOUS,2017-05,6,70195282.14906037,227268137.42175347,2,0.5557566725650298
purchase_volume,HOLDOUT_15_CONTIGUOUS,2017-05,7,70713060.0918428,227268137.42175347,2,0.5578026067160519
purchase_volume,HOLDOUT_15_CONTIGUOUS,2017-05,8,70376679.54531306,227268137.42175347,2,0.5564742974866635
purchase_volume,HOLDOUT_15_CONTIGUOUS,2017-05,9,70531008.45040594,227268137.42175347,2,0.557084109142913
purchase_volume,HOLDOUT_15_CONTIGUOUS,2017-05,10,71164860.7185919,227268137.42175347,2,0.5595817285835142
purchase_volume,HOLDOUT_15_CONTIGUOUS,2017-05,11,71613559.5244452,227268137.42175347,2,0.5613430551652275
purchase_volume,HOLDOUT_15_CONTIGUOUS,2017-05,12,72259128.29817463,227268137.42175347,2,0.5638675248254041
purchase_volume,HOLDOUT_15_CONTIGUOUS,2017-05,13,73036211.9353846,227268137.42175347,2,0.5668913675556554
purchase_volume,HOLDOUT_15_CONTIGUOUS,2017-05,14,73314234.87348942,227268137.42175347,2,0.56796931980721
purchase_volume,HOLDOUT_15_CONTIGUOUS,2017-05,15,73122110.84297144,227268137.42175347,2,0.5672246340168882
purchase_volume,HOLDOUT_15_CONTIGUOUS,2017-06,0,231962450.52892554,231962450.52892554,2,1.0
purchase_volume,HOLDOUT_15_CONTIGUOUS,2017-06,1,95955446.75738832,231962450.52892554,2,0.6431702855863322
purchase_volume,HOLDOUT_15_CONTIGUOUS,2017-06,2,91320451.8640115,231962450.52892554,2,0.6274443050515154
purchase_volume,HOLDOUT_15_CONTIGUOUS,2017-06,3,84280494.24173975,231962450.52892554,2,0.6027742520270144
purchase_volume,HOLDOUT_15_CONTIGUOUS,2017-06,4,72904265.94298914,231962450.52892554,2,0.5606187602724683
purchase_volume,HOLDOUT_15_CONTIGUOUS,2017-06,5,69035140.18701962,231962450.52892554,2,0.5455395755652852
purchase_volume,HOLDOUT_15_CONTIGUOUS,2017-06,6,68994722.23446651,231962450.52892554,2,0.5453798538575716
purchase_volume,HOLDOUT_15_CONTIGUOUS,2017-06,7,68727467.66894463,231962450.52892554,2,0.5443225506842562
purchase_volume,HOLDOUT_15_CONTIGUOUS,2017-06,8,68915733.53288326,231962450.52892554,2,0.545067575020059
purchase_volume,HOLDOUT_15_CONTIGUOUS,2017-06,9,68802203.8409056,231962450.52892554,2,0.544618426058668
purchase_volume,HOLDOUT_15_CONTIGUOUS,2017-06,10,68528576.9292766,231962450.52892554,2,0.5435343712562799
purchase_volume,HOLDOUT_15_CONTIGUOUS,2017-06,11,68457632.32139012,231962450.52892554,2,0.5432529498418798
purchase_volume,HOLDOUT_15_CONTIGUOUS,2017-06,12,67983735.11121339,231962450.52892554,2,0.5413693530878181
purchase_volume,HOLDOUT_15_CONTIGUOUS,2017-06,13,67833701.66472358,231962450.52892554,2,0.5407716485608797
purchase_volume,HOLDOUT_15_CONTIGUOUS,2017-06,14,67821610.86618507,231962450.52892554,2,0.5407234523672779
purchase_volume,HOLDOUT_15_CONTIGUOUS,2017-06,15,67817023.7868413,231962450.52892554,2,0.5407051662834771
purchase_volume,HOLDOUT_15_CONTIGUOUS,2017-07,0,214240888.99208376,214240888.99208376,2,1.0
purchase_volume,HOLDOUT_15_CONTIGUOUS,2017-07,1,127407355.8262978,214240888.99208376,2,0.7711627979909581
purchase_volume,HOLDOUT_15_CONTIGUOUS,2017-07,2,119601270.08352907,214240888.99208376,2,0.7471653357951381
purchase_volume,HOLDOUT_15_CONTIGUOUS,2017-07,3,113972073.28623924,214240888.99208376,2,0.7293702472782444
purchase_volume,HOLDOUT_15_CONTIGUOUS,2017-07,4,109829060.96030854,214240888.99208376,2,0.7159908203730158
purchase_volume,HOLDOUT_15_CONTIGUOUS,2017-07,5,107370014.6460463,214240888.99208376,2,0.7079300137585622
purchase_volume,HOLDOUT_15_CONTIGUOUS,2017-07,6,106850581.49747184,214240888.99208376,2,0.706215530731165
purchase_volume,HOLDOUT_15_CONTIGUOUS,2017-07,7,106939040.29819766,214240888.99208376,2,0.7065077989334252
purchase_volume,HOLDOUT_15_CONTIGUOUS,2017-07,8,107169684.29870939,214240888.99208376,2,0.7072692795700248
purchase_volume,HOLDOUT_15_CONTIGUOUS,2017-07,9,108856175.05737987,214240888.99208376,2,0.7128125775541684
purchase_volume,HOLDOUT_15_CONTIGUOUS,2017-07,10,110587809.46632853,214240888.99208376,2,0.7184597567446185
purchase_volume,HOLDOUT_15_CONTIGUOUS,2017-07,11,110612768.4819631,214240888.99208376,2,0.7185408282330255
purchase_volume,HOLDOUT_15_CONTIGUOUS,2017-07,12,111166313.4507465,214240888.99208376,2,0.7203364992648734
purchase_volume,HOLDOUT_15_CONTIGUOUS,2017-07,13,111213816.68689989,214240888.99208376,2,0.7204903887797715
purchase_volume,HOLDOUT_15_CONTIGUOUS,2017-07,14,111343207.15391909,214240888.99208376,2,0.7209093901734396
purchase_volume,HOLDOUT_15_CONTIGUOUS,2017-07,15,111239790.19740951,214240888.99208376,2,0.7205745175901388
purchase_volume,HOLDOUT_15_CONTIGUOUS,2017-08,0,352980850.95975107,352980850.95975107,2,1.0
purchase_volume,HOLDOUT_15_CONTIGUOUS,2017-08,1,96818079.3263182,352980850.95975107,2,0.5237242199169301
purchase_volume,HOLDOUT_15_CONTIGUOUS,2017-08,2,77218109.95981616,352980850.95975107,2,0.46771792122840544
purchase_volume,HOLDOUT_15_CONTIGUOUS,2017-08,3,61386891.91568643,352980850.95975107,2,0.4170251523479011
purchase_volume,HOLDOUT_15_CONTIGUOUS,2017-08,4,60437172.79063609,352980850.95975107,2,0.41378667122819146
purchase_volume,HOLDOUT_15_CONTIGUOUS,2017-08,5,57844124.274379,352980850.95975107,2,0.4048126286048136
purchase_volume,HOLDOUT_15_CONTIGUOUS,2017-08,6,54371738.647650704,352980850.95975107,2,0.39247413183425417
purchase_volume,HOLDOUT_15_CONTIGUOUS,2017-08,7,53865927.34461708,352980850.95975107,2,0.39064430523887295
purchase_volume,HOLDOUT_15_CONTIGUOUS,2017-08,8,52543249.602180585,352980850.95975107,2,0.3858183607625493
purchase_volume,HOLDOUT_15_CONTIGUOUS,2017-08,9,51702925.611310765,352980850.95975107,2,0.38272072995695267
purchase_volume,HOLDOUT_15_CONTIGUOUS,2017-08,10,51293531.36144553,352980850.95975107,2,0.38120248837166754
purchase_volume,HOLDOUT_15_CONTIGUOUS,2017-08,11,51112497.02583668,352980850.95975107,2,0.3805291896501276
purchase_volume,HOLDOUT_15_CONTIGUOUS,2017-08,12,51224528.44958328,352980850.95975107,2,0.38094599468335794
purchase_volume,HOLDOUT_15_CONTIGUOUS,2017-08,13,51299817.088937044,352980850.95975107,2,0.3812258447432582
purchase_volume,HOLDOUT_15_CONTIGUOUS,2017-08,14,51221993.98300588,352980850.95975107,2,0.3809365704205738
purchase_volume,HOLDOUT_15_CONTIGUOUS,2017-08,15,51184019.460109085,352980850.95975107,2,0.3807953364941558
purchase_volume,HOLDOUT_15_CONTIGUOUS,2017-09,0,316774155.1925708,316774155.1925708,2,1.0
purchase_volume,HOLDOUT_15_CONTIGUOUS,2017-09,1,117477760.22210899,316774155.1925708,2,0.6089798995947983
purchase_volume,HOLDOUT_15_CONTIGUOUS,2017-09,2,94858626.02914271,316774155.1925708,2,0.5472219939736291
purchase_volume,HOLDOUT_15_CONTIGUOUS,2017-09,3,73376631.97477591,316774155.1925708,2,0.4812868724882112
purchase_volume,HOLDOUT_15_CONTIGUOUS,2017-09,4,79494051.53927349,316774155.1925708,2,0.5009477673280335
purchase_volume,HOLDOUT_15_CONTIGUOUS,2017-09,5,77703605.46156265,316774155.1925708,2,0.4952742108037914
purchase_volume,HOLDOUT_15_CONTIGUOUS,2017-09,6,76520077.48250687,316774155.1925708,2,0.49148789945803933
purchase_volume,HOLDOUT_15_CONTIGUOUS,2017-09,7,76425256.35802306,316774155.1925708,2,0.49118328736708394
purchase_volume,HOLDOUT_15_CONTIGUOUS,2017-09,8,77194666.96442886,316774155.1925708,2,0.49364958729431146
purchase_volume,HOLDOUT_15_CONTIGUOUS,2017-09,9,78410473.79975843,316774155.1925708,2,0.49752186107909846
purchase_volume,HOLDOUT_15_CONTIGUOUS,2017-09,10,77289844.88094565,316774155.1925708,2,0.49395381858039034
purchase_volume,HOLDOUT_15_CONTIGUOUS,2017-09,11,77442559.19363402,316774155.1925708,2,0.4944415708395891
purchase_volume,HOLDOUT_15_CONTIGUOUS,2017-09,12,77391403.24137521,316774155.1925708,2,0.494278238118753
purchase_volume,HOLDOUT_15_CONTIGUOUS,2017-09,13,77560280.247637,316774155.1925708,2,0.4948172304274388
purchase_volume,HOLDOUT_15_CONTIGUOUS,2017-09,14,77233660.29066283,316774155.1925708,2,0.4937742501107818
purchase_volume,HOLDOUT_15_CONTIGUOUS,2017-09,15,77235430.00568247,316774155.1925708,2,0.49377990719538556
purchase_volume,HOLDOUT_15_CONTIGUOUS,2017-10,0,335252391.64583,335252391.64583,2,1.0
purchase_volume,HOLDOUT_15_CONTIGUOUS,2017-10,1,126215485.07959628,335252391.64583,2,0.6135788456072966
purchase_volume,HOLDOUT_15_CONTIGUOUS,2017-10,2,92485833.62024803,335252391.64583,2,0.5252325896163355
purchase_volume,HOLDOUT_15_CONTIGUOUS,2017-10,3,62425564.84565443,335252391.64583,2,0.4315144048705102
purchase_volume,HOLDOUT_15_CONTIGUOUS,2017-10,4,64701729.0480655,335252391.64583,2,0.4393109222711595
purchase_volume,HOLDOUT_15_CONTIGUOUS,2017-10,5,63911938.28961472,335252391.64583,2,0.4366214343783546
purchase_volume,HOLDOUT_15_CONTIGUOUS,2017-10,6,62383591.03440863,335252391.64583,2,0.43136930926869693
purchase_volume,HOLDOUT_15_CONTIGUOUS,2017-10,7,61220444.801578745,335252391.64583,2,0.4273289325494676
purchase_volume,HOLDOUT_15_CONTIGUOUS,2017-10,8,62123151.87134926,335252391.64583,2,0.4304679267061171
purchase_volume,HOLDOUT_15_CONTIGUOUS,2017-10,9,62280993.2324319,335252391.64583,2,0.43101444227551206
purchase_volume,HOLDOUT_15_CONTIGUOUS,2017-10,10,62801484.06154725,335252391.64583,2,0.43281171856361955
purchase_volume,HOLDOUT_15_CONTIGUOUS,2017-10,11,62692251.710720584,335252391.64583,2,0.4324351540790894
purchase_volume,HOLDOUT_15_CONTIGUOUS,2017-10,12,62814083.446025,335252391.64583,2,0.43285513224922745
purchase_volume,HOLDOUT_15_CONTIGUOUS,2017-10,13,62741193.149663165,335252391.64583,2,0.4326039139277415
purchase_volume,HOLDOUT_15_CONTIGUOUS,2017-10,14,62900449.527602166,335252391.64583,2,0.43315260662262656
purchase_volume,HOLDOUT_15_CONTIGUOUS,2017-10,15,63070195.33820552,335252391.64583,2,0.4337366748026915
purchase_volume,HOLDOUT_15_CONTIGUOUS,2017-11,0,3944264086.4004216,3944264086.4004216,2,1.0
purchase_volume,HOLDOUT_15_CONTIGUOUS,2017-11,1,4075692514.185064,3944264086.4004216,2,1.0165241791061719
purchase_volume,HOLDOUT_15_CONTIGUOUS,2017-11,2,4264562831.6350965,3944264086.4004216,2,1.0398106615684315
purchase_volume,HOLDOUT_15_CONTIGUOUS,2017-11,3,4431423335.402109,3944264086.4004216,2,1.059957928032023
purchase_volume,HOLDOUT_15_CONTIGUOUS,2017-11,4,3786122105.231658,3944264086.4004216,2,0.9797478417721779
purchase_volume,HOLDOUT_15_CONTIGUOUS,2017-11,5,3888194189.2953095,3944264086.4004216,2,0.9928667818536523
purchase_volume,HOLDOUT_15_CONTIGUOUS,2017-11,6,3904527133.005592,3944264086.4004216,2,0.9949499395164039
purchase_volume,HOLDOUT_15_CONTIGUOUS,2017-11,7,3969844015.079416,3944264086.4004216,2,1.0032374339511918
purchase_volume,HOLDOUT_15_CONTIGUOUS,2017-11,8,3970150355.7278733,3944264086.4004216,2,1.0032761415775067
purchase_volume,HOLDOUT_15_CONTIGUOUS,2017-11,9,4002735798.673351,3944264086.4004216,2,1.0073849771674441
purchase_volume,HOLDOUT_15_CONTIGUOUS,2017-11,10,4029415285.966597,3944264086.4004216,2,1.0107366695580382
purchase_volume,HOLDOUT_15_CONTIGUOUS,2017-11,11,4042128642.0633783,3944264086.4004216,2,1.0123299200031843
purchase_volume,HOLDOUT_15_CONTIGUOUS,2017-11,12,4044279413.090866,3944264086.4004216,2,1.0125992088487614
purchase_volume,HOLDOUT_15_CONTIGUOUS,2017-11,13,4053794550.1014113,3944264086.4004216,2,1.013789700245189
purchase_volume,HOLDOUT_15_CONTIGUOUS,2017-11,14,4055209005.073636,3944264086.4004216,2,1.0139665511933114
purchase_volume,HOLDOUT_15_CONTIGUOUS,2017-11,15,4061340103.309662,3944264086.4004216,2,1.014732773171227
purchase_volume,HOLDOUT_15_CONTIGUOUS,2017-12,0,7665872507.582492,7665872507.582492,2,1.0
purchase_volume,HOLDOUT_15_CONTIGUOUS,2017-12,1,7350839484.571804,7665872507.582492,2,0.9792366819159501
purchase_volume,HOLDOUT_15_CONTIGUOUS,2017-12,2,7434073267.218591,7665872507.582492,2,0.9847650401293069
purchase_volume,HOLDOUT_15_CONTIGUOUS,2017-12,3,7900110858.110624,7665872507.582492,2,1.0151630378918974
purchase_volume,HOLDOUT_15_CONTIGUOUS,2017-12,4,11851152403.118095,7665872507.582492,2,1.243367454696201
purchase_volume,HOLDOUT_15_CONTIGUOUS,2017-12,5,12517113166.420792,7665872507.582492,2,1.2778247429342564
purchase_volume,HOLDOUT_15_CONTIGUOUS,2017-12,6,13474581650.140495,7665872507.582492,2,1.3257964417981405
purchase_volume,HOLDOUT_15_CONTIGUOUS,2017-12,7,14575791003.27755,7665872507.582492,2,1.3789079330700007
purchase_volume,HOLDOUT_15_CONTIGUOUS,2017-12,8,14998983954.560368,7665872507.582492,2,1.39878228717982
purchase_volume,HOLDOUT_15_CONTIGUOUS,2017-12,9,15456174219.328959,7665872507.582492,2,1.4199406950851738
purchase_volume,HOLDOUT_15_CONTIGUOUS,2017-12,10,15454593282.025011,7665872507.582492,2,1.4198680737951728
purchase_volume,HOLDOUT_15_CONTIGUOUS,2017-12,11,15451769193.992634,7665872507.582492,2,1.4197383383967044
purchase_volume,HOLDOUT_15_CONTIGUOUS,2017-12,12,15466565685.844067,7665872507.582492,2,1.4204179408366802
purchase_volume,HOLDOUT_15_CONTIGUOUS,2017-12,13,15357863481.50571,7665872507.582492,2,1.4154176448695097
purchase_volume,HOLDOUT_15_CONTIGUOUS,2017-12,14,15418889255.410719,7665872507.582492,2,1.4182269979021112
purchase_volume,HOLDOUT_15_CONTIGUOUS,2017-12,15,15454909409.354568,7665872507.582492,2,1.41988259558811
purchase_volume,HOLDOUT_15_CONTIGUOUS,2018-01,0,1420885339.6868916,1420885339.6868916,2,1.0
purchase_volume,HOLDOUT_15_CONTIGUOUS,2018-01,1,1254727352.105454,1420885339.6868916,2,0.9397128508921307
purchase_volume,HOLDOUT_15_CONTIGUOUS,2018-01,2,1222149903.7410681,1420885339.6868916,2,0.927433378705473
purchase_volume,HOLDOUT_15_CONTIGUOUS,2018-01,3,1219633874.443277,1420885339.6868916,2,0.9264782373818672
purchase_volume,HOLDOUT_15_CONTIGUOUS,2018-01,4,1223054006.2054346,1420885339.6868916,2,0.9277763561855382
purchase_volume,HOLDOUT_15_CONTIGUOUS,2018-01,5,1217941023.913885,1420885339.6868916,2,0.9258350387071865
purchase_volume,HOLDOUT_15_CONTIGUOUS,2018-01,6,1208269914.3678002,1420885339.6868916,2,0.9221518974744258
purchase_volume,HOLDOUT_15_CONTIGUOUS,2018-01,7,1210107990.6228657,1420885339.6868916,2,0.9228530410489548
purchase_volume,HOLDOUT_15_CONTIGUOUS,2018-01,8,1201339197.7785714,1420885339.6868916,2,0.9195033316172497
purchase_volume,HOLDOUT_15_CONTIGUOUS,2018-01,9,1199400534.316403,1420885339.6868916,2,0.9187611069116473
purchase_volume,HOLDOUT_15_CONTIGUOUS,2018-01,10,1188816247.130665,1420885339.6868916,2,0.9146982521821249
purchase_volume,HOLDOUT_15_CONTIGUOUS,2018-01,11,1184133163.7628093,1420885339.6868916,2,0.9128948468630358
purchase_volume,HOLDOUT_15_CONTIGUOUS,2018-01,12,1181658696.48402,1420885339.6868916,2,0.9119405159463364
purchase_volume,HOLDOUT_15_CONTIGUOUS,2018-01,13,1180829236.5312955,1420885339.6868916,2,0.9116203935086253
purchase_volume,HOLDOUT_15_CONTIGUOUS,2018-01,14,1182893621.2327745,1420885339.6868916,2,0.9124169157027864
purchase_volume,HOLDOUT_15_CONTIGUOUS,2018-01,15,1185972377.5352736,1420885339.6868916,2,0.91360353291576
purchase_volume,HOLDOUT_15_CONTIGUOUS,2018-02,0,1781194042.1038356,1781194042.1038356,2,1.0
purchase_volume,HOLDOUT_15_CONTIGUOUS,2018-02,1,793932941.3326857,1781194042.1038356,2,0.6676306925290902
purchase_volume,HOLDOUT_15_CONTIGUOUS,2018-02,2,763785063.253968,1781194042.1038356,2,0.6548321047052066
purchase_volume,HOLDOUT_15_CONTIGUOUS,2018-02,3,760996258.0838318,1781194042.1038356,2,0.6536355185871064
purchase_volume,HOLDOUT_15_CONTIGUOUS,2018-02,4,742383499.2810397,1781194042.1038356,2,0.6455925919534534
purchase_volume,HOLDOUT_15_CONTIGUOUS,2018-02,5,728356828.1622443,1781194042.1038356,2,0.6394645611869227
purchase_volume,HOLDOUT_15_CONTIGUOUS,2018-02,6,708589739.2679862,1781194042.1038356,2,0.63072756663868
purchase_volume,HOLDOUT_15_CONTIGUOUS,2018-02,7,699829618.7817738,1781194042.1038356,2,0.6268166768978667
purchase_volume,HOLDOUT_15_CONTIGUOUS,2018-02,8,685375545.1097698,1781194042.1038356,2,0.6203098611459859
purchase_volume,HOLDOUT_15_CONTIGUOUS,2018-02,9,685354797.9697697,1781194042.1038356,2,0.6203004723130892
purchase_volume,HOLDOUT_15_CONTIGUOUS,2018-02,10,676379671.4120917,1781194042.1038356,2,0.6162254864221217
purchase_volume,HOLDOUT_15_CONTIGUOUS,2018-02,11,674707837.2598469,1781194042.1038356,2,0.6154634408889362
purchase_volume,HOLDOUT_15_CONTIGUOUS,2018-02,12,671560868.3457198,1781194042.1038356,2,0.6140264425717354
purchase_volume,HOLDOUT_15_CONTIGUOUS,2018-02,13,671946560.6405996,1781194042.1038356,2,0.6142027417615589
purchase_volume,HOLDOUT_15_CONTIGUOUS,2018-02,14,670660621.1566138,1781194042.1038356,2,0.6136147442564387
purchase_volume,HOLDOUT_15_CONTIGUOUS,2018-02,15,670176020.4068642,1781194042.1038356,2,0.6133930137038711
purchase_volume,HOLDOUT_15_CONTIGUOUS,2018-03,0,1900050558.1832776,1900050558.1832776,2,1.0
purchase_volume,HOLDOUT_15_CONTIGUOUS,2018-03,1,685508793.3553777,1900050558.1832776,2,0.6006533954332477
purchase_volume,HOLDOUT_15_CONTIGUOUS,2018-03,2,634417909.0244424,1900050558.1832776,2,0.5778367224697877
purchase_volume,HOLDOUT_15_CONTIGUOUS,2018-03,3,625539772.0252924,1900050558.1832776,2,0.5737793116575319
purchase_volume,HOLDOUT_15_CONTIGUOUS,2018-03,4,602812748.1547884,1900050558.1832776,2,0.5632596428466524
purchase_volume,HOLDOUT_15_CONTIGUOUS,2018-03,5,585526126.4289379,1900050558.1832776,2,0.5551247115667777
purchase_volume,HOLDOUT_15_CONTIGUOUS,2018-03,6,566685713.3551265,1900050558.1832776,2,0.5461205932436574
purchase_volume,HOLDOUT_15_CONTIGUOUS,2018-03,7,554705857.6833565,1900050558.1832776,2,0.5403172058550352
purchase_volume,HOLDOUT_15_CONTIGUOUS,2018-03,8,539435020.5928631,1900050558.1832776,2,0.5328279404523865
purchase_volume,HOLDOUT_15_CONTIGUOUS,2018-03,9,536101245.6662068,1900050558.1832776,2,0.5311789175340826
purchase_volume,HOLDOUT_15_CONTIGUOUS,2018-03,10,526058839.32156014,1900050558.1832776,2,0.5261802980440362
purchase_volume,HOLDOUT_15_CONTIGUOUS,2018-03,11,521709295.7043204,1900050558.1832776,2,0.5240005090463663
purchase_volume,HOLDOUT_15_CONTIGUOUS,2018-03,12,519169995.610958,1900050558.1832776,2,0.5227237275172686
purchase_volume,HOLDOUT_15_CONTIGUOUS,2018-03,13,519500123.04332155,1900050558.1832776,2,0.5228898946876055
purchase_volume,HOLDOUT_15_CONTIGUOUS,2018-03,14,518206353.21107584,1900050558.1832776,2,0.5222383829196889
purchase_volume,HOLDOUT_15_CONTIGUOUS,2018-03,15,517453376.9670409,1900050558.1832776,2,0.5218588275131666
purchase_volume,HOLDOUT_15_CONTIGUOUS,2018-04,0,1145560921.2490935,1145560921.2490935,2,1.0
purchase_volume,HOLDOUT_15_CONTIGUOUS,2018-04,1,571225654.2478557,1145560921.2490935,2,0.7061464121539841
purchase_volume,HOLDOUT_15_CONTIGUOUS,2018-04,2,559222361.4517438,1145560921.2490935,2,0.6986878153620476
purchase_volume,HOLDOUT_15_CONTIGUOUS,2018-04,3,526376844.61964464,1145560921.2490935,2,0.6778588853791123
purchase_volume,HOLDOUT_15_CONTIGUOUS,2018-04,4,493394977.68908775,1145560921.2490935,2,0.6562786366268178
purchase_volume,HOLDOUT_15_CONTIGUOUS,2018-04,5,483415640.68982244,1145560921.2490935,2,0.6496078342277739
purchase_volume,HOLDOUT_15_CONTIGUOUS,2018-04,6,459004312.3889386,1145560921.2490935,2,0.6329935546017214
purchase_volume,HOLDOUT_15_CONTIGUOUS,2018-04,7,448296088.47568166,1145560921.2490935,2,0.6255663504442646
purchase_volume,HOLDOUT_15_CONTIGUOUS,2018-04,8,432606948.3136501,1145560921.2490935,2,0.614522304145312
purchase_volume,HOLDOUT_15_CONTIGUOUS,2018-04,9,429520539.3822125,1145560921.2490935,2,0.6123262435268871
purchase_volume,HOLDOUT_15_CONTIGUOUS,2018-04,10,421524189.5392576,1145560921.2490935,2,0.606599650854443
purchase_volume,HOLDOUT_15_CONTIGUOUS,2018-04,11,421327043.2047168,1145560921.2490935,2,0.6064577813166644
purchase_volume,HOLDOUT_15_CONTIGUOUS,2018-04,12,418833782.452791,1145560921.2490935,2,0.604660720098422
purchase_volume,HOLDOUT_15_CONTIGUOUS,2018-04,13,418790302.90877265,1145560921.2490935,2,0.6046293340738941
purchase_volume,HOLDOUT_15_CONTIGUOUS,2018-04,14,418313561.57106686,1145560921.2490935,2,0.6042850879475083
purchase_volume,HOLDOUT_15_CONTIGUOUS,2018-04,15,417328211.81506443,1145560921.2490935,2,0.6035729627958034
purchase_volume,HOLDOUT_15_CONTIGUOUS,2018-05,0,1764850796.1922393,1764850796.1922393,2,1.0
purchase_volume,HOLDOUT_15_CONTIGUOUS,2018-05,1,954702566.1163242,1764850796.1922393,2,0.7354955464506454
purchase_volume,HOLDOUT_15_CONTIGUOUS,2018-05,2,905095106.8464465,1764850796.1922393,2,0.7161320503083557
purchase_volume,HOLDOUT_15_CONTIGUOUS,2018-05,3,831099437.6275117,1764850796.1922393,2,0.6862344185811301
purchase_volume,HOLDOUT_15_CONTIGUOUS,2018-05,4,754044923.864785,1764850796.1922393,2,0.6536490175142279
purchase_volume,HOLDOUT_15_CONTIGUOUS,2018-05,5,734564141.8355147,1764850796.1922393,2,0.6451502419701733
purchase_volume,HOLDOUT_15_CONTIGUOUS,2018-05,6,696254704.720082,1764850796.1922393,2,0.6281018517770526
purchase_volume,HOLDOUT_15_CONTIGUOUS,2018-05,7,678272306.4188707,1764850796.1922393,2,0.6199376962372567
purchase_volume,HOLDOUT_15_CONTIGUOUS,2018-05,8,657804591.6163642,1764850796.1922393,2,0.6105123486462751
purchase_volume,HOLDOUT_15_CONTIGUOUS,2018-05,9,651968171.3613582,1764850796.1922393,2,0.6077979060550105
purchase_volume,HOLDOUT_15_CONTIGUOUS,2018-05,10,646335673.5000976,1764850796.1922393,2,0.6051667604014699
purchase_volume,HOLDOUT_15_CONTIGUOUS,2018-05,11,643902748.0204709,1764850796.1922393,2,0.604026707460959
purchase_volume,HOLDOUT_15_CONTIGUOUS,2018-05,12,641804629.6999025,1764850796.1922393,2,0.6030418121787184
purchase_volume,HOLDOUT_15_CONTIGUOUS,2018-05,13,641127968.2592711,1764850796.1922393,2,0.602723831648932
purchase_volume,HOLDOUT_15_CONTIGUOUS,2018-05,14,640426462.5199302,1764850796.1922393,2,0.602393998940401
purchase_volume,HOLDOUT_15_CONTIGUOUS,2018-05,15,639177156.4250951,1764850796.1922393,2,0.6018061548112837
purchase_volume,HOLDOUT_15_CONTIGUOUS,2018-06,0,789858371.4372315,789858371.4372315,2,1.0
purchase_volume,HOLDOUT_15_CONTIGUOUS,2018-06,1,1218014084.3537498,789858371.4372315,2,1.241799676565252
purchase_volume,HOLDOUT_15_CONTIGUOUS,2018-06,2,1216704764.8205943,789858371.4372315,2,1.241132053022356
purchase_volume,HOLDOUT_15_CONTIGUOUS,2018-06,3,1201146548.0236974,789858371.4372315,2,1.2331712356477949
purchase_volume,HOLDOUT_15_CONTIGUOUS,2018-06,4,1158258186.3130212,789858371.4372315,2,1.2109552000239165
purchase_volume,HOLDOUT_15_CONTIGUOUS,2018-06,5,1123875474.677959,789858371.4372315,2,1.1928462904836263
purchase_volume,HOLDOUT_15_CONTIGUOUS,2018-06,6,1101333938.880338,789858371.4372315,2,1.180823258061669
purchase_volume,HOLDOUT_15_CONTIGUOUS,2018-06,7,1095765587.5811594,789858371.4372315,2,1.1778343503925661
purchase_volume,HOLDOUT_15_CONTIGUOUS,2018-06,8,1083009573.7892652,789858371.4372315,2,1.1709585854293079
purchase_volume,HOLDOUT_15_CONTIGUOUS,2018-06,9,1076468828.7896318,789858371.4372315,2,1.167417277654731
purchase_volume,HOLDOUT_15_CONTIGUOUS,2018-06,10,1059891660.354362,789858371.4372315,2,1.1583935342021054
purchase_volume,HOLDOUT_15_CONTIGUOUS,2018-06,11,1055258718.6049263,789858371.4372315,2,1.155859007535355
purchase_volume,HOLDOUT_15_CONTIGUOUS,2018-06,12,1052105790.6684893,789858371.4372315,2,1.1541309638207216
purchase_volume,HOLDOUT_15_CONTIGUOUS,2018-06,13,1051089607.0610459,789858371.4372315,2,1.153573466511551
purchase_volume,HOLDOUT_15_CONTIGUOUS,2018-06,14,1048728712.8539729,789858371.4372315,2,1.1522771945586638
purchase_volume,HOLDOUT_15_CONTIGUOUS,2018-06,15,1048191857.2924514,789858371.4372315,2,1.1519822252301675
purchase_volume,HOLDOUT_15_CONTIGUOUS,2018-07,0,527703699.5483434,527703699.5483434,2,1.0
purchase_volume,HOLDOUT_15_CONTIGUOUS,2018-07,1,656032826.4725015,527703699.5483434,2,1.114981640077041
purchase_volume,HOLDOUT_15_CONTIGUOUS,2018-07,2,680783306.5725806,527703699.5483434,2,1.135819654413785
purchase_volume,HOLDOUT_15_CONTIGUOUS,2018-07,3,634881609.8930304,527703699.5483434,2,1.096860265756309
purchase_volume,HOLDOUT_15_CONTIGUOUS,2018-07,4,592351671.0836151,527703699.5483434,2,1.0594848222213864
purchase_volume,HOLDOUT_15_CONTIGUOUS,2018-07,5,565064697.440802,527703699.5483434,2,1.0347942773572965
purchase_volume,HOLDOUT_15_CONTIGUOUS,2018-07,6,537925439.809242,527703699.5483434,2,1.0096386614247514
purchase_volume,HOLDOUT_15_CONTIGUOUS,2018-07,7,532215158.40535057,527703699.5483434,2,1.0042655163187026
purchase_volume,HOLDOUT_15_CONTIGUOUS,2018-07,8,523977002.8893963,527703699.5483434,2,0.9964626933876221
purchase_volume,HOLDOUT_15_CONTIGUOUS,2018-07,9,522813954.4788187,527703699.5483434,2,0.9953561771008199
purchase_volume,HOLDOUT_15_CONTIGUOUS,2018-07,10,517118646.0467768,527703699.5483434,2,0.9899198420781246
purchase_volume,HOLDOUT_15_CONTIGUOUS,2018-07,11,515403306.29678774,527703699.5483434,2,0.9882766414686167
purchase_volume,HOLDOUT_15_CONTIGUOUS,2018-07,12,512651514.53611094,527703699.5483434,2,0.9856348547608955
purchase_volume,HOLDOUT_15_CONTIGUOUS,2018-07,13,512339996.77246064,527703699.5483434,2,0.9853353438693891
purchase_volume,HOLDOUT_15_CONTIGUOUS,2018-07,14,511771510.458521,527703699.5483434,2,0.984788534005567
purchase_volume,HOLDOUT_15_CONTIGUOUS,2018-07,15,511134990.07443,527703699.5483434,2,0.9841759236968299
purchase_volume,HOLDOUT_15_CONTIGUOUS,2018-08,0,1572865331.5054023,1572865331.5054023,2,1.0
purchase_volume,HOLDOUT_15_CONTIGUOUS,2018-08,1,1033814873.7770723,1572865331.5054023,2,0.8107288319405176
purchase_volume,HOLDOUT_15_CONTIGUOUS,2018-08,2,896208156.1520549,1572865331.5054023,2,0.7548465526801407
purchase_volume,HOLDOUT_15_CONTIGUOUS,2018-08,3,826854706.0499107,1572865331.5054023,2,0.7250514597894562
purchase_volume,HOLDOUT_15_CONTIGUOUS,2018-08,4,747548143.0250405,1572865331.5054023,2,0.6894040231782738
purchase_volume,HOLDOUT_15_CONTIGUOUS,2018-08,5,742839176.2696955,1572865331.5054023,2,0.6872292407010899
purchase_volume,HOLDOUT_15_CONTIGUOUS,2018-08,6,732412657.8070579,1572865331.5054023,2,0.6823892093041871
purchase_volume,HOLDOUT_15_CONTIGUOUS,2018-08,7,721766741.2268969,1572865331.5054023,2,0.6774116527094698
purchase_volume,HOLDOUT_15_CONTIGUOUS,2018-08,8,708210483.2085309,1572865331.5054023,2,0.6710199086393561
purchase_volume,HOLDOUT_15_CONTIGUOUS,2018-08,9,706085450.0404027,1572865331.5054023,2,0.6700124321469485
purchase_volume,HOLDOUT_15_CONTIGUOUS,2018-08,10,696258620.2626107,1572865331.5054023,2,0.6653337015412788
purchase_volume,HOLDOUT_15_CONTIGUOUS,2018-08,11,695343485.2481344,1572865331.5054023,2,0.6648963135153207
purchase_volume,HOLDOUT_15_CONTIGUOUS,2018-08,12,695883840.1182866,1572865331.5054023,2,0.665154610455123
purchase_volume,HOLDOUT_15_CONTIGUOUS,2018-08,13,696239458.5516241,1572865331.5054023,2,0.6653245461646382
purchase_volume,HOLDOUT_15_CONTIGUOUS,2018-08,14,695846933.4978924,1572865331.5054023,2,0.6651369717826949
purchase_volume,HOLDOUT_15_CONTIGUOUS,2018-08,15,696385299.54603,1572865331.5054023,2,0.6653942251461034
