order_id,purchase_dt,estimated_dt,actual_dt,lateness_hours,lateness_calendar_days,same_calendar_day,label_timestamp_strict,label_calendar_day
8563039e855156e48fccee4d611a3196,2018-02-17 15:59:46,2018-03-20,2018-03-20 00:59:25,0.9902777777777778,0,True,1,0
1d067305b599c1e0dceb3864056ea527,2018-02-14 13:05:17,2018-03-09,2018-03-09 21:52:36,21.876666666666665,0,True,1,0
c82a457d646f77c8f151e12a3e517ed2,2018-08-08 21:11:25,2018-08-15,2018-08-15 15:02:09,15.035833333333333,0,True,1,0
2c3a5e5f5bc3ae78ed5748461e62d47d,2018-01-22 19:22:26,2018-02-06,2018-02-06 15:49:01,15.816944444444445,0,True,1,0
6cc4eb51469dec50a6130fe1cd07b7f9,2017-05-08 12:22:44,2017-05-19,2017-05-19 15:55:47,15.929722222222223,0,True,1,0
5342acb7b183acec77f59e4d78f7c804,2018-03-29 20:53:48,2018-04-24,2018-04-24 16:10:44,16.17888888888889,0,True,1,0
884b1394fc8888e6a877df86eb19e74c,2018-03-19 21:50:14,2018-03-29,2018-03-29 17:32:05,17.53472222222222,0,True,1,0
2f4545bda1b1c794a9a35a3fbe4257ba,2018-05-16 13:47:51,2018-06-05,2018-06-05 15:38:50,15.647222222222222,0,True,1,0
1a4cc55b483d875e3b8bbd64a1b31bba,2018-04-12 14:05:08,2018-05-09,2018-05-09 15:08:44,15.145555555555555,0,True,1,0
ed24759a0ae96582e88fdca0c0997d22,2018-03-24 11:58:06,2018-04-23,2018-04-23 14:57:48,14.963333333333333,0,True,1,0
f98ae4bbfd1a32ea2104c8cf1f64dabf,2018-02-25 18:53:53,2018-03-27,2018-03-27 22:06:48,22.113333333333333,0,True,1,0
a236ae70310b60403c3adac81f96d5e6,2018-07-16 23:40:37,2018-08-06,2018-08-06 17:40:28,17.674444444444443,0,True,1,0
7c3e6d9d783f5fb5927a500abf1cfbaf,2018-08-22 01:35:54,2018-08-28,2018-08-28 16:46:41,16.778055555555557,0,True,1,0
74016effecaa79d592487f6a4ee47d4b,2017-02-18 10:39:14,2017-03-21,2017-03-21 08:37:58,8.632777777777777,0,True,1,0
f4f88d0fded20ff7a60fb80ccdd533d2,2018-08-04 22:18:12,2018-08-20,2018-08-20 23:25:22,23.422777777777778,0,True,1,0
2640506a4584f571430195e2fa215406,2017-09-01 15:33:09,2017-09-27,2017-09-27 18:25:49,18.43027777777778,0,True,1,0
eb314576a333adeb296496f38c4c7852,2018-01-23 14:52:06,2018-02-16,2018-02-16 01:28:48,1.48,0,True,1,0
b95764ee8ef0302702f107df59c9c4a2,2017-05-01 19:13:37,2017-06-02,2017-06-02 06:17:21,6.289166666666667,0,True,1,0
bf2910ffd07baa17d7d2ce5a170da758,2018-07-18 16:20:25,2018-08-06,2018-08-06 17:42:37,17.710277777777776,0,True,1,0
31209eb386cfc93a1aeacf7d2da74f86,2018-02-19 21:53:30,2018-03-23,2018-03-23 14:28:41,14.478055555555555,0,True,1,0
aeb12b49be31428bee39c92e36968325,2017-03-27 20:31:23,2017-04-13,2017-04-13 10:42:00,10.7,0,True,1,0
a5875ee134166b373cc08cbea838760c,2018-08-24 14:30:31,2018-08-30,2018-08-30 14:46:57,14.7825,0,True,1,0
d6b16c30481ca56fec3cc6919a37c1c1,2017-03-21 10:21:51,2017-04-11,2017-04-11 13:29:30,13.491666666666667,0,True,1,0
5cbc29442f8eaafa46489e988fafa403,2018-08-11 22:06:23,2018-08-16,2018-08-16 21:38:54,21.648333333333333,0,True,1,0
30c55005c29694f8bb42f9d42c659aa5,2017-11-17 13:15:32,2017-12-11,2017-12-11 16:23:53,16.398055555555555,0,True,1,0
2ad5a06596850e972a2074a311a1a30f,2017-04-18 22:38:59,2017-05-11,2017-05-11 09:07:31,9.125277777777777,0,True,1,0
be5b278e38c06fb98c18c6ed0554b754,2018-08-02 12:06:27,2018-08-08,2018-08-08 16:32:55,16.54861111111111,0,True,1,0
9f1cbfd860863f340881bcfef13fc3eb,2017-10-23 11:38:18,2017-11-24,2017-11-24 21:02:39,21.044166666666666,0,True,1,0
051fcda88d997d3ff86012da2a556342,2018-08-24 14:59:37,2018-08-29,2018-08-29 17:38:25,17.64027777777778,0,True,1,0
fa9aefedb556db70fd8ca7a716f79802,2018-08-19 23:05:53,2018-08-23,2018-08-23 22:51:56,22.865555555555556,0,True,1,0
d13edc5c7574bda9f7c9dc6b92a72edf,2018-05-20 14:17:22,2018-06-08,2018-06-08 22:08:35,22.143055555555556,0,True,1,0
5b664e80ddc573f779bc4b33c7a457ea,2018-04-17 15:43:38,2018-04-30,2018-04-30 20:38:34,20.642777777777777,0,True,1,0
0bf1392e4d1b5bb968191f48c30e5628,2017-11-26 15:50:34,2017-12-15,2017-12-15 16:32:05,16.53472222222222,0,True,1,0
d8b81d0afc8e1dc9c448772c8789d612,2018-03-13 20:28:43,2018-03-29,2018-03-29 16:28:57,16.4825,0,True,1,0
ceecda7c9b24cbff643a6c5119a9ec6d,2018-07-31 14:31:45,2018-08-06,2018-08-06 18:05:43,18.095277777777778,0,True,1,0
03c7acb8cfb3a3567a70fee4a1e2f82d,2018-03-28 16:57:56,2018-04-17,2018-04-17 18:45:54,18.765,0,True,1,0
15c4d15a595aaff02d4de63093a4b57c,2018-08-06 11:22:17,2018-08-14,2018-08-14 00:47:33,0.7925,0,True,1,0
8835bc08d0bba62b3f65c7903126fa49,2018-08-06 13:26:46,2018-08-15,2018-08-15 14:28:29,14.474722222222223,0,True,1,0
f718de7d7e4e4598f3579368cca01a91,2018-07-29 15:45:23,2018-08-07,2018-08-07 23:35:43,23.595277777777778,0,True,1,0
e11dbf8f73df2ef44ac68c5dd90b3892,2018-08-14 17:59:38,2018-08-17,2018-08-17 22:16:24,22.273333333333333,0,True,1,0
a3157fa833670799cf5d82abf9188905,2018-01-02 22:30:18,2018-01-31,2018-01-31 18:26:56,18.448888888888888,0,True,1,0
3b3c727f2f017c3efa05f74a729727d0,2018-03-16 09:46:00,2018-04-05,2018-04-05 17:02:55,17.04861111111111,0,True,1,0
9f188fd1c4dddf39da5a0db98006c240,2018-02-01 23:20:38,2018-02-23,2018-02-23 22:49:23,22.823055555555555,0,True,1,0
984d353f61e2dc775d7dd4b09882b481,2018-03-26 23:50:49,2018-04-17,2018-04-17 16:19:26,16.323888888888888,0,True,1,0
1844430a4130a112771839a244829457,2017-10-08 21:43:00,2017-10-25,2017-10-25 14:48:03,14.800833333333333,0,True,1,0
21ee832eff624a82225c6e98cd2dcf7f,2018-08-15 21:15:58,2018-08-24,2018-08-24 22:23:41,22.39472222222222,0,True,1,0
949280c70c6d62ec9c06fffc5ecf1fe4,2017-03-15 09:41:22,2017-04-10,2017-04-10 12:12:48,12.213333333333333,0,True,1,0
b53182a21556b268f4379515546be86e,2018-03-03 19:39:54,2018-03-21,2018-03-21 17:34:50,17.580555555555556,0,True,1,0
1612d79764f7941116acc8be4239906b,2018-02-24 14:59:24,2018-03-22,2018-03-22 22:14:53,22.248055555555556,0,True,1,0
44c4ba0247b4e50ab9c03466cc15ea5c,2018-03-29 21:24:53,2018-04-17,2018-04-17 19:44:32,19.74222222222222,0,True,1,0
b0dd70806e7372c35f599726cb3170cb,2017-11-26 16:45:47,2017-12-15,2017-12-15 20:49:53,20.83138888888889,0,True,1,0
e7fe197c60eec45afb91acb7de6d6260,2017-10-17 12:39:00,2017-11-07,2017-11-07 12:43:20,12.722222222222221,0,True,1,0
477ba53956bcbed8ecfb53c564354a34,2018-05-20 11:09:06,2018-06-05,2018-06-05 17:33:28,17.557777777777776,0,True,1,0
b8c123fb1b26f1adfb0d6f9d17255de7,2017-12-28 11:27:49,2018-01-17,2018-01-17 18:02:50,18.04722222222222,0,True,1,0
06ff862a85c2402aa52dc9edf150bf30,2017-11-30 13:31:08,2017-12-28,2017-12-28 22:27:57,22.465833333333332,0,True,1,0
45920ad3d9899cb3c75de086024c18c8,2017-11-12 22:33:11,2017-12-06,2017-12-06 15:04:48,15.08,0,True,1,0
be0d916fb5cf8a5dddcd98ad4905678e,2017-11-21 10:16:47,2017-12-07,2017-12-07 10:05:41,10.094722222222222,0,True,1,0
a2538594406c450266b29fb9a0338424,2018-08-21 21:15:52,2018-08-24,2018-08-24 01:21:41,1.361388888888889,0,True,1,0
0577713eb945f355426be26104c26b77,2017-04-23 01:17:39,2017-05-19,2017-05-19 08:35:31,8.591944444444444,0,True,1,0
a7126b0cb60c6a688dfdac0b29f66f4c,2017-07-16 20:05:12,2017-08-18,2017-08-18 16:42:23,16.70638888888889,0,True,1,0
1d8c036b52411d073f99e9008d0cd0d4,2017-04-20 14:34:44,2017-05-10,2017-05-10 11:07:55,11.131944444444445,0,True,1,0
3f3e01f29d25bb2e62be81659113d44e,2017-02-06 14:02:03,2017-03-13,2017-03-13 10:52:40,10.877777777777778,0,True,1,0
87a5b73c9ee4b5b6148d301393dd72b2,2018-02-23 17:19:08,2018-03-19,2018-03-19 20:43:33,20.725833333333334,0,True,1,0
93abdbce647cddc77973a6d8c25643b8,2017-03-04 19:32:47,2017-03-27,2017-03-27 13:56:17,13.938055555555556,0,True,1,0
14f38e83e237f237348b97dd9f228d40,2018-01-31 09:49:33,2018-02-16,2018-02-16 22:18:58,22.316111111111113,0,True,1,0
9413addabc2268ea995d4e968a185ab3,2017-08-14 19:45:18,2017-09-05,2017-09-05 12:55:24,12.923333333333334,0,True,1,0
347d4f4caa9013e50f10654675fa35ef,2018-05-11 21:59:22,2018-06-01,2018-06-01 16:36:33,16.609166666666667,0,True,1,0
70eaa52116958c2e734172d6ed51015e,2018-03-15 14:17:38,2018-03-27,2018-03-27 18:26:42,18.445,0,True,1,0
e77d85bec584c36b9558adc732947c76,2017-03-02 21:58:35,2017-03-29,2017-03-29 15:22:38,15.377222222222223,0,True,1,0
ee0ad0da72450479a221d3130c63afd1,2017-11-24 21:22:30,2017-12-20,2017-12-20 23:29:11,23.48638888888889,0,True,1,0
7e2680945c22bf90f075339750b45ce2,2017-11-25 12:01:33,2017-12-20,2017-12-20 17:58:47,17.97972222222222,0,True,1,0
02e440cd2d735b66f2c859ecd1ec44bd,2017-11-24 00:07:16,2017-12-14,2017-12-14 12:48:31,12.80861111111111,0,True,1,0
4cfaef0e608d086a42b2ab2d089419fb,2017-11-28 19:24:34,2017-12-21,2017-12-21 15:03:31,15.05861111111111,0,True,1,0
bae6f9f2cc261de0a62c483184fde7f4,2018-02-16 17:05:29,2018-03-08,2018-03-08 18:13:23,18.223055555555554,0,True,1,0
8ab67a33f5086c5971aca4569c4067a9,2018-01-20 23:34:50,2018-02-21,2018-02-21 20:54:37,20.91027777777778,0,True,1,0
91fe2d042bdf1fb8d6f2fc33f209ec04,2017-06-28 20:19:51,2017-07-28,2017-07-28 19:52:01,19.866944444444446,0,True,1,0
96304a015b3d99852d4e0e709a0adacb,2018-05-16 15:01:37,2018-06-05,2018-06-05 15:32:59,15.549722222222222,0,True,1,0
19f52cca1f9f963eb3275ad1a2033c0d,2018-08-06 08:58:00,2018-08-09,2018-08-09 18:24:51,18.414166666666667,0,True,1,0
14755aa40518fc8bb089f3f11af8cbbb,2017-12-12 12:04:43,2018-01-11,2018-01-11 23:43:56,23.732222222222223,0,True,1,0
d1c8a4c31e8c7baecf7db50c988e5527,2018-07-23 09:31:16,2018-08-17,2018-08-17 19:06:48,19.113333333333333,0,True,1,0
be13978ecac5e754184c77063ea75e2f,2018-08-20 14:56:58,2018-08-29,2018-08-29 18:32:16,18.537777777777777,0,True,1,0
3cabe471faa982a15a1e8a9e4b71559e,2017-11-24 04:09:33,2017-12-15,2017-12-15 21:46:32,21.775555555555556,0,True,1,0
9175e3d0958ce6f5f907c1c9a723e0a5,2018-02-15 09:19:26,2018-03-12,2018-03-12 17:19:32,17.325555555555557,0,True,1,0
8ef9773bd9ab2847c59fa02239ab6b43,2018-01-05 12:44:31,2018-02-08,2018-02-08 11:56:46,11.946111111111112,0,True,1,0
d31122a9dce1042519a69fd29fc249de,2018-02-16 10:31:31,2018-03-13,2018-03-13 21:26:49,21.446944444444444,0,True,1,0
fdd5c1089ba5eeffbe95fd36269b6d5e,2018-02-20 15:50:21,2018-03-16,2018-03-16 23:10:04,23.16777777777778,0,True,1,0
fe97f3949cbc37b9ab48ac5769514cbe,2017-11-27 13:42:45,2017-12-18,2017-12-18 13:13:34,13.226111111111111,0,True,1,0
b0824d7e22fb8f487be1f22753268ce2,2018-01-20 23:58:24,2018-02-22,2018-02-22 21:13:44,21.22888888888889,0,True,1,0
58c3b9078e5980f72acd38350898f93d,2018-01-22 12:07:05,2018-02-16,2018-02-16 13:32:04,13.534444444444444,0,True,1,0
c2ce0c4ec17fc536b85fb3363853bb17,2018-02-05 16:41:52,2018-03-02,2018-03-02 22:27:27,22.4575,0,True,1,0
a42545a6644c3109108b573210cd4550,2017-09-04 14:28:20,2017-09-15,2017-09-15 21:13:48,21.23,0,True,1,0
b908238158de71c7143c6284de581ce1,2018-04-09 23:40:06,2018-04-30,2018-04-30 18:41:06,18.685,0,True,1,0
c03d00add5dc4b9abb8e3cf45991da96,2017-11-10 11:24:12,2017-11-30,2017-11-30 22:29:11,22.48638888888889,0,True,1,0
8d2277f13f62b13b16b95ad41120decc,2018-05-15 15:41:46,2018-06-04,2018-06-04 13:48:28,13.807777777777778,0,True,1,0
57899333b5e286632bd2599d3f7864ce,2018-03-16 19:16:56,2018-04-05,2018-04-05 20:51:24,20.856666666666666,0,True,1,0
ddd7e1f8c4e3b5f791b57bd791f38eef,2018-05-20 20:18:30,2018-06-05,2018-06-05 15:37:48,15.63,0,True,1,0
13b8bebe558b8424a4ccf23df4c01f77,2017-10-29 19:29:22,2017-11-23,2017-11-23 23:17:56,23.29888888888889,0,True,1,0
0d91eecd335defba92a82bc3f062225a,2018-08-01 18:33:19,2018-08-22,2018-08-22 04:18:27,4.3075,0,True,1,0
5fd01511f0ac02261addc2116f223d5c,2017-05-18 20:45:33,2017-05-31,2017-05-31 16:27:58,16.46611111111111,0,True,1,0
c89faf2acf424fe14db2131b5b6ae379,2018-03-15 22:54:14,2018-04-06,2018-04-06 19:50:54,19.848333333333333,0,True,1,0
461b8a4cb347a9be3d42546de69edbb9,2018-08-20 22:29:55,2018-08-23,2018-08-23 20:53:44,20.895555555555557,0,True,1,0
dfcdf23e1d25c70a86ce04d0659e85b0,2018-03-15 14:16:20,2018-04-06,2018-04-06 18:32:20,18.538888888888888,0,True,1,0
7d5c1320ac55581cd5de4d8f83c99731,2018-03-27 14:43:48,2018-04-18,2018-04-18 00:34:36,0.5766666666666667,0,True,1,0
dd5440d0c678a3437186c8b73d4e195d,2018-04-25 20:37:10,2018-05-16,2018-05-16 12:03:25,12.056944444444444,0,True,1,0
8d9c0dc8d5a2ce804f6b925d8f8e6c1d,2018-03-19 13:40:14,2018-04-10,2018-04-10 23:28:27,23.474166666666665,0,True,1,0
3828ca6e6450e317619b87f49eca6492,2018-08-02 16:57:06,2018-08-09,2018-08-09 20:58:50,20.980555555555554,0,True,1,0
f9981828f2a400a48939ca9ec5233c91,2018-03-07 15:14:38,2018-03-28,2018-03-28 15:37:51,15.630833333333333,0,True,1,0
29fc23bcd9e04ac6a5919350404eb36c,2018-03-03 21:52:44,2018-04-04,2018-04-04 16:37:00,16.616666666666667,0,True,1,0
ab1e451ac61a9e1ed83028e67458d722,2018-01-08 21:39:41,2018-02-07,2018-02-07 17:08:25,17.14027777777778,0,True,1,0
9ba5b74f4d7d84f76cfb1644b6eee3a9,2018-02-26 12:51:04,2018-03-22,2018-03-22 20:56:46,20.94611111111111,0,True,1,0
1265cc7a9988226b4abf1885582ceade,2018-08-06 17:01:24,2018-08-13,2018-08-13 15:47:40,15.794444444444444,0,True,1,0
b2f9e7490c9752bd0a3d8433208a5b50,2018-02-22 23:51:23,2018-03-15,2018-03-15 21:42:24,21.706666666666667,0,True,1,0
5b0ae07059a9f7a0b52fd3b131c7dc73,2018-05-10 12:07:32,2018-06-05,2018-06-05 15:33:03,15.550833333333333,0,True,1,0
0f44fd64ee902f504aefed510fbcb8e7,2018-08-10 22:19:16,2018-08-20,2018-08-20 11:02:28,11.04111111111111,0,True,1,0
7267e79548a97a01f870d9554ecbf645,2017-11-28 21:55:46,2017-12-18,2017-12-18 20:04:13,20.07027777777778,0,True,1,0
39f71ba799c87ce196465bad51c55d0d,2018-08-07 12:37:44,2018-08-16,2018-08-16 16:48:27,16.8075,0,True,1,0
6ea4cd6f1ec3ef5b3dfeb0c90093a5d0,2018-08-22 17:40:17,2018-08-30,2018-08-30 21:28:47,21.47972222222222,0,True,1,0
6cc24bf6c628c261d2f9f0f7eef52a93,2018-02-22 21:58:26,2018-03-27,2018-03-27 16:32:36,16.543333333333333,0,True,1,0
b047dac5341ea96271595f661f547ede,2017-11-21 08:24:21,2017-12-07,2017-12-07 19:49:54,19.831666666666667,0,True,1,0
02a98752595ee9d94c570ad3e18055b4,2018-08-02 12:05:59,2018-08-07,2018-08-07 18:18:30,18.308333333333334,0,True,1,0
77b062be7c5bd21712905feb8e1cfeed,2017-06-14 18:31:54,2017-07-07,2017-07-07 20:32:47,20.546388888888888,0,True,1,0
f0107a10578d0418c07ddd6bbec0f94c,2017-07-04 10:48:43,2017-07-24,2017-07-24 18:12:36,18.21,0,True,1,0
d064d4d070d914984df25775004fce96,2018-05-08 21:46:45,2018-06-06,2018-06-06 22:04:34,22.07611111111111,0,True,1,0
109dfb5756c526e783783356f4384b4e,2018-08-16 15:13:00,2018-08-21,2018-08-21 20:06:19,20.10527777777778,0,True,1,0
3eaa0a2e223ae1b2ed934e0274bdd0cb,2017-07-12 22:50:00,2017-08-03,2017-08-03 20:15:37,20.260277777777777,0,True,1,0
4a20c9e5a8d128dd0b48766a6790a2f3,2018-01-12 19:54:52,2018-02-07,2018-02-07 23:32:20,23.538888888888888,0,True,1,0
6e5042f4099dedf7cc921269ffa0beac,2018-08-22 00:03:22,2018-08-28,2018-08-28 15:26:55,15.448611111111111,0,True,1,0
e1410714b40ecb7735ebc3f823d60745,2018-08-09 20:57:18,2018-08-20,2018-08-20 21:38:37,21.64361111111111,0,True,1,0
0312ecf90786def87f98aa19e0e0ce63,2017-05-10 22:02:40,2017-05-18,2017-05-18 17:09:46,17.162777777777777,0,True,1,0
bb8d02c6bd5c148f41176b66ee1ae726,2018-08-02 12:07:08,2018-08-24,2018-08-24 22:42:04,22.70111111111111,0,True,1,0
3124684fac5c06e0aa798a6c20b9413a,2017-06-05 12:57:58,2017-06-28,2017-06-28 15:19:39,15.3275,0,True,1,0
0c4d9abe48221137e67e9d01a442df13,2017-12-04 13:35:13,2017-12-20,2017-12-20 18:52:40,18.877777777777776,0,True,1,0
3b96533b1d556ba2db462f837d839dfa,2017-08-08 16:40:58,2017-09-12,2017-09-12 18:24:58,18.41611111111111,0,True,1,0
242800e82e3e3f0aca252d6e03e4564c,2017-06-02 09:19:00,2017-06-28,2017-06-28 16:07:41,16.128055555555555,0,True,1,0
d5321e92460be827bc174a460ee24e6a,2018-05-17 16:56:25,2018-06-08,2018-06-08 00:36:43,0.6119444444444444,0,True,1,0
db6f1875969fbcc9c16ab67687385c24,2018-04-16 19:13:47,2018-04-27,2018-04-27 22:12:01,22.200277777777778,0,True,1,0
9b7e94b15ccd427e75e425bd24133b2b,2018-08-09 17:53:19,2018-08-16,2018-08-16 20:04:40,20.07777777777778,0,True,1,0
c487823afa24762b847f2b24917b04b3,2018-02-21 10:58:21,2018-03-15,2018-03-15 00:48:44,0.8122222222222222,0,True,1,0
150f52d53dc64bc95bac1d22d50fdcb5,2018-05-20 20:48:30,2018-06-06,2018-06-06 15:12:35,15.209722222222222,0,True,1,0
9b92d4432c1758cd4215f3fdb1d623a3,2018-02-09 11:35:54,2018-03-14,2018-03-14 14:07:51,14.130833333333333,0,True,1,0
cff1603c17c75c9240279e01bdff4b05,2018-03-25 22:39:42,2018-04-13,2018-04-13 18:34:51,18.580833333333334,0,True,1,0
7ad41ea08a2c58430824670667219a6e,2017-04-10 12:47:28,2017-05-16,2017-05-16 15:32:18,15.538333333333334,0,True,1,0
d3764fd6a2c04354a8cbde8508cc0ba0,2018-04-16 13:34:03,2018-05-10,2018-05-10 14:37:37,14.626944444444444,0,True,1,0
356ba836fa22451d49ef0c3eb18a3e09,2018-08-13 16:17:10,2018-08-16,2018-08-16 13:48:35,13.809722222222222,0,True,1,0
cba45d3fa18d26bd7c6935fca4449feb,2018-08-22 10:49:05,2018-08-28,2018-08-28 20:43:43,20.72861111111111,0,True,1,0
683bf306149bb869980b68d48a1bd6ab,2017-12-12 19:01:53,2018-01-15,2018-01-15 22:35:36,22.593333333333334,0,True,1,0
3d2919530aea3496b5773b143910145f,2018-08-14 09:35:14,2018-08-20,2018-08-20 22:42:01,22.700277777777778,0,True,1,0
4dec20e5f3480964ccd41880b79b3863,2017-12-07 09:22:06,2018-01-03,2018-01-03 21:42:23,21.70638888888889,0,True,1,0
b44d57df8658ffbfb846852cee8d87d2,2017-12-05 19:02:21,2017-12-28,2017-12-28 18:18:08,18.302222222222223,0,True,1,0
bdc8e349078c5028fba22d1da1066974,2018-07-31 23:25:20,2018-08-03,2018-08-03 18:48:54,18.815,0,True,1,0
4f7a5a0f703ed480db529b81affc0c46,2017-04-26 10:40:08,2017-05-15,2017-05-15 15:57:44,15.962222222222222,0,True,1,0
4cfc21861f949b1bb4f23340193a2138,2018-05-04 10:59:29,2018-06-04,2018-06-04 18:33:59,18.566388888888888,0,True,1,0
3f1d84cdd6ee41fd2908f52f5f0bbcd0,2018-07-10 14:56:42,2018-07-24,2018-07-24 20:18:01,20.30027777777778,0,True,1,0
8119174bd1dd63d869875de9844752a8,2017-10-27 17:57:33,2017-11-29,2017-11-29 17:09:24,17.156666666666666,0,True,1,0
300998e3030b6188e511f183f94a5068,2018-01-16 15:47:41,2018-02-15,2018-02-15 22:24:54,22.415,0,True,1,0
aa0bc25a48a3d53cc009df13ed116b23,2018-03-19 09:32:37,2018-03-29,2018-03-29 18:23:06,18.385,0,True,1,0
455c8cc6fcb8015c8fa06b087cf373b1,2018-08-06 19:27:20,2018-08-09,2018-08-09 16:21:51,16.364166666666666,0,True,1,0
15cc05afae8fa894c83b39ac8d46c9d5,2017-05-12 17:03:42,2017-05-22,2017-05-22 15:14:07,15.235277777777778,0,True,1,0
50bc1ac9db5f38b0982adba11e35b948,2017-10-13 14:30:14,2017-11-06,2017-11-06 14:42:01,14.700277777777778,0,True,1,0
1b4cabee44fbb9bb7a27f9748bc71fab,2018-05-15 22:30:44,2018-06-06,2018-06-06 15:52:17,15.87138888888889,0,True,1,0
3a5c53b7345f82b31c0d656d63f3b8fb,2018-08-08 20:13:05,2018-08-13,2018-08-13 18:32:15,18.5375,0,True,1,0
be05142bba741bcf0fde07b5c9c40f48,2017-11-02 14:40:11,2017-11-23,2017-11-23 15:17:28,15.29111111111111,0,True,1,0
668cc6e441f0a986cf09c787ff80463d,2018-05-21 23:36:23,2018-06-07,2018-06-07 19:52:41,19.878055555555555,0,True,1,0
870939e9577d3981c107477c5a27b7f8,2018-03-02 22:46:57,2018-03-22,2018-03-22 19:48:32,19.808888888888887,0,True,1,0
3fc0be2b864e9efc63373bcbafbb16ea,2018-08-03 16:57:59,2018-08-08,2018-08-08 15:18:52,15.314444444444444,0,True,1,0
7168a9782b83f485331f93c31922bea3,2018-02-21 07:04:56,2018-03-16,2018-03-16 19:27:01,19.450277777777778,0,True,1,0
4faae91a65b5f993113cb0c78ca14a61,2017-12-04 17:48:47,2018-01-12,2018-01-12 20:27:54,20.465,0,True,1,0
a05d9f0572c423875de7dd4d2c24e34a,2018-03-03 18:15:25,2018-03-21,2018-03-21 22:28:46,22.479444444444443,0,True,1,0
8e210b98003eece014e3e650fc111c72,2018-01-14 18:05:37,2018-02-14,2018-02-14 17:22:51,17.38083333333333,0,True,1,0
9ac562006aa17a79364b32560651dd5b,2017-11-08 20:35:32,2017-11-22,2017-11-22 14:07:18,14.121666666666666,0,True,1,0
815bed818302adfd6b04958662e7bbad,2018-05-21 13:16:22,2018-06-19,2018-06-19 14:38:42,14.645,0,True,1,0
541bb2ccd254b84fbaabf01e82324cb0,2017-10-06 16:09:48,2017-11-07,2017-11-07 17:02:28,17.04111111111111,0,True,1,0
6ff77ab4a4fe200c8684302532f8e2e0,2017-11-27 20:53:18,2017-12-28,2017-12-28 11:28:50,11.480555555555556,0,True,1,0
1662797f04736ea5acb5de67d5672fcc,2018-03-16 19:39:14,2018-04-05,2018-04-05 20:59:37,20.99361111111111,0,True,1,0
17635bd7488306e5da70e0c945e5fe83,2018-08-09 17:01:54,2018-08-14,2018-08-14 18:58:49,18.98027777777778,0,True,1,0
f37a42c45897de143426b05fa30298aa,2018-05-24 19:05:16,2018-07-04,2018-07-04 18:36:34,18.609444444444446,0,True,1,0
c05ad5099c122aacdc8f3c894c4d8648,2018-05-16 13:03:29,2018-05-30,2018-05-30 17:10:45,17.179166666666667,0,True,1,0
51520d3bdef580c2ffd3b8fea209172a,2018-08-06 14:09:01,2018-08-09,2018-08-09 18:41:25,18.690277777777776,0,True,1,0
79164f97a0f684659f0881551ed73a2e,2018-02-14 17:39:50,2018-03-13,2018-03-13 23:03:32,23.058888888888887,0,True,1,0
e64b1aa159a2f6c90c5968912370de44,2017-11-13 11:07:51,2017-11-27,2017-11-27 20:46:51,20.780833333333334,0,True,1,0
10d9871bed9fb8d0887d3b9022edd1ff,2017-07-18 16:17:23,2017-08-22,2017-08-22 20:51:23,20.85638888888889,0,True,1,0
27ea1775a86c796168b08511e529d0a3,2018-02-27 11:11:21,2018-03-13,2018-03-13 15:11:40,15.194444444444445,0,True,1,0
d68d5c93a1000f0278b511ffa6aeaa50,2018-08-06 12:11:14,2018-08-13,2018-08-13 16:57:42,16.961666666666666,0,True,1,0
0deba00189593870535a63ad3e6d9ab9,2017-10-30 21:01:41,2017-11-17,2017-11-17 19:46:38,19.77722222222222,0,True,1,0
f0c8f501afe22bb7a23e3721bcc6221c,2018-01-23 12:22:00,2018-02-16,2018-02-16 22:12:34,22.209444444444443,0,True,1,0
961b05ccde2a3c54534ec4a8cdca598f,2017-04-09 11:20:27,2017-05-04,2017-05-04 14:48:17,14.804722222222223,0,True,1,0
d054a3b4ad29e6dfbf833d1be8ac3779,2017-07-03 15:01:01,2017-07-27,2017-07-27 18:49:32,18.825555555555557,0,True,1,0
d719d2c72e0dfc9d994ee85c1d594861,2017-11-24 16:06:14,2017-12-19,2017-12-19 21:57:00,21.95,0,True,1,0
26f078c600b86ed6c916be331d3dc1b0,2018-08-14 20:32:58,2018-08-17,2018-08-17 18:18:50,18.31388888888889,0,True,1,0
deb805b3a0cb1a415c66ddda0f92e0a0,2018-03-02 16:37:13,2018-03-20,2018-03-20 22:03:52,22.064444444444444,0,True,1,0
f3da2b9ffe90fbc13a8edac78c5ed5a1,2017-11-25 15:31:09,2017-12-19,2017-12-19 16:22:11,16.369722222222222,0,True,1,0
ce2b74275022f728e4d0c3302e07f13e,2018-05-19 22:28:49,2018-06-08,2018-06-08 22:12:07,22.201944444444443,0,True,1,0
5dea3bf3570049323c58794169b7638c,2018-02-05 09:38:08,2018-03-02,2018-03-02 15:23:13,15.386944444444444,0,True,1,0
281ed84706b4bd965fcc7e842394aaa4,2018-05-14 12:24:03,2018-05-30,2018-05-30 20:20:55,20.34861111111111,0,True,1,0
6e25453a992842c74dad4997432fa104,2018-08-15 14:18:13,2018-08-20,2018-08-20 18:08:32,18.142222222222223,0,True,1,0
483c0f7f44eec6fd0fbd90914d187226,2017-10-31 15:30:24,2017-11-21,2017-11-21 17:08:57,17.149166666666666,0,True,1,0
fc046d7776171871436844218f817d7d,2018-02-20 18:07:05,2018-03-19,2018-03-19 14:34:39,14.5775,0,True,1,0
b3096cede7bf1dd20ff6607c7ee786e7,2018-08-01 23:39:17,2018-08-07,2018-08-07 09:36:39,9.610833333333334,0,True,1,0
823e4c9d908f5ec1cad58e1e3e7d716d,2018-08-22 21:56:07,2018-08-31,2018-08-31 02:21:48,2.3633333333333333,0,True,1,0
a396a3ced410ba6d02ebb907e5c34530,2017-12-01 08:04:37,2017-12-28,2017-12-28 17:04:01,17.066944444444445,0,True,1,0
3510562077978706f02985af10562837,2018-03-07 14:33:33,2018-04-05,2018-04-05 23:19:32,23.325555555555557,0,True,1,0
10a419c662c88c75ed796f78bc88d31b,2018-03-07 10:35:14,2018-03-23,2018-03-23 02:25:30,2.425,0,True,1,0
2743f5c8d8d1bcee7337f51c781ee474,2018-08-07 12:08:53,2018-08-13,2018-08-13 15:28:44,15.47888888888889,0,True,1,0
99aa87bbe1515eb7af7c662a11e95436,2017-11-13 14:58:08,2017-12-12,2017-12-12 00:08:58,0.14944444444444444,0,True,1,0
9226ec3974c021b8d68869985603b685,2018-08-15 14:02:07,2018-08-21,2018-08-21 11:33:33,11.559166666666666,0,True,1,0
28146871b31f87883ea5283892d4ff1d,2018-05-14 21:33:12,2018-05-22,2018-05-22 19:48:45,19.8125,0,True,1,0
542a75015e9fb10f090ea35b36cb470d,2018-03-26 08:51:40,2018-04-19,2018-04-19 01:22:07,1.368611111111111,0,True,1,0
aeec431748740b82048a6041aaa69c5d,2018-03-09 17:23:29,2018-03-21,2018-03-21 22:58:33,22.975833333333334,0,True,1,0
bbf6f71330cce4afde803651c4f05e54,2018-03-08 16:14:00,2018-03-27,2018-03-27 17:03:17,17.05472222222222,0,True,1,0
7e6b93aa02b605ccc1e04939e172a759,2018-03-27 08:11:21,2018-04-13,2018-04-13 01:03:39,1.0608333333333333,0,True,1,0
674c79007110911b0f14e6c43ab64669,2018-05-16 08:41:13,2018-06-07,2018-06-07 20:48:31,20.808611111111112,0,True,1,0
7ffcdcd61ff7eb4f55adfcfe5940b9e2,2018-08-01 21:48:09,2018-08-06,2018-08-06 17:15:00,17.25,0,True,1,0
b786414cc7eca4f1a133aa2b3b4cd53a,2017-09-18 20:00:04,2017-10-06,2017-10-06 20:43:50,20.730555555555554,0,True,1,0
629af6001c311533699b7c3a91557aa8,2018-02-01 10:57:27,2018-03-07,2018-03-07 12:43:04,12.717777777777778,0,True,1,0
487be7e48ff6a4d2bbd92f6a85006ece,2018-03-10 18:28:44,2018-04-04,2018-04-04 22:51:34,22.859444444444446,0,True,1,0
4d076eecff1b24fa4d0e85a6a72f3db0,2017-05-28 18:03:17,2017-06-21,2017-06-21 18:29:51,18.4975,0,True,1,0
1a46a59c4c13f2c52e453f8f490b7840,2018-07-31 13:27:22,2018-08-09,2018-08-09 20:09:43,20.161944444444444,0,True,1,0
1b3550f21eaa62e5626ebc18a3def944,2017-10-06 17:00:22,2017-10-31,2017-10-31 17:33:11,17.553055555555556,0,True,1,0
adc51b6b60ec7fe71a757fdf57f0e3b2,2017-12-04 22:02:12,2017-12-29,2017-12-29 18:13:33,18.225833333333334,0,True,1,0
c62b78b3cfa029c72cee31aa8280c9cf,2017-11-24 22:37:34,2017-12-18,2017-12-18 18:27:00,18.45,0,True,1,0
c68238de61060d57747e4a429c573902,2017-11-27 15:53:04,2017-12-19,2017-12-19 20:17:02,20.28388888888889,0,True,1,0
a546163c0115aaba54fda7298ac1d55b,2018-03-19 10:40:54,2018-04-06,2018-04-06 21:17:53,21.298055555555557,0,True,1,0
1347acf3fe05018c48139ce35aca77a6,2018-07-23 11:32:23,2018-08-08,2018-08-08 15:46:34,15.776111111111112,0,True,1,0
a4725f98a7344d345bb2fab1c3c39c54,2018-08-23 18:19:17,2018-08-29,2018-08-29 17:25:44,17.42888888888889,0,True,1,0
3c438ee632629e70a91116ac30f8d511,2017-10-23 15:34:26,2017-11-03,2017-11-03 19:48:03,19.800833333333333,0,True,1,0
1b2ea47a491df032b8a995d37f045681,2018-08-03 22:19:24,2018-08-14,2018-08-14 17:22:30,17.375,0,True,1,0
9e02d72f347640b319a659ea810f90b9,2018-08-08 06:32:12,2018-08-22,2018-08-22 01:22:31,1.3752777777777778,0,True,1,0
4e0db43ba51c0e0ede8c48b094526132,2018-08-14 21:40:12,2018-08-22,2018-08-22 11:38:39,11.644166666666667,0,True,1,0
a45fc977eae1ef0ed4504f346d31a0fb,2017-05-02 15:15:54,2017-06-02,2017-06-02 09:49:53,9.831388888888888,0,True,1,0
357fd478aabae20e8548661577688175,2018-05-17 16:45:55,2018-06-05,2018-06-05 22:29:36,22.493333333333332,0,True,1,0
36d80fa68ee43c6ee60518067a8d667b,2018-07-18 13:25:22,2018-08-06,2018-08-06 17:36:44,17.612222222222222,0,True,1,0
995f4fdaa0eeb0d3c4ac475f47a8c271,2018-03-25 17:03:01,2018-04-18,2018-04-18 17:55:51,17.930833333333332,0,True,1,0
6cc4f76a3cbfa54f4dd7d78df8e4bb85,2018-03-19 18:24:26,2018-04-16,2018-04-16 12:33:00,12.55,0,True,1,0
d779224365f07d6953c45ef342c824e6,2018-08-14 18:43:56,2018-08-31,2018-08-31 00:48:33,0.8091666666666667,0,True,1,0
dd63de941b6998a80f25d03116747f9d,2018-08-07 09:13:03,2018-08-13,2018-08-13 15:41:47,15.696388888888889,0,True,1,0
44551b161630b0e90e73ed35fafb4268,2017-04-14 23:45:31,2017-05-17,2017-05-17 09:42:30,9.708333333333334,0,True,1,0
f734baf9f30fe59cde7ccb211dbb4278,2018-08-13 15:16:07,2018-08-16,2018-08-16 19:01:49,19.030277777777776,0,True,1,0
f1e8e2809f03ad9c147c0c8f6283c6b1,2018-08-20 13:12:22,2018-08-24,2018-08-24 18:27:35,18.459722222222222,0,True,1,0
e21ac3b366d8ae9dce431413dbc2ccc0,2018-05-21 16:57:43,2018-06-06,2018-06-06 21:38:27,21.640833333333333,0,True,1,0
24bec7bd3d098472031fe54a30488c3b,2018-08-19 13:46:30,2018-08-24,2018-08-24 19:59:01,19.98361111111111,0,True,1,0
57313d913bef6f44066214ef78d4ca65,2018-08-21 05:26:43,2018-08-27,2018-08-27 12:34:31,12.575277777777778,0,True,1,0
13d840efe9026dc20ab05e59663dff7f,2017-11-10 17:01:30,2017-11-30,2017-11-30 16:00:22,16.00611111111111,0,True,1,0
790966b7cfcf6aedddb2f1d392da3306,2018-08-11 20:03:21,2018-08-16,2018-08-16 11:12:08,11.202222222222222,0,True,1,0
da53145615b1d679fc6a9f3121d8bd85,2018-08-16 18:16:43,2018-08-22,2018-08-22 22:08:40,22.144444444444446,0,True,1,0
7d0efe41a9db8dbb13ba3940f287fe74,2018-01-29 22:36:22,2018-02-22,2018-02-22 22:04:27,22.074166666666667,0,True,1,0
432f3cbc9941551c41eb9884f7bfb879,2017-10-16 09:17:48,2017-11-09,2017-11-09 11:48:30,11.808333333333334,0,True,1,0
b66034dfd4925b13cbe0fad3f068e618,2018-08-08 14:01:48,2018-08-13,2018-08-13 19:24:45,19.4125,0,True,1,0
c5b438d2be9a4bbfd2b0611d477a24b3,2018-08-08 09:44:50,2018-08-22,2018-08-22 21:35:31,21.591944444444444,0,True,1,0
9b2444e525ad45d903e5e98de8665975,2018-02-12 13:04:03,2018-03-08,2018-03-08 19:56:31,19.941944444444445,0,True,1,0
591ab3b2136169cbcc8f86900519151c,2018-08-24 08:34:16,2018-08-30,2018-08-30 01:46:38,1.7772222222222223,0,True,1,0
955c8fbc85ca2cbd9a0cfe283624c915,2017-11-28 09:37:41,2017-12-21,2017-12-21 20:07:06,20.118333333333332,0,True,1,0
fefbe15ebcd87ab3fb8577e635a8b31c,2018-03-08 21:11:34,2018-03-20,2018-03-20 20:14:01,20.23361111111111,0,True,1,0
e14ff08a4c4bd0fb4ac0edeb17f47d5c,2018-08-14 07:18:56,2018-08-28,2018-08-28 19:15:31,19.25861111111111,0,True,1,0
86d0ef425e0811afd544b52543fb4152,2017-11-23 16:22:37,2017-12-18,2017-12-18 18:23:48,18.39666666666667,0,True,1,0
47b70930d56276c49d6e642ed8cc70b4,2018-05-04 23:18:43,2018-05-29,2018-05-29 21:56:51,21.9475,0,True,1,0
4c3797c712aa273fcc2d7e7a07c39703,2017-12-19 16:06:01,2018-01-18,2018-01-18 15:09:56,15.165555555555555,0,True,1,0
100ebf8fcba296158a4021a35cfa1bf8,2018-04-14 01:37:53,2018-05-09,2018-05-09 18:23:35,18.393055555555556,0,True,1,0
ca67ed4e41d10ddfede1632c9ccc1c8b,2017-10-09 14:50:46,2017-10-26,2017-10-26 17:12:57,17.215833333333332,0,True,1,0
af8f67f3b2d6fc844d3c2c2857eac823,2018-01-06 18:19:33,2018-02-08,2018-02-08 19:36:33,19.609166666666667,0,True,1,0
3efb84891f27efd4a1ad0e11ca4fb36b,2018-08-03 15:30:58,2018-08-24,2018-08-24 19:12:37,19.210277777777776,0,True,1,0
2703773aea9533b606eed4f16f883e2e,2018-05-09 17:43:33,2018-05-17,2018-05-17 14:56:49,14.946944444444444,0,True,1,0
98ff4145b11d1c215563ee9ca819f5da,2018-02-28 16:31:28,2018-03-19,2018-03-19 22:57:44,22.962222222222223,0,True,1,0
c887294d29ae18c8f8cdfa478a4a36b2,2018-05-18 15:30:17,2018-06-06,2018-06-06 19:26:46,19.44611111111111,0,True,1,0
58be29292eff76e98cd5063f83ed7c51,2017-12-06 16:51:52,2018-01-09,2018-01-09 20:38:09,20.635833333333334,0,True,1,0
6005e16820f20784bf25d26f7a60af40,2018-08-02 13:30:59,2018-08-10,2018-08-10 15:11:46,15.196111111111112,0,True,1,0
e30787025578adaddf110614dce5e399,2017-10-30 23:00:39,2017-11-07,2017-11-07 17:32:43,17.545277777777777,0,True,1,0
3e4a2b96719ecae342e5d413e97a1be2,2018-02-27 11:06:32,2018-03-21,2018-03-21 22:38:25,22.64027777777778,0,True,1,0
952dfc4bcc1dce2062c0b0575ec23db7,2017-11-17 08:02:20,2017-11-30,2017-11-30 18:27:14,18.45388888888889,0,True,1,0
2b1313fd0314bab6ab57ffc7725febdb,2018-01-24 16:12:58,2018-02-08,2018-02-08 23:03:38,23.060555555555556,0,True,1,0
c6b834f817f95bd7f31d78814dbb14ac,2018-05-08 18:42:08,2018-05-16,2018-05-16 17:13:11,17.219722222222224,0,True,1,0
62c5d13fc49db297fd55a998c9cde780,2018-08-08 08:46:02,2018-08-13,2018-08-13 16:20:52,16.34777777777778,0,True,1,0
0eb75d20173919818bfebe16eaf91333,2018-05-08 22:55:25,2018-06-04,2018-06-04 14:58:06,14.968333333333334,0,True,1,0
94ce92b2f82292f914ec3cdc04651953,2018-05-10 21:09:03,2018-06-01,2018-06-01 21:38:26,21.640555555555554,0,True,1,0
c72340047105422e220e980a8b0ab3ee,2018-07-28 16:50:41,2018-08-09,2018-08-09 15:29:58,15.499444444444444,0,True,1,0
a4220c184ed6700f8516552b2cb3c20d,2018-04-22 14:57:48,2018-05-14,2018-05-14 22:55:54,22.93166666666667,0,True,1,0
8b0f121dbcd7a605911362fdc4df8e76,2017-03-09 14:39:28,2017-04-07,2017-04-07 16:44:55,16.74861111111111,0,True,1,0
d243808e23f60f3895c6a696df710642,2018-07-16 11:01:26,2018-07-30,2018-07-30 17:18:42,17.311666666666667,0,True,1,0
80486ac4792fa4fe4ecf6011109b0edd,2017-11-17 19:59:08,2017-11-30,2017-11-30 19:51:41,19.86138888888889,0,True,1,0
b1135445c9efaedf0b492762d692bbcd,2017-11-24 16:05:11,2017-12-27,2017-12-27 22:46:12,22.77,0,True,1,0
878deac45277a6693260658cbce58cf2,2017-11-28 17:24:56,2017-12-18,2017-12-18 17:39:20,17.655555555555555,0,True,1,0
73446e87cf3849b92938207c7fdb4ed8,2018-03-29 14:47:10,2018-04-18,2018-04-18 15:24:49,15.413611111111111,0,True,1,0
961d9e5c68462472ac3bba1243d731fe,2017-11-28 15:55:19,2017-12-12,2017-12-12 00:39:51,0.6641666666666667,0,True,1,0
605cb018bbe790a8132db79998de4eab,2017-11-27 16:31:25,2017-12-19,2017-12-19 21:29:07,21.485277777777778,0,True,1,0
e55650ed198645300501994955043aef,2018-04-24 20:55:50,2018-05-21,2018-05-21 18:28:51,18.480833333333333,0,True,1,0
8010e9e1fe4c8ef75f5a261f6ef9e748,2018-03-27 14:11:31,2018-04-09,2018-04-09 18:41:29,18.691388888888888,0,True,1,0
e9f3aab944b658f5f0b241fca193f3b6,2018-03-22 16:43:27,2018-04-10,2018-04-10 16:18:28,16.307777777777776,0,True,1,0
819f320b449906b797b0b826293665d8,2017-12-02 14:57:49,2017-12-28,2017-12-28 17:53:42,17.895,0,True,1,0
995afafadabbc8e07804a5f08f096b01,2018-08-06 09:55:30,2018-08-20,2018-08-20 14:04:03,14.0675,0,True,1,0
7bc6b6f769b29b2e75c2699f915fe835,2018-06-11 07:27:24,2018-07-13,2018-07-13 15:08:34,15.142777777777777,0,True,1,0
b7357bb8e9d9742a5c4f686050baecd5,2018-07-20 16:39:13,2018-07-31,2018-07-31 12:51:52,12.864444444444445,0,True,1,0
26e151776de74222baf9cf13a8ef9b74,2017-04-20 10:14:27,2017-05-12,2017-05-12 16:57:54,16.965,0,True,1,0
a2043f0404780bcf3bcfb20cadbab2d8,2018-08-19 08:39:24,2018-08-23,2018-08-23 02:08:52,2.147777777777778,0,True,1,0
9183e2fd9515c57925a0251ccfc21c63,2017-04-23 09:10:01,2017-05-11,2017-05-11 13:58:03,13.9675,0,True,1,0
445e644ce100ddf209bc9fd616d882ae,2018-08-08 21:19:23,2018-08-15,2018-08-15 21:59:43,21.995277777777776,0,True,1,0
7ccc11577ae58791fde9fe83f4c7f106,2017-11-26 19:20:04,2017-12-12,2017-12-12 13:42:42,13.711666666666666,0,True,1,0
05cb96d379b1a3df48333ecaa572bf26,2018-08-22 13:49:40,2018-08-27,2018-08-27 22:58:23,22.973055555555554,0,True,1,0
75f3ecc1ee0d23f0fcc29fa7bff30a16,2018-08-15 20:08:29,2018-08-20,2018-08-20 18:57:40,18.961111111111112,0,True,1,0
4d6ff00ff70bc8add58ab6f275c2b61d,2017-09-18 20:06:21,2017-10-09,2017-10-09 11:28:55,11.481944444444444,0,True,1,0
9af9ab2e5e9932c6d31b5fb79e8c844b,2018-02-25 20:50:52,2018-03-21,2018-03-21 18:26:42,18.445,0,True,1,0
71359a053b02802c8974b69049cec60a,2018-07-31 10:29:51,2018-08-06,2018-08-06 08:51:26,8.857222222222223,0,True,1,0
a4e584c6dc40947a851d93c60fe9c50c,2018-08-05 11:19:24,2018-08-09,2018-08-09 01:03:23,1.0563888888888888,0,True,1,0
282160d8e83b257c5105cac8f3ba2b63,2017-12-03 17:37:52,2017-12-28,2017-12-28 09:32:26,9.540555555555555,0,True,1,0
0247aa98317f60908e99f44e7a2a4896,2017-12-08 11:32:44,2018-01-08,2018-01-08 23:13:13,23.220277777777778,0,True,1,0
c86ed3d96b3e082f9cd03138001af2d6,2018-07-31 19:35:04,2018-08-03,2018-08-03 23:22:47,23.379722222222224,0,True,1,0
222dbd787fceffa6d29b3586ef4f9c11,2018-02-16 21:19:30,2018-03-08,2018-03-08 20:38:34,20.642777777777777,0,True,1,0
f3d15fc6394b30a6a35e4c3886208777,2017-07-25 12:12:24,2017-08-22,2017-08-22 20:43:10,20.719444444444445,0,True,1,0
890b21d0a6f89b73074c93af0c1c6eec,2018-05-18 13:30:55,2018-06-07,2018-06-07 11:05:21,11.089166666666667,0,True,1,0
842cd0a979d57e29ba51a0f84a844cd8,2017-11-27 16:05:00,2017-12-27,2017-12-27 14:14:38,14.24388888888889,0,True,1,0
9a503487f2a2141cfc220d61e43bd938,2018-08-06 15:15:04,2018-08-15,2018-08-15 02:09:45,2.1625,0,True,1,0
b62cbd4c81925d07d9fd52a505072b62,2018-08-16 23:31:38,2018-08-28,2018-08-28 21:54:44,21.912222222222223,0,True,1,0
a4bc1696d87f667da1b782b7707358ad,2018-08-08 00:57:46,2018-08-13,2018-08-13 16:49:41,16.828055555555554,0,True,1,0
a9383c949571ed7784f4bc07275752e9,2018-03-28 17:07:26,2018-04-19,2018-04-19 14:42:54,14.715,0,True,1,0
5b5028d53cd0fe5647fe4968399194aa,2018-02-18 12:29:09,2018-03-16,2018-03-16 21:35:48,21.596666666666668,0,True,1,0
c2412fc369f785dbaebb28b731f92bdc,2018-08-03 10:43:27,2018-08-08,2018-08-08 21:47:52,21.797777777777778,0,True,1,0
d08fd4a6faa8ded70a6af3f2d51eba19,2018-03-10 20:57:16,2018-04-06,2018-04-06 20:07:41,20.128055555555555,0,True,1,0
16a811fb1fdf869b3b5ab6f91b6f36bb,2018-07-31 18:22:47,2018-08-08,2018-08-08 19:44:52,19.747777777777777,0,True,1,0
120b19c8ebbbe34df59e157f3dd1f0c9,2018-08-03 08:38:13,2018-08-15,2018-08-15 19:59:40,19.994444444444444,0,True,1,0
c6af04c6a72b5d587a620ad29c41dcad,2017-10-27 09:51:37,2017-11-16,2017-11-16 22:32:34,22.54277777777778,0,True,1,0
b81fc2a4875952a72ef06b533847377e,2017-07-31 09:08:39,2017-08-11,2017-08-11 19:19:38,19.327222222222222,0,True,1,0
3784bc92c8ff0ca207ed55629e5df7e9,2018-07-05 10:02:32,2018-07-23,2018-07-23 22:27:53,22.46472222222222,0,True,1,0
c776863a93dc0740c6e7d78104b21413,2016-10-10 15:01:27,2016-12-14,2016-12-14 08:03:48,8.063333333333333,0,True,1,0
df9ad58c9ee5c31a5a9e19eea2acc369,2018-04-04 16:44:40,2018-05-07,2018-05-07 17:32:00,17.533333333333335,0,True,1,0
525be0565c62b7b2f1fbcb67241fbd9b,2017-12-11 10:02:10,2017-12-28,2017-12-28 23:24:41,23.41138888888889,0,True,1,0
2cb6e38ed0cc360e8364ac92cbd72c6a,2018-08-07 22:19:51,2018-08-28,2018-08-28 20:39:41,20.66138888888889,0,True,1,0
a389c8dd641e5e3bd97578e44f1ece83,2018-04-23 17:59:39,2018-05-16,2018-05-16 11:28:30,11.475,0,True,1,0
a251664f5760915d29631e4ea0a6f66e,2018-05-20 11:35:23,2018-06-05,2018-06-05 21:09:31,21.15861111111111,0,True,1,0
61fa6d238ae5d2e7063f2df458609c91,2018-06-17 07:56:36,2018-07-11,2018-07-11 18:52:39,18.8775,0,True,1,0
da1186aaa3f26fa851d95c2e0b3d5574,2017-10-17 21:08:24,2017-11-10,2017-11-10 18:48:18,18.805,0,True,1,0
aaabb4935fd6db331104e2cf134d60d8,2017-09-17 12:53:07,2017-10-05,2017-10-05 20:08:49,20.146944444444443,0,True,1,0
f7411b386b99ab297f888848be4198a6,2018-05-15 12:23:49,2018-06-01,2018-06-01 20:08:24,20.14,0,True,1,0
2fddf9110bbf99715a7cde5f8da13faf,2018-05-05 23:54:00,2018-06-07,2018-06-07 21:22:39,21.3775,0,True,1,0
c1efc16c61c46cc2eff17d0ea6202aaf,2017-11-14 15:27:02,2017-12-12,2017-12-12 00:26:53,0.44805555555555554,0,True,1,0
23c95653bc574efa346f4eee3b29e882,2017-11-20 12:47:48,2017-12-08,2017-12-08 00:21:26,0.3572222222222222,0,True,1,0
1500f59278b33472734cddd11039033f,2018-01-14 22:44:58,2018-02-09,2018-02-09 20:41:37,20.69361111111111,0,True,1,0
2e3484a1a6d6411c0a875c5b0f40be6c,2017-11-14 12:09:35,2017-12-14,2017-12-14 14:57:03,14.950833333333334,0,True,1,0
ae8e70d062fa5569315a69e1cc675b64,2018-03-18 12:25:53,2018-04-05,2018-04-05 18:12:02,18.200555555555557,0,True,1,0
4b4d1573d0fb4a347214a8172a51fc16,2018-05-22 12:32:24,2018-06-05,2018-06-05 23:42:29,23.708055555555557,0,True,1,0
b9a703ce4f5ae752f1ea894775d250ff,2018-08-15 14:43:32,2018-08-20,2018-08-20 11:58:29,11.974722222222223,0,True,1,0
91d8044f5ac4a788b325fe556f47c480,2018-03-01 20:13:46,2018-04-03,2018-04-03 21:08:07,21.135277777777777,0,True,1,0
c2d00a9eb60169824e8b8cd5b0baf2d1,2017-07-02 15:58:25,2017-08-04,2017-08-04 12:07:37,12.126944444444444,0,True,1,0
83abd54a97c64e537933fcfe2fe1c666,2018-01-19 12:17:41,2018-02-14,2018-02-14 22:17:06,22.285,0,True,1,0
96bb1f97b225fb91cdfced5bbae3166e,2018-08-03 03:47:35,2018-08-14,2018-08-14 18:36:54,18.615,0,True,1,0
ae2ee748fed0ababe6ae778cfb2acf94,2018-05-20 20:03:45,2018-06-07,2018-06-07 16:33:13,16.55361111111111,0,True,1,0
2027c60e9786b0dbc84f5849a80976d8,2018-08-13 17:23:09,2018-08-21,2018-08-21 14:35:46,14.596111111111112,0,True,1,0
977f75be9ecd1050220bf0c1ee226bda,2017-12-04 18:15:26,2018-01-05,2018-01-05 19:10:44,19.17888888888889,0,True,1,0
e927a351e66b4b3a4fd7cd93f6d1b4a0,2017-04-15 23:46:11,2017-05-10,2017-05-10 11:04:23,11.073055555555555,0,True,1,0
00063b381e2406b52ad429470734ebd5,2018-07-27 17:21:27,2018-08-07,2018-08-07 13:56:52,13.947777777777778,0,True,1,0
6c75d5191caa57ce66aee84045b1d143,2017-11-11 20:03:21,2017-12-01,2017-12-01 13:42:24,13.706666666666667,0,True,1,0
37b2da18eede8674ecc05302ebb6e32b,2018-02-26 18:30:59,2018-03-20,2018-03-20 16:38:32,16.642222222222223,0,True,1,0
7b06d8091938a97c0186f6a794cd6376,2018-01-03 22:13:05,2018-01-26,2018-01-26 13:37:46,13.629444444444445,0,True,1,0
5e23655bee02f45b9a3f47282ad61b17,2017-08-24 21:11:15,2017-09-06,2017-09-06 21:09:43,21.161944444444444,0,True,1,0
45623f1421557207f2d93ca576418a4e,2018-05-14 08:17:01,2018-06-07,2018-06-07 16:52:22,16.872777777777777,0,True,1,0
a54dca1918f3c9eaa16ac953a5d8c9ba,2018-03-15 10:36:18,2018-04-03,2018-04-03 20:18:35,20.309722222222224,0,True,1,0
4cfb3d5969df460524508647d27aca46,2018-08-15 00:57:27,2018-08-28,2018-08-28 18:30:30,18.508333333333333,0,True,1,0
4445dce651ca1507b70574af329d7405,2018-03-27 14:44:45,2018-04-17,2018-04-17 17:08:55,17.148611111111112,0,True,1,0
c09e8c8ef923378f60d8ab37827eb58d,2017-04-14 22:35:53,2017-05-10,2017-05-10 21:06:12,21.10333333333333,0,True,1,0
56610fa87188c93ee5993a5e98a7b092,2018-08-27 19:26:54,2018-08-30,2018-08-30 20:32:36,20.543333333333333,0,True,1,0
494648e782c762fe2547626ebb7dfaff,2018-08-07 16:57:36,2018-08-10,2018-08-10 23:41:41,23.69472222222222,0,True,1,0
dc6f399c6e89a48c2b06005aff6e0a94,2018-08-20 22:08:27,2018-08-24,2018-08-24 11:16:37,11.276944444444444,0,True,1,0
9c29be3676de1c34e443b45bc2c2ba73,2018-03-28 10:51:44,2018-04-16,2018-04-16 17:05:44,17.095555555555556,0,True,1,0
d736ac2dcec087fda2b4ed1eb5a5032b,2018-02-28 11:31:39,2018-03-28,2018-03-28 00:08:44,0.14555555555555555,0,True,1,0
5460b7ae3e4318981a10de9300d62d93,2018-04-13 19:11:25,2018-05-09,2018-05-09 20:28:56,20.482222222222223,0,True,1,0
658f8d7112d20419aba9c6b7436b1af5,2018-02-11 18:40:02,2018-02-26,2018-02-26 21:24:19,21.405277777777776,0,True,1,0
33e55758032096d2080af654fa76e144,2018-03-04 22:38:11,2018-03-27,2018-03-27 15:03:47,15.063055555555556,0,True,1,0
3eaf0488f419dab6c6d582b1d28ab37e,2018-04-03 20:08:15,2018-04-30,2018-04-30 23:24:50,23.413888888888888,0,True,1,0
4e906592ffe21666b515f88ec700cdeb,2017-11-20 13:27:59,2017-12-20,2017-12-20 16:34:28,16.574444444444445,0,True,1,0
940732b8dc54f854975ffb339263bcd6,2017-09-30 13:46:30,2017-10-24,2017-10-24 18:36:07,18.601944444444445,0,True,1,0
871d475aeaf2288a225fe1ade32d1b44,2017-09-08 14:44:39,2017-09-28,2017-09-28 20:07:28,20.124444444444446,0,True,1,0
19e50267c874c90f2a5a2bc9c2719e2b,2018-05-19 14:46:42,2018-06-06,2018-06-06 19:22:44,19.378888888888888,0,True,1,0
1254db2858a5edb97a4c724409299e13,2018-08-05 22:14:53,2018-08-13,2018-08-13 23:08:48,23.14666666666667,0,True,1,0
4abe45d3258a19bc521cdd64b940acf1,2017-06-20 21:01:58,2017-07-04,2017-07-04 13:35:39,13.594166666666666,0,True,1,0
d6f49f5dff3052a0ecf30c9493a975f3,2018-08-17 14:25:49,2018-08-22,2018-08-22 22:44:43,22.745277777777776,0,True,1,0
e0232e690d8db08e0abc81a3a744f9b7,2018-05-15 09:06:48,2018-05-24,2018-05-24 13:44:35,13.743055555555555,0,True,1,0
e024b7de0d4c8896d442d786f81f7db7,2018-03-27 13:36:54,2018-04-18,2018-04-18 13:35:38,13.59388888888889,0,True,1,0
7d3cd94ead444e7d5a948a9e0021c426,2018-03-05 15:56:52,2018-03-27,2018-03-27 15:06:11,15.103055555555555,0,True,1,0
3731f953758c3a1222e5c041140236fd,2018-04-03 11:59:08,2018-04-23,2018-04-23 20:55:25,20.92361111111111,0,True,1,0
eb31615d4fb1db2f9a185385df563762,2018-03-13 14:34:24,2018-03-23,2018-03-23 16:32:19,16.538611111111113,0,True,1,0
f6151443391cbb0f7fb0fcaf6d79e963,2018-01-29 11:48:36,2018-03-13,2018-03-13 23:16:22,23.272777777777776,0,True,1,0
aa9113495d5498b01ea4a235c64f2849,2017-09-11 18:57:46,2017-09-29,2017-09-29 17:41:20,17.68888888888889,0,True,1,0
31a5a662fe535944e960fec047746e95,2018-03-25 14:25:30,2018-04-17,2018-04-17 15:48:32,15.80888888888889,0,True,1,0
4f75714930281cf2a8b983e0dd8a3fde,2018-08-09 20:03:05,2018-08-14,2018-08-14 17:58:31,17.975277777777777,0,True,1,0
26398993ea4ace9cdbaa65c00bcaabdc,2017-11-18 12:19:21,2017-12-12,2017-12-12 17:58:49,17.98027777777778,0,True,1,0
23d16dddab46fd3d06e8d9d27ffea3f5,2018-01-25 21:49:14,2018-02-19,2018-02-19 19:38:33,19.6425,0,True,1,0
dcb97cff5ad47d9a584ac61d5b857f41,2018-08-08 17:06:34,2018-08-20,2018-08-20 21:32:28,21.54111111111111,0,True,1,0
0217ad862ae7391cc3964c07ce3d6ea1,2017-11-29 14:43:25,2017-12-26,2017-12-26 21:32:13,21.536944444444444,0,True,1,0
0decd9643e5f685a9fc1bf05ab16a186,2018-03-06 15:43:28,2018-04-02,2018-04-02 22:12:16,22.204444444444444,0,True,1,0
eca3f5e429027f406b64f21754673030,2018-03-24 18:17:14,2018-04-12,2018-04-12 19:38:43,19.64527777777778,0,True,1,0
eb2d1fc632c7ad28095c6e9276422646,2018-03-19 14:22:48,2018-03-29,2018-03-29 11:34:36,11.576666666666666,0,True,1,0
ab06984b04c0624abda79b20ba1f985f,2017-11-06 15:55:08,2017-11-29,2017-11-29 20:05:39,20.094166666666666,0,True,1,0
ec2363de62794f8558b84ef108738f06,2018-08-21 18:44:58,2018-08-27,2018-08-27 14:18:26,14.307222222222222,0,True,1,0
963d2768670ecd5c585e20b21a3d295c,2018-07-23 22:48:57,2018-07-31,2018-07-31 00:48:30,0.8083333333333333,0,True,1,0
83d0c85dbcc4f41c0608144b122c4034,2018-08-06 14:48:29,2018-08-13,2018-08-13 15:32:08,15.535555555555556,0,True,1,0
68b4e818c05f12bec3a76417829c2846,2018-05-21 08:08:19,2018-06-13,2018-06-13 16:23:35,16.393055555555556,0,True,1,0
ec967af67c54436554c9389770962aa4,2017-12-11 10:24:39,2018-01-05,2018-01-05 21:28:51,21.480833333333333,0,True,1,0
ca606a26db7efe20af253f9c45747bd4,2017-11-24 22:30:04,2017-12-18,2017-12-18 17:49:26,17.823888888888888,0,True,1,0
97970934fe4f84a9169a79b05923fa0c,2018-03-19 19:16:30,2018-04-05,2018-04-05 21:55:44,21.92888888888889,0,True,1,0
af256e5861b37190d89da2ecd8dcae4a,2018-08-03 12:21:55,2018-08-08,2018-08-08 18:03:49,18.06361111111111,0,True,1,0
80b201a88f23aa35799eac75fa4cdf99,2018-08-05 13:09:12,2018-08-14,2018-08-14 20:48:41,20.81138888888889,0,True,1,0
2d3e339e7fe1aec59de04ff2c3525a69,2018-03-07 10:33:57,2018-03-27,2018-03-27 17:58:57,17.9825,0,True,1,0
c2ed9a4ca7d4dca13950ec7e2505eada,2018-07-18 10:24:54,2018-08-17,2018-08-17 14:57:21,14.955833333333333,0,True,1,0
16ef87ed2e298fd5de508be5d5d29833,2017-11-12 08:44:39,2017-12-05,2017-12-05 13:05:16,13.087777777777777,0,True,1,0
839603976328ab364c4ff2b4d806de8f,2018-02-13 22:57:20,2018-03-19,2018-03-19 23:41:28,23.691111111111113,0,True,1,0
db4c181f6ac63a558233e98861beda3e,2018-02-26 11:11:05,2018-03-23,2018-03-23 21:22:52,21.38111111111111,0,True,1,0
45f470a790aede4d492919f4df65b123,2018-08-06 11:15:25,2018-08-20,2018-08-20 22:48:54,22.815,0,True,1,0
60b3fa9424e97cd3b6b95ca799d511c6,2017-07-31 10:00:03,2017-08-22,2017-08-22 11:34:03,11.5675,0,True,1,0
e9a18a01a641ece17c11a804a3651208,2018-07-23 09:33:10,2018-08-02,2018-08-02 15:21:38,15.360555555555555,0,True,1,0
7f12392edffa8c0d0ac2d70b26ae6c0d,2017-11-25 09:38:44,2017-12-12,2017-12-12 20:53:44,20.895555555555557,0,True,1,0
9b9d21b1dc1050dc96db48854b488091,2018-08-15 19:33:04,2018-08-29,2018-08-29 12:58:57,12.9825,0,True,1,0
5ec17d5853c4bad3b18adb6778b3ac0d,2018-08-07 14:36:35,2018-08-15,2018-08-15 17:03:37,17.060277777777777,0,True,1,0
55a90b35362150673d3546509274be53,2018-08-13 14:18:20,2018-08-29,2018-08-29 16:41:35,16.693055555555556,0,True,1,0
e83f4ca0e182aa00e538e354aea8a6a8,2018-04-23 16:31:53,2018-05-07,2018-05-07 14:08:42,14.145,0,True,1,0
8f33d31c2e4218814fa61caecbd724c2,2018-07-29 14:02:33,2018-08-03,2018-08-03 12:48:36,12.81,0,True,1,0
90ddd79887b51000b7c93a420dd927a6,2018-07-12 19:07:40,2018-07-20,2018-07-20 17:47:36,17.793333333333333,0,True,1,0
4571099e8d87a92750edfddf99e5b56a,2017-06-16 17:12:16,2017-06-29,2017-06-29 16:22:03,16.3675,0,True,1,0
a742e3a941299687aed413c581a7dce9,2017-06-04 14:53:58,2017-06-19,2017-06-19 18:03:57,18.065833333333334,0,True,1,0
5d00299f340746f1a331c674d4fbb211,2017-12-16 23:06:17,2018-01-16,2018-01-16 21:56:40,21.944444444444443,0,True,1,0
81475b047da69f6518ba1e586ef0f92b,2017-11-24 18:07:43,2017-12-20,2017-12-20 00:22:38,0.37722222222222224,0,True,1,0
bb6b0cda2ad6b1af261188c55a57550d,2018-01-07 18:47:29,2018-01-24,2018-01-24 20:03:18,20.055,0,True,1,0
e4d1be2964413777e6122970a3c1f675,2018-03-16 11:50:43,2018-04-13,2018-04-13 19:13:41,19.228055555555557,0,True,1,0
58ac1346bc2ee0cfbe205aacad678d60,2018-02-21 12:30:04,2018-03-21,2018-03-21 11:18:34,11.309444444444445,0,True,1,0
c1a3f085dae6065e1cdff2df7d95d990,2017-05-09 13:21:53,2017-05-25,2017-05-25 10:13:56,10.232222222222223,0,True,1,0
278e7730f7062014d198fbf20451b935,2018-07-30 11:57:40,2018-08-02,2018-08-02 20:22:25,20.37361111111111,0,True,1,0
c2546b80d080e344c3698d9d75bd439f,2018-04-19 10:38:49,2018-05-29,2018-05-29 17:07:56,17.13222222222222,0,True,1,0
f9d6e36d6c09ef9acae870b642100f11,2018-07-16 18:21:18,2018-08-08,2018-08-08 18:07:41,18.128055555555555,0,True,1,0
36450fdd3cb1533803539fee6245b508,2018-05-16 21:25:09,2018-06-07,2018-06-07 17:03:19,17.05527777777778,0,True,1,0
6e50c3286b2f4fef7e6adc496afd5b70,2017-11-23 17:39:46,2017-12-19,2017-12-19 17:26:43,17.44527777777778,0,True,1,0
60968a386889fb91ca9c02b4f2eaa9bc,2018-08-05 19:33:52,2018-08-22,2018-08-22 11:41:30,11.691666666666666,0,True,1,0
395363317a9cc3945212a000edf960d3,2018-02-21 20:49:41,2018-03-21,2018-03-21 00:17:35,0.29305555555555557,0,True,1,0
94bc8ddcff97b273c27ce96992e0425d,2017-03-10 09:50:27,2017-03-31,2017-03-31 14:05:31,14.091944444444444,0,True,1,0
774b695881d6fca884c8d52df7a3ccb2,2018-03-08 16:06:25,2018-03-29,2018-03-29 22:36:39,22.610833333333332,0,True,1,0
bc2f333203bc7e7aaf60226e8c890a02,2017-10-05 21:50:06,2017-11-07,2017-11-07 20:38:50,20.647222222222222,0,True,1,0
6c6ad994709e497d8bbc043b3d9884ba,2018-08-09 16:56:44,2018-08-14,2018-08-14 21:11:49,21.196944444444444,0,True,1,0
c86653fc19a4c3bf738d4d94e59008b3,2017-07-25 16:09:26,2017-08-07,2017-08-07 17:07:56,17.13222222222222,0,True,1,0
8559fd18b5af843c5ee613c3b4b1bb95,2018-04-13 17:38:50,2018-05-08,2018-05-08 16:27:40,16.461111111111112,0,True,1,0
8d5ac17806cd132680edc938d69d0359,2018-08-19 08:26:18,2018-08-27,2018-08-27 18:06:43,18.111944444444443,0,True,1,0
4b4a6837149161d336cba6c3816f376e,2017-03-02 10:19:51,2017-03-23,2017-03-23 05:37:51,5.630833333333333,0,True,1,0
8f6dccb4b483eca3ba0237c1db35fd0c,2018-05-08 00:06:19,2018-05-17,2018-05-17 19:09:56,19.165555555555557,0,True,1,0
f22994b30f7ab7b86eacb2ea99e61a86,2018-08-16 10:30:31,2018-08-21,2018-08-21 17:27:56,17.465555555555557,0,True,1,0
2c6a443a179d58ca22cbb911e1aec4fb,2018-08-10 09:20:02,2018-08-16,2018-08-16 23:32:27,23.54083333333333,0,True,1,0
156caec56018baa2f6c72fb6e88ba840,2018-02-09 14:19:36,2018-03-05,2018-03-05 16:05:07,16.085277777777776,0,True,1,0
ec7374fe6c0218473cecb08f8fbeca34,2018-03-19 20:17:12,2018-04-20,2018-04-20 16:25:25,16.42361111111111,0,True,1,0
c0ad22fb83f1019e8abbdf1d38ffe6aa,2017-10-09 23:04:01,2017-10-27,2017-10-27 20:42:02,20.700555555555557,0,True,1,0
3e359ab408e7a2bdd39d256d9edb05ff,2017-06-01 12:24:44,2017-06-22,2017-06-22 17:52:02,17.86722222222222,0,True,1,0
7fc163ae2a200d57c1118812221bcf8e,2018-07-31 12:55:23,2018-08-10,2018-08-10 00:32:21,0.5391666666666667,0,True,1,0
308163f9666c3f335e92b0f0f61554ed,2018-07-12 11:24:13,2018-08-01,2018-08-01 00:05:14,0.08722222222222223,0,True,1,0
34cc8cb419e5e8ffe6a5090b551dbf61,2017-05-25 18:01:49,2017-06-07,2017-06-07 11:23:36,11.393333333333333,0,True,1,0
0d19bf95af32b57fe7835825f4b0fb3a,2018-05-22 22:32:01,2018-06-06,2018-06-06 18:19:02,18.317222222222224,0,True,1,0
7cb6e4af5a197f3923e8c8358ca71f0a,2018-07-12 19:20:21,2018-07-27,2018-07-27 22:22:02,22.36722222222222,0,True,1,0
8c3a8d8a16234d5aac3979fb63733778,2018-08-16 10:37:06,2018-08-27,2018-08-27 18:42:07,18.701944444444443,0,True,1,0
51dfe9f034afda72c27c6b01e98526f6,2018-02-09 22:44:39,2018-03-28,2018-03-28 18:05:49,18.096944444444443,0,True,1,0
0965b209e76b9ac20f7dc673c735ade3,2018-02-08 09:30:54,2018-03-07,2018-03-07 20:35:18,20.588333333333335,0,True,1,0
5545be5d02a0d70d1e9b038bf1a5acd7,2018-03-04 15:21:00,2018-03-29,2018-03-29 23:51:11,23.853055555555557,0,True,1,0
8c39f8c248ad24b41345fbdc827861d1,2017-07-17 16:45:15,2017-07-28,2017-07-28 13:29:03,13.484166666666667,0,True,1,0
a5f26d6de016f2a849296eb5dac40eb8,2018-05-09 17:37:03,2018-06-04,2018-06-04 23:04:58,23.08277777777778,0,True,1,0
cef686cbfa22c545c06fc046126f6a02,2018-05-18 23:23:37,2018-06-05,2018-06-05 20:32:42,20.545,0,True,1,0
7c086fb9c0a3c91487ff8c4395bd64b6,2018-03-19 05:50:49,2018-04-10,2018-04-10 18:56:26,18.940555555555555,0,True,1,0
18655e8acc771fadb130bf3048a5589e,2018-07-16 11:12:30,2018-08-10,2018-08-10 16:58:46,16.979444444444443,0,True,1,0
e7541673fccb361d1221c62bb45ad1cb,2017-09-13 19:54:34,2017-10-09,2017-10-09 20:43:10,20.719444444444445,0,True,1,0
1413b3c018371e723a864ecc6c2d51b1,2017-12-25 22:50:44,2018-01-19,2018-01-19 02:06:31,2.108611111111111,0,True,1,0
68d26fb6265ab404953d918e97319c5c,2017-02-02 09:33:28,2017-03-01,2017-03-01 09:35:30,9.591666666666667,0,True,1,0
d04f155dd04722bb1691263ccbe5eec0,2018-02-26 18:38:33,2018-03-21,2018-03-21 18:41:55,18.698611111111113,0,True,1,0
11c931d6ce4eaf462a90dd1248a767fd,2018-01-24 20:56:37,2018-02-22,2018-02-22 23:09:15,23.154166666666665,0,True,1,0
52e7908bc4ebbcbe3fb43d86b1c44294,2018-03-07 13:53:01,2018-03-26,2018-03-26 19:22:24,19.373333333333335,0,True,1,0
0c7e21efc59802d22c10a8fd7d3501ab,2018-08-16 15:29:48,2018-08-28,2018-08-28 20:08:48,20.14666666666667,0,True,1,0
baa3ed04931dc1b84c68896bc5cfeffb,2018-02-26 14:33:41,2018-03-28,2018-03-28 20:58:44,20.97888888888889,0,True,1,0
8bd6a871f49ba51f3579479d79c6f145,2018-04-02 10:49:22,2018-04-23,2018-04-23 13:58:27,13.974166666666667,0,True,1,0
758fbb6d7ea877ff4005851bb75238c2,2017-05-20 13:29:03,2017-06-09,2017-06-09 10:49:33,10.825833333333334,0,True,1,0
9d53bad43766cf49aaffe9115114e484,2017-11-01 19:33:41,2017-11-14,2017-11-14 17:47:10,17.78611111111111,0,True,1,0
395524f8aeeae5579f5b660148e450bc,2018-01-21 09:03:17,2018-02-23,2018-02-23 20:49:10,20.819444444444443,0,True,1,0
4c2efd43936f16115387b1ea65312cc4,2018-03-20 11:58:59,2018-04-05,2018-04-05 17:18:46,17.31277777777778,0,True,1,0
0d80282817c88ed77c05a7e4f72dec4f,2018-06-14 09:45:47,2018-06-29,2018-06-29 18:54:48,18.913333333333334,0,True,1,0
2f313baa6fdec2fc305719ee717b26a2,2018-02-02 10:13:18,2018-03-02,2018-03-02 23:07:33,23.125833333333333,0,True,1,0
397cda88cf14fa47dd00f8ce20346f25,2018-08-10 18:17:09,2018-08-16,2018-08-16 18:28:54,18.481666666666666,0,True,1,0
ea228f2b91b909f4aada1453dbbe27be,2017-03-30 21:58:36,2017-04-19,2017-04-19 14:34:41,14.578055555555556,0,True,1,0
17f11cd471c4f712a82d85c589119638,2018-02-12 00:27:57,2018-03-15,2018-03-15 21:12:32,21.20888888888889,0,True,1,0
34f054dbc6acae464a192cbf2083cf72,2018-08-06 20:55:21,2018-08-22,2018-08-22 00:50:38,0.8438888888888889,0,True,1,0
5aa65b67d199200514ab0d0a701199d2,2017-11-25 16:32:14,2017-12-21,2017-12-21 15:58:46,15.979444444444445,0,True,1,0
adf0466a37381e1ad2d2e717a23f28db,2017-12-11 18:37:59,2018-01-09,2018-01-09 19:55:17,19.921388888888888,0,True,1,0
acf5ccf66bf3f5feb826e01d3766e474,2018-08-14 18:20:17,2018-08-17,2018-08-17 20:04:35,20.07638888888889,0,True,1,0
3b7e01e07d261a60f7d985ce537c8f4a,2017-04-01 16:35:02,2017-05-09,2017-05-09 16:05:10,16.086111111111112,0,True,1,0
0ff01ca1108c8fea3d74a51ee283841e,2018-03-07 17:22:45,2018-04-02,2018-04-02 18:19:09,18.319166666666668,0,True,1,0
ddc5ef5f86c69f1a29ff3e05e3fc54ab,2017-11-28 22:03:07,2017-12-26,2017-12-26 19:48:47,19.813055555555554,0,True,1,0
dc952dba5b4ae9cc2ea0eb4757f0cdd0,2018-08-06 18:30:57,2018-08-16,2018-08-16 12:13:01,12.216944444444444,0,True,1,0
b514b1f7c5528c90353b809b62621ea5,2017-07-06 16:52:15,2017-07-19,2017-07-19 16:43:00,16.716666666666665,0,True,1,0
1eb823605a5556c5e6efcdb09eae3c0d,2018-08-16 07:17:50,2018-08-29,2018-08-29 17:09:33,17.159166666666668,0,True,1,0
5f1a3b52805b64613f0a07d44601b19d,2018-01-01 19:33:02,2018-02-02,2018-02-02 20:03:13,20.05361111111111,0,True,1,0
3182ecdf3da0331bf56a6b4ff5e069d7,2017-11-24 21:38:42,2017-12-27,2017-12-27 22:09:59,22.16638888888889,0,True,1,0
17b33c457230992a193f0e7179fbf104,2018-03-03 22:13:46,2018-03-26,2018-03-26 12:51:27,12.8575,0,True,1,0
4d28c569c6b1c56550cd20e1240d51cb,2018-05-20 22:28:10,2018-06-04,2018-06-04 17:38:25,17.64027777777778,0,True,1,0
1a95c6f54a52a5b725f80bdbeac6cfda,2018-03-28 19:28:24,2018-04-16,2018-04-16 13:32:16,13.537777777777778,0,True,1,0
69bc60eaf6ebaa60161426acc2dc5fb4,2018-02-24 22:03:42,2018-03-16,2018-03-16 19:43:36,19.726666666666667,0,True,1,0
0fe99cdb0e30d4a1a48a35cd7ed5154b,2018-03-08 22:48:23,2018-04-02,2018-04-02 23:03:29,23.058055555555555,0,True,1,0
8aa454f4a1257f74aa178aba255e7cf7,2018-08-07 15:41:14,2018-08-13,2018-08-13 14:12:06,14.201666666666666,0,True,1,0
1def557ed62966137b261a8229f74e39,2018-03-28 22:20:31,2018-04-16,2018-04-16 15:38:35,15.643055555555556,0,True,1,0
8453dac90d79a1163ca3cc4399801d62,2017-08-07 22:05:44,2017-08-29,2017-08-29 20:26:55,20.448611111111113,0,True,1,0
7afb8d408d72272d7353f90ec6870d5e,2018-03-08 16:36:14,2018-03-26,2018-03-26 22:11:47,22.19638888888889,0,True,1,0
7a1309150f5d32c660989e9fc5dbcbc4,2018-02-15 11:00:48,2018-03-19,2018-03-19 20:03:38,20.060555555555556,0,True,1,0
2eb519d713a6e605650dd4bd730c17d0,2017-11-26 21:11:22,2017-12-14,2017-12-14 18:27:09,18.4525,0,True,1,0
281e6230f2de05d273019e23988c6496,2017-11-26 21:01:19,2017-12-19,2017-12-19 18:52:20,18.872222222222224,0,True,1,0
59b4abe1af7c9b48dcc8330a65a2be81,2018-05-11 23:49:18,2018-06-05,2018-06-05 15:49:07,15.81861111111111,0,True,1,0
33c2860be7125d5f79547239ef5a8721,2017-03-17 12:03:40,2017-04-07,2017-04-07 14:12:39,14.210833333333333,0,True,1,0
a5e772c346ff0efe7782947e38f59a8b,2018-03-07 09:17:47,2018-03-29,2018-03-29 02:40:36,2.6766666666666667,0,True,1,0
6d79dcf0dca92873e245ad1694c2b3ee,2018-02-14 13:59:03,2018-03-13,2018-03-13 18:22:50,18.380555555555556,0,True,1,0
0a32952933d2a181dfe8f11d41f9f9b2,2017-06-19 08:37:15,2017-07-13,2017-07-13 19:06:44,19.112222222222222,0,True,1,0
657d6c967a9b233cc5213fdc0434d8b2,2018-01-16 13:35:26,2018-02-07,2018-02-07 19:58:43,19.97861111111111,0,True,1,0
58ac63782a9063fdfe379c7b31b1f054,2018-02-11 10:20:52,2018-03-08,2018-03-08 19:48:32,19.808888888888887,0,True,1,0
088a5d99caf7f8345f08892b9c900bee,2018-04-08 20:44:42,2018-04-30,2018-04-30 18:28:40,18.477777777777778,0,True,1,0
2b75e42293f156e0750722d1bb658389,2018-03-26 21:35:56,2018-04-16,2018-04-16 10:46:46,10.779444444444444,0,True,1,0
7e028aff656f744dceb30501de14ddd7,2018-02-22 22:58:02,2018-03-15,2018-03-15 01:03:20,1.0555555555555556,0,True,1,0
4dd7f2a626802cc8cd2460e18c8da8b8,2017-11-24 12:10:51,2017-12-14,2017-12-14 10:51:35,10.859722222222222,0,True,1,0
38d544a25d70fdf56f6630a9bcf7f82d,2017-12-13 21:01:12,2018-02-08,2018-02-08 00:32:48,0.5466666666666666,0,True,1,0
e10b4465dc4265ab01391e25bed55c5e,2017-10-30 23:52:37,2017-11-07,2017-11-07 19:26:42,19.445,0,True,1,0
43a69fdb52ebe93245fde3ca5e67e7ef,2018-02-25 10:46:57,2018-03-19,2018-03-19 17:16:32,17.275555555555556,0,True,1,0
052a77ba9184a29a1a99c4129ec14c74,2017-11-28 12:00:26,2017-12-20,2017-12-20 17:48:19,17.80527777777778,0,True,1,0
c2783c53d2a4ed4dcbfe014ba257abf8,2017-05-14 22:18:14,2017-06-02,2017-06-02 11:41:58,11.699444444444444,0,True,1,0
05be057d337a9ea02bb4111d054a670a,2018-08-16 12:09:52,2018-08-28,2018-08-28 17:59:36,17.993333333333332,0,True,1,0
06a1cb50e0911f3b04b4f43fc7beb5a7,2018-08-20 14:16:35,2018-08-29,2018-08-29 01:41:44,1.6955555555555555,0,True,1,0
5977d8425a6b519d6711a0beeb5a98b2,2018-04-05 17:25:17,2018-05-02,2018-05-02 15:06:43,15.111944444444445,0,True,1,0
61b2314bd576f3d792e46e1d56e51ee6,2018-02-14 13:12:39,2018-03-07,2018-03-07 01:15:51,1.2641666666666667,0,True,1,0
95e8ad87dd94e0a48ffb1fd18f13be66,2018-02-24 13:47:56,2018-03-19,2018-03-19 20:04:13,20.07027777777778,0,True,1,0
d851a0d54dfe11f32ecb35bb6c8b8e59,2018-03-15 17:59:54,2018-04-05,2018-04-05 17:56:29,17.941388888888888,0,True,1,0
d017dbce90d52a7df03496d94a6cbd46,2018-05-19 21:59:08,2018-06-08,2018-06-08 18:52:15,18.870833333333334,0,True,1,0
2b69497e8fa468b823a89798ed1a38f0,2018-08-10 21:02:26,2018-08-20,2018-08-20 13:11:58,13.199444444444444,0,True,1,0
5be6e25a039543ec0588ea864fec282f,2018-07-16 15:10:56,2018-07-26,2018-07-26 11:26:51,11.4475,0,True,1,0
193714aa21ead814cca06d425c299360,2017-05-13 16:43:45,2017-05-26,2017-05-26 13:03:16,13.054444444444444,0,True,1,0
38e9ed036b2be6953ae1a0e9df7d01d0,2018-05-22 21:18:54,2018-06-07,2018-06-07 20:59:50,20.997222222222224,0,True,1,0
04a772c0620384a8776c4fbcf4af5c01,2017-11-29 13:25:18,2017-12-28,2017-12-28 21:05:16,21.087777777777777,0,True,1,0
108901afd62abfc81344668ddc554620,2018-08-24 19:23:00,2018-08-30,2018-08-30 22:42:26,22.70722222222222,0,True,1,0
145b20b69dc0b70579d0754a3d26b6af,2017-06-15 19:13:25,2017-07-10,2017-07-10 11:46:40,11.777777777777779,0,True,1,0
7fa3d4b04565f46b2457bb270e06eea6,2018-02-14 18:29:54,2018-03-19,2018-03-19 15:39:01,15.650277777777777,0,True,1,0
e76aec3ee261c5d2badb4c971b4e44cb,2017-11-25 10:25:28,2017-12-18,2017-12-18 21:35:32,21.592222222222222,0,True,1,0
70a94c2193b6a1b10aba885c5129f5ee,2018-03-06 14:04:13,2018-04-03,2018-04-03 18:33:31,18.558611111111112,0,True,1,0
f26f902bdbbc733c04384af07f954c19,2018-08-20 14:25:47,2018-08-24,2018-08-24 23:18:57,23.315833333333334,0,True,1,0
53644a8a66249361bd171848c8df4f83,2018-08-02 13:18:47,2018-08-09,2018-08-09 14:33:38,14.560555555555556,0,True,1,0
b3d481d6ef4fe95f82baa8d0689de1bb,2018-05-22 10:59:16,2018-06-08,2018-06-08 23:25:29,23.424722222222222,0,True,1,0
b32d933cbb60baceeffff29dad694641,2018-08-16 09:18:25,2018-08-21,2018-08-21 13:21:01,13.350277777777778,0,True,1,0
9b21580d9a140962daa66b493fa50248,2018-08-04 13:46:34,2018-08-20,2018-08-20 19:08:38,19.14388888888889,0,True,1,0
852f05d982b898131361f787c7d787fe,2018-08-03 17:45:53,2018-08-08,2018-08-08 17:17:52,17.297777777777778,0,True,1,0
c528ee5dbc3b0873c3eb1a25c860fd97,2018-05-17 16:36:59,2018-06-07,2018-06-07 12:35:25,12.590277777777779,0,True,1,0
ad6305c54a1fde395aba401db42bf672,2018-02-28 14:08:12,2018-03-26,2018-03-26 18:18:34,18.309444444444445,0,True,1,0
b72857c2670acb43d3080e4c84aa5a96,2017-04-17 19:08:40,2017-05-10,2017-05-10 14:27:54,14.465,0,True,1,0
b98b36de3a8f201eb3fb9d8d46a27737,2018-04-20 16:59:16,2018-05-10,2018-05-10 19:18:37,19.310277777777777,0,True,1,0
f71db65486473af693cb9575b5b77acb,2018-08-23 16:23:02,2018-08-28,2018-08-28 19:27:28,19.45777777777778,0,True,1,0
5b01111319bb33fcc77bb2aef3e938ff,2018-08-04 14:57:19,2018-08-09,2018-08-09 01:02:28,1.041111111111111,0,True,1,0
5c8cd93d3a115eb002c7d3c40ab4fe36,2017-09-19 13:10:36,2017-10-13,2017-10-13 22:55:32,22.925555555555555,0,True,1,0
5270a6da2c326132afd3b3c0a186a795,2018-01-17 21:15:38,2018-02-19,2018-02-19 23:38:43,23.64527777777778,0,True,1,0
571178bf1877d0e28f7ec1e2f73c063f,2018-08-05 13:27:49,2018-08-17,2018-08-17 19:26:39,19.444166666666668,0,True,1,0
70ad6ae02662d3ca73fa87d6985a4f65,2018-08-09 14:42:17,2018-08-16,2018-08-16 12:28:31,12.475277777777778,0,True,1,0
291581a794f0e6ee707314d0a2cbc1c7,2018-08-10 08:31:16,2018-08-22,2018-08-22 23:51:10,23.852777777777778,0,True,1,0
be06d9f698d7e74899f4cf223ae62995,2017-08-07 11:29:18,2017-08-18,2017-08-18 18:57:04,18.95111111111111,0,True,1,0
a140c8837fe93faea735fdb258215911,2018-03-13 13:58:19,2018-04-03,2018-04-03 02:52:50,2.8805555555555555,0,True,1,0
23beb6d4a25c4ec53f57dab654990dab,2017-12-21 09:44:24,2018-01-23,2018-01-23 16:24:52,16.414444444444445,0,True,1,0
e5c0172ee0cef526f88bc189213a5070,2018-08-04 23:12:13,2018-08-15,2018-08-15 20:24:27,20.4075,0,True,1,0
a5d865e12e7e0f8952334691874959df,2018-07-31 17:01:59,2018-08-03,2018-08-03 12:46:44,12.778888888888888,0,True,1,0
d78c16f09da03410837a551a09a4bf64,2017-06-26 11:44:18,2017-07-18,2017-07-18 00:32:04,0.5344444444444445,0,True,1,0
465a9ee52befcd11131e1f522fce467f,2018-08-17 21:01:16,2018-08-23,2018-08-23 00:38:23,0.6397222222222222,0,True,1,0
960fbbe89375098d7a51e5f0c31c4f8c,2018-07-31 15:18:25,2018-08-14,2018-08-14 22:05:57,22.099166666666665,0,True,1,0
a65f614a7b51b56f47bb90f4d9fdf16f,2017-07-07 17:43:26,2017-07-20,2017-07-20 21:00:04,21.00111111111111,0,True,1,0
32a854aa037f2b66f8172754fccfddbc,2017-12-07 20:57:07,2018-01-04,2018-01-04 21:47:46,21.79611111111111,0,True,1,0
3b7800a3b0523ee2ecef278097a83f1b,2017-11-25 17:36:18,2017-12-18,2017-12-18 17:12:52,17.214444444444446,0,True,1,0
5aa39cf65e06c33f4f504d708a90887a,2018-02-08 13:56:42,2018-03-06,2018-03-06 18:12:40,18.211111111111112,0,True,1,0
61f989e43fcc207e2e77b9378c3f0f2a,2018-03-06 10:50:23,2018-04-04,2018-04-04 17:57:24,17.956666666666667,0,True,1,0
7bc88bda58c55b3bd3ba47672c6f0cee,2017-11-28 23:30:48,2017-12-18,2017-12-18 18:23:29,18.39138888888889,0,True,1,0
033e7f3c73132dd6a6792359b94155a2,2018-08-01 19:25:14,2018-08-16,2018-08-16 21:03:20,21.055555555555557,0,True,1,0
4e0e014841788909971877b03ce929b1,2018-02-21 13:39:33,2018-03-13,2018-03-13 21:41:19,21.68861111111111,0,True,1,0
3b9dcb2d70c63a5eb59ebc066b9900ad,2017-08-30 15:00:02,2017-09-19,2017-09-19 23:21:16,23.354444444444443,0,True,1,0
b8b9625b11ffbc12df779c20935997c2,2017-11-24 09:46:06,2017-12-19,2017-12-19 21:48:58,21.816111111111113,0,True,1,0
384f8660f6bc7396d5a875b60285c2dd,2018-08-17 16:06:54,2018-08-23,2018-08-23 19:04:04,19.067777777777778,0,True,1,0
e482f259469e05f33b22cda9a76b47cb,2017-12-07 19:39:01,2018-01-05,2018-01-05 10:09:38,10.160555555555556,0,True,1,0
ba8835e511232811df8fb4934a7fa6c5,2018-03-10 21:16:46,2018-03-28,2018-03-28 23:54:39,23.910833333333333,0,True,1,0
bf9798b58294574db2ddd49186ffbeac,2018-05-19 11:30:35,2018-06-06,2018-06-06 23:07:34,23.12611111111111,0,True,1,0
9ea0fa63c2d7cfeb3bee5a9e4940c5ee,2017-08-16 14:31:21,2017-08-29,2017-08-29 20:33:05,20.551388888888887,0,True,1,0
b92b69bbda4e9c56848904c3f0cc14d9,2018-03-14 22:10:40,2018-03-26,2018-03-26 16:49:53,16.83138888888889,0,True,1,0
a66719a9e64cf864937c6c2a598d048d,2018-04-01 21:48:34,2018-04-18,2018-04-18 17:14:35,17.243055555555557,0,True,1,0
56d41d6576e901ff789906da40878acb,2017-09-22 18:07:12,2017-10-09,2017-10-09 19:03:02,19.050555555555555,0,True,1,0
abcb42831f6165cda2570c76e90cda5d,2018-08-01 14:42:37,2018-08-09,2018-08-09 17:32:16,17.537777777777777,0,True,1,0
47fff6498d7050f55018f7c001885f3a,2017-11-24 13:43:34,2017-12-08,2017-12-08 15:41:56,15.698888888888888,0,True,1,0
d30daca327cb882c3ccccced457f69f8,2018-08-05 17:03:33,2018-08-17,2018-08-17 18:38:44,18.645555555555557,0,True,1,0
c3aa0764f72af0672f23966336a8fd0c,2018-08-05 00:54:40,2018-08-20,2018-08-20 16:03:45,16.0625,0,True,1,0
fdb8b7471e58dbe1a73f0218723b58e9,2018-08-02 12:05:15,2018-08-07,2018-08-07 18:41:15,18.6875,0,True,1,0
34def17e25da93e8cfe1d1305424da3c,2017-04-21 17:17:28,2017-05-24,2017-05-24 09:17:33,9.2925,0,True,1,0
c6d1de0a9015ea666f5291f62ffb15db,2017-03-02 11:30:42,2017-03-23,2017-03-23 17:08:14,17.13722222222222,0,True,1,0
734fd23f82c457088580cf5a8c9da909,2018-08-27 19:32:27,2018-08-30,2018-08-30 16:41:14,16.68722222222222,0,True,1,0
ba69bf31fc071fd084f9967e05a7c479,2017-09-19 13:30:18,2017-10-11,2017-10-11 22:41:33,22.6925,0,True,1,0
0ea8f90c4ad8782358cbc97abcb2d013,2017-09-16 22:33:56,2017-10-05,2017-10-05 23:01:24,23.023333333333333,0,True,1,0
b7c4c48cbc6af3c8db4a65fe2347faae,2018-03-06 14:16:00,2018-03-29,2018-03-29 22:38:42,22.645,0,True,1,0
b50700cbee924cf4a5f5f9f38c1d0a04,2018-02-04 19:58:39,2018-03-06,2018-03-06 19:56:42,19.945,0,True,1,0
b576609c7e4498a76216cb240c177328,2018-08-26 04:51:22,2018-08-30,2018-08-30 21:34:47,21.579722222222223,0,True,1,0
27587cc5a5f975239e49460102252868,2017-12-01 09:38:42,2017-12-28,2017-12-28 15:28:28,15.474444444444444,0,True,1,0
5989369fa081195d8762312fad7d588d,2018-05-14 16:31:17,2018-06-05,2018-06-05 00:05:10,0.08611111111111111,0,True,1,0
ee0e2ee05e102057fcf3258fddb3f06b,2018-01-27 14:37:51,2018-03-01,2018-03-01 20:12:37,20.210277777777776,0,True,1,0
1a43ac74c38ccf5ab21ec955f1765708,2018-02-12 16:53:27,2018-02-26,2018-02-26 22:09:47,22.163055555555555,0,True,1,0
75de3533485debf7b6eb8014b9c9ab76,2018-02-26 17:42:37,2018-03-26,2018-03-26 21:39:42,21.661666666666665,0,True,1,0
87e0d0f94adbd22ba23b476c9b071bd0,2018-05-08 08:50:38,2018-06-11,2018-06-11 14:51:16,14.854444444444445,0,True,1,0
b6bc67fe4d4fbc4307eafa56be5e4fdd,2017-12-11 18:59:40,2018-01-05,2018-01-05 14:35:22,14.589444444444444,0,True,1,0
40fceec24d509aa4b63f4b0ba9f2621b,2018-01-29 11:02:53,2018-02-21,2018-02-21 12:54:47,12.913055555555555,0,True,1,0
97c03a7db982e3af99d766bac1aadc7f,2017-11-21 15:22:12,2017-12-20,2017-12-20 09:36:50,9.613888888888889,0,True,1,0
f78bc33515cdbf29e0e8c8d86ae6f219,2017-12-09 23:35:06,2018-01-09,2018-01-09 16:18:11,16.303055555555556,0,True,1,0
be3b5139d2f6babd057f6f5d98bb1b3f,2018-02-27 22:18:18,2018-03-21,2018-03-21 16:49:39,16.8275,0,True,1,0
e68fc011bb042df40be9a8a5c437fc16,2018-02-21 09:50:24,2018-03-13,2018-03-13 01:48:59,1.8163888888888888,0,True,1,0
e09b9e96eeb0f9e3351ee58b00dabfd5,2018-04-27 14:04:53,2018-05-24,2018-05-24 02:58:41,2.9780555555555557,0,True,1,0
3000d826eb3c8a539ba6d23df8440eba,2018-03-19 07:18:35,2018-04-06,2018-04-06 18:58:54,18.981666666666666,0,True,1,0
3da325c94229aafd1a3a8e17e8487fd0,2018-02-20 09:18:56,2018-03-06,2018-03-06 18:46:50,18.780555555555555,0,True,1,0
4d7dc7fe5a388ead18c9355d74c49998,2018-08-21 07:48:58,2018-08-24,2018-08-24 23:21:14,23.35388888888889,0,True,1,0
dcd164b97935d9b049b44ce46d77d06f,2018-02-28 14:08:26,2018-03-22,2018-03-22 20:33:55,20.565277777777776,0,True,1,0
46982dfdb7eb17de20078571fe8cbd34,2018-04-26 10:03:06,2018-05-14,2018-05-14 10:18:50,10.313888888888888,0,True,1,0
79c243f8bca755a9f830a8ad0dc780ad,2017-04-16 10:13:10,2017-05-19,2017-05-19 17:19:28,17.324444444444445,0,True,1,0
c4a40587b7d37bec13caab195e89b240,2018-08-20 22:44:45,2018-08-24,2018-08-24 19:32:00,19.533333333333335,0,True,1,0
15513623d17d4fbfb1fc871c176e9f75,2018-06-23 20:59:56,2018-07-05,2018-07-05 19:57:44,19.962222222222223,0,True,1,0
2ce6fc632ab62fcef5f2e3095db788a8,2018-01-29 14:42:57,2018-02-26,2018-02-26 20:04:34,20.07611111111111,0,True,1,0
fa6d52aa0f15a0a03c1f945a1d0f996f,2018-08-09 14:05:20,2018-08-21,2018-08-21 00:15:34,0.2594444444444444,0,True,1,0
dba7b6050fd3d402855707a3ca296a21,2018-03-21 23:25:35,2018-04-17,2018-04-17 23:41:21,23.689166666666665,0,True,1,0
fb8f03cec06678a33b2782cb3f5a9942,2017-09-11 14:41:43,2017-10-11,2017-10-11 18:44:05,18.73472222222222,0,True,1,0
d55b88c264e0cacf41c8f8ce846bc1ee,2018-06-11 23:05:13,2018-07-04,2018-07-04 20:03:11,20.053055555555556,0,True,1,0
dffc2ca357a1292fde6d4e71ece7178a,2018-08-08 08:45:28,2018-08-14,2018-08-14 19:23:43,19.39527777777778,0,True,1,0
22aceb58bfd80959564e4b2ecd9ea0ef,2017-09-12 21:22:46,2017-10-04,2017-10-04 15:25:05,15.418055555555556,0,True,1,0
e8fba6b3bd2fa3e2e1d4b101fbd93b17,2017-06-15 20:24:55,2017-07-12,2017-07-12 19:52:25,19.87361111111111,0,True,1,0
950863e2e170cafe0f1363b6debbf73c,2017-09-07 20:33:34,2017-09-20,2017-09-20 10:41:36,10.693333333333333,0,True,1,0
ccaf9bc3712aea66d07acdbea64e069a,2018-08-03 11:34:23,2018-08-08,2018-08-08 21:27:40,21.461111111111112,0,True,1,0
dd623579d6b295a30527eb68420a5eeb,2018-08-05 23:07:32,2018-08-13,2018-08-13 14:08:41,14.144722222222223,0,True,1,0
30524d6f42cc124d17d641b49e792b87,2018-08-05 21:03:19,2018-08-16,2018-08-16 16:32:20,16.538888888888888,0,True,1,0
fa30ef180f70971c1a3e9d88ceb38a33,2018-01-30 16:34:50,2018-02-22,2018-02-22 18:43:42,18.72833333333333,0,True,1,0
c1dbcb501480db95626caa68680696d4,2018-08-21 08:54:00,2018-08-24,2018-08-24 22:04:15,22.070833333333333,0,True,1,0
9a5ceb5fb7ad11f5fd1be2c87e632562,2018-03-19 10:06:55,2018-04-12,2018-04-12 20:40:51,20.680833333333332,0,True,1,0
c00f3f641666e8a8aa2014b9fb8f1b68,2018-02-16 17:30:20,2018-03-14,2018-03-14 00:26:46,0.4461111111111111,0,True,1,0
6147e0d51f6ecc3e0ae6defe7156bc82,2017-11-17 19:42:27,2017-12-13,2017-12-13 16:08:19,16.13861111111111,0,True,1,0
c5b859a429fc1d63c1444ad6a7a52d27,2018-03-02 20:04:19,2018-03-28,2018-03-28 14:49:36,14.826666666666666,0,True,1,0
6e8e402e44bcfbea3974580d3f442a33,2018-05-15 11:28:25,2018-06-01,2018-06-01 17:49:48,17.83,0,True,1,0
e11ced871fd97da835073a98ebacbf23,2018-03-27 21:39:27,2018-04-13,2018-04-13 11:06:26,11.107222222222223,0,True,1,0
468196883cd3a3d826387fe94c67c92b,2018-02-20 10:41:50,2018-03-14,2018-03-14 17:18:36,17.31,0,True,1,0
3e3378aad68b2f3e53dba3a4da142bf3,2018-03-04 20:11:11,2018-03-29,2018-03-29 16:12:29,16.208055555555557,0,True,1,0
aa833d3e16eb7eacce577e39884f44d5,2018-03-27 15:17:23,2018-04-18,2018-04-18 23:33:54,23.565,0,True,1,0
2f7c0d4ae58c91fc32165eed84560e35,2018-03-19 21:31:48,2018-04-05,2018-04-05 17:33:44,17.56222222222222,0,True,1,0
0ac7165ffdfae2004f48cf07156a3644,2018-03-31 09:54:42,2018-04-27,2018-04-27 19:30:49,19.51361111111111,0,True,1,0
f9c269acc160c9147022a141b439c35d,2017-11-13 08:53:34,2017-12-01,2017-12-01 17:27:40,17.461111111111112,0,True,1,0
851283a512a5a6634bc8957249592b26,2017-11-15 15:47:35,2017-12-06,2017-12-06 21:48:36,21.81,0,True,1,0
35580ca9f2a84299b3b6c41875ba71a7,2018-03-20 16:00:08,2018-04-06,2018-04-06 21:24:33,21.409166666666668,0,True,1,0
2ffc70ec1398e16897e15c034ea5812c,2018-05-11 08:55:59,2018-06-04,2018-06-04 18:34:25,18.573611111111113,0,True,1,0
65bcf3fcdf15c0c2c31d60fa3c2b12e1,2017-11-24 23:58:32,2017-12-19,2017-12-19 18:44:54,18.748333333333335,0,True,1,0
1162cd6cea2c1d4d79492aef88f50618,2018-02-09 06:57:50,2018-03-07,2018-03-07 18:17:37,18.29361111111111,0,True,1,0
0e784a85d6f7aa0ffe9a41d81f5a4ecf,2018-07-31 10:00:48,2018-08-03,2018-08-03 22:24:49,22.413611111111113,0,True,1,0
106b93e7196f2acfb1f73a326770c843,2018-05-20 12:53:01,2018-06-07,2018-06-07 21:32:37,21.54361111111111,0,True,1,0
f152b3976a55ebf22b3057cb0b79bcec,2018-05-15 16:37:39,2018-06-06,2018-06-06 23:18:27,23.3075,0,True,1,0
88cad47df9afd71af2c4a4098aca44ae,2018-02-21 08:39:03,2018-03-16,2018-03-16 19:52:02,19.86722222222222,0,True,1,0
36c1e781ba921a540893e160e063c581,2017-07-29 10:52:41,2017-08-22,2017-08-22 21:45:08,21.752222222222223,0,True,1,0
ff65c06d9d1fcec5dfefe1dbeb606e5f,2017-11-02 18:53:27,2017-12-01,2017-12-01 20:17:49,20.296944444444446,0,True,1,0
1800e46c3912d9882187335b9768b6a9,2018-08-01 07:35:20,2018-08-13,2018-08-13 23:58:35,23.976388888888888,0,True,1,0
cfa958d86da20feefa27e64a6b6407df,2017-10-24 15:38:18,2017-11-17,2017-11-17 16:08:42,16.145,0,True,1,0
c9c861f958460742bade4f8d297e4d6f,2018-03-19 00:29:59,2018-03-29,2018-03-29 19:22:17,19.371388888888887,0,True,1,0
0a631e92a5097a6cd94c5b7002778938,2017-11-30 18:53:51,2018-01-03,2018-01-03 22:41:26,22.690555555555555,0,True,1,0
f4981812af9b38cde6d9d481c1c88981,2018-08-19 11:28:30,2018-08-23,2018-08-23 16:42:00,16.7,0,True,1,0
2a4a61e33c241879042d95af560f9bd0,2017-09-05 08:05:20,2017-09-25,2017-09-25 23:21:54,23.365,0,True,1,0
6cdda2ce8bf249e40f1a4a75b9fdef0d,2018-08-20 17:50:11,2018-08-23,2018-08-23 00:46:37,0.7769444444444444,0,True,1,0
ec1ddc5ed60d1e3c7a4e0635c316aed3,2018-08-08 11:27:26,2018-08-14,2018-08-14 14:18:51,14.314166666666667,0,True,1,0
beb19a07c97b17bc12756b493b5d59c0,2018-01-17 14:35:31,2018-02-09,2018-02-09 19:48:57,19.815833333333334,0,True,1,0
7b5004a23c4918b7c96c9d0cfd6107b6,2018-08-04 19:54:42,2018-08-13,2018-08-13 22:38:59,22.649722222222223,0,True,1,0
3737d5e98a43749e8713ea1e2c9b5355,2018-03-04 13:25:01,2018-03-22,2018-03-22 16:20:57,16.349166666666665,0,True,1,0
b022e6618cd7a7bd4a981f0e7951922c,2018-08-21 23:14:28,2018-08-27,2018-08-27 22:24:41,22.41138888888889,0,True,1,0
faf5353e864ae43e76a472b039d0a1a2,2018-03-21 17:43:43,2018-04-13,2018-04-13 21:28:21,21.4725,0,True,1,0
30eb68f1adec947261593a874308f991,2017-10-09 22:57:09,2017-11-01,2017-11-01 21:21:24,21.356666666666666,0,True,1,0
305daa1af560f81a4225d0d70f636a51,2018-08-13 09:24:25,2018-08-17,2018-08-17 23:32:51,23.5475,0,True,1,0
51a204a8b06b2f485e8e9de1e6741618,2018-05-15 18:46:23,2018-06-04,2018-06-04 18:23:03,18.384166666666665,0,True,1,0
90e6c18b53175478f9663465aa3b6f6e,2018-08-03 17:58:59,2018-08-08,2018-08-08 19:33:53,19.564722222222223,0,True,1,0
b3d71a2000f053668c1baac73b5fe4d7,2018-07-17 00:32:45,2018-08-03,2018-08-03 15:08:52,15.147777777777778,0,True,1,0
1a3b6feac1253a77e02f09ec28406057,2018-08-11 18:39:17,2018-08-28,2018-08-28 18:03:16,18.054444444444446,0,True,1,0
a28b1546b11df2b46d9744c7976bedb2,2017-11-27 20:32:45,2017-12-22,2017-12-22 18:17:16,18.287777777777777,0,True,1,0
88116b0150974240461df371862faa33,2018-05-16 16:41:40,2018-06-04,2018-06-04 13:38:29,13.641388888888889,0,True,1,0
dc72c2d1985b4f1380c3289d3b49be6f,2017-12-20 10:24:02,2018-01-16,2018-01-16 20:47:08,20.785555555555554,0,True,1,0
d6ba22d8529806979d963f00e0698039,2017-10-06 19:51:19,2017-11-10,2017-11-10 22:57:50,22.96388888888889,0,True,1,0
79bacd435c482bfb47d57d11e21ddcac,2017-12-04 19:25:12,2017-12-27,2017-12-27 23:22:52,23.38111111111111,0,True,1,0
c0d98bbbc820c00ab877fbb053b1e517,2017-12-24 21:03:35,2018-01-31,2018-01-31 13:58:59,13.983055555555556,0,True,1,0
f89d1880421bd1f3c80d406a826903a0,2018-08-19 13:05:50,2018-08-27,2018-08-27 13:21:49,13.363611111111112,0,True,1,0
4c76e48050ae7f0f69ea45b2350a12c4,2017-04-14 11:03:05,2017-05-08,2017-05-08 10:43:14,10.720555555555556,0,True,1,0
27db1a079a22bec1453d0f24f630005f,2017-11-24 01:34:00,2017-12-14,2017-12-14 16:09:41,16.16138888888889,0,True,1,0
ec5b066bf2e617a5ab61082e77b3101d,2018-03-12 15:45:22,2018-04-05,2018-04-05 18:24:25,18.406944444444445,0,True,1,0
639136e1c9d70479de8dfa922ad2cf85,2018-01-13 15:50:09,2018-02-08,2018-02-08 12:41:39,12.694166666666666,0,True,1,0
0cd10c551ff0a0d5c0e5839bfb766219,2017-04-16 21:48:46,2017-05-22,2017-05-22 15:16:02,15.267222222222221,0,True,1,0
4493e45e7ca1084efcd38ddebf174dda,2017-07-11 20:56:34,2017-08-14,2017-08-14 21:37:08,21.61888888888889,0,True,1,0
8d23184181b28b55b4c150dec4f0f010,2017-11-03 16:34:30,2017-12-01,2017-12-01 21:48:55,21.815277777777776,0,True,1,0
f83c07d038cf7ce0132a5797f823e4fe,2017-11-04 14:02:54,2017-12-07,2017-12-07 14:53:14,14.887222222222222,0,True,1,0
78c8089b7743de900b7444157de8848a,2018-04-25 10:36:34,2018-05-08,2018-05-08 17:57:44,17.962222222222223,0,True,1,0
b016b176ba1599cc8e192f447c432bab,2018-06-12 10:55:06,2018-07-03,2018-07-03 16:12:18,16.205,0,True,1,0
3c964e5625c2d5b6ace8c0b038a03460,2017-11-29 19:41:24,2017-12-27,2017-12-27 16:52:21,16.8725,0,True,1,0
5dbd736e8af7fa0c1c7528c53b2d2f5c,2018-06-17 18:20:59,2018-07-03,2018-07-03 19:06:47,19.113055555555555,0,True,1,0
2e3a1177e30ae6d784240896e5441c55,2018-04-08 16:24:24,2018-05-04,2018-05-04 16:27:50,16.46388888888889,0,True,1,0
ca98a7276eda33f339281b1eb1828d64,2017-11-25 14:04:11,2017-12-15,2017-12-15 16:39:19,16.655277777777776,0,True,1,0
cd55a9bca14b315a63b8ef0b9a43d253,2017-11-11 23:37:39,2017-12-04,2017-12-04 13:04:35,13.07638888888889,0,True,1,0
0778b810e2b38affa71607aa32043365,2017-11-24 08:51:18,2017-12-20,2017-12-20 14:52:25,14.873611111111112,0,True,1,0
101625de5f3ea8064a2900b7b9235491,2018-07-28 18:38:20,2018-08-23,2018-08-23 19:52:38,19.877222222222223,0,True,1,0
39dec6d69a6e574fcd86be266b2b0ee4,2018-05-20 11:46:23,2018-06-01,2018-06-01 18:24:35,18.40972222222222,0,True,1,0
49aaf52025f80a8470247c3d1b9e3f1f,2018-01-11 21:26:19,2018-02-09,2018-02-09 00:54:44,0.9122222222222223,0,True,1,0
29145ea9a79826e9eb23fd0684f6777e,2018-03-25 19:37:35,2018-04-24,2018-04-24 20:03:58,20.066111111111113,0,True,1,0
7f89850b2a19bee52e4e9f6f6fc0bde1,2017-11-24 11:44:28,2017-12-19,2017-12-19 01:48:58,1.816111111111111,0,True,1,0
1a8c121e292cdf1a297a0bfb45858d3a,2018-02-12 16:32:46,2018-03-08,2018-03-08 18:05:24,18.09,0,True,1,0
51d70226d271148b34f0ae2a6aaef7e8,2018-08-06 00:44:16,2018-08-17,2018-08-17 19:08:40,19.144444444444446,0,True,1,0
e213ae13799e8736ebbc653d21a441e5,2017-10-08 11:02:52,2017-10-31,2017-10-31 16:27:59,16.46638888888889,0,True,1,0
033729e95819665323119db0291d0f0c,2017-05-12 05:28:46,2017-05-30,2017-05-30 11:37:04,11.617777777777778,0,True,1,0
b82f05ed1c1a8045489ff9ee86415c9c,2018-08-19 20:46:26,2018-08-30,2018-08-30 18:48:49,18.81361111111111,0,True,1,0
6e03e8525003c5a756f7c3c5bd8fea79,2018-04-19 21:46:04,2018-05-09,2018-05-09 17:11:14,17.18722222222222,0,True,1,0
f8fee5c95b443de37ac3a41371fb1e0b,2018-02-21 20:29:43,2018-03-21,2018-03-21 19:34:28,19.574444444444445,0,True,1,0
bf2df9a0853cf9f8556a586289f6a29b,2018-02-23 10:01:11,2018-03-20,2018-03-20 18:07:41,18.128055555555555,0,True,1,0
fd243eb2d293eb3b7223dbc2d1789521,2018-08-17 01:51:28,2018-08-22,2018-08-22 02:04:46,2.0794444444444444,0,True,1,0
1d50a1ce4cf6a22155891f66fb4117b0,2017-11-24 21:36:30,2017-12-27,2017-12-27 15:12:19,15.205277777777777,0,True,1,0
25ea76aff8568926deb495d6aabe42d6,2018-04-06 13:23:07,2018-05-09,2018-05-09 20:57:01,20.950277777777778,0,True,1,0
07156fa55794dec196d72e6d8b07339a,2018-08-18 13:32:36,2018-08-27,2018-08-27 16:58:46,16.979444444444443,0,True,1,0
eb61a98487395d9b7a135acd3d6905a5,2017-11-26 11:15:33,2017-12-20,2017-12-20 18:47:27,18.79083333333333,0,True,1,0
abbf8270415671551b11b0e45c72eeb8,2018-02-22 09:31:28,2018-03-23,2018-03-23 19:34:36,19.576666666666668,0,True,1,0
e73eb0a2c088eec6c479d66ac0d910f0,2018-02-24 10:02:14,2018-03-19,2018-03-19 19:17:44,19.295555555555556,0,True,1,0
8de8b85f1fd0b1e43dfe0745026e93f4,2018-02-23 13:34:01,2018-03-21,2018-03-21 17:04:08,17.06888888888889,0,True,1,0
718c9dc6e24a5dbdfe4021ffb9f5f63b,2018-01-29 12:33:22,2018-02-20,2018-02-20 22:19:19,22.321944444444444,0,True,1,0
0a38b7de941db65679a11a300f782703,2018-02-06 14:25:14,2018-02-22,2018-02-22 03:36:57,3.6158333333333332,0,True,1,0
b8b6fc684620d7c82ae7a4435e8d6a90,2018-03-10 11:47:38,2018-04-10,2018-04-10 14:03:13,14.053611111111111,0,True,1,0
2c4e110ad02f4c35c966c165a7b9c248,2018-02-25 13:30:53,2018-03-20,2018-03-20 21:04:00,21.066666666666666,0,True,1,0
0ef649628b81b1b6562026090e37b98b,2018-08-13 13:52:13,2018-08-28,2018-08-28 19:15:32,19.25888888888889,0,True,1,0
bbe02deb41e96f666660dede6c816276,2017-03-24 16:31:56,2017-05-03,2017-05-03 14:07:58,14.132777777777777,0,True,1,0
a7cf730b181e6cad8b924251402d001b,2018-07-30 11:58:55,2018-08-10,2018-08-10 15:24:05,15.401388888888889,0,True,1,0
2122719f6fc72fba16b0b3001d539a7e,2018-01-16 11:51:45,2018-02-06,2018-02-06 15:32:02,15.533888888888889,0,True,1,0
c09477fe82b2b17f5f35d61a5237ba39,2018-03-24 18:07:37,2018-04-17,2018-04-17 21:21:34,21.359444444444446,0,True,1,0
c1ecc15bc30548ecad160437f07df801,2018-04-25 17:38:14,2018-05-22,2018-05-22 00:04:16,0.07111111111111111,0,True,1,0
fab6c6f55e43abd9875d6f31517d9166,2017-11-12 00:04:54,2017-12-12,2017-12-12 18:53:13,18.886944444444445,0,True,1,0
0eae0847dbceff8611d706710c724ee2,2017-11-16 12:29:05,2017-12-12,2017-12-12 00:04:03,0.0675,0,True,1,0
b2ba6dc36919f6194acddab3c69c65b5,2018-08-07 20:39:45,2018-08-10,2018-08-10 13:54:58,13.91611111111111,0,True,1,0
d1e51d46442dbad6b79b800dc7293869,2017-11-21 16:06:04,2017-12-11,2017-12-11 19:43:30,19.725,0,True,1,0
cbc7e44581d2fd89d19be4699b356a62,2018-04-02 22:38:27,2018-04-19,2018-04-19 21:31:55,21.531944444444445,0,True,1,0
d8a6f310927336f8375b12a6f2391da3,2017-11-18 09:40:39,2017-12-21,2017-12-21 16:27:20,16.455555555555556,0,True,1,0
b7ff8f6ebc1ce56907f3f34b7b92fee9,2017-05-16 07:21:34,2017-06-07,2017-06-07 14:51:42,14.861666666666666,0,True,1,0
46347dc54e84dc7863cb5c90cf57a9d3,2017-10-12 01:21:54,2017-11-01,2017-11-01 19:19:43,19.328611111111112,0,True,1,0
d28d530e6f5f2e1fb58e616b097b23b8,2018-08-05 20:26:29,2018-08-13,2018-08-13 16:36:29,16.608055555555556,0,True,1,0
e9525d74abc05d22ffa3059164adb967,2018-07-05 23:33:59,2018-07-27,2018-07-27 17:38:45,17.645833333333332,0,True,1,0
a1ce95395f551fa92e087cc8d08ab1b7,2017-08-17 18:02:19,2017-08-30,2017-08-30 20:17:40,20.294444444444444,0,True,1,0
38ab0898b5328ea3498a9a8c5bbf977e,2017-09-30 19:19:21,2017-10-25,2017-10-25 22:34:10,22.569444444444443,0,True,1,0
49acb5fc9c65246c7611d008c2304353,2018-08-03 21:05:01,2018-08-08,2018-08-08 23:34:43,23.578611111111112,0,True,1,0
30b66faf9517facb67ba9b710f0b9628,2017-06-02 21:39:00,2017-06-16,2017-06-16 13:43:03,13.7175,0,True,1,0
0bae1ef5e585b8bb8d250d4a75736bf6,2017-07-04 21:57:51,2017-07-17,2017-07-17 17:59:29,17.99138888888889,0,True,1,0
a04fb6341ec58dddcf7ecaa4c6322f55,2017-10-10 11:59:35,2017-10-23,2017-10-23 23:04:02,23.067222222222224,0,True,1,0
7e77eb1830c5ca91d26012b8e0fed483,2017-12-15 11:24:06,2018-01-11,2018-01-11 19:04:24,19.073333333333334,0,True,1,0
e552cc00ce34ace475b05e3dcc85129f,2017-11-27 17:30:17,2017-12-27,2017-12-27 21:12:33,21.20916666666667,0,True,1,0
71f28f100b9563aab8eeba751790d889,2018-05-16 21:10:10,2018-05-25,2018-05-25 23:46:20,23.772222222222222,0,True,1,0
43da1954a3ab906e70d25dff8fd0a3a0,2018-08-05 14:55:14,2018-08-20,2018-08-20 15:48:37,15.810277777777777,0,True,1,0
36771b8397722fea49a6ea5a0255c985,2018-05-09 22:32:47,2018-05-21,2018-05-21 18:04:24,18.073333333333334,0,True,1,0
6bc46484a5da408562e929b630a3e950,2017-11-26 22:24:44,2017-12-21,2017-12-21 19:12:59,19.21638888888889,0,True,1,0
be28f879f9c5e345df9e5b5fb441e6de,2018-01-04 12:58:13,2018-01-22,2018-01-22 19:03:57,19.065833333333334,0,True,1,0
b38b59f8e68e516569507e83c2d55c58,2018-05-11 16:45:10,2018-06-01,2018-06-01 23:32:35,23.543055555555554,0,True,1,0
1e7aa16222b1c59810585e0dc2bf73ed,2018-04-04 21:59:35,2018-04-24,2018-04-24 21:12:32,21.20888888888889,0,True,1,0
e651ecccf9a0e719ab06620a6944e421,2018-05-14 20:22:09,2018-06-07,2018-06-07 16:08:57,16.149166666666666,0,True,1,0
00f33ee62c15223679d3550e751c37cd,2017-11-25 16:17:29,2017-12-18,2017-12-18 18:09:50,18.163888888888888,0,True,1,0
39767f4e322daad6653874a11561f42d,2018-03-24 11:54:51,2018-04-06,2018-04-06 17:22:29,17.37472222222222,0,True,1,0
b044c65688e70eb150a89745a0016177,2017-07-03 21:30:10,2017-07-25,2017-07-25 14:42:13,14.703611111111112,0,True,1,0
7477146d0d3adc1305846034436657ec,2018-03-25 18:29:20,2018-04-24,2018-04-24 20:08:41,20.14472222222222,0,True,1,0
31b2fdf38a3bfdf9a67d997242c65ed8,2018-02-12 12:07:43,2018-03-08,2018-03-08 15:59:31,15.991944444444444,0,True,1,0
3464107c541f0583d599cc7d335cb9c7,2017-04-25 23:34:07,2017-05-12,2017-05-12 15:24:45,15.4125,0,True,1,0
72275f04ff971b931deb9570a6fd85f3,2018-03-23 17:10:34,2018-04-16,2018-04-16 20:17:35,20.293055555555554,0,True,1,0
759aedc35b7caf0ca563b0b72614e9d5,2018-07-22 13:28:55,2018-08-09,2018-08-09 18:08:38,18.14388888888889,0,True,1,0
264838181624ad76b573c373a9862598,2018-07-21 08:53:38,2018-08-09,2018-08-09 15:56:28,15.94111111111111,0,True,1,0
5b57e9de57b0d980b9a9049aeacc5955,2017-10-30 18:33:41,2017-11-13,2017-11-13 19:32:03,19.534166666666668,0,True,1,0
6d081f01954b384717392a20f7230f6a,2017-06-25 19:57:47,2017-07-07,2017-07-07 13:49:46,13.829444444444444,0,True,1,0
a8f181d60a5b59513087247b0c3cb348,2017-09-30 12:04:03,2017-11-03,2017-11-03 17:51:42,17.861666666666668,0,True,1,0
aa447b34c5c14dc2b2dfe8fc943b0687,2018-05-15 10:08:10,2018-06-05,2018-06-05 10:13:17,10.221388888888889,0,True,1,0
0a06917fb1c4d93dddc71d9ca7dd8790,2018-08-08 21:30:18,2018-08-30,2018-08-30 00:16:23,0.27305555555555555,0,True,1,0
221acf4033f18fbab8e09d105429367f,2018-08-07 18:17:10,2018-08-23,2018-08-23 15:25:03,15.4175,0,True,1,0
47f7e96d69bc1d93a7043b9d4da910ba,2018-05-16 01:55:34,2018-06-04,2018-06-04 20:37:33,20.625833333333333,0,True,1,0
52aec34b3aedb6f8fd1196c22af30834,2018-05-07 20:21:31,2018-06-05,2018-06-05 19:33:19,19.55527777777778,0,True,1,0
7ae184e266d3d177c278f71f228b5ec6,2018-02-23 22:43:33,2018-03-22,2018-03-22 18:32:48,18.546666666666667,0,True,1,0
7ed963a87535f8fe1d31b16eefecce7b,2018-08-16 13:52:25,2018-08-21,2018-08-21 00:31:53,0.5313888888888889,0,True,1,0
ceeba269d5bac0789567137ac2e6d57f,2018-08-18 20:06:13,2018-08-28,2018-08-28 16:06:31,16.10861111111111,0,True,1,0
3142b77fc8c5d3b848943f5727c3901a,2018-08-03 00:03:09,2018-08-10,2018-08-10 23:06:42,23.111666666666668,0,True,1,0
b9138517d788504f3732765e32ffc3d7,2017-11-26 05:27:45,2017-12-21,2017-12-21 00:23:31,0.39194444444444443,0,True,1,0
7b4cc813e327ec14c78f547a763f46b8,2018-03-08 15:59:45,2018-03-29,2018-03-29 23:23:20,23.38888888888889,0,True,1,0
50049a00b862d9b72dda26d6e7c38d6d,2018-05-17 17:05:15,2018-06-05,2018-06-05 18:22:52,18.38111111111111,0,True,1,0
4eeb749b1bc5823fb7ef6af9282ee537,2018-08-21 22:09:39,2018-08-24,2018-08-24 21:47:49,21.796944444444446,0,True,1,0
50c561609b802ec8d508a9f48c669918,2017-12-01 21:44:31,2018-01-05,2018-01-05 17:58:23,17.973055555555554,0,True,1,0
f30e9b83b1b7557b48c20dc8cf2e383f,2017-07-07 11:39:44,2017-07-20,2017-07-20 21:45:43,21.761944444444445,0,True,1,0
be5d667e97f0b3bd94debc7b946aecd7,2018-02-26 17:21:41,2018-03-19,2018-03-19 10:11:48,10.196666666666667,0,True,1,0
6e9bb8c33064b3a94ab38ff1e71aa9ef,2018-05-16 14:42:39,2018-06-07,2018-06-07 16:26:59,16.44972222222222,0,True,1,0
11c282981ca238ce75b48aa5a75bdeea,2017-12-06 20:10:46,2018-01-04,2018-01-04 22:18:01,22.30027777777778,0,True,1,0
bee2b7c6076a73bf21b6fef8fccd6691,2017-10-10 13:38:00,2017-10-23,2017-10-23 15:26:51,15.4475,0,True,1,0
7856ac3dde097902ad5fc94c787045c5,2018-03-11 00:31:21,2018-04-03,2018-04-03 00:58:30,0.975,0,True,1,0
6c003dbcd92ab0248de7f8f2fc91fb48,2018-02-01 12:15:29,2018-02-26,2018-02-26 22:46:46,22.779444444444444,0,True,1,0
f06059b8f4dc49c4f76378b7715a63b0,2017-11-03 00:16:32,2017-11-16,2017-11-16 16:29:10,16.48611111111111,0,True,1,0
3dfc13832b153601db135cc36760ddb1,2017-10-17 20:39:36,2017-11-16,2017-11-16 16:37:31,16.62527777777778,0,True,1,0
6dcf0aeb8b1eb4021c26e1d0e9394979,2018-08-09 20:37:34,2018-08-15,2018-08-15 19:06:29,19.108055555555556,0,True,1,0
845b62fbbe4d5781455b7da5d4989afa,2018-08-16 10:45:03,2018-08-30,2018-08-30 22:41:45,22.695833333333333,0,True,1,0
e33ae8b905bb0354b42f585bdfd3ab0d,2018-03-07 11:34:38,2018-03-28,2018-03-28 16:28:48,16.48,0,True,1,0
2a46a0636b60369577c40749497b77a4,2018-02-26 16:34:56,2018-03-19,2018-03-19 22:11:36,22.19333333333333,0,True,1,0
dde15a46cf328aee71d97753e04f16ea,2018-03-18 16:33:02,2018-04-18,2018-04-18 21:41:01,21.683611111111112,0,True,1,0
0dc2734aeb43fcd6b5c4a6d6296f50c5,2017-03-02 09:21:19,2017-03-29,2017-03-29 10:58:07,10.96861111111111,0,True,1,0
40b5da88b2b1811f86becbe62d53eb30,2017-12-10 16:33:12,2018-01-04,2018-01-04 10:53:35,10.893055555555556,0,True,1,0
81e5043198a44ddeb226002ff55d8ad4,2017-01-09 00:37:18,2017-02-24,2017-02-24 09:42:38,9.710555555555555,0,True,1,0
7a28faee4e4959f358d2fdbe66e22107,2018-08-14 22:43:55,2018-08-17,2018-08-17 01:50:27,1.8408333333333333,0,True,1,0
5c76bd3547c43e1796cc38f9906197d8,2017-11-30 19:49:47,2018-01-03,2018-01-03 17:10:59,17.183055555555555,0,True,1,0
9de65156d923c62015d982bd3f6ade9b,2018-02-28 09:42:13,2018-03-22,2018-03-22 21:32:09,21.535833333333333,0,True,1,0
6cbc2c3a5ded4eb0fed3a011b02c6eeb,2018-08-27 09:08:47,2018-08-30,2018-08-30 23:12:25,23.206944444444446,0,True,1,0
f323bb8ea0778da8d42a6de6499edb87,2017-03-07 16:37:23,2017-03-30,2017-03-30 11:05:59,11.099722222222223,0,True,1,0
55101b36a58251926b6cbfdb540c0461,2018-05-13 21:38:39,2018-05-30,2018-05-30 15:03:42,15.061666666666667,0,True,1,0
a8bbfc92aa07f8d418960d1afcaad4c2,2018-05-17 18:51:22,2018-06-05,2018-06-05 13:34:58,13.582777777777778,0,True,1,0
0d28f995a2a25ad8106b1fe23e23297b,2018-08-14 16:57:40,2018-08-28,2018-08-28 19:19:40,19.32777777777778,0,True,1,0
bd2c2c3a4d59e68fb14a526745572883,2018-08-27 19:29:28,2018-08-30,2018-08-30 20:02:41,20.044722222222223,0,True,1,0
16765dc16804d7fd055e9fd68b14da71,2018-02-15 11:01:57,2018-03-15,2018-03-15 00:23:41,0.3947222222222222,0,True,1,0
0753ba0519dd531e78e0abdedb16be35,2018-05-19 16:24:06,2018-06-07,2018-06-07 20:58:34,20.976111111111113,0,True,1,0
c51df802abdbca302ad8827db2e62061,2018-02-17 02:10:19,2018-03-15,2018-03-15 14:18:29,14.308055555555555,0,True,1,0
8c4ce5faf62a0c1689092c6cf29b772d,2017-12-09 13:29:01,2018-01-04,2018-01-04 16:25:57,16.4325,0,True,1,0
26d620229f78589dc5e92ad0ab520ef4,2017-11-27 17:50:54,2017-12-19,2017-12-19 00:13:59,0.23305555555555554,0,True,1,0
d39bab8a9af00bb16a6a2bb759d03bd3,2017-05-11 17:25:25,2017-05-19,2017-05-19 13:44:50,13.747222222222222,0,True,1,0
c4437c3f71eb47254bb52f9d8f009383,2018-02-23 10:53:36,2018-03-19,2018-03-19 19:13:19,19.221944444444443,0,True,1,0
e8a8221d81dec1257a582b21f3db43fd,2018-07-30 13:01:12,2018-08-06,2018-08-06 15:26:57,15.449166666666667,0,True,1,0
3deb7346dbaa00ea4431f0d97a6ce758,2017-06-09 22:48:58,2017-06-23,2017-06-23 10:59:34,10.992777777777778,0,True,1,0
c27e67d45b0f2e372f04e62920642f26,2018-06-19 13:32:38,2018-07-23,2018-07-23 20:33:22,20.55611111111111,0,True,1,0
71e71375082a5e27ffdb861ad5c1f847,2017-05-15 12:04:19,2017-05-24,2017-05-24 10:53:01,10.883611111111112,0,True,1,0
d9d8b7f0a98d33f05df5fce9f376aad8,2017-06-02 13:58:48,2017-07-11,2017-07-11 12:26:33,12.4425,0,True,1,0
76b3916173a86a399841b62399174b10,2017-03-29 20:08:15,2017-04-18,2017-04-18 13:39:01,13.650277777777777,0,True,1,0
07e74b39ce62a7c6f7063b3168748191,2018-08-01 15:46:14,2018-08-06,2018-08-06 20:28:38,20.477222222222224,0,True,1,0
b8ffa0a64c94706b40a3eb420aaba9d7,2018-02-04 11:05:32,2018-03-01,2018-03-01 16:46:44,16.77888888888889,0,True,1,0
44b218c956eb8b585056872617ba3577,2017-07-11 16:06:03,2017-08-08,2017-08-08 18:17:35,18.293055555555554,0,True,1,0
2a63db5c526afb1ee1c53ef2ba5dad2c,2017-09-11 14:00:09,2017-10-05,2017-10-05 17:28:44,17.47888888888889,0,True,1,0
9378b5fa3133e86bb44a365e66c24b03,2017-10-03 10:53:53,2017-10-30,2017-10-30 17:39:06,17.651666666666667,0,True,1,0
b287d35d6e864f28c166376e6c02c9a1,2018-01-15 17:24:43,2018-02-05,2018-02-05 21:28:38,21.477222222222224,0,True,1,0
65c3a33271e3070af95cc3c03018871d,2017-12-07 18:18:43,2018-01-05,2018-01-05 17:25:45,17.429166666666667,0,True,1,0
e3dc8fab0cf7aaea9a75decd180dcd8f,2018-02-27 11:11:57,2018-03-23,2018-03-23 22:37:30,22.625,0,True,1,0
c469458d116f862637d6c26ae62ff8f2,2018-08-27 22:54:07,2018-08-30,2018-08-30 20:32:38,20.54388888888889,0,True,1,0
9ce8bab700f7de85a07a9ee7d4e18ea3,2018-08-01 15:15:05,2018-08-14,2018-08-14 21:53:00,21.883333333333333,0,True,1,0
26129745e391aef6de37c94e29d34f11,2017-11-28 16:44:09,2017-12-21,2017-12-21 15:42:46,15.712777777777777,0,True,1,0
c7542d0d83ead101b058770578cc04c3,2018-07-31 12:01:18,2018-08-06,2018-08-06 20:51:42,20.861666666666668,0,True,1,0
baf54302abe3b0c2c43c2b55b0212a01,2018-08-10 16:15:34,2018-08-17,2018-08-17 12:26:43,12.445277777777777,0,True,1,0
cde78bb3c83fdc0c9a35e87b8d559cc4,2018-04-01 21:51:22,2018-05-03,2018-05-03 20:54:30,20.908333333333335,0,True,1,0
4630a9abdc1d1ea8fc579b269820c3ea,2017-04-13 00:00:47,2017-05-26,2017-05-26 14:37:03,14.6175,0,True,1,0
453324816882143205ab00b92ea16f47,2018-01-26 09:31:47,2018-02-21,2018-02-21 18:29:13,18.486944444444443,0,True,1,0
f6936f90b47f4c2a88307ac09bcf36e6,2018-01-30 18:29:53,2018-02-21,2018-02-21 19:35:34,19.592777777777776,0,True,1,0
71189364ca3c13bb110177b4d8e949df,2018-03-07 18:58:26,2018-03-23,2018-03-23 19:08:36,19.143333333333334,0,True,1,0
3fe876ffec49107cfb2f6565704aebcd,2018-08-19 21:50:20,2018-08-24,2018-08-24 19:38:49,19.646944444444443,0,True,1,0
27f9cf9d843287e332dcd815a0feda60,2018-07-29 13:18:42,2018-08-22,2018-08-22 22:58:40,22.977777777777778,0,True,1,0
bb096d0ca9881c6a7513ca2e0ec4fcba,2017-12-03 08:29:56,2018-01-03,2018-01-03 18:14:32,18.24222222222222,0,True,1,0
146a3b1856b84f80dc3ca22e79d11551,2017-11-25 09:36:58,2017-12-22,2017-12-22 20:53:29,20.89138888888889,0,True,1,0
b6d796dfb465b5a87da9b088c718ce2f,2017-12-04 17:33:25,2018-01-10,2018-01-10 19:53:07,19.885277777777777,0,True,1,0
cf0fd312197c09391d0d85e878758e82,2018-08-01 13:03:00,2018-08-09,2018-08-09 13:18:49,13.313611111111111,0,True,1,0
dc43d5f57ffe55850a557219c8fb0908,2018-03-03 12:28:17,2018-03-21,2018-03-21 22:56:45,22.945833333333333,0,True,1,0
54f035e8fe3aed77e2f08fe415f0fc11,2018-05-18 07:54:29,2018-06-08,2018-06-08 12:06:55,12.115277777777777,0,True,1,0
9f158c87c1efef80cdc83375b0709f52,2018-03-27 09:16:17,2018-04-09,2018-04-09 15:28:19,15.471944444444444,0,True,1,0
d95feb184596a27a70144e63e635ed5b,2018-02-28 20:52:34,2018-03-15,2018-03-15 00:21:58,0.3661111111111111,0,True,1,0
84aa61a900410cfe26b57337d376a1ae,2018-08-16 10:30:31,2018-08-21,2018-08-21 19:06:32,19.108888888888888,0,True,1,0
a2603cde1eaeb66a0b1519fb923666ad,2018-05-22 18:09:27,2018-06-08,2018-06-08 21:08:47,21.14638888888889,0,True,1,0
70a7add6c9655bfb7721ca9623070b7c,2017-04-24 08:35:21,2017-05-15,2017-05-15 13:14:09,13.235833333333334,0,True,1,0
9c33774fba00c73b651903f988c71bb9,2018-08-20 12:37:12,2018-08-30,2018-08-30 00:38:24,0.64,0,True,1,0
037578a0b32fa190a1fe9f1de5fd3f30,2018-04-18 14:01:20,2018-05-14,2018-05-14 16:44:43,16.745277777777776,0,True,1,0
4d4dd908b377956e48b6c6a89e59e37b,2017-11-15 16:14:25,2017-12-12,2017-12-12 14:33:56,14.565555555555555,0,True,1,0
b50dd584b57f884ca278422e0607f7d3,2018-08-20 14:19:56,2018-08-24,2018-08-24 23:17:18,23.288333333333334,0,True,1,0
d16387aa75d92aec2dbfa45f9510ec65,2017-10-22 16:07:39,2017-11-03,2017-11-03 16:47:54,16.798333333333332,0,True,1,0
a4086a85cd42acc124fd2ffe7ae22fd3,2018-03-13 13:59:27,2018-03-29,2018-03-29 18:22:21,18.3725,0,True,1,0
3ef3c91a36437f7a1e4d4556a0543004,2018-05-16 19:28:08,2018-06-04,2018-06-04 22:56:30,22.941666666666666,0,True,1,0
9c038dee3bf16eac4a8ba2baa65b21dd,2018-05-21 15:26:22,2018-06-07,2018-06-07 17:13:48,17.23,0,True,1,0
03343a88c4d669e6378c5aedc4147919,2018-01-16 12:06:29,2018-01-31,2018-01-31 21:46:39,21.7775,0,True,1,0
d5de010b46ae0907273f83e91822a024,2018-04-03 02:09:13,2018-04-30,2018-04-30 19:59:42,19.995,0,True,1,0
11553350b61a44e1a53b118b920e2e3c,2017-04-28 21:32:25,2017-05-22,2017-05-22 12:07:59,12.133055555555556,0,True,1,0
2950c71359ad6e41415903d763381882,2017-09-10 21:28:52,2017-10-05,2017-10-05 14:32:43,14.545277777777779,0,True,1,0
60fedd48f279e3f0ce27e48d6d7b895d,2018-05-15 20:12:04,2018-06-13,2018-06-13 22:32:16,22.537777777777777,0,True,1,0
487b0b7a323d6f88a2ef4e194cdfd287,2018-08-12 17:49:23,2018-08-23,2018-08-23 17:48:52,17.814444444444444,0,True,1,0
e3f2faf5604308ede614257aeb86ccf8,2018-05-16 15:35:52,2018-06-01,2018-06-01 16:58:19,16.971944444444443,0,True,1,0
0a70b96b1997e3c8953bfa4254ad1144,2018-03-10 15:22:20,2018-03-28,2018-03-28 14:56:53,14.948055555555555,0,True,1,0
9fa4cb601bf44b1c03ed05feccca9efd,2018-03-01 10:20:17,2018-03-19,2018-03-19 14:47:02,14.783888888888889,0,True,1,0
c494a0ccf52e43b779d85717ac428496,2018-03-21 00:26:52,2018-04-09,2018-04-09 12:44:41,12.744722222222222,0,True,1,0
fe1a5360c2abc136a4ff63ddb09a33b4,2018-07-29 16:19:32,2018-08-08,2018-08-08 00:42:42,0.7116666666666667,0,True,1,0
a8159270bc9cf7d54450e079ba6b7232,2018-04-01 11:58:04,2018-04-20,2018-04-20 20:56:36,20.94333333333333,0,True,1,0
20aac17e27ac5fb3ebbf44a26b0e2d3c,2018-08-04 20:33:44,2018-08-13,2018-08-13 22:52:44,22.878888888888888,0,True,1,0
bda3c40c66117ac3211d4934f4a43ec6,2018-07-30 21:46:21,2018-08-10,2018-08-10 21:53:31,21.891944444444444,0,True,1,0
7b7fe8c6f46917f4ade39f8aaa0d02ef,2018-03-19 11:31:57,2018-03-29,2018-03-29 01:02:16,1.0377777777777777,0,True,1,0
74040cd9562ffaf774035a7eeb2c6327,2017-10-31 18:37:48,2017-11-16,2017-11-16 22:38:47,22.64638888888889,0,True,1,0
7af8cc0ff9ec1dcbdf0880dac7cba603,2018-03-16 14:45:05,2018-04-05,2018-04-05 15:06:42,15.111666666666666,0,True,1,0
91575acf2a356af85894e1c3b1612e81,2017-09-06 13:07:48,2017-09-29,2017-09-29 13:46:06,13.768333333333333,0,True,1,0
b7e5018200fadf97c42e54cbd8814914,2018-02-14 19:51:27,2018-03-08,2018-03-08 22:27:21,22.455833333333334,0,True,1,0
64099350b7cbd1d6a7ac7786b990cb8b,2017-11-17 21:14:05,2017-11-30,2017-11-30 12:37:10,12.619444444444444,0,True,1,0
ea9b4bd2f02654a60504474278dc2325,2018-08-13 20:53:44,2018-08-23,2018-08-23 02:32:22,2.5394444444444444,0,True,1,0
1b145bc82eff392da7924ddff9acac50,2018-02-09 21:41:44,2018-03-07,2018-03-07 21:56:51,21.9475,0,True,1,0
2c19f031e843a243a60bdff55edc668e,2018-03-22 18:59:38,2018-04-09,2018-04-09 21:05:52,21.09777777777778,0,True,1,0
306e0ad52724751e50e96b6afeed27bb,2018-05-18 00:32:00,2018-06-05,2018-06-05 17:49:28,17.824444444444445,0,True,1,0
1a7b59b9cddabc898f2cc56389b5fbc1,2018-08-02 12:05:21,2018-08-09,2018-08-09 00:48:45,0.8125,0,True,1,0
b62be88e52e1a504211a9b93f83cfa78,2017-03-15 04:25:48,2017-04-05,2017-04-05 15:20:23,15.339722222222223,0,True,1,0
0354fc44bfc5b7a6d382427c6046f5e1,2018-01-27 09:26:54,2018-02-21,2018-02-21 13:29:15,13.4875,0,True,1,0
182c7c260aa89ec58595803372f60d1a,2017-11-03 21:21:10,2017-11-23,2017-11-23 00:31:43,0.5286111111111111,0,True,1,0
0ac83eb5438f811c9d825c0a059a0f28,2018-02-19 19:54:43,2018-03-20,2018-03-20 17:21:47,17.363055555555555,0,True,1,0
e3d1d37007a4d31d2269ba250664f6b2,2018-07-16 00:21:02,2018-07-26,2018-07-26 18:21:42,18.361666666666668,0,True,1,0
e6010bcb1cb9ceb44fdb0f15f817e25f,2018-08-03 13:46:30,2018-08-13,2018-08-13 15:47:45,15.795833333333333,0,True,1,0
edfe3bc4d2b074eedb26e934a171f2f6,2018-03-13 14:05:11,2018-04-02,2018-04-02 22:54:34,22.909444444444443,0,True,1,0
997c9f908691b9dc69c3b7b3a4433c65,2018-03-27 19:11:55,2018-04-30,2018-04-30 19:21:46,19.36277777777778,0,True,1,0
6e1d72c49d6aa8e6a4c5670c6ae13c72,2018-07-14 23:50:02,2018-07-24,2018-07-24 23:16:43,23.27861111111111,0,True,1,0
77840c00dc79e7841ea2e4b1de1f21e8,2017-11-24 23:28:14,2017-12-19,2017-12-19 02:27:41,2.461388888888889,0,True,1,0
3b5e83bf808e04da4aaa1241937881ee,2017-11-03 16:46:13,2017-11-28,2017-11-28 02:24:22,2.406111111111111,0,True,1,0
9f2518b72db159913ee42d53fa1a9568,2018-05-08 12:40:30,2018-05-18,2018-05-18 20:17:07,20.28527777777778,0,True,1,0
818f7c870fbe03dd57e214684293e74c,2017-10-16 11:32:15,2017-11-01,2017-11-01 21:23:08,21.385555555555555,0,True,1,0
413d21c694c928b464c2cc8d3904b2b1,2017-11-24 15:06:59,2017-12-14,2017-12-14 21:07:27,21.124166666666667,0,True,1,0
b8f13ae32e4f029890ca4d998651131c,2018-02-17 15:07:04,2018-03-13,2018-03-13 18:38:42,18.645,0,True,1,0
3bcc1c9f93f90f188ff37ccb4e22bad2,2018-03-01 16:55:22,2018-03-27,2018-03-27 14:22:37,14.376944444444444,0,True,1,0
7f31dc70c624428b42b32b0b0167ba39,2017-12-06 21:41:35,2018-01-11,2018-01-11 16:33:28,16.557777777777776,0,True,1,0
dc67745e87e769607de677683ab1fd08,2018-07-31 22:41:57,2018-08-03,2018-08-03 15:52:01,15.866944444444444,0,True,1,0
3f2f8de95118170021d99d5fbc532352,2018-08-06 20:28:27,2018-08-13,2018-08-13 17:42:32,17.70888888888889,0,True,1,0
a6fae08670367e0f76ce493d39681ecb,2017-06-12 09:27:15,2017-07-03,2017-07-03 07:15:52,7.264444444444444,0,True,1,0
e34e1db7516bb12cd9985fe66fe2d323,2018-02-10 18:43:34,2018-03-08,2018-03-08 19:11:18,19.188333333333333,0,True,1,0
28904a75f66f01fd5c931d71e7a6ac8a,2017-11-27 09:36:59,2017-12-20,2017-12-20 15:52:31,15.875277777777777,0,True,1,0
b552bf4c093b6c4804fa08eaee94a786,2018-06-21 09:36:30,2018-07-23,2018-07-23 15:48:43,15.811944444444444,0,True,1,0
22230cb95aa16cf1615db1cf10a0ea2d,2017-11-28 14:18:24,2017-12-19,2017-12-19 13:52:25,13.873611111111112,0,True,1,0
1e2873bbf8abcb5fd687719096812cd6,2017-09-14 00:38:28,2017-10-05,2017-10-05 19:58:55,19.981944444444444,0,True,1,0
d710dadcf1f25993f76835a786761250,2018-05-16 17:46:11,2018-06-07,2018-06-07 17:04:08,17.06888888888889,0,True,1,0
13ab379ac762d840b29042681a1a6156,2018-08-05 20:56:20,2018-08-14,2018-08-14 17:12:03,17.200833333333332,0,True,1,0
d0bce34c31d4494a153aa82c468152c4,2017-06-05 19:38:57,2017-06-28,2017-06-28 17:08:00,17.133333333333333,0,True,1,0
28136596c0ceb5c43000c1776348b72b,2018-03-13 06:48:40,2018-04-19,2018-04-19 20:19:20,20.322222222222223,0,True,1,0
22df89b611e2a03b4957043cf949e51f,2018-08-22 09:17:07,2018-08-27,2018-08-27 07:42:37,7.710277777777778,0,True,1,0
dc17c01a54fba254ad3989a9ff6d67d7,2017-11-27 15:55:52,2017-12-18,2017-12-18 22:08:16,22.137777777777778,0,True,1,0
70c9e0c247d9f1e785e3a31d2a333ec6,2018-05-16 19:08:50,2018-06-01,2018-06-01 17:14:52,17.247777777777777,0,True,1,0
f2665691d2aa17a8c8a37438686b1927,2018-03-03 17:48:49,2018-03-23,2018-03-23 21:33:23,21.55638888888889,0,True,1,0
ac2aafdd31bb2367504474de8b1191f3,2018-05-15 19:07:34,2018-06-04,2018-06-04 16:56:49,16.946944444444444,0,True,1,0
a35f0b52cacb3c4208d7107bde82f2cf,2018-08-16 09:35:02,2018-08-22,2018-08-22 22:16:32,22.275555555555556,0,True,1,0
d4903bea07e89ed0f2bd8320a65ec482,2017-10-17 00:20:50,2017-11-13,2017-11-13 17:37:09,17.61916666666667,0,True,1,0
686c0ba20be3837a5041edbc39d3f9ae,2017-03-12 20:54:08,2017-04-11,2017-04-11 09:27:57,9.465833333333334,0,True,1,0
c31e69041b0da7765a4d79c7dd6242ff,2017-11-24 22:32:37,2017-12-15,2017-12-15 18:45:05,18.75138888888889,0,True,1,0
7de19ba743b2b9a77e6fbb5598ff0efe,2018-03-10 10:44:05,2018-04-03,2018-04-03 11:19:08,11.318888888888889,0,True,1,0
d86e65a13d3e7a90d876cb6b9064f1ac,2018-08-06 15:48:15,2018-08-15,2018-08-15 01:18:35,1.3097222222222222,0,True,1,0
aedce126de46f6e9cfc35a9083ac0c81,2018-08-27 00:22:03,2018-08-30,2018-08-30 01:51:41,1.861388888888889,0,True,1,0
017b1d6881222283afdc50baf3dcb0d5,2018-03-06 22:33:02,2018-03-23,2018-03-23 19:48:24,19.80666666666667,0,True,1,0
417f9f65f61787a7bec245c5e8c589dc,2017-07-04 20:46:07,2017-07-27,2017-07-27 19:39:54,19.665,0,True,1,0
296e1020c48c85d07b3fb22436e3e65b,2017-10-16 15:05:28,2017-11-17,2017-11-17 20:54:43,20.911944444444444,0,True,1,0
9d2542bf51fa5287da26940813c6c0fd,2018-08-03 15:28:52,2018-08-08,2018-08-08 13:32:29,13.54138888888889,0,True,1,0
bfae97f66e306e1f2832857d6d11925f,2017-09-12 18:24:46,2017-09-22,2017-09-22 22:42:39,22.710833333333333,0,True,1,0
ba606d3faf73e13022d13479d760cb45,2017-09-16 23:10:37,2017-10-09,2017-10-09 18:25:12,18.42,0,True,1,0
7a9e6773c0d71852e2a6d24a2101646f,2017-11-30 22:37:15,2017-12-27,2017-12-27 14:32:59,14.549722222222222,0,True,1,0
2369ff1232ff0d10bb9d924732757881,2018-04-23 21:27:11,2018-05-16,2018-05-16 19:48:48,19.813333333333333,0,True,1,0
5598657697983e852a752bb7c10f4d01,2018-04-01 13:28:46,2018-04-19,2018-04-19 20:22:06,20.368333333333332,0,True,1,0
da56bf0bdea03c2780bb37ff9db85e3d,2018-08-15 23:03:13,2018-08-20,2018-08-20 21:48:50,21.81388888888889,0,True,1,0
f6aeaaa897aaaf586ac05fb8d821ed9e,2017-11-23 15:43:00,2017-12-26,2017-12-26 19:43:37,19.726944444444445,0,True,1,0
e0c51c7d23c16c36c365b7ae8bbe6782,2017-03-07 10:25:58,2017-03-29,2017-03-29 15:22:58,15.382777777777777,0,True,1,0
25d9bae08f05016b8afec9061834e1d4,2017-10-14 13:55:49,2017-10-26,2017-10-26 19:45:56,19.765555555555554,0,True,1,0
9a06bcd8c19fdf8d78dd16837c3da5d5,2018-05-03 12:27:58,2018-05-29,2018-05-29 21:38:40,21.644444444444446,0,True,1,0
73e025915b8bd2c8856d0d3f85545506,2017-05-10 21:23:19,2017-05-30,2017-05-30 13:10:48,13.18,0,True,1,0
a5406e921aa2f3d19c33ab88c936f426,2018-08-16 15:15:59,2018-08-21,2018-08-21 00:15:39,0.2608333333333333,0,True,1,0
76237b6fd0f721a714d6bb93439858fe,2018-02-17 23:02:57,2018-03-15,2018-03-15 17:08:35,17.143055555555556,0,True,1,0
e8a923aa92f0c87c9bfcd7be05546918,2018-03-07 13:11:37,2018-03-19,2018-03-19 23:42:17,23.704722222222223,0,True,1,0
fd95c34a9c3218bafb1835cf55a5ae74,2018-08-09 12:23:04,2018-08-14,2018-08-14 18:08:42,18.145,0,True,1,0
162dfc51ca1b437a56f199501bc7fbda,2018-04-04 08:13:01,2018-04-24,2018-04-24 17:47:02,17.78388888888889,0,True,1,0
7752cfbc93594ff73fd8b59c616c4be7,2017-04-26 13:31:30,2017-05-18,2017-05-18 07:30:04,7.501111111111111,0,True,1,0
ef5884d6401ac5bac05aadff9f2aae89,2018-08-23 21:39:21,2018-08-30,2018-08-30 23:05:40,23.094444444444445,0,True,1,0
6ef6c0a23f7f0b6bbe9dfbc5f22b56c6,2018-08-17 11:48:24,2018-08-27,2018-08-27 20:28:51,20.480833333333333,0,True,1,0
a103620b14c5f66c4a0f9c14a1327377,2018-07-24 16:30:02,2018-08-15,2018-08-15 20:08:39,20.144166666666667,0,True,1,0
e5141c749e377be251981ba3ff55b1e7,2018-08-20 09:19:33,2018-08-24,2018-08-24 20:03:51,20.064166666666665,0,True,1,0
6bef43b399ad748e06bfbd0a31efcfb9,2017-11-26 23:50:05,2017-12-11,2017-12-11 21:38:38,21.64388888888889,0,True,1,0
dc3400f2dd273de43a390ec373f09efb,2018-07-17 18:50:36,2018-08-13,2018-08-13 15:51:51,15.864166666666666,0,True,1,0
8dbd69de4c9ba7ac0f46c387f0e67ee4,2018-05-14 16:59:30,2018-06-04,2018-06-04 17:33:01,17.55027777777778,0,True,1,0
8bc27fa525999e4e0a620dd5e5cabb36,2017-12-20 17:47:27,2018-01-18,2018-01-18 01:41:58,1.6994444444444445,0,True,1,0
f4b84983666d1ac021c0522f00a405c0,2018-08-21 12:21:04,2018-08-24,2018-08-24 19:41:45,19.695833333333333,0,True,1,0
97f1dd40b5bea6a7e3cf78fd83a28cb1,2018-08-24 16:26:08,2018-08-30,2018-08-30 18:32:02,18.53388888888889,0,True,1,0
3b2b695f53e89a00f632277ce01b2100,2018-03-16 00:26:34,2018-04-11,2018-04-11 21:44:30,21.741666666666667,0,True,1,0
726f3a5a67d986cbbf10bbc4f72cd4fe,2018-08-07 16:20:05,2018-08-13,2018-08-13 19:26:28,19.441111111111113,0,True,1,0
961e941567157246b67c0c448fb7252e,2018-05-14 17:28:10,2018-06-11,2018-06-11 01:32:07,1.5352777777777777,0,True,1,0
0b50f9db645dbb8c98ebe37fab6ecb3e,2018-01-04 19:15:58,2018-02-02,2018-02-02 20:26:10,20.43611111111111,0,True,1,0
696428244100d1ab711bc608f832e5ef,2017-12-04 21:08:51,2018-01-08,2018-01-08 14:57:58,14.966111111111111,0,True,1,0
316cbf18dca6cfe813ed375d15be4ffe,2017-04-23 18:42:00,2017-05-11,2017-05-11 23:09:52,23.164444444444445,0,True,1,0
b83a53aed7b1da149fe5272c3ea0a9da,2017-05-04 19:31:51,2017-06-13,2017-06-13 18:42:25,18.706944444444446,0,True,1,0
867d8052e7e00c74f4a3dc15943ae847,2018-08-06 19:55:49,2018-08-16,2018-08-16 19:14:35,19.243055555555557,0,True,1,0
a6acb34f913bfaf8367a31f75d53829f,2017-10-19 21:02:44,2017-11-07,2017-11-07 21:37:52,21.63111111111111,0,True,1,0
ab1cc49978a6bc3ae6e76e0d98f5886b,2018-04-27 11:01:50,2018-06-04,2018-06-04 19:03:21,19.055833333333332,0,True,1,0
255cca206db1e20caf7179aeea4bf212,2018-08-09 21:42:50,2018-08-16,2018-08-16 22:46:35,22.77638888888889,0,True,1,0
5037eb441ab49c481fe12cdc8e600dde,2017-03-03 21:17:03,2017-03-30,2017-03-30 19:35:41,19.594722222222224,0,True,1,0
483b53ea654d3566427a092cdef047fd,2017-08-03 15:59:11,2017-08-25,2017-08-25 17:48:37,17.810277777777777,0,True,1,0
f9207b5726780645ebba8401ccc336c6,2017-12-01 10:15:33,2017-12-26,2017-12-26 09:36:30,9.608333333333333,0,True,1,0
c90e8686c91e367aa92c3efa4faca2d3,2018-02-21 12:31:03,2018-03-13,2018-03-13 18:12:20,18.205555555555556,0,True,1,0
0c42ffbb7daabd630cbe785466d587c0,2017-07-27 12:29:26,2017-08-18,2017-08-18 21:19:38,21.327222222222222,0,True,1,0
da949b7a8b7e0bf3929ea6995148b197,2018-01-16 12:13:52,2018-02-06,2018-02-06 23:09:14,23.15388888888889,0,True,1,0
f0933beb55e4be862e281748abe0af7e,2018-01-09 20:42:51,2018-02-02,2018-02-02 13:37:22,13.622777777777777,0,True,1,0
5a548ca91de6462f6bf5c2eac853e0c3,2017-11-29 13:30:40,2017-12-21,2017-12-21 23:39:50,23.663888888888888,0,True,1,0
5ee65ec4982eb4667be9fba3b90fa184,2017-06-30 20:12:02,2017-07-26,2017-07-26 00:34:38,0.5772222222222222,0,True,1,0
4e859ec6c134b185e0102517fb986b4d,2017-05-03 13:08:06,2017-05-26,2017-05-26 14:19:55,14.331944444444444,0,True,1,0
3b401cba521461d124e0487ea53bb009,2018-08-04 19:23:19,2018-08-23,2018-08-23 23:34:32,23.575555555555557,0,True,1,0
930fff097a9427c8a9a70559aa36fa76,2018-08-22 11:52:54,2018-08-30,2018-08-30 21:06:43,21.111944444444443,0,True,1,0
da3ecfa6e09fbd397cd3ba07a6859031,2018-03-31 18:54:10,2018-04-19,2018-04-19 20:02:20,20.038888888888888,0,True,1,0
b892e2c2ecb74a9cca10c9dae8984043,2017-06-27 12:00:57,2017-07-17,2017-07-17 18:04:04,18.067777777777778,0,True,1,0
9fb0f5aec85853d38f0255b295cb4cb1,2018-03-05 16:13:08,2018-04-03,2018-04-03 17:52:20,17.872222222222224,0,True,1,0
7e575745a57b4d91a79d35729375319e,2018-05-15 16:37:01,2018-06-04,2018-06-04 21:32:43,21.545277777777777,0,True,1,0
fbee188f61534261ec8009aca20859f9,2018-08-02 12:04:59,2018-08-08,2018-08-08 21:03:25,21.056944444444444,0,True,1,0
afba2edab5bba30a0bfcb7fd9ba3d017,2018-08-12 22:43:58,2018-08-17,2018-08-17 22:33:52,22.564444444444444,0,True,1,0
6e269660f01d35b9a19cc6221711347d,2017-06-05 00:32:17,2017-06-28,2017-06-28 12:06:34,12.109444444444444,0,True,1,0
673af36c8b5395e5199820c02b42abe9,2018-08-10 23:06:33,2018-08-17,2018-08-17 17:35:39,17.594166666666666,0,True,1,0
3dfff49e0dea27e1c2115d2273a6f0fa,2018-08-16 16:12:57,2018-08-21,2018-08-21 00:40:31,0.6752777777777778,0,True,1,0
e910cff0c2911f3ca876a47602557c45,2018-03-18 19:23:02,2018-04-17,2018-04-17 12:08:45,12.145833333333334,0,True,1,0
309f6784abccce4e6e99672dca8ff4cd,2018-08-07 00:47:40,2018-08-10,2018-08-10 17:51:57,17.865833333333335,0,True,1,0
78b7833f56f2ac54efd0e617ef4d4673,2018-04-20 07:37:25,2018-05-25,2018-05-25 22:38:38,22.64388888888889,0,True,1,0
d8e17cc85323061493b16b68a130bcff,2018-04-26 17:28:37,2018-06-01,2018-06-01 19:48:47,19.813055555555554,0,True,1,0
4c867c2aac81653679eff07e922441a0,2018-08-28 22:51:54,2018-08-31,2018-08-31 02:03:50,2.063888888888889,0,True,1,0
d619e17315e239a94dd71fc0e714b79d,2018-01-23 16:59:13,2018-02-23,2018-02-23 19:57:08,19.952222222222222,0,True,1,0
1b0bc119ea5ac37e73e2275afc7904ee,2018-08-14 14:19:51,2018-08-23,2018-08-23 03:24:50,3.4138888888888888,0,True,1,0
caf0f5c4a7ef81f3056cdc400f45ef2c,2018-03-26 21:30:13,2018-04-18,2018-04-18 23:11:38,23.19388888888889,0,True,1,0
697d17b442e7f401feca0e794a359fbf,2018-02-23 14:11:03,2018-03-20,2018-03-20 17:12:56,17.215555555555557,0,True,1,0
fdca429f65581d898afc2df41740f716,2017-11-12 23:19:39,2017-12-01,2017-12-01 20:03:17,20.05472222222222,0,True,1,0
09951c1a8c91dc28f008c3ccc634f1fe,2017-10-16 23:29:17,2017-11-06,2017-11-06 13:12:13,13.203611111111112,0,True,1,0
bd9d0b4bd72874264d4f1467b4d51323,2018-02-10 15:02:24,2018-03-06,2018-03-06 20:34:00,20.566666666666666,0,True,1,0
f280cc89e43c0261d95d1ee72a78cb8b,2018-02-14 22:28:15,2018-03-09,2018-03-09 14:19:26,14.323888888888888,0,True,1,0
4fba3b9d5278d363d0c484bcbc816584,2017-09-18 23:41:24,2017-10-04,2017-10-04 19:22:42,19.378333333333334,0,True,1,0
20975671430924d7380f6d3816615e37,2018-01-08 17:54:44,2018-01-24,2018-01-24 17:36:29,17.608055555555556,0,True,1,0
80ec14a614e66dcd5fe4051fdeb620c9,2017-09-13 23:16:51,2017-10-03,2017-10-03 21:54:04,21.90111111111111,0,True,1,0
07be9bc8241fb542df3e10f395d5b412,2018-01-29 12:27:32,2018-02-14,2018-02-14 22:04:20,22.072222222222223,0,True,1,0
028b18bcd128b49e2982741f83b78e77,2018-08-10 21:54:51,2018-08-15,2018-08-15 12:23:43,12.395277777777778,0,True,1,0
0f18445c75633a4beb91e985a0907b8c,2018-07-26 18:24:47,2018-08-13,2018-08-13 11:20:40,11.344444444444445,0,True,1,0
3a7162d3eda153a373ed4112bdf53b32,2018-03-09 08:32:22,2018-03-29,2018-03-29 21:06:06,21.101666666666667,0,True,1,0
b35a64cddcdbf617db3d9a4cce11f60a,2018-05-10 17:07:31,2018-06-13,2018-06-13 19:26:43,19.44527777777778,0,True,1,0
61433627bdda467b4c2e9c3f4c17854d,2018-08-13 21:47:19,2018-08-22,2018-08-22 15:18:41,15.311388888888889,0,True,1,0
20205e58b36d43ecc44120a373616f06,2018-03-10 23:56:56,2018-04-06,2018-04-06 22:54:28,22.907777777777778,0,True,1,0
a437b04047ac97f23b5baf153991372b,2017-04-23 18:54:11,2017-05-11,2017-05-11 09:29:48,9.496666666666666,0,True,1,0
d3a3e3a97ab240877d7898e0a85e9d37,2018-08-20 19:01:14,2018-08-24,2018-08-24 20:38:32,20.642222222222223,0,True,1,0
dc554659515cf551660a23d201582805,2017-11-23 22:14:44,2017-12-13,2017-12-13 19:22:13,19.370277777777776,0,True,1,0
aa46951898e69724ebbcfb1c6cd4879c,2018-07-22 12:14:28,2018-08-06,2018-08-06 16:31:51,16.530833333333334,0,True,1,0
8d04cc6c75bba21874268deda821055d,2017-07-15 20:34:24,2017-08-16,2017-08-16 16:37:34,16.62611111111111,0,True,1,0
819228bb978a781e564b6de402397c19,2018-02-02 10:13:38,2018-03-07,2018-03-07 19:46:27,19.774166666666666,0,True,1,0
97d8101d1c704d437f9dfae4bdd530fa,2018-03-17 22:40:45,2018-04-13,2018-04-13 21:18:36,21.31,0,True,1,0
62be3a00ba095e9cdbe1fe482e6130a4,2017-10-19 13:21:58,2017-11-16,2017-11-16 13:28:52,13.481111111111112,0,True,1,0
8cdd96554616b2466ae2bd275781ef0f,2018-08-23 17:25:48,2018-08-28,2018-08-28 18:12:11,18.203055555555554,0,True,1,0
782d2a64a6133bc3512a372661880972,2017-10-31 17:05:38,2017-11-14,2017-11-14 20:26:52,20.447777777777777,0,True,1,0
a7a9af59fd37637073e26e33f78d015f,2018-08-14 15:21:36,2018-08-20,2018-08-20 17:56:37,17.94361111111111,0,True,1,0
6bb425cfe5c2338ba1386a0114f7fb50,2018-08-20 19:55:54,2018-08-23,2018-08-23 19:21:23,19.35638888888889,0,True,1,0
e13329e37a8f95bafe7bbef35d07fb24,2017-09-03 10:45:43,2017-09-25,2017-09-25 17:51:16,17.854444444444443,0,True,1,0
d1b16860e7b68a8ab13eb5c3327aa758,2018-02-16 16:24:15,2018-03-05,2018-03-05 21:09:20,21.155555555555555,0,True,1,0
352096b87a2e9b123d84ec3f1380d8a9,2018-04-18 15:41:02,2018-04-30,2018-04-30 16:12:54,16.215,0,True,1,0
9d53d672d0f8a9f2884dbf37bbb4d7fc,2018-02-28 14:07:13,2018-03-27,2018-03-27 00:05:49,0.09694444444444444,0,True,1,0
698c0a83d7fbe733d10f2ca901f60117,2018-02-26 11:14:10,2018-03-21,2018-03-21 20:32:24,20.54,0,True,1,0
ac246acde7cb6dd640863d0c428900de,2017-08-26 12:02:27,2017-09-18,2017-09-18 18:27:29,18.458055555555557,0,True,1,0
c1163af85cdf883a08dbedc7c26ad8ce,2017-11-01 23:33:26,2017-11-30,2017-11-30 18:04:22,18.072777777777777,0,True,1,0
2935c56eef4b858e80e28d27d3243b33,2018-07-31 18:10:16,2018-08-15,2018-08-15 14:48:40,14.811111111111112,0,True,1,0
c410904a63a021b7cc16816947ea4769,2018-03-20 14:04:25,2018-04-17,2018-04-17 00:39:52,0.6644444444444444,0,True,1,0
2ab0be5175c93d7e68f1d91459183a87,2018-03-29 18:23:25,2018-04-18,2018-04-18 18:05:40,18.094444444444445,0,True,1,0
b87229ec7078f06000a680a6ab38ee2a,2017-11-24 23:45:24,2017-12-21,2017-12-21 18:43:01,18.716944444444444,0,True,1,0
b9a528ec4ad891d009b3dc50588218f1,2018-04-19 08:26:02,2018-05-09,2018-05-09 23:08:28,23.141111111111112,0,True,1,0
478da79acc71487110d44b06dbd8444c,2018-05-10 09:28:35,2018-06-01,2018-06-01 16:53:47,16.89638888888889,0,True,1,0
0218bc1c672e0e92f10a6633ca1cc461,2018-03-07 22:36:15,2018-03-29,2018-03-29 01:11:39,1.1941666666666666,0,True,1,0
b081a26ca9566254713995a623e0941e,2018-08-06 16:49:19,2018-08-16,2018-08-16 21:28:45,21.479166666666668,0,True,1,0
f93c4c6491ecf4b1f3980d36ed6dd943,2018-02-04 22:12:07,2018-03-06,2018-03-06 20:38:52,20.647777777777776,0,True,1,0
fbc32bc4a800352a5c9d8a57828b4727,2018-07-12 00:29:41,2018-08-09,2018-08-09 18:03:38,18.060555555555556,0,True,1,0
418dd833928c4570f94442ef4c76e55e,2018-05-15 22:43:45,2018-06-11,2018-06-11 14:28:25,14.473611111111111,0,True,1,0
357e8bcc302e3f48f4d578d3e3f239db,2018-03-18 00:40:55,2018-04-10,2018-04-10 16:57:47,16.963055555555556,0,True,1,0
0097f0545a302aafa32782f1734ff71c,2018-03-05 18:15:11,2018-03-21,2018-03-21 18:16:52,18.281111111111112,0,True,1,0
22558012625820980bfc951e437c97d5,2018-05-14 18:00:53,2018-05-29,2018-05-29 18:51:59,18.86638888888889,0,True,1,0
4a02e985c7239d866a632f07ed20d9c0,2017-10-05 11:26:37,2017-10-24,2017-10-24 15:56:55,15.948611111111111,0,True,1,0
2ab7caa24a5d02dee343802f4031a20a,2018-02-14 09:52:07,2018-03-12,2018-03-12 22:36:33,22.609166666666667,0,True,1,0
bcfd2ea0ccf2b146eedf2384af0bf6ea,2018-08-16 22:06:01,2018-08-21,2018-08-21 20:08:56,20.148888888888887,0,True,1,0
d4086112e1a1dfb1c53e132fd85ab97a,2018-01-07 13:22:34,2018-02-07,2018-02-07 00:38:34,0.6427777777777778,0,True,1,0
84027696c2bd36b522bbc8a9d0578525,2018-03-02 16:53:56,2018-03-22,2018-03-22 22:11:03,22.184166666666666,0,True,1,0
a6d4b394346af973163c403b372e56c2,2018-01-24 08:45:48,2018-02-20,2018-02-20 18:49:21,18.8225,0,True,1,0
d974607c57ca915767ed00355b0a7bcb,2018-07-31 15:08:31,2018-08-03,2018-08-03 16:04:58,16.08277777777778,0,True,1,0
48c624d7fc96b46021a6e12536c643fb,2018-08-14 21:58:39,2018-08-21,2018-08-21 20:34:48,20.58,0,True,1,0
8a098e4e3159f7d2618ce9617622973b,2018-02-26 09:38:00,2018-03-22,2018-03-22 17:23:28,17.391111111111112,0,True,1,0
79172945447a2dd29abbffd445a99205,2018-08-05 09:55:03,2018-08-10,2018-08-10 22:31:56,22.532222222222224,0,True,1,0
e7b75dcb0795b77469ac7446ec900380,2018-03-05 18:16:02,2018-03-23,2018-03-23 17:38:22,17.639444444444443,0,True,1,0
4df371955120c03af473cf4160cb6c65,2018-08-17 00:58:46,2018-08-24,2018-08-24 20:41:59,20.69972222222222,0,True,1,0
75d0f04960793ef74751b16941fc52e6,2018-03-27 13:04:13,2018-04-20,2018-04-20 14:11:58,14.199444444444444,0,True,1,0
2b4ddcfd05002739cb1f110eda444800,2018-08-10 16:53:55,2018-08-15,2018-08-15 16:15:25,16.256944444444443,0,True,1,0
0d702a2aa767d3a728780f8b61e31a46,2018-08-06 14:22:13,2018-08-09,2018-08-09 20:33:05,20.551388888888887,0,True,1,0
1a9919330851f39651db4ff4beb1e4cb,2017-08-16 20:50:17,2017-09-08,2017-09-08 21:51:20,21.855555555555554,0,True,1,0
87811b58ba953094fd108cf9bbe44493,2018-01-14 17:00:58,2018-02-14,2018-02-14 19:46:57,19.7825,0,True,1,0
e259b06c4b796ae03f30c37990b5e126,2017-11-24 17:31:42,2017-12-18,2017-12-18 19:14:49,19.246944444444445,0,True,1,0
dfb28e6c33c63302a23a2166674f1864,2017-11-24 21:39:39,2017-12-08,2017-12-08 00:47:46,0.7961111111111111,0,True,1,0
9f6ae9af23299996f0a1bdd6a35f08a1,2017-06-16 16:51:08,2017-07-20,2017-07-20 18:47:32,18.79222222222222,0,True,1,0
e74f2f5d0d5b389e7ec83948628a2b9c,2018-08-06 12:54:18,2018-08-17,2018-08-17 18:12:00,18.2,0,True,1,0
0cf4406688aab4ea5593cc48304e8887,2018-08-09 18:32:12,2018-08-14,2018-08-14 20:26:41,20.44472222222222,0,True,1,0
0a499296998c5b2e877297984bdf657c,2017-03-16 10:03:53,2017-04-07,2017-04-07 13:47:59,13.799722222222222,0,True,1,0
6fa25e5deedf726d264d6714ac4a8ab4,2018-08-03 13:18:15,2018-08-08,2018-08-08 18:56:37,18.94361111111111,0,True,1,0
812f59f34238daae0b90419914cecbc1,2017-11-28 16:53:56,2017-12-12,2017-12-12 00:03:36,0.06,0,True,1,0
c5e44ccca834721d269f1227236ae8be,2018-07-13 11:05:00,2018-08-02,2018-08-02 18:23:53,18.398055555555555,0,True,1,0
a2ec9e724d3526894d9d1a8868623e9b,2017-07-18 19:42:47,2017-08-04,2017-08-04 15:02:17,15.038055555555555,0,True,1,0
4e7474d49d1ef3688ffdd819f87f8322,2018-08-16 19:05:07,2018-08-21,2018-08-21 15:16:56,15.282222222222222,0,True,1,0
931b5b510d21c486fe86269b2e36fedb,2017-11-28 12:13:30,2017-12-12,2017-12-12 01:18:40,1.3111111111111111,0,True,1,0
00378c6c981f234634c0b9d6128df6dd,2018-02-02 19:39:46,2018-02-26,2018-02-26 21:36:00,21.6,0,True,1,0
a849c2a7ea93e09f56fba22f019394da,2017-11-25 18:25:52,2017-12-19,2017-12-19 22:42:51,22.714166666666667,0,True,1,0
6cbdf7000f3b95299293ee7375b40df2,2018-05-18 20:47:53,2018-06-04,2018-06-04 14:36:41,14.61138888888889,0,True,1,0
5c70dd56919e4ecb33f8d48067944b48,2018-03-26 22:25:35,2018-04-17,2018-04-17 22:46:23,22.773055555555555,0,True,1,0
227e226c302f202f8fe0ac838846adf3,2017-12-06 18:59:33,2018-01-03,2018-01-03 16:29:11,16.48638888888889,0,True,1,0
3745ac683b5ef89d47799dcd2a703d99,2017-11-05 17:59:44,2017-11-17,2017-11-17 16:57:34,16.959444444444443,0,True,1,0
191bf2b9fb050515f22b85c7011efe08,2017-07-18 09:30:46,2017-07-31,2017-07-31 21:21:49,21.363611111111112,0,True,1,0
1b1b3a4e0fe992985df0687e28917050,2017-07-04 14:51:14,2017-07-28,2017-07-28 16:13:31,16.225277777777777,0,True,1,0
378d1ac3d8e22dd46990757398ae8500,2018-08-05 23:14:45,2018-08-10,2018-08-10 18:52:44,18.878888888888888,0,True,1,0
c344fe0fa6569ff29fb0c6b832ef199c,2017-11-27 11:00:42,2017-12-15,2017-12-15 18:39:01,18.650277777777777,0,True,1,0
f27ae17adead1c0c2c6bff69eeb86231,2018-03-06 09:12:56,2018-03-16,2018-03-16 17:48:54,17.815,0,True,1,0
513ce9adddd9478074b801c06baa35d7,2018-01-27 16:39:17,2018-02-26,2018-02-26 10:32:43,10.545277777777779,0,True,1,0
3bc8ed11854636da26d706f0bf61b3f9,2018-03-03 10:44:09,2018-03-28,2018-03-28 14:26:50,14.447222222222223,0,True,1,0
4ea1ece1ec047c5584158141afd4c500,2017-11-26 20:44:34,2017-12-12,2017-12-12 22:15:14,22.253888888888888,0,True,1,0
3cba655faae78feacf27f20900c776e0,2017-09-06 20:10:17,2017-09-26,2017-09-26 17:05:08,17.085555555555555,0,True,1,0
bd2b7745e4aba6100b89a52d7e6dc9e5,2017-03-12 22:14:20,2017-04-11,2017-04-11 16:07:36,16.126666666666665,0,True,1,0
dde501be9ad20d82ea7709dbaade2aa0,2018-04-07 13:51:32,2018-05-02,2018-05-02 17:34:05,17.568055555555556,0,True,1,0
ac018e51985244ead60060db0a84f1ad,2018-03-11 17:09:55,2018-04-11,2018-04-11 19:28:38,19.477222222222224,0,True,1,0
b7a194de2e14ca9f41580f8c6eb13660,2017-03-17 14:31:01,2017-04-05,2017-04-05 10:20:08,10.335555555555555,0,True,1,0
6ef946c23a02ae5e2cfe4779ad34d805,2018-01-09 23:04:22,2018-02-14,2018-02-14 12:21:20,12.355555555555556,0,True,1,0
ed552069bc1dfbbae315ecf454b1e5d0,2018-04-18 15:38:50,2018-04-30,2018-04-30 16:12:51,16.214166666666667,0,True,1,0
f408600ecfb1900d32519ca61e34e4f0,2018-01-22 21:06:04,2018-02-14,2018-02-14 19:38:43,19.64527777777778,0,True,1,0
52cc3e73c44b95c3e54b97771869da1b,2017-08-29 16:22:36,2017-09-21,2017-09-21 20:48:33,20.809166666666666,0,True,1,0
a9fa7ea99c0724de00e9d31f2a39a723,2017-11-29 14:57:40,2017-12-21,2017-12-21 21:09:04,21.15111111111111,0,True,1,0
e1faf9211232539926d65299a9067f98,2018-07-30 22:49:08,2018-08-07,2018-08-07 15:26:42,15.445,0,True,1,0
2c08af91c0b50d5d87fd30ecb5cc0e31,2018-08-23 17:19:57,2018-08-29,2018-08-29 17:08:46,17.14611111111111,0,True,1,0
38f6871a527b1bba63f4db9b0f3dee2d,2018-06-14 19:35:01,2018-07-11,2018-07-11 15:40:55,15.681944444444444,0,True,1,0
e1d588525687728bd046a5808e6556b8,2017-11-24 09:03:40,2017-12-20,2017-12-20 17:22:18,17.371666666666666,0,True,1,0
2743e4444be8f3c17243ff49bcba405b,2017-11-08 06:16:09,2017-11-28,2017-11-28 20:37:02,20.61722222222222,0,True,1,0
cd6d5ca28fe5c4aabf7aec6f2968bd49,2017-11-28 21:10:55,2017-12-18,2017-12-18 22:24:49,22.413611111111113,0,True,1,0
52bf28ebedb0f11a3ba0efec670acd4e,2018-03-29 17:05:37,2018-04-19,2018-04-19 23:40:37,23.676944444444445,0,True,1,0
ec26c1491fdcbe838088423209459e36,2018-02-11 09:47:36,2018-02-26,2018-02-26 18:18:56,18.315555555555555,0,True,1,0
89e371394a8b2bf6c2648361a2e60b24,2017-08-16 21:44:22,2017-08-29,2017-08-29 10:58:15,10.970833333333333,0,True,1,0
1ce405beadd6bae1e6337ebc563b3b93,2018-03-13 16:11:56,2018-03-29,2018-03-29 00:28:34,0.4761111111111111,0,True,1,0
dea423aff47d60bcd5f0678234bf8c3f,2018-08-06 18:38:10,2018-08-14,2018-08-14 19:49:06,19.81833333333333,0,True,1,0
228df0c2e8c23cc26e2a14eeb701fba7,2018-08-20 08:17:29,2018-08-27,2018-08-27 15:27:42,15.461666666666666,0,True,1,0
88857d91dc3370190060f4b06041e708,2017-12-04 01:27:58,2017-12-27,2017-12-27 13:06:13,13.10361111111111,0,True,1,0
07bf5c685616f41e3e2ec06b6f5623ff,2018-02-26 09:47:20,2018-03-23,2018-03-23 02:22:04,2.367777777777778,0,True,1,0
6ee1c0ae2850fce0967f050c82d6a532,2018-08-20 07:07:54,2018-08-23,2018-08-23 22:18:52,22.314444444444444,0,True,1,0
8b9563eca3fcbc37caa2455d0dadc3bb,2017-11-23 13:34:10,2017-12-21,2017-12-21 12:35:31,12.591944444444444,0,True,1,0
cbe22f8d51444e6cc27868a2ec81062e,2017-10-15 21:08:08,2017-11-03,2017-11-03 17:33:35,17.559722222222224,0,True,1,0
4992c33902c32884bbf438c7e9322703,2018-03-12 09:06:55,2018-04-03,2018-04-03 01:07:01,1.1169444444444445,0,True,1,0
00a3f1ef430d3984dece2f39d6cbf431,2018-05-18 13:28:08,2018-06-06,2018-06-06 15:42:48,15.713333333333333,0,True,1,0
27a6ada08a4daaa908ef8f862441e486,2018-01-30 11:24:41,2018-02-22,2018-02-22 22:16:53,22.281388888888888,0,True,1,0
55e6b6da22f9fc2e3482b436eeea7da3,2018-01-18 12:49:48,2018-02-16,2018-02-16 16:23:00,16.383333333333333,0,True,1,0
68931f0c8d94e2097accb925c9d37627,2017-05-25 23:32:26,2017-06-19,2017-06-19 12:49:46,12.829444444444444,0,True,1,0
6afee35d4619c0d99cbf16d1e4e461eb,2017-08-06 08:49:24,2017-08-29,2017-08-29 21:33:59,21.566388888888888,0,True,1,0
d6235477014458ade86158040370fca8,2018-03-03 23:35:15,2018-03-16,2018-03-16 23:12:57,23.215833333333332,0,True,1,0
cf954e7391c1981cc9090267aec67ee9,2018-04-19 08:26:03,2018-05-09,2018-05-09 21:41:20,21.68888888888889,0,True,1,0
b5b45b75641df9adb6a1a1609bcb77f9,2018-07-31 10:47:08,2018-08-15,2018-08-15 18:58:55,18.981944444444444,0,True,1,0
49096a052563c7c07964cb46f6f4d572,2018-08-22 10:51:09,2018-08-30,2018-08-30 22:16:30,22.275,0,True,1,0
5c821b37fad60b510aec78ab1883a584,2018-02-28 15:59:59,2018-03-22,2018-03-22 15:17:37,15.293611111111112,0,True,1,0
e762633655ca1d869d2036864e96fb6f,2018-08-05 22:41:40,2018-08-13,2018-08-13 23:26:26,23.440555555555555,0,True,1,0
36ac24408c8961fa716d34c9cb8aaf17,2018-03-11 22:13:30,2018-03-28,2018-03-28 15:48:29,15.808055555555555,0,True,1,0
20316f53ea8065f870f90eb423b39b1a,2017-09-13 16:12:04,2017-10-06,2017-10-06 19:14:59,19.24972222222222,0,True,1,0
2362f0e9afcae197310501d93b070bb6,2018-05-13 21:50:15,2018-06-05,2018-06-05 14:28:54,14.481666666666667,0,True,1,0
c082fba06abf4ecfda79646a32f64954,2018-03-02 09:34:05,2018-04-05,2018-04-05 21:33:21,21.555833333333332,0,True,1,0
0d78ff8b7d8f2a3590a2e4745240f97b,2018-01-27 12:32:23,2018-02-14,2018-02-14 21:39:01,21.650277777777777,0,True,1,0
e2d38ab302de39ef3087f6a3a58c8e6d,2018-04-25 16:08:27,2018-06-06,2018-06-06 22:52:35,22.87638888888889,0,True,1,0
2e63900419b641113428990171e12fba,2017-11-15 15:56:13,2017-12-06,2017-12-06 16:49:18,16.821666666666665,0,True,1,0
9b0736df64a320c985e2aa02453ce16f,2018-08-23 11:37:30,2018-08-28,2018-08-28 13:15:47,13.263055555555555,0,True,1,0
10f5c2d2d4bfa731b1ea9cdcb6175099,2017-08-31 13:13:43,2017-09-21,2017-09-21 18:22:44,18.378888888888888,0,True,1,0
fdc6a2cbab0fdf2d9b3e54c5bf3f5b28,2018-07-30 14:01:12,2018-08-02,2018-08-02 21:27:46,21.462777777777777,0,True,1,0
5619a43b2e52eacbfaafc5c569c1866d,2017-11-11 07:19:12,2017-12-01,2017-12-01 20:33:45,20.5625,0,True,1,0
a8ad75728836e5b2103463b917d0e6f4,2018-08-01 21:08:42,2018-08-08,2018-08-08 18:22:18,18.371666666666666,0,True,1,0
db21eaa63f7c06553ad9d2d4f25e41d4,2018-02-28 12:33:09,2018-03-19,2018-03-19 22:29:40,22.494444444444444,0,True,1,0
08c3d8da1ee7ffc88a41cd145a4675ba,2018-05-07 10:48:57,2018-06-05,2018-06-05 15:40:55,15.681944444444444,0,True,1,0
b9eaa4a76558ca828580d82dec38cca9,2018-08-05 17:04:16,2018-08-17,2018-08-17 00:44:34,0.7427777777777778,0,True,1,0
fd607d0a02cb276bc764a15f80f0423f,2018-07-26 09:13:04,2018-08-16,2018-08-16 17:12:37,17.210277777777776,0,True,1,0
c6ce16ec9d90cc25b3372ce14fbfb327,2018-05-15 17:05:39,2018-06-05,2018-06-05 20:26:23,20.439722222222223,0,True,1,0
b761638825ae06cc0b14018811fd7ab9,2018-03-15 15:23:41,2018-04-12,2018-04-12 15:56:22,15.939444444444444,0,True,1,0
88008081e510164b2d0acafb67262843,2018-05-15 15:14:54,2018-06-01,2018-06-01 22:05:13,22.086944444444445,0,True,1,0
8953a647003d73790117d36c57de87b8,2018-08-05 17:12:09,2018-08-13,2018-08-13 18:36:48,18.613333333333333,0,True,1,0
c8ebc5287c1e130db3ef5c6d50dc24eb,2017-11-24 11:16:25,2017-12-21,2017-12-21 22:28:43,22.47861111111111,0,True,1,0
fa642a520fa06e31dd5b64808e1fa92d,2017-11-15 11:20:30,2017-12-11,2017-12-11 23:28:52,23.48111111111111,0,True,1,0
8705f63a4f33f2570126a9f57336b1e4,2017-11-29 15:41:09,2017-12-21,2017-12-21 19:15:24,19.256666666666668,0,True,1,0
171b95be9dfea0748f5bb8f017882f8f,2018-08-14 08:42:14,2018-08-17,2018-08-17 17:44:34,17.74277777777778,0,True,1,0
7ca7a07f7d966253bdf088730665e423,2018-03-28 00:23:11,2018-04-20,2018-04-20 18:06:30,18.108333333333334,0,True,1,0
e55a9d669bfd16074230197d17e39034,2018-08-08 11:54:29,2018-08-13,2018-08-13 16:08:30,16.141666666666666,0,True,1,0
8ae8b33f63d9924a2db9ec6c1e98fd35,2017-04-03 14:04:19,2017-05-05,2017-05-05 06:06:12,6.1033333333333335,0,True,1,0
6e787abee7049d6c51663bdf25a4b2cf,2018-07-20 08:57:42,2018-08-08,2018-08-08 15:31:18,15.521666666666667,0,True,1,0
4d3bf07ef40875871c01c931d3755940,2018-05-16 01:18:19,2018-06-05,2018-06-05 22:17:32,22.29222222222222,0,True,1,0
28b2ab76328cbe5369a5717a90b26830,2018-01-25 23:59:09,2018-03-02,2018-03-02 17:13:22,17.22277777777778,0,True,1,0
71c04eba03595f13adc87878455ffa92,2018-03-08 23:18:44,2018-03-27,2018-03-27 16:58:31,16.975277777777777,0,True,1,0
a214ab5dc32ac17a484d2e0f95f8c90b,2018-08-01 12:28:56,2018-08-10,2018-08-10 02:08:33,2.1425,0,True,1,0
8f5b71cb7b725a21f373cf39ddf4bfbb,2018-05-10 13:48:32,2018-06-06,2018-06-06 22:58:32,22.975555555555555,0,True,1,0
d29389c3c21bb08880e15429748e5ff4,2018-03-19 00:18:50,2018-03-29,2018-03-29 14:59:39,14.994166666666667,0,True,1,0
c6b9d214855dbd27b6a58f9738425f62,2017-11-28 16:55:41,2017-12-19,2017-12-19 02:13:48,2.23,0,True,1,0
afa28a40d797205357162090d6381e40,2018-04-03 16:39:17,2018-05-02,2018-05-02 17:53:41,17.89472222222222,0,True,1,0
cf2b1b5aa5205a5c2e895d05702ba9fd,2018-08-10 16:02:36,2018-08-15,2018-08-15 17:31:49,17.530277777777776,0,True,1,0
3fd7b46e6db1b2d7094ad6a73685ccc5,2018-03-13 09:55:40,2018-04-13,2018-04-13 14:32:48,14.546666666666667,0,True,1,0
6ce409ae9fc35c1c78c3190b660a23b4,2018-02-28 12:04:20,2018-03-23,2018-03-23 19:56:39,19.944166666666668,0,True,1,0
9264772e1e557706d0a81e9addf98362,2018-02-06 21:57:47,2018-02-22,2018-02-22 19:50:23,19.83972222222222,0,True,1,0
af429aa4c68dea6ce6863e63c261fd6c,2018-07-23 17:40:17,2018-08-29,2018-08-29 18:31:41,18.528055555555557,0,True,1,0
57287b46dc0f2bbc56c73b239cbc425c,2018-03-19 16:29:25,2018-04-05,2018-04-05 23:19:01,23.316944444444445,0,True,1,0
39fb67bad5d8285a2665a7ad0a0058aa,2018-08-13 21:19:19,2018-08-20,2018-08-20 21:38:41,21.64472222222222,0,True,1,0
a8dbaf4197af2f96f35fb65ad457c912,2018-05-13 19:21:01,2018-06-05,2018-06-05 20:05:42,20.095,0,True,1,0
7acfd4aa33c1b78983341a96a53e1bde,2017-09-19 18:03:53,2017-10-10,2017-10-10 23:09:44,23.162222222222223,0,True,1,0
91ea7a06795c4dc4544b5ef64d3e56e2,2017-11-16 19:23:35,2017-12-06,2017-12-06 01:46:50,1.7805555555555554,0,True,1,0
cf57aabdd172a83f9c94d0800d5187c1,2018-03-24 18:59:48,2018-04-06,2018-04-06 21:33:09,21.5525,0,True,1,0
28ccec702266c9454f2cd75eb005b7d6,2018-03-30 06:10:49,2018-04-12,2018-04-12 17:19:49,17.330277777777777,0,True,1,0
55818ca5e8e590285938c49fccd72eef,2018-08-06 09:14:27,2018-08-13,2018-08-13 14:22:57,14.3825,0,True,1,0
e3c2135c38233042e0bfa35a97882582,2018-01-17 22:10:43,2018-02-19,2018-02-19 13:09:16,13.154444444444444,0,True,1,0
c8da7aba86bfc11d56c767b13ba74d7f,2018-05-21 00:43:57,2018-05-30,2018-05-30 20:18:41,20.31138888888889,0,True,1,0
b54067c1de5c179e70ddaed8223bbf5f,2018-03-23 16:00:33,2018-04-12,2018-04-12 16:59:47,16.996388888888887,0,True,1,0
c3fb8e13cb37ff21273a1d90ebcf0896,2018-05-21 19:51:24,2018-05-29,2018-05-29 15:23:25,15.390277777777778,0,True,1,0
5b16597db46078bb77a52724f579a731,2018-03-12 15:57:00,2018-04-03,2018-04-03 15:21:42,15.361666666666666,0,True,1,0
d76ae02361b19ee1c7a277bf4740a64f,2018-08-03 15:28:52,2018-08-08,2018-08-08 21:58:56,21.982222222222223,0,True,1,0
f672188ca89296f0a903617f5fca8d17,2018-08-05 17:08:02,2018-08-09,2018-08-09 15:20:47,15.346388888888889,0,True,1,0
4418e54649d925fb8532ff8d11bcea61,2018-07-30 15:43:39,2018-08-07,2018-08-07 21:32:51,21.5475,0,True,1,0
b586660c5402b54547ea145829f65c77,2018-03-08 19:20:57,2018-03-26,2018-03-26 22:11:29,22.191388888888888,0,True,1,0
73cb429669ebb88bba7787201730c88e,2017-12-06 12:38:42,2018-01-04,2018-01-04 19:43:47,19.72972222222222,0,True,1,0
0f55b0d2cf0cef20a803b08673624f7e,2018-02-25 12:15:25,2018-03-16,2018-03-16 23:48:13,23.80361111111111,0,True,1,0
b3355f7dd6280519c31a73e7819523ea,2018-07-29 06:54:17,2018-08-02,2018-08-02 00:18:21,0.30583333333333335,0,True,1,0
fccfc993172f9dcf96a728c266a98dad,2017-06-06 13:39:18,2017-07-03,2017-07-03 13:22:17,13.37138888888889,0,True,1,0
eb2e56877e1f053dedc857408122a7b4,2018-08-25 21:49:02,2018-08-30,2018-08-30 01:20:34,1.3427777777777778,0,True,1,0
557e7ed9b11b0dd74545009ef0c7a74c,2018-08-05 08:39:58,2018-08-24,2018-08-24 18:56:43,18.94527777777778,0,True,1,0
f9cd682c98faebc2a0e15970b3265653,2018-03-03 14:28:53,2018-03-21,2018-03-21 23:42:46,23.712777777777777,0,True,1,0
fe95adc34996ff34a9e162373c058584,2018-05-02 22:26:16,2018-05-21,2018-05-21 22:41:56,22.698888888888888,0,True,1,0
2c7e89e493d79a803615950d27017f1f,2017-11-24 10:18:10,2017-12-11,2017-12-11 19:09:48,19.163333333333334,0,True,1,0
e4b6df3eb118302bd304c9d02ca19afd,2017-10-09 19:32:28,2017-10-20,2017-10-20 15:52:57,15.8825,0,True,1,0
d6275af2a1ba682fef89898fec0e7636,2018-06-08 17:19:34,2018-06-21,2018-06-21 21:33:19,21.55527777777778,0,True,1,0
7beb96c2b44515d5794d02d8a0626656,2017-03-23 22:58:03,2017-04-13,2017-04-13 12:18:49,12.313611111111111,0,True,1,0
60a348897e04524c8ab3287426da6417,2017-10-27 12:21:31,2017-11-16,2017-11-16 11:42:02,11.700555555555555,0,True,1,0
c0739e18e44f89c88bfbb497c5f11f52,2018-02-18 13:29:13,2018-03-19,2018-03-19 21:37:42,21.628333333333334,0,True,1,0
4af895c94fe197a1da73b4aa9e727831,2017-09-15 11:06:15,2017-10-03,2017-10-03 22:18:03,22.300833333333333,0,True,1,0
8e7f3b97378d8df36ad1b2c206db009d,2018-08-06 00:38:29,2018-08-09,2018-08-09 00:18:45,0.3125,0,True,1,0
00d88c00221ce96a1cfcaca9f2fceb3b,2018-03-06 23:02:01,2018-03-28,2018-03-28 15:49:01,15.816944444444445,0,True,1,0
c754df662a2370682a708ef4b36b63cb,2018-08-16 22:52:29,2018-08-21,2018-08-21 00:57:36,0.96,0,True,1,0
43f1558f9eec3596990432207c65c146,2017-08-28 20:03:11,2017-09-08,2017-09-08 16:25:57,16.4325,0,True,1,0
82bda23fb0584ed5750d372e9b597e4d,2018-03-01 15:08:04,2018-03-23,2018-03-23 13:58:45,13.979166666666666,0,True,1,0
0ec03e8e9359fb3a1b56c45a5710648b,2018-03-07 11:32:14,2018-03-26,2018-03-26 18:46:56,18.782222222222224,0,True,1,0
cbad84cbc3469e39f8f765362e2a9ae4,2018-05-17 14:06:50,2018-06-06,2018-06-06 21:38:31,21.641944444444444,0,True,1,0
ffea406a848c8afe4dec22bf6290ba00,2017-03-15 17:16:36,2017-04-05,2017-04-05 18:48:06,18.801666666666666,0,True,1,0
9450a19a745c16784964ea86003dc665,2018-08-06 17:47:40,2018-08-09,2018-08-09 14:27:44,14.462222222222222,0,True,1,0
99ac72244106ef18ebd81fb6bebfa4bb,2017-11-24 22:46:05,2017-12-27,2017-12-27 14:09:37,14.160277777777777,0,True,1,0
0005a1a1728c9d785b8e2b08b904576c,2018-03-19 18:40:33,2018-03-29,2018-03-29 18:17:31,18.291944444444443,0,True,1,0
122154e627ed5da2a413b777f408b840,2018-03-22 16:06:19,2018-04-18,2018-04-18 16:16:30,16.275,0,True,1,0
ef18e24fd3d9f1aee48d85eb83bb7425,2017-12-10 19:09:18,2018-01-05,2018-01-05 23:33:23,23.55638888888889,0,True,1,0
fb69c7597d5c2d0f839030ab8618f54c,2018-04-05 10:50:36,2018-04-25,2018-04-25 18:34:36,18.576666666666668,0,True,1,0
83d0857ac987879b479b12fda691870d,2017-12-05 14:29:58,2017-12-28,2017-12-28 21:17:20,21.288888888888888,0,True,1,0
e99362369d13342d20ac941c30e25294,2017-06-13 08:36:28,2017-07-10,2017-07-10 19:12:13,19.203611111111112,0,True,1,0
1b4e5194ba21a82ca345b9c27211b00d,2018-05-16 15:37:38,2018-06-05,2018-06-05 10:34:35,10.57638888888889,0,True,1,0
c4cb147fbbbe5e1c9d10ebf2cf1501f9,2018-08-02 12:07:25,2018-08-09,2018-08-09 21:08:51,21.1475,0,True,1,0
bb51d990e13eede824f5cf615f0d7167,2017-06-14 22:27:03,2017-06-28,2017-06-28 16:51:41,16.86138888888889,0,True,1,0
de5219d73e2adb00e7f062aee80985dd,2018-01-29 16:10:36,2018-02-20,2018-02-20 12:35:58,12.599444444444444,0,True,1,0
c0926505809f1295c7ca6902c2c4d932,2018-05-20 13:30:26,2018-06-07,2018-06-07 18:15:39,18.260833333333334,0,True,1,0
4a46aca9ae0f89326ddb4bd7dfd041a1,2017-03-26 15:13:46,2017-04-18,2017-04-18 14:10:43,14.178611111111111,0,True,1,0
14cccd76360744f54b4d0fad37c12ebb,2018-04-11 16:38:48,2018-05-10,2018-05-10 23:12:57,23.215833333333332,0,True,1,0
7cf0a0e1a5215dd653bcba7bece011d2,2018-02-20 19:03:21,2018-03-19,2018-03-19 20:32:32,20.54222222222222,0,True,1,0
1f3be0325231ba927e78b6b517db7455,2017-10-13 18:04:34,2017-10-25,2017-10-25 20:52:50,20.880555555555556,0,True,1,0
5c4b6f896e003ca0b2a00ac3d1124822,2018-08-15 00:20:37,2018-08-20,2018-08-20 11:39:57,11.665833333333333,0,True,1,0
b3eb711b3ee8bcf03282d08691df711c,2017-04-12 02:35:02,2017-05-15,2017-05-15 11:47:58,11.799444444444445,0,True,1,0
523f7d5ee2ea5775addb6d622b17f92b,2017-10-31 16:48:48,2017-11-23,2017-11-23 22:42:35,22.709722222222222,0,True,1,0
94a8d8bcc1d121eda5d59670f27d48e8,2018-04-02 21:04:15,2018-04-18,2018-04-18 16:49:32,16.825555555555557,0,True,1,0
f9245df1b0c468848b543715adf6c4eb,2018-05-15 16:20:02,2018-06-04,2018-06-04 18:18:34,18.309444444444445,0,True,1,0
46e889af10459a1b39f2be47d8729a02,2018-07-29 09:43:36,2018-08-10,2018-08-10 05:32:48,5.546666666666667,0,True,1,0
cb415863b9b9ae1341b2deaebdc88c9b,2018-02-06 17:30:15,2018-03-02,2018-03-02 18:09:00,18.15,0,True,1,0
79ac95840d74737ded29fca0a680ed65,2018-03-29 00:27:33,2018-04-18,2018-04-18 18:58:38,18.977222222222224,0,True,1,0
6dabb450123d01750d1b176ea59026a1,2017-11-24 07:24:10,2017-12-19,2017-12-19 18:21:17,18.35472222222222,0,True,1,0
7c3568d42d0c0610c6a6c0f864d03b03,2017-11-24 23:31:10,2017-12-20,2017-12-20 13:07:03,13.1175,0,True,1,0
1fa468994c6de461001e0d8849f60a7f,2017-12-06 09:03:48,2018-01-03,2018-01-03 19:28:29,19.474722222222223,0,True,1,0
55fa93249d8122a871689fd4c9511e2b,2018-02-19 12:10:00,2018-03-20,2018-03-20 19:39:28,19.657777777777778,0,True,1,0
124223dc899eca6ac54187a54f1e3632,2018-08-24 09:20:03,2018-08-30,2018-08-30 21:51:12,21.85333333333333,0,True,1,0
4014ecd96ac1d06f8cca3ac729c389ff,2018-08-05 01:59:32,2018-08-10,2018-08-10 23:57:50,23.96388888888889,0,True,1,0
ebf5dbab20132b5c6b7d76d2ec6dc7ba,2018-08-20 12:25:52,2018-08-23,2018-08-23 23:14:23,23.239722222222223,0,True,1,0
c8616afdf0665e9bcbc7673c6219c472,2017-12-18 23:51:12,2018-01-16,2018-01-16 17:29:34,17.49277777777778,0,True,1,0
9c7bac99c8e380b1c915cdba1ff29e65,2017-04-25 07:18:53,2017-05-16,2017-05-16 09:41:54,9.698333333333334,0,True,1,0
cdc0adbdd9628dea5d7fb2032fd66c69,2018-08-24 14:24:45,2018-08-29,2018-08-29 12:15:48,12.263333333333334,0,True,1,0
11d5dffdefb7041981ab58b5e56aa51c,2017-12-18 17:03:53,2018-01-12,2018-01-12 20:03:46,20.06277777777778,0,True,1,0
0e189b310d9c4e39fcb861ec9c0db8cb,2018-02-20 14:17:52,2018-03-16,2018-03-16 14:06:34,14.109444444444444,0,True,1,0
c42ac190bf90285f082b67c0faf403c9,2017-06-19 17:46:11,2017-07-11,2017-07-11 17:39:56,17.665555555555557,0,True,1,0
739ee9313185c60eb018bf03f642fc61,2017-10-20 19:08:24,2017-11-10,2017-11-10 20:26:53,20.448055555555555,0,True,1,0
9d1f30c30b178f88dc63a40f36298ee3,2017-03-15 14:43:22,2017-04-07,2017-04-07 15:03:07,15.051944444444445,0,True,1,0
f6b21dc04fd9a818939dd9aeb45d9b37,2018-04-10 21:25:11,2018-05-04,2018-05-04 10:52:23,10.873055555555556,0,True,1,0
f56432d05172df07d256233e2b1f36dc,2017-11-16 19:50:58,2017-12-12,2017-12-12 21:58:58,21.982777777777777,0,True,1,0
444cac26abc4e08633d89fb741c242d8,2018-05-16 00:13:04,2018-06-05,2018-06-05 20:42:09,20.7025,0,True,1,0
b865e2a136f1f12fb4fcc46a1188d1c8,2018-05-18 15:29:45,2018-06-07,2018-06-07 19:38:37,19.64361111111111,0,True,1,0
4e0158c628911a5f52cfbc38242c0d08,2018-02-02 12:58:05,2018-03-06,2018-03-06 01:04:47,1.0797222222222222,0,True,1,0
81964f82f03b74bb44ad9b9dd2908a77,2018-03-01 21:18:52,2018-03-22,2018-03-22 20:48:38,20.810555555555556,0,True,1,0
dc36912ce651720c4c3ed389377085fc,2018-05-18 17:45:22,2018-06-06,2018-06-06 18:04:13,18.07027777777778,0,True,1,0
3ea0c27406751dd56d4c57b342aa3b38,2018-08-02 12:05:17,2018-08-07,2018-08-07 20:28:38,20.477222222222224,0,True,1,0
50dca56efe42d2213549482d6a885d6f,2017-10-17 20:27:04,2017-11-09,2017-11-09 18:17:23,18.289722222222224,0,True,1,0
aebe2bdd8b711c3314346813ff5fbc85,2018-03-16 21:03:26,2018-04-13,2018-04-13 16:46:43,16.77861111111111,0,True,1,0
4e9fe46327dd25b934cc82d238a874f8,2018-08-12 18:23:39,2018-08-27,2018-08-27 19:08:31,19.141944444444444,0,True,1,0
cecdac61b34706beb4fb0d9a531082a2,2018-08-15 15:09:47,2018-08-20,2018-08-20 14:11:25,14.190277777777778,0,True,1,0
07c60b22ef2c61750215fd44cf67f928,2018-08-05 21:07:49,2018-08-13,2018-08-13 18:28:48,18.48,0,True,1,0
6351b80ae9f0c878fd15defcfc6926e7,2017-09-12 21:44:56,2017-10-10,2017-10-10 19:04:59,19.083055555555557,0,True,1,0
cad8ab3b1083311bd57b8ea9aa7c1c85,2018-08-03 12:29:32,2018-08-20,2018-08-20 22:08:59,22.149722222222223,0,True,1,0
0340d758cc0da066316cbc55fb7f7596,2018-02-20 08:48:01,2018-03-16,2018-03-16 20:22:00,20.366666666666667,0,True,1,0
42e9af98d600b96e51f57f1cd3d1529d,2018-08-08 10:28:22,2018-08-13,2018-08-13 22:41:55,22.698611111111113,0,True,1,0
97bf52f3429b21123c9465fecfb66162,2018-02-28 09:49:55,2018-03-20,2018-03-20 20:26:48,20.446666666666665,0,True,1,0
f6a4a400964182f614b03c3844290d74,2018-02-14 18:25:21,2018-03-13,2018-03-13 23:32:31,23.541944444444443,0,True,1,0
f6557fb0a00716c9af72d15943e20704,2017-09-19 13:22:06,2017-09-29,2017-09-29 20:04:37,20.076944444444443,0,True,1,0
aec0f45f4c980472a8293f2213d49a19,2018-07-31 15:45:23,2018-08-16,2018-08-16 15:06:42,15.111666666666666,0,True,1,0
971d58b94f7bda9a79f4847e1509a433,2017-02-07 23:16:34,2017-03-10,2017-03-10 08:54:02,8.900555555555556,0,True,1,0
da00a701a6b06de5995ee998ae82ce43,2017-10-09 21:58:55,2017-10-27,2017-10-27 19:56:32,19.942222222222224,0,True,1,0
442ec78ed357a4b45b7a0a5b67c2f050,2017-11-24 22:24:43,2017-12-08,2017-12-08 19:03:33,19.059166666666666,0,True,1,0
75acfc4ebfc9ddb503a29002b31d8d80,2018-05-11 19:22:03,2018-06-07,2018-06-07 18:48:47,18.813055555555554,0,True,1,0
0ca8999f0176e37f35b6e49a9b2569da,2017-10-06 10:52:01,2017-10-24,2017-10-24 13:36:19,13.605277777777777,0,True,1,0
ff9c2c99255c1843bf2fa114e7e35569,2017-04-14 18:01:11,2017-05-10,2017-05-10 05:10:11,5.169722222222222,0,True,1,0
1dde4ac4444355c43b97d058a89e45bf,2018-08-03 19:15:36,2018-08-15,2018-08-15 16:40:51,16.680833333333332,0,True,1,0
467fe7e72b99534adc114568a39c8102,2018-07-24 12:44:10,2018-08-07,2018-08-07 21:16:53,21.281388888888888,0,True,1,0
33d85d21dd088cf5ed7a5611d65853e5,2018-03-07 19:56:55,2018-03-19,2018-03-19 18:08:39,18.144166666666667,0,True,1,0
498df1cd2e70db2732f74f8c673e733f,2018-02-15 11:46:10,2018-03-09,2018-03-09 20:21:47,20.363055555555555,0,True,1,0
bf294e9fc4071077ff5ffbeb803602fd,2018-08-10 16:21:47,2018-08-16,2018-08-16 00:18:44,0.31222222222222223,0,True,1,0
a5c1ff96e29c6fe4541f39859600716c,2017-11-27 13:55:29,2017-12-18,2017-12-18 11:13:01,11.216944444444444,0,True,1,0
73716792079a3819a7022fdf6500f9fb,2018-03-05 08:44:04,2018-03-15,2018-03-15 23:08:29,23.14138888888889,0,True,1,0
c2c23632c81a919fa705b182eb5bf55e,2018-06-14 12:38:15,2018-06-29,2018-06-29 12:38:44,12.645555555555555,0,True,1,0
895760450a7b9a0a42ec7a8f5b19730f,2018-03-12 19:14:56,2018-03-22,2018-03-22 18:26:45,18.445833333333333,0,True,1,0
5e2dea58328e87e7d6a29ea1f157e287,2018-07-24 13:42:33,2018-08-10,2018-08-10 17:37:03,17.6175,0,True,1,0
32cd70fe690fdbaa00076c05359c339c,2018-04-07 21:50:59,2018-05-03,2018-05-03 15:07:36,15.126666666666667,0,True,1,0
2b57b14ff0ef2e1af9f426e11610babc,2017-12-07 15:50:13,2017-12-26,2017-12-26 20:09:27,20.1575,0,True,1,0
97710347ca7f753c166b48121724ce84,2018-04-16 17:59:29,2018-04-26,2018-04-26 00:22:57,0.3825,0,True,1,0
00d8d65b666158b633f96054d31af43b,2017-10-13 19:57:48,2017-11-07,2017-11-07 20:38:45,20.645833333333332,0,True,1,0
f7780ea2807db31691e83f0013294035,2018-07-30 15:22:15,2018-08-02,2018-08-02 18:32:30,18.541666666666668,0,True,1,0
0a245a02fe848f9fe7d36aba3f785d78,2018-05-21 21:29:28,2018-06-13,2018-06-13 10:43:44,10.72888888888889,0,True,1,0
8f779d94e10c62a62e8b697197ac55e7,2017-08-29 22:38:19,2017-09-26,2017-09-26 19:58:57,19.9825,0,True,1,0
362be14fdd33f5215e81c98b683c1602,2018-04-08 16:43:55,2018-04-24,2018-04-24 18:04:10,18.069444444444443,0,True,1,0
a891a6826aee7ca570551a63a25c135b,2018-05-18 11:19:54,2018-06-07,2018-06-07 22:05:37,22.093611111111112,0,True,1,0
d8a3a8c458243721ca285392ac882c78,2017-05-14 22:39:17,2017-06-14,2017-06-14 08:38:54,8.648333333333333,0,True,1,0
1b2fd2d45589bc249ee9ae90fdb05a6b,2018-02-25 09:47:41,2018-03-29,2018-03-29 15:57:20,15.955555555555556,0,True,1,0
fe968a563e6c2d5c98021df7d87ce9c3,2018-03-06 17:21:09,2018-03-27,2018-03-27 18:48:47,18.813055555555554,0,True,1,0
7a04f1c505fcb55b00384ea037f73f24,2018-08-07 15:00:42,2018-08-16,2018-08-16 05:22:18,5.371666666666667,0,True,1,0
dbec54e46dc0fa4809af85a952a4b4d6,2017-05-13 23:45:23,2017-06-02,2017-06-02 11:28:09,11.469166666666666,0,True,1,0
338b0cffa439f5e95d42cd30d7ace847,2017-04-23 12:07:48,2017-05-16,2017-05-16 14:33:34,14.559444444444445,0,True,1,0
4add09b525bbbd66f6571658ca867401,2017-11-25 20:28:22,2017-12-19,2017-12-19 14:47:05,14.784722222222221,0,True,1,0
ad369c5a6bd2534d48420216de8fd8f5,2018-01-29 15:19:13,2018-02-21,2018-02-21 17:46:45,17.779166666666665,0,True,1,0
0c699835432f5ca06e878ed73f893b05,2017-04-26 15:59:59,2017-05-17,2017-05-17 10:04:51,10.080833333333333,0,True,1,0
