order_id,order_status,purchase_dt,estimated_dt,actual_dt,observation_class
136cce7faa42fdb2cefd53fdc79a6098,invoiced,2017-04-11 12:22:08,2017-05-09,,OUTCOME_UNOBSERVED_BY_DATASET_END
ee64d42b8cf066f35eac1cf57de1aa85,shipped,2018-06-04 16:44:48,2018-06-28,,OUTCOME_UNOBSERVED_BY_DATASET_END
0760a852e4e9d89eb77bf631eaaf1c84,invoiced,2018-08-03 17:44:42,2018-08-21,,OUTCOME_UNOBSERVED_BY_DATASET_END
15bed8e2fec7fdbadb186b57c46c92f2,processing,2017-09-03 14:22:03,2017-10-03,,OUTCOME_UNOBSERVED_BY_DATASET_END
6942b8da583c2f9957e990d028607019,shipped,2018-01-10 11:33:07,2018-02-07,,OUTCOME_UNOBSERVED_BY_DATASET_END
36530871a5e80138db53bcfd8a104d90,shipped,2017-05-09 11:48:37,2017-06-08,,OUTCOME_UNOBSERVED_BY_DATASET_END
4d630f57194f5aba1a3d12ce23e71cd9,shipped,2017-11-17 19:53:21,2017-12-13,,OUTCOME_UNOBSERVED_BY_DATASET_END
8e24261a7e58791d10cb1bf9da94df5c,unavailable,2017-11-16 15:09:28,2017-12-05,,NOT_APPLICABLE_TERMINAL_NON_DELIVERY
3b4ad687e7e5190db827e1ae5a8989dd,shipped,2018-06-28 12:52:15,2018-08-03,,OUTCOME_UNOBSERVED_BY_DATASET_END
b68d69564a79dea4776afa33d1d2fcab,shipped,2018-02-28 08:57:03,2018-03-23,,OUTCOME_UNOBSERVED_BY_DATASET_END
d3c8851a6651eeff2f73b0e011ac45d0,processing,2016-10-05 22:44:13,2016-12-09,,OUTCOME_UNOBSERVED_BY_DATASET_END
f373335aac9a659de916f7170b8bc07a,shipped,2018-03-17 15:32:31,2018-04-13,,OUTCOME_UNOBSERVED_BY_DATASET_END
5869074071e0f56e9085dc3742c97b2a,shipped,2018-06-08 20:06:48,2018-06-28,,OUTCOME_UNOBSERVED_BY_DATASET_END
1b9ecfe83cdc259250e1a8aca174f0ad,canceled,2018-08-04 14:29:27,2018-08-14,,NOT_APPLICABLE_TERMINAL_NON_DELIVERY
6147a4d49752afd35a119d794e481588,shipped,2017-04-25 13:35:09,2017-05-29,,OUTCOME_UNOBSERVED_BY_DATASET_END
95e42e6aaf6264cd3e77c06b32dc3003,shipped,2017-11-24 09:23:33,2017-12-08,,OUTCOME_UNOBSERVED_BY_DATASET_END
38b7efdf33dd5561f4f5d4f6e07b0414,invoiced,2017-08-01 18:17:41,2017-08-28,,OUTCOME_UNOBSERVED_BY_DATASET_END
10918fe4d665fda80034712895c2b92f,shipped,2017-06-26 07:04:39,2017-08-03,,OUTCOME_UNOBSERVED_BY_DATASET_END
f633c884a99eb63866600655356d973e,shipped,2018-04-04 00:33:47,2018-04-25,,OUTCOME_UNOBSERVED_BY_DATASET_END
c272bcd21c287498b4883c7512019702,unavailable,2018-01-31 11:31:37,2018-02-16,,NOT_APPLICABLE_TERMINAL_NON_DELIVERY
714fb133a6730ab81fa1d3c1b2007291,canceled,2018-01-26 21:34:08,2018-02-22,,NOT_APPLICABLE_TERMINAL_NON_DELIVERY
37553832a3a89c9b2db59701c357ca67,unavailable,2017-08-14 17:38:02,2017-09-05,,NOT_APPLICABLE_TERMINAL_NON_DELIVERY
662823ed689412b9a2e5085620e06070,shipped,2018-03-15 15:57:24,2018-04-05,,OUTCOME_UNOBSERVED_BY_DATASET_END
d57e15fb07fd180f06ab3926b39edcd2,unavailable,2018-01-08 19:39:03,2018-02-06,,NOT_APPLICABLE_TERMINAL_NON_DELIVERY
6a6c7d523fd59eb5bbefc007331af717,processing,2017-11-24 20:09:33,2017-12-20,,OUTCOME_UNOBSERVED_BY_DATASET_END
c5e1ff5a434a0e128ac186bd92c1060d,shipped,2018-03-10 13:39:36,2018-04-06,,OUTCOME_UNOBSERVED_BY_DATASET_END
3a129877493c8189c59c60eb71d97c29,canceled,2018-01-25 13:34:24,2018-02-23,,NOT_APPLICABLE_TERMINAL_NON_DELIVERY
00b1cb0320190ca0daa2c88b35206009,canceled,2018-08-28 15:26:39,2018-09-12,,NOT_APPLICABLE_TERMINAL_NON_DELIVERY
2f634e2cebf8c0283e7ef0989f77d217,unavailable,2017-09-27 20:55:33,2017-10-27,,NOT_APPLICABLE_TERMINAL_NON_DELIVERY
c4abf2eb2ea936ee6fc6e630b152fb77,shipped,2017-03-09 20:50:46,2017-04-03,,OUTCOME_UNOBSERVED_BY_DATASET_END
745e1d4a7f8c4b548881788d4113bb1d,processing,2017-11-17 06:34:36,2017-12-12,,OUTCOME_UNOBSERVED_BY_DATASET_END
504ec2b6f69e898c557955750272d563,shipped,2018-05-07 21:43:48,2018-05-21,,OUTCOME_UNOBSERVED_BY_DATASET_END
ed1407b1e486fadba3e6cd4460dccd56,shipped,2017-10-22 12:55:42,2017-11-14,,OUTCOME_UNOBSERVED_BY_DATASET_END
dd94f2867bcd2be2229f44d7a0df4e5b,shipped,2017-03-28 09:43:17,2017-04-17,,OUTCOME_UNOBSERVED_BY_DATASET_END
362cc20bf09835f4398cedd319fb7d8e,shipped,2018-03-27 12:10:05,2018-04-19,,OUTCOME_UNOBSERVED_BY_DATASET_END
f05b87cae9d521c780bc3dfc281ca892,shipped,2018-08-04 12:49:06,2018-08-24,,OUTCOME_UNOBSERVED_BY_DATASET_END
1d52ba7197c7acebbb4f826f6585536f,processing,2017-02-13 18:32:55,2017-04-04,,OUTCOME_UNOBSERVED_BY_DATASET_END
ad27779fb29796c8d798f29aefedf3d0,shipped,2018-04-05 11:39:33,2018-04-27,,OUTCOME_UNOBSERVED_BY_DATASET_END
38d6205cb4508e8d63dcbae0aac1fe96,shipped,2018-05-02 09:02:58,2018-05-25,,OUTCOME_UNOBSERVED_BY_DATASET_END
ee0db22a8e742b752914016708470ec8,unavailable,2017-08-24 11:04:41,2017-09-18,,NOT_APPLICABLE_TERMINAL_NON_DELIVERY
d815bd2c2bdd79e4c0e0263caa986d66,processing,2017-03-15 10:30:17,2017-04-13,,OUTCOME_UNOBSERVED_BY_DATASET_END
52b828f13e08788433adad4a7d135779,processing,2018-05-05 22:32:38,2018-06-01,,OUTCOME_UNOBSERVED_BY_DATASET_END
56ab0ef6726f49b711b84ce62e305c7c,processing,2017-11-21 17:54:26,2017-12-13,,OUTCOME_UNOBSERVED_BY_DATASET_END
9a01e11eb3e82a6d9e7bd3f3acafa7ca,shipped,2018-03-02 22:07:38,2018-04-02,,OUTCOME_UNOBSERVED_BY_DATASET_END
1488ee1c0dc7439e64d5df80ae9f6089,shipped,2018-03-16 17:44:05,2018-04-13,,OUTCOME_UNOBSERVED_BY_DATASET_END
ed3efbd3a87bea76c2812c66a0b32219,canceled,2018-09-20 13:54:16,2018-10-17,,NOT_APPLICABLE_TERMINAL_NON_DELIVERY
0966b61e30c4a07edbd7523f59b3f3e4,canceled,2018-05-22 18:50:55,2018-07-03,,NOT_APPLICABLE_TERMINAL_NON_DELIVERY
9021cf1919f615a121410790dcce848f,canceled,2018-07-04 16:05:56,2018-08-22,,NOT_APPLICABLE_TERMINAL_NON_DELIVERY
6ad57aecbae806a7e9cc2cdb6b380711,unavailable,2017-11-30 07:48:24,2017-12-29,,NOT_APPLICABLE_TERMINAL_NON_DELIVERY
51b0dccc8596ce37a930dff2d63a10a2,invoiced,2017-05-05 22:34:48,2017-06-06,,OUTCOME_UNOBSERVED_BY_DATASET_END
df8282afe61008dc26c6c31011474d02,canceled,2017-03-04 12:14:30,2017-04-10,,NOT_APPLICABLE_TERMINAL_NON_DELIVERY
df6340ee228a1f029c6341931763f177,shipped,2017-12-01 21:55:25,2017-12-27,,OUTCOME_UNOBSERVED_BY_DATASET_END
8d994041d6127d2acc8d13aad557e75f,shipped,2017-03-24 21:48:54,2017-04-19,,OUTCOME_UNOBSERVED_BY_DATASET_END
a39d3db795a5cf4c8b6c9dd050f0d326,canceled,2017-03-13 16:12:24,2017-03-30,,NOT_APPLICABLE_TERMINAL_NON_DELIVERY
8d4c637f1accf7a88a4555f02741e606,canceled,2018-08-29 16:27:49,2018-09-13,,NOT_APPLICABLE_TERMINAL_NON_DELIVERY
a3d1ef2562cf71542edfed06c1a7b6c8,shipped,2017-01-21 11:43:35,2017-03-08,,OUTCOME_UNOBSERVED_BY_DATASET_END
5504eaa5a86eb25fa666cf2e6b96c701,invoiced,2017-11-29 08:33:06,2017-12-20,,OUTCOME_UNOBSERVED_BY_DATASET_END
4ea3508e2de6e58640c0efe3ef758829,processing,2017-05-21 23:42:14,2017-06-21,,OUTCOME_UNOBSERVED_BY_DATASET_END
9f3458f0433d4cfa472f4682654b8d49,unavailable,2017-07-18 23:36:55,2017-08-09,,NOT_APPLICABLE_TERMINAL_NON_DELIVERY
7a9d4c7f9b068337875b95465330f2fc,canceled,2017-05-01 16:12:39,2017-05-30,,NOT_APPLICABLE_TERMINAL_NON_DELIVERY
375f80ffc05feb35ce2680f1fa490575,canceled,2017-06-13 21:10:05,2017-07-06,,NOT_APPLICABLE_TERMINAL_NON_DELIVERY
533e104c4193cf07d264603f7800fb71,processing,2017-02-06 15:33:57,2017-03-03,,OUTCOME_UNOBSERVED_BY_DATASET_END
6bfa92d3952f762df12752e4937cd63e,canceled,2018-04-27 21:28:24,2018-05-10,,NOT_APPLICABLE_TERMINAL_NON_DELIVERY
f0df036e9be21fc238f131bbfcdde769,unavailable,2017-02-24 23:39:21,2017-04-07,,NOT_APPLICABLE_TERMINAL_NON_DELIVERY
195070d2d0eb1da7d93b958bce36d1ef,shipped,2017-02-08 05:56:31,2017-03-10,,OUTCOME_UNOBSERVED_BY_DATASET_END
86f0bcd9b426a2c1022ae317c7f27be6,unavailable,2017-03-08 15:13:03,2017-03-29,,NOT_APPLICABLE_TERMINAL_NON_DELIVERY
7785b07bcf7b5bf8fbf50e491382d98e,shipped,2018-04-17 20:31:30,2018-05-04,,OUTCOME_UNOBSERVED_BY_DATASET_END
ee1c259624feb697ba9a84a268f77cfa,shipped,2018-02-22 19:22:04,2018-03-19,,OUTCOME_UNOBSERVED_BY_DATASET_END
027b013d2186e25c2b82beb3679d0833,shipped,2018-04-11 15:49:16,2018-05-02,,OUTCOME_UNOBSERVED_BY_DATASET_END
02ea547b6d2ee25305588fd50df58b46,shipped,2017-03-23 22:03:43,2017-04-18,,OUTCOME_UNOBSERVED_BY_DATASET_END
62076e9aa47cedb799ddc84812264c9e,shipped,2018-06-09 19:28:03,2018-07-04,,OUTCOME_UNOBSERVED_BY_DATASET_END
c3a6dc9afef5794ea4a867b5a18e0ad1,invoiced,2017-11-25 14:10:20,2017-12-19,,OUTCOME_UNOBSERVED_BY_DATASET_END
98fe01bc254b759c1f2c11d77c2891d5,unavailable,2017-10-17 18:34:56,2017-11-24,,NOT_APPLICABLE_TERMINAL_NON_DELIVERY
2eb5ba20812f78127f6243fa27fb40e5,canceled,2017-05-29 18:10:06,2017-06-20,,NOT_APPLICABLE_TERMINAL_NON_DELIVERY
f56dc9034c3962e36d49fb73baa12800,unavailable,2017-08-10 22:20:51,2017-09-14,,NOT_APPLICABLE_TERMINAL_NON_DELIVERY
914e3f7135c8d9046278a046552ebb6e,shipped,2017-04-11 12:22:13,2017-05-16,,OUTCOME_UNOBSERVED_BY_DATASET_END
880835c91a5227560bdb8d0f45c60579,processing,2017-03-08 09:10:55,2017-04-04,,OUTCOME_UNOBSERVED_BY_DATASET_END
566c5bff1142c9d6003a83fd2e8ad1e5,invoiced,2017-11-23 18:03:23,2017-12-18,,OUTCOME_UNOBSERVED_BY_DATASET_END
1950d777989f6a877539f53795b4c3c3,canceled,2018-02-19 19:48:52,2018-03-09,2018-03-21 22:03:51,OUTCOME_PRESENT_STATUS_MISMATCH
369423839b4d9789d69665b7c2361443,processing,2017-11-10 08:56:32,2017-12-05,,OUTCOME_UNOBSERVED_BY_DATASET_END
0130f0f71fb0e831d18e6a3b33a3a50c,unavailable,2017-05-12 10:17:23,2017-05-22,,NOT_APPLICABLE_TERMINAL_NON_DELIVERY
2d1e2d5bf4dc7227b3bfebb81328c15f,delivered,2017-11-28 17:44:07,2017-12-18,,OUTCOME_UNOBSERVED_BY_DATASET_END
83a9c18344682fcbc57696019ff1ff2a,shipped,2017-08-11 17:40:19,2017-09-13,,OUTCOME_UNOBSERVED_BY_DATASET_END
ddaec6fff982b13e7e048b627a11d6da,canceled,2016-10-04 19:41:32,2016-11-16,,NOT_APPLICABLE_TERMINAL_NON_DELIVERY
84b8ba39037606b7b30a39d02e9e4154,unavailable,2018-06-27 19:51:02,2018-07-12,,NOT_APPLICABLE_TERMINAL_NON_DELIVERY
5290c34bd38a8a095b885f13958db1e1,canceled,2018-08-21 10:25:18,2018-09-06,,NOT_APPLICABLE_TERMINAL_NON_DELIVERY
b4c9f083bce61caf47fb38f9ba058bce,invoiced,2017-08-05 16:00:56,2017-08-30,,OUTCOME_UNOBSERVED_BY_DATASET_END
db4d39113d1f1f359709384518d81e31,processing,2017-09-19 11:08:41,2017-10-10,,OUTCOME_UNOBSERVED_BY_DATASET_END
727ff4968b521aca37f5ac012eb0c9ad,shipped,2017-11-24 12:03:10,2017-12-08,,OUTCOME_UNOBSERVED_BY_DATASET_END
c972a78eeb0dde0aac82eb51b1450c53,shipped,2017-09-30 11:00:12,2017-10-27,,OUTCOME_UNOBSERVED_BY_DATASET_END
6261f3240a8778c656bd28aeb2ba9985,canceled,2017-05-31 13:21:35,2017-07-04,,NOT_APPLICABLE_TERMINAL_NON_DELIVERY
e247a0570d308da27cd7f349902e66f8,shipped,2018-03-13 11:53:42,2018-04-02,,OUTCOME_UNOBSERVED_BY_DATASET_END
5ad5a1ef522da1732ab963ea1fb6165b,canceled,2017-06-22 19:53:09,2017-07-05,,NOT_APPLICABLE_TERMINAL_NON_DELIVERY
e2f630b53cb2637be372c3810b089868,shipped,2017-07-26 11:44:28,2017-08-29,,OUTCOME_UNOBSERVED_BY_DATASET_END
2f30c0b1905c65a8ff6c6358bc909625,unavailable,2017-12-08 09:32:48,2018-01-03,,NOT_APPLICABLE_TERMINAL_NON_DELIVERY
e2beeb3a428f811804079bc11b23c0c0,processing,2017-12-28 12:46:11,2018-01-24,,OUTCOME_UNOBSERVED_BY_DATASET_END
534a0fbe91a806a1dc6bf09b497e3d6f,unavailable,2018-01-22 02:45:40,2018-02-06,,NOT_APPLICABLE_TERMINAL_NON_DELIVERY
23799ee0d85541263f0637d4b86d5e5b,shipped,2017-05-01 10:23:49,2017-05-23,,OUTCOME_UNOBSERVED_BY_DATASET_END
8e10a1d1a57b6a469bc9a7a95c638b5a,shipped,2017-11-24 06:49:43,2017-12-08,,OUTCOME_UNOBSERVED_BY_DATASET_END
f029d5966aa03c87e17e2482f86202b1,invoiced,2017-10-23 21:44:36,2017-11-14,,OUTCOME_UNOBSERVED_BY_DATASET_END
5965bbd72c3ca0d9634419437ca53897,unavailable,2017-01-30 10:29:25,2017-03-08,,NOT_APPLICABLE_TERMINAL_NON_DELIVERY
03310aa823a66056268a3bab36e827fb,canceled,2018-08-07 16:33:59,2018-09-04,,NOT_APPLICABLE_TERMINAL_NON_DELIVERY
b07abc8b9acaf00e79b4657419f469f3,unavailable,2017-03-09 17:45:04,2017-03-28,,NOT_APPLICABLE_TERMINAL_NON_DELIVERY
73ef343c9dbf2f6d45362c9bc150f4b7,shipped,2018-08-12 03:44:50,2018-08-22,,OUTCOME_UNOBSERVED_BY_DATASET_END
1c54750859f8472306a0b63d74e782ef,processing,2017-02-25 15:37:25,2017-03-23,,OUTCOME_UNOBSERVED_BY_DATASET_END
3ff9af2618b202584a161c19718bf577,shipped,2018-01-07 08:04:11,2018-02-05,,OUTCOME_UNOBSERVED_BY_DATASET_END
6a828279d73f18174dd3b9c653d5213d,invoiced,2017-06-25 17:54:26,2017-07-14,,OUTCOME_UNOBSERVED_BY_DATASET_END
cab618a13f81a7ad42573993ddae2ff2,shipped,2018-02-27 12:19:10,2018-03-20,,OUTCOME_UNOBSERVED_BY_DATASET_END
1ff6183537eb3a189de77b309ed28ad1,unavailable,2018-01-02 17:31:02,2018-01-31,,NOT_APPLICABLE_TERMINAL_NON_DELIVERY
d37d275bf870e1d9a50b888717929495,shipped,2017-07-16 13:08:37,2017-08-08,,OUTCOME_UNOBSERVED_BY_DATASET_END
83b5512cab9d85f6f644b4d28e423f06,shipped,2017-06-14 19:52:30,2017-07-28,,OUTCOME_UNOBSERVED_BY_DATASET_END
fecc4ea5a3e06ce3192ae2f05b7a8439,processing,2018-01-14 21:52:31,2018-02-06,,OUTCOME_UNOBSERVED_BY_DATASET_END
96d3f09ebc42f05ab83a2ca85483e0b6,shipped,2017-12-13 23:04:15,2018-01-10,,OUTCOME_UNOBSERVED_BY_DATASET_END
dee6298ce7d1fb2645141ef9972157aa,shipped,2018-04-30 14:06:12,2018-05-28,,OUTCOME_UNOBSERVED_BY_DATASET_END
0fb3b7bbfc3693b115aa62a83fad2714,processing,2018-03-13 20:37:20,2018-04-03,,OUTCOME_UNOBSERVED_BY_DATASET_END
75213e459cfe44a61c496c864e0a8c63,shipped,2017-11-23 22:44:09,2017-12-15,,OUTCOME_UNOBSERVED_BY_DATASET_END
2411e5019928e883d049f7242362c23b,unavailable,2017-09-17 12:15:07,2017-10-05,,NOT_APPLICABLE_TERMINAL_NON_DELIVERY
30a461491fa262d5d6321e3194bbb452,shipped,2018-04-26 11:30:58,2018-05-17,,OUTCOME_UNOBSERVED_BY_DATASET_END
0b4aab4ef70208498663141571f68116,shipped,2018-03-08 11:17:00,2018-04-16,,OUTCOME_UNOBSERVED_BY_DATASET_END
96ae30a2357a999e6010b2f1401af374,canceled,2017-07-31 16:37:31,2017-08-18,,NOT_APPLICABLE_TERMINAL_NON_DELIVERY
f8303e6eff198d1749d04649a1eb2bb6,unavailable,2018-01-21 20:44:54,2018-02-21,,NOT_APPLICABLE_TERMINAL_NON_DELIVERY
73c182f8914a0064d6c64ad65e4c6942,canceled,2017-02-08 00:53:19,2017-03-15,,NOT_APPLICABLE_TERMINAL_NON_DELIVERY
4c8b9947280829d0a8b7e81cc249b875,canceled,2018-08-09 14:54:47,2018-08-21,,NOT_APPLICABLE_TERMINAL_NON_DELIVERY
b2bc998b56f86f7a3ef8b749c17506e1,shipped,2018-06-19 20:01:02,2018-07-20,,OUTCOME_UNOBSERVED_BY_DATASET_END
be33d865802b05e364fc5f46166e5acf,invoiced,2018-04-03 13:55:48,2018-04-27,,OUTCOME_UNOBSERVED_BY_DATASET_END
0ad3fdda3076a1be91b13c89f2049266,shipped,2017-08-04 13:36:21,2017-09-08,,OUTCOME_UNOBSERVED_BY_DATASET_END
e5fa5a7210941f7d56d0208e4e071d35,canceled,2016-09-05 00:15:34,2016-10-28,,NOT_APPLICABLE_TERMINAL_NON_DELIVERY
b704eaf4ae9e9716ead0088db45a9b40,shipped,2018-04-21 23:22:17,2018-05-14,,OUTCOME_UNOBSERVED_BY_DATASET_END
ef0beb334211d552bb4bbb9b43e60248,shipped,2018-07-30 19:57:21,2018-08-13,,OUTCOME_UNOBSERVED_BY_DATASET_END
c2ccb6c2af36d8492e83ecf528f2755c,unavailable,2018-05-21 13:48:16,2018-06-05,,NOT_APPLICABLE_TERMINAL_NON_DELIVERY
2e7a8482f6fb09756ca50c10d7bfc047,shipped,2016-09-04 21:15:19,2016-10-20,,OUTCOME_UNOBSERVED_BY_DATASET_END
d7883c9f072902eba8f3b8af350976bb,shipped,2018-02-28 22:26:55,2018-03-20,,OUTCOME_UNOBSERVED_BY_DATASET_END
05a71c571d4602a72418b73366543cd9,shipped,2017-08-18 21:38:07,2017-09-20,,OUTCOME_UNOBSERVED_BY_DATASET_END
b7be5e58fd37e6165dbb39e8362c8446,unavailable,2017-06-29 18:07:49,2017-08-02,,NOT_APPLICABLE_TERMINAL_NON_DELIVERY
e9376d90b28f9cdea83d4d850e4bb1a7,invoiced,2017-09-01 15:02:24,2017-09-15,,OUTCOME_UNOBSERVED_BY_DATASET_END
881e6608d8b7f15fc4133a04c4933e48,processing,2017-05-07 14:06:45,2017-06-01,,OUTCOME_UNOBSERVED_BY_DATASET_END
77de2b6b4ddbe44561245ee168593b5e,processing,2018-02-11 20:30:24,2018-03-06,,OUTCOME_UNOBSERVED_BY_DATASET_END
18f1f69eead979dddab0c5fda4df6a16,shipped,2018-03-11 23:39:29,2018-04-13,,OUTCOME_UNOBSERVED_BY_DATASET_END
5bbe496e9e32884e4f0260f1b6bd6c3d,shipped,2017-07-06 14:42:02,2017-07-28,,OUTCOME_UNOBSERVED_BY_DATASET_END
e88c89f6e503fc7445b55278cc926d47,shipped,2018-04-16 22:51:31,2018-05-03,,OUTCOME_UNOBSERVED_BY_DATASET_END
b13ea375fe9c728832688264638f84cf,canceled,2018-08-22 18:52:29,2018-09-19,,NOT_APPLICABLE_TERMINAL_NON_DELIVERY
f3069a416e71d0fd68d9489752b6fe41,processing,2017-10-01 15:33:50,2017-10-27,,OUTCOME_UNOBSERVED_BY_DATASET_END
bcd65d5c97ac448bb3efc90b759909fd,unavailable,2018-07-20 16:24:23,2018-08-01,,NOT_APPLICABLE_TERMINAL_NON_DELIVERY
042ce41927758767ec2aa0de06486b4c,processing,2017-12-01 10:39:13,2017-12-29,,OUTCOME_UNOBSERVED_BY_DATASET_END
ae86dbc1549b4c0cb00dc0ea909fc6d2,shipped,2017-06-24 00:58:39,2017-07-20,,OUTCOME_UNOBSERVED_BY_DATASET_END
46f36d95da75ced0462d57df904d36d0,unavailable,2017-03-02 15:27:25,2017-03-23,,NOT_APPLICABLE_TERMINAL_NON_DELIVERY
b32b3375c9aee9e103b0c8ef64af9087,shipped,2017-11-24 11:54:58,2017-12-08,,OUTCOME_UNOBSERVED_BY_DATASET_END
4748c7d66bbedbf52de84b3bc4cbc482,unavailable,2017-05-25 21:45:54,2017-06-08,,NOT_APPLICABLE_TERMINAL_NON_DELIVERY
297a6cbb707aabf7bf2fd71dca333168,shipped,2018-01-25 09:44:05,2018-02-20,,OUTCOME_UNOBSERVED_BY_DATASET_END
8a9cce19aa49e055f2babb81d5a71c40,canceled,2018-02-01 10:04:20,2018-02-23,,NOT_APPLICABLE_TERMINAL_NON_DELIVERY
ea844c92cf978ea23321fa7fe5871761,canceled,2018-09-13 09:56:12,2018-09-27,,NOT_APPLICABLE_TERMINAL_NON_DELIVERY
79563470c891926bb9507d1ad1ff661d,unavailable,2017-07-05 13:51:35,2017-07-27,,NOT_APPLICABLE_TERMINAL_NON_DELIVERY
2d87139784a415f78f9735efcf693157,shipped,2017-09-13 00:33:15,2017-10-02,,OUTCOME_UNOBSERVED_BY_DATASET_END
84cee5c1b66cfc2dcb7c7834e7169246,shipped,2017-03-08 17:42:59,2017-04-06,,OUTCOME_UNOBSERVED_BY_DATASET_END
9be3c9722389548409bf4cb39d07e347,unavailable,2017-11-17 13:12:46,2017-12-11,,NOT_APPLICABLE_TERMINAL_NON_DELIVERY
85e05c3c9aa9834518f35d4f286014be,canceled,2018-08-28 08:18:22,2018-10-10,,NOT_APPLICABLE_TERMINAL_NON_DELIVERY
10ac3b593f06e0dd6b38a53821c1d497,shipped,2017-01-29 11:18:22,2017-03-09,,OUTCOME_UNOBSERVED_BY_DATASET_END
c1049eef89915c6beb3604bf3d6588d7,canceled,2018-02-05 23:08:11,2018-03-07,,NOT_APPLICABLE_TERMINAL_NON_DELIVERY
168823ad1b77477540db78ab357f18b5,canceled,2018-07-17 11:16:54,2018-08-17,,NOT_APPLICABLE_TERMINAL_NON_DELIVERY
853eb57e7109781f60bfaec58c70c258,invoiced,2017-04-23 13:25:43,2017-05-26,,OUTCOME_UNOBSERVED_BY_DATASET_END
885935156ba43094f3ae95f3c14e0381,canceled,2018-02-02 16:06:44,2018-03-08,,NOT_APPLICABLE_TERMINAL_NON_DELIVERY
38a86eb53c2309d6234fc9bad96331ac,canceled,2018-08-18 12:39:31,2018-08-29,,NOT_APPLICABLE_TERMINAL_NON_DELIVERY
c504f1f5fd54cc8398d57dc0da49de01,canceled,2017-07-09 09:18:56,2017-08-10,,NOT_APPLICABLE_TERMINAL_NON_DELIVERY
bb82d1c94323c38a3d8124414a6a5ca5,shipped,2017-07-30 17:09:00,2017-08-30,,OUTCOME_UNOBSERVED_BY_DATASET_END
c5a468ae781ffb0ec6d36ae89fe512b0,canceled,2017-01-13 11:06:56,2017-02-13,,NOT_APPLICABLE_TERMINAL_NON_DELIVERY
ac61010b8d348d62726ebfe687b026f6,invoiced,2017-05-26 15:26:26,2017-06-19,,OUTCOME_UNOBSERVED_BY_DATASET_END
05e8a1fd3d354369a3de6e7230a3651f,unavailable,2018-02-16 16:54:07,2018-03-12,,NOT_APPLICABLE_TERMINAL_NON_DELIVERY
2dd5bcfb8c66b22a80ffe45078eb2a99,unavailable,2017-03-06 21:31:42,2017-03-29,,NOT_APPLICABLE_TERMINAL_NON_DELIVERY
d1b4fc9a8c1207433519a8ec52e2d03f,canceled,2018-05-08 10:05:26,2018-05-16,,NOT_APPLICABLE_TERMINAL_NON_DELIVERY
fab521689278ba031dbcb0dadb19207e,shipped,2018-02-11 10:30:45,2018-03-06,,OUTCOME_UNOBSERVED_BY_DATASET_END
b2c72ea40cb81ddf115a20b5e8fd1618,shipped,2017-06-20 16:13:13,2017-07-12,,OUTCOME_UNOBSERVED_BY_DATASET_END
511d690ed216be4320cc7ad3174a2292,shipped,2017-12-14 11:51:34,2018-01-09,,OUTCOME_UNOBSERVED_BY_DATASET_END
30cd92bf673cad5ee8cbc69432e5b951,shipped,2017-10-21 14:06:50,2017-11-14,,OUTCOME_UNOBSERVED_BY_DATASET_END
c7a9de0ea61229818bdab21f76b0e804,shipped,2017-11-25 19:48:52,2017-12-19,,OUTCOME_UNOBSERVED_BY_DATASET_END
360787554f41824600bdcba9687cd4f0,invoiced,2018-03-23 19:39:46,2018-04-16,,OUTCOME_UNOBSERVED_BY_DATASET_END
58b87ea5983b516a65c22435901c83a5,processing,2017-12-16 13:48:46,2018-01-26,,OUTCOME_UNOBSERVED_BY_DATASET_END
bcdad86f44c780bf1aaf24b66dd97753,canceled,2018-08-05 03:49:18,2018-08-20,,NOT_APPLICABLE_TERMINAL_NON_DELIVERY
10b26ae59835a2a63aa53e2da4ebefa9,shipped,2017-05-05 23:41:13,2017-06-06,,OUTCOME_UNOBSERVED_BY_DATASET_END
81b6015857004cedcfbc04ae95d7bfe5,invoiced,2018-03-10 09:52:29,2018-03-28,,OUTCOME_UNOBSERVED_BY_DATASET_END
9d4e334ddde795cd4fbee24dc4b68cfe,unavailable,2017-11-27 16:03:51,2017-12-22,,NOT_APPLICABLE_TERMINAL_NON_DELIVERY
f63be24880200ae32aa24f5b458a3dc3,unavailable,2017-01-27 13:39:53,2017-03-16,,NOT_APPLICABLE_TERMINAL_NON_DELIVERY
315f7759c3f6557f50e47798ccd673a3,invoiced,2018-01-13 15:18:00,2018-02-08,,OUTCOME_UNOBSERVED_BY_DATASET_END
2bb02fdf5637a68cd5d13c78c37c3376,canceled,2018-08-09 10:55:10,2018-08-17,,NOT_APPLICABLE_TERMINAL_NON_DELIVERY
b741ced31205b787eebdd0cc7f220b0a,processing,2017-02-20 19:58:47,2017-04-17,,OUTCOME_UNOBSERVED_BY_DATASET_END
6d37c6659de0183777f4035151bd508a,shipped,2018-03-15 20:43:34,2018-04-17,,OUTCOME_UNOBSERVED_BY_DATASET_END
48aa8c19814f76592f8bd0e7b8f604c8,shipped,2017-08-24 15:42:04,2017-09-18,,OUTCOME_UNOBSERVED_BY_DATASET_END
6f91e4738284a9312089fd89f0d61648,processing,2017-12-26 14:03:42,2018-01-19,,OUTCOME_UNOBSERVED_BY_DATASET_END
1e0f40bbfe787796d0c56e3795dc94d8,invoiced,2018-08-06 20:17:25,2018-08-09,,OUTCOME_UNOBSERVED_BY_DATASET_END
b842e9225252d13f6af62ff4508d7c43,unavailable,2017-08-02 22:17:16,2017-08-15,,NOT_APPLICABLE_TERMINAL_NON_DELIVERY
f2a335c81aebf64a9a4309436e7af4a8,unavailable,2017-06-05 17:16:12,2017-06-28,,NOT_APPLICABLE_TERMINAL_NON_DELIVERY
5b4858f2dcf69731f2285a38829bfa7c,canceled,2018-02-15 20:53:17,2018-03-16,,NOT_APPLICABLE_TERMINAL_NON_DELIVERY
470149d85d7b770af90504d4a5d06f38,shipped,2018-04-06 15:18:21,2018-05-04,,OUTCOME_UNOBSERVED_BY_DATASET_END
5b0ee19a3125fc083348baa76d816ed0,canceled,2018-03-05 13:56:34,2018-03-15,,NOT_APPLICABLE_TERMINAL_NON_DELIVERY
0b43acd81f6d3f30136133517a13b72f,invoiced,2017-12-03 17:15:08,2017-12-27,,OUTCOME_UNOBSERVED_BY_DATASET_END
12e1495369c542f003eb3ca480f924e3,canceled,2017-09-12 19:17:03,2017-09-25,,NOT_APPLICABLE_TERMINAL_NON_DELIVERY
50428fc6ef58fd5cebf433ef7f06be0d,unavailable,2017-12-04 23:10:03,2017-12-27,,NOT_APPLICABLE_TERMINAL_NON_DELIVERY
8a20e2954602a0738f264299255fd5af,unavailable,2017-12-27 22:41:49,2018-01-22,,NOT_APPLICABLE_TERMINAL_NON_DELIVERY
03a8aa5d0860898d421c46247011c686,canceled,2017-05-31 19:02:28,2017-06-21,,NOT_APPLICABLE_TERMINAL_NON_DELIVERY
2de47e473306065fb0cd0322d8d9952b,unavailable,2017-10-25 13:15:01,2017-11-16,,NOT_APPLICABLE_TERMINAL_NON_DELIVERY
28b219f462742fe93f57a52d18b67612,shipped,2017-09-28 12:19:33,2017-10-26,,OUTCOME_UNOBSERVED_BY_DATASET_END
3a0b1b5c52367a68f9deab55f3464a14,unavailable,2018-03-19 16:22:05,2018-05-10,,NOT_APPLICABLE_TERMINAL_NON_DELIVERY
1b76802b72eb5517c97481ee2f7b7037,shipped,2017-02-08 08:48:43,2017-03-10,,OUTCOME_UNOBSERVED_BY_DATASET_END
6f04a69509e62866b1837e6a4f22c47f,unavailable,2017-06-12 12:04:09,2017-07-05,,NOT_APPLICABLE_TERMINAL_NON_DELIVERY
5226f1a731e8a1215da5e1bea64e2130,canceled,2016-10-10 09:51:13,2016-11-18,,NOT_APPLICABLE_TERMINAL_NON_DELIVERY
4ab2f2ac4c50d1a98dab6d9541a633ee,shipped,2018-04-05 18:08:37,2018-05-17,,OUTCOME_UNOBSERVED_BY_DATASET_END
4c3c77b27f585da8c9e4629aba2f7817,processing,2017-11-07 15:47:40,2017-12-06,,OUTCOME_UNOBSERVED_BY_DATASET_END
2e5c056e25f127f8554fa6a2ee1336a9,processing,2017-04-30 15:59:34,2017-06-06,,OUTCOME_UNOBSERVED_BY_DATASET_END
2b3d870a4d670c91f15668cea4fe3aa5,unavailable,2018-01-15 14:32:42,2018-01-30,,NOT_APPLICABLE_TERMINAL_NON_DELIVERY
2e90d155b85776a842b3b1c59aa4b340,invoiced,2017-05-06 19:09:33,2017-06-09,,OUTCOME_UNOBSERVED_BY_DATASET_END
295d49e8efc4fcc47de84a52d74d37a3,shipped,2017-03-28 15:18:27,2017-04-20,,OUTCOME_UNOBSERVED_BY_DATASET_END
8f6d8ee78537f5977e5b70a12761403b,shipped,2017-06-04 12:58:18,2017-06-19,,OUTCOME_UNOBSERVED_BY_DATASET_END
b5359909123fa03c50bdb0cfed07f098,created,2017-12-05 01:07:52,2018-01-11,,OUTCOME_UNOBSERVED_BY_DATASET_END
9380c59012c11f49c549ef8dffef1367,canceled,2018-08-15 11:05:44,2018-09-21,,NOT_APPLICABLE_TERMINAL_NON_DELIVERY
d9091cd1d6e36cfcebc8b01aab81eff8,unavailable,2018-01-04 11:30:24,2018-02-02,,NOT_APPLICABLE_TERMINAL_NON_DELIVERY
9b932dca249f9971b86dde2f2d7ad412,unavailable,2017-11-20 17:08:43,2017-12-07,,NOT_APPLICABLE_TERMINAL_NON_DELIVERY
2a5509f085830eb1ed8de4678769c2ab,shipped,2017-08-24 12:23:11,2017-09-06,,OUTCOME_UNOBSERVED_BY_DATASET_END
31b82ff746d73aeab9bc070c10156273,shipped,2018-05-09 15:28:19,2018-05-17,,OUTCOME_UNOBSERVED_BY_DATASET_END
c24b8b41e6857d59a27f2b150bb669d9,unavailable,2018-03-14 08:45:03,2018-04-06,,NOT_APPLICABLE_TERMINAL_NON_DELIVERY
0c5a9096edbc36c60badeda355d91e19,shipped,2017-11-22 12:19:17,2017-12-13,,OUTCOME_UNOBSERVED_BY_DATASET_END
35dc5c3a87f9e9cf93676b98d4bc35a2,unavailable,2017-02-14 14:26:02,2017-03-15,,NOT_APPLICABLE_TERMINAL_NON_DELIVERY
bef875448d5a4f703555d2dd5f8382b5,canceled,2018-01-23 09:48:56,2018-02-22,,NOT_APPLICABLE_TERMINAL_NON_DELIVERY
0d0665d64b4dd1dae2ed97fa92509144,invoiced,2018-04-24 09:19:11,2018-05-16,,OUTCOME_UNOBSERVED_BY_DATASET_END
30cdf125a8d4f89d00dee4b9af9194ee,unavailable,2017-12-08 15:34:33,2018-01-12,,NOT_APPLICABLE_TERMINAL_NON_DELIVERY
4317fe882d992cda2fb3d51baeb2751c,unavailable,2017-10-07 11:51:46,2017-11-08,,NOT_APPLICABLE_TERMINAL_NON_DELIVERY
b0f7f772e95fb0f8845c40700290a813,shipped,2018-03-16 19:19:49,2018-04-09,,OUTCOME_UNOBSERVED_BY_DATASET_END
8fb030b413de395dcbb7cb1a3c9b256e,processing,2017-02-12 00:02:36,2017-03-24,,OUTCOME_UNOBSERVED_BY_DATASET_END
57a71dc8e0df243b9c6c26ffb4cdaea4,shipped,2017-11-19 20:18:54,2017-12-19,,OUTCOME_UNOBSERVED_BY_DATASET_END
013e9c654a339d80b53513da3c1ea437,canceled,2017-06-18 13:48:48,2017-07-07,,NOT_APPLICABLE_TERMINAL_NON_DELIVERY
f0a2783007ba2c431132d38c7642d5c9,shipped,2018-04-17 11:10:00,2018-05-15,,OUTCOME_UNOBSERVED_BY_DATASET_END
0bde826daa0bd10393e958cf5d69dd26,unavailable,2017-02-04 10:28:25,2017-03-01,,NOT_APPLICABLE_TERMINAL_NON_DELIVERY
672ab3776d5b25e586521469609ae774,canceled,2017-05-10 11:52:51,2017-05-26,,NOT_APPLICABLE_TERMINAL_NON_DELIVERY
d3643399509c4df2d897ac4321bd6339,shipped,2018-03-27 16:28:50,2018-04-20,,OUTCOME_UNOBSERVED_BY_DATASET_END
676e40056867189a1b3599f3e646f421,canceled,2017-04-07 21:12:31,2017-05-03,,NOT_APPLICABLE_TERMINAL_NON_DELIVERY
61792c6272346d7f4b7c5b1747df7b1a,canceled,2017-03-08 11:51:41,2017-04-10,,NOT_APPLICABLE_TERMINAL_NON_DELIVERY
94bde44a48f191d7175f67eb93b9ed67,canceled,2017-02-01 17:31:17,2017-03-16,,NOT_APPLICABLE_TERMINAL_NON_DELIVERY
2d372207e6e6c38c19f44bf5a7e07e66,invoiced,2018-03-15 16:34:31,2018-04-06,,OUTCOME_UNOBSERVED_BY_DATASET_END
4ecddf4ce273e32faaf71a4a8ed4676e,shipped,2018-06-16 19:17:47,2018-07-20,,OUTCOME_UNOBSERVED_BY_DATASET_END
3438960569bf3e42fa63f8e7bab0ac03,unavailable,2018-08-02 15:28:32,2018-08-10,,NOT_APPLICABLE_TERMINAL_NON_DELIVERY
7142b298b22a79a285d2ce792dc533a2,canceled,2017-02-10 00:58:01,2017-03-13,,NOT_APPLICABLE_TERMINAL_NON_DELIVERY
e6d7920ba4f7a2673a980bd60d46cb53,invoiced,2018-07-31 14:15:30,2018-08-17,,OUTCOME_UNOBSERVED_BY_DATASET_END
12e5a909c18964acada1ce9a760d9afe,unavailable,2017-03-23 23:41:40,2017-04-12,,NOT_APPLICABLE_TERMINAL_NON_DELIVERY
90861ef1f4e7a006095e1d5dd38f2195,invoiced,2017-04-25 20:38:07,2017-05-12,,OUTCOME_UNOBSERVED_BY_DATASET_END
81ad0542f902d06936247fe96fb102f8,invoiced,2017-11-08 10:52:52,2017-12-01,,OUTCOME_UNOBSERVED_BY_DATASET_END
5687ad45d33870c742b2cdacaf758353,canceled,2018-05-21 22:53:49,2018-05-29,,NOT_APPLICABLE_TERMINAL_NON_DELIVERY
ad0f5b61c49281e7ccac5a986968f347,unavailable,2018-07-24 09:26:34,2018-08-03,,NOT_APPLICABLE_TERMINAL_NON_DELIVERY
a87ef9e0075f9e9636d1b1f3162aff06,shipped,2018-02-06 18:55:22,2018-02-22,,OUTCOME_UNOBSERVED_BY_DATASET_END
dabf2b0e35b423f94618bf965fcb7514,canceled,2016-10-09 00:56:52,2016-11-30,2016-10-16 14:36:59,OUTCOME_PRESENT_STATUS_MISMATCH
cb503219f1a73d8a4dfe8561be373c99,shipped,2017-11-25 11:22:09,2017-12-21,,OUTCOME_UNOBSERVED_BY_DATASET_END
8d7bd36f24580dd73c1adff3062b7f5b,processing,2017-12-07 10:29:18,2018-01-09,,OUTCOME_UNOBSERVED_BY_DATASET_END
a34db9935aad747acfecadbba0bf451f,shipped,2018-01-05 15:30:15,2018-02-06,,OUTCOME_UNOBSERVED_BY_DATASET_END
80d83b7a6c9a79612f4957850ec91be4,shipped,2018-03-09 16:54:10,2018-04-19,,OUTCOME_UNOBSERVED_BY_DATASET_END
127f8f54e84665683a3c9bde5b3e768c,unavailable,2018-02-08 18:26:32,2018-03-06,,NOT_APPLICABLE_TERMINAL_NON_DELIVERY
f04ef4843992cd6ef01922a4649f3859,shipped,2017-04-17 22:30:51,2017-05-16,,OUTCOME_UNOBSERVED_BY_DATASET_END
d200a7526c6d29e8c2742a0bff8cff14,unavailable,2017-05-04 15:19:42,2017-05-29,,NOT_APPLICABLE_TERMINAL_NON_DELIVERY
bc52ee2d28a015510123067432c70c17,shipped,2017-07-29 19:08:08,2017-08-30,,OUTCOME_UNOBSERVED_BY_DATASET_END
ddecef40fd6080d8aeb6d69f92bb1a8b,shipped,2018-04-03 19:19:56,2018-04-27,,OUTCOME_UNOBSERVED_BY_DATASET_END
6f028ccb7d612af251aa442a1fb8b5d0,shipped,2018-08-05 07:21:56,2018-08-09,,OUTCOME_UNOBSERVED_BY_DATASET_END
31c6c41e2949f1a20c6f8e60ac17d4fe,unavailable,2017-03-21 23:15:29,2017-04-10,,NOT_APPLICABLE_TERMINAL_NON_DELIVERY
648637c544f762334d4ce9bbe88ebe21,unavailable,2017-11-09 22:40:17,2017-11-29,,NOT_APPLICABLE_TERMINAL_NON_DELIVERY
82f71912ce7c7eab50c463a9bc595af6,shipped,2018-04-18 15:28:42,2018-05-18,,OUTCOME_UNOBSERVED_BY_DATASET_END
dba5062fbda3af4fb6c33b1e040ca38f,created,2018-02-09 17:21:04,2018-03-07,,OUTCOME_UNOBSERVED_BY_DATASET_END
e63f16fab229756ce58f86d40747944e,invoiced,2017-12-11 12:22:24,2018-01-12,,OUTCOME_UNOBSERVED_BY_DATASET_END
36f66ebfbd144aa6fb39338bd87b0bf9,canceled,2018-02-26 00:11:02,2018-06-13,,NOT_APPLICABLE_TERMINAL_NON_DELIVERY
38b1f1d241fb8a17915d58514c912418,shipped,2018-03-08 21:43:11,2018-03-29,,OUTCOME_UNOBSERVED_BY_DATASET_END
f50b9192b9705d537f9593b595da132f,shipped,2018-07-16 14:46:04,2018-07-26,,OUTCOME_UNOBSERVED_BY_DATASET_END
62b7574be0b7a8465822312be8cb07b8,processing,2017-07-19 16:44:13,2017-08-29,,OUTCOME_UNOBSERVED_BY_DATASET_END
fc32248629afaea92d59f7086de552d3,processing,2017-11-20 11:45:27,2017-12-01,,OUTCOME_UNOBSERVED_BY_DATASET_END
3be3bae6f665380f803dc59c9053cf26,processing,2017-08-06 14:18:45,2017-08-31,,OUTCOME_UNOBSERVED_BY_DATASET_END
f351ab7501d0f1d1874843df793c2fa6,invoiced,2017-10-10 20:54:00,2017-11-14,,OUTCOME_UNOBSERVED_BY_DATASET_END
982fdef4d624e5de5ab3906bee28fba6,shipped,2017-06-23 13:00:47,2017-07-06,,OUTCOME_UNOBSERVED_BY_DATASET_END
7106ae47c0242d76f336f5430d3ae0fc,canceled,2017-12-13 12:55:38,2018-01-02,,NOT_APPLICABLE_TERMINAL_NON_DELIVERY
a251837e3fdaf53bc31e35e612cf58be,shipped,2018-01-30 22:38:22,2018-02-23,,OUTCOME_UNOBSERVED_BY_DATASET_END
8347204e1ae41b2ad30899fa41a0a889,unavailable,2017-03-03 23:49:03,2017-03-22,,NOT_APPLICABLE_TERMINAL_NON_DELIVERY
bbb1b6d02445bc2786f24be1f048612f,shipped,2017-05-29 12:07:06,2017-06-19,,OUTCOME_UNOBSERVED_BY_DATASET_END
73a366d399bf1947b6d62c2a4e648f27,invoiced,2017-02-09 11:41:40,2017-03-21,,OUTCOME_UNOBSERVED_BY_DATASET_END
374bd3371c572eff1218edb0eb68cb96,canceled,2018-02-14 03:35:04,2018-03-14,,NOT_APPLICABLE_TERMINAL_NON_DELIVERY
04d551f13024f132b86b2fdb707664ed,shipped,2017-05-27 00:14:22,2017-06-21,,OUTCOME_UNOBSERVED_BY_DATASET_END
709e43f97cb2a47fa749503419163710,canceled,2017-04-26 21:43:55,2017-06-05,,NOT_APPLICABLE_TERMINAL_NON_DELIVERY
c1e31d7c0b816af8539eaeee20379889,shipped,2018-05-24 13:19:53,2018-06-26,,OUTCOME_UNOBSERVED_BY_DATASET_END
dfee867c0e46410af48a712d2a4fa179,processing,2017-05-20 19:09:21,2017-06-13,,OUTCOME_UNOBSERVED_BY_DATASET_END
b54861ba91f988d9f961bdcd1a9a2026,canceled,2018-05-14 19:05:40,2018-06-08,,NOT_APPLICABLE_TERMINAL_NON_DELIVERY
87ae60ef8b08ae0e5f903cacb53a6904,canceled,2018-09-11 16:45:54,2018-09-26,,NOT_APPLICABLE_TERMINAL_NON_DELIVERY
27f3ee911b46e671b6393093afebc222,canceled,2017-04-23 12:01:53,2017-05-15,,NOT_APPLICABLE_TERMINAL_NON_DELIVERY
809a282bbd5dbcabb6f2f724fca862ec,canceled,2016-09-13 15:24:19,2016-09-30,,NOT_APPLICABLE_TERMINAL_NON_DELIVERY
52c1dd5de2f994e2979bb421330763ad,shipped,2017-11-24 19:36:27,2017-12-19,,OUTCOME_UNOBSERVED_BY_DATASET_END
6178d892fe5eef77fb756aed59b758bd,unavailable,2018-01-15 14:08:28,2018-02-07,,NOT_APPLICABLE_TERMINAL_NON_DELIVERY
feae5ecdf2cc16c1007741be785fe3cd,unavailable,2017-11-11 16:41:06,2017-11-27,,NOT_APPLICABLE_TERMINAL_NON_DELIVERY
651a89e11653d8df43a624a903fe0f5e,canceled,2017-06-06 20:31:46,2017-06-29,,NOT_APPLICABLE_TERMINAL_NON_DELIVERY
c27a115ea191ed9bad73dac2e0ce82bd,shipped,2017-04-19 12:17:30,2017-05-11,,OUTCOME_UNOBSERVED_BY_DATASET_END
017c9c82265e832840e4209750680e94,shipped,2018-03-05 18:13:17,2018-03-26,,OUTCOME_UNOBSERVED_BY_DATASET_END
c4e980a1d822db426982878b3cfdda6e,invoiced,2016-10-08 22:06:28,2016-12-12,,OUTCOME_UNOBSERVED_BY_DATASET_END
996316cf1b7d0bf4a95a9b5f81d7f22a,unavailable,2017-09-25 21:50:25,2017-10-10,,NOT_APPLICABLE_TERMINAL_NON_DELIVERY
e744792a1abc89d92d36e086697eaf97,unavailable,2017-03-06 21:28:55,2017-03-29,,NOT_APPLICABLE_TERMINAL_NON_DELIVERY
b0e444980dd42a83342cc26792e000bc,shipped,2017-04-24 12:27:06,2017-05-26,,OUTCOME_UNOBSERVED_BY_DATASET_END
947e9c6bfd83a06953c420ef92d3da6e,canceled,2018-08-15 15:13:32,2018-08-28,,NOT_APPLICABLE_TERMINAL_NON_DELIVERY
1702c32d41f309e6e1180ba330a5c8e5,processing,2017-07-05 23:56:40,2017-08-03,,OUTCOME_UNOBSERVED_BY_DATASET_END
fa4c59a94711decb9c0410a0e7f878bc,canceled,2018-07-31 21:45:27,2018-08-08,,NOT_APPLICABLE_TERMINAL_NON_DELIVERY
891e419a9019fb81b67212a708cb5f83,canceled,2017-07-07 12:15:50,2017-08-03,,NOT_APPLICABLE_TERMINAL_NON_DELIVERY
834780043eaf86f9e26f352161b6dfa8,invoiced,2017-07-31 23:06:33,2017-08-22,,OUTCOME_UNOBSERVED_BY_DATASET_END
1769cdad44f0f8456b101d679f33c9f1,shipped,2018-03-31 17:22:04,2018-05-16,,OUTCOME_UNOBSERVED_BY_DATASET_END
a74120d5c086c0961b39f42282094ab3,invoiced,2017-09-12 18:44:10,2017-09-28,,OUTCOME_UNOBSERVED_BY_DATASET_END
4ffaf2cdcc432ea3cd8ae0ab7a789cb0,unavailable,2018-01-30 10:25:41,2018-02-20,,NOT_APPLICABLE_TERMINAL_NON_DELIVERY
7ff67cebd15afdf4aa5e41c4e190ff74,shipped,2018-03-27 15:43:32,2018-04-23,,OUTCOME_UNOBSERVED_BY_DATASET_END
4483bebac87f089540f2e5be0a6589f6,shipped,2017-08-18 18:38:54,2017-09-12,,OUTCOME_UNOBSERVED_BY_DATASET_END
3e170726582244699b156f1c7044223a,canceled,2017-11-06 15:47:20,2017-11-28,,NOT_APPLICABLE_TERMINAL_NON_DELIVERY
87b732d9778eda3d298cbd97c22aba48,invoiced,2018-03-09 12:08:02,2018-04-19,,OUTCOME_UNOBSERVED_BY_DATASET_END
ad950ca26cf8bcb793630d2d8652a562,shipped,2018-06-04 14:51:21,2018-06-20,,OUTCOME_UNOBSERVED_BY_DATASET_END
d6c071bb6550e03c4ec129f737acfc3d,invoiced,2018-05-18 14:49:51,2018-06-06,,OUTCOME_UNOBSERVED_BY_DATASET_END
04770bff63a120fbf0eea1f62b84f8f0,unavailable,2017-02-01 21:07:12,2017-03-10,,NOT_APPLICABLE_TERMINAL_NON_DELIVERY
cbb8c3748ad61bcd4011720d8a58a3a0,shipped,2018-08-17 13:11:13,2018-08-29,,OUTCOME_UNOBSERVED_BY_DATASET_END
18987e54897a1baddde716aa4a01639c,canceled,2017-03-14 09:27:08,2017-04-10,,NOT_APPLICABLE_TERMINAL_NON_DELIVERY
a91fed0c79559403d648c1161a2d8500,unavailable,2017-10-30 11:46:41,2017-11-10,,NOT_APPLICABLE_TERMINAL_NON_DELIVERY
4989d3c937d764f91bf6697dd572f524,shipped,2017-11-22 18:56:10,2017-12-14,,OUTCOME_UNOBSERVED_BY_DATASET_END
749d73f14d7f582a7c7b12894d552da2,shipped,2018-02-14 13:28:09,2018-03-07,,OUTCOME_UNOBSERVED_BY_DATASET_END
97b22dcad89f4916db427544e655d1b2,unavailable,2017-05-15 10:57:13,2017-05-24,,NOT_APPLICABLE_TERMINAL_NON_DELIVERY
4e01d932d5ce12858a7df7c7074e6d3a,shipped,2017-06-23 20:49:15,2017-07-19,,OUTCOME_UNOBSERVED_BY_DATASET_END
0e6dbbc7484dc1ee0392c9ca801035c2,canceled,2018-03-01 22:40:51,2018-03-23,,NOT_APPLICABLE_TERMINAL_NON_DELIVERY
60d3a610dc0f2e4967d8d1fc1d5313c8,shipped,2018-03-23 18:31:49,2018-04-17,,OUTCOME_UNOBSERVED_BY_DATASET_END
d7a2d4a7a03831ac687a53e339593570,unavailable,2017-03-03 18:15:37,2017-03-29,,NOT_APPLICABLE_TERMINAL_NON_DELIVERY
629a524cbbd0a42a04f87ad39648d4ca,unavailable,2018-07-12 20:26:19,2018-08-08,,NOT_APPLICABLE_TERMINAL_NON_DELIVERY
af4de21fc01c7d4570f5bcbbb28cbd75,shipped,2018-03-21 09:25:55,2018-04-23,,OUTCOME_UNOBSERVED_BY_DATASET_END
a50f9f0c6dc14bdf95d5621a5bd6b80b,shipped,2018-02-15 12:10:37,2018-03-09,,OUTCOME_UNOBSERVED_BY_DATASET_END
571397819bd6b9fb6c481779d2159854,invoiced,2018-04-02 18:09:49,2018-04-18,,OUTCOME_UNOBSERVED_BY_DATASET_END
a4423627568451619a53fb219d9ab5e9,invoiced,2018-05-18 15:10:08,2018-06-06,,OUTCOME_UNOBSERVED_BY_DATASET_END
8d0fe5f8742be51a61db6ac620e4f032,processing,2017-10-16 11:43:58,2017-11-23,,OUTCOME_UNOBSERVED_BY_DATASET_END
bac8ca7a0aea7f37457fb19140d2c5fb,unavailable,2018-01-04 11:42:53,2018-01-22,,NOT_APPLICABLE_TERMINAL_NON_DELIVERY
f4dcd6f5120e9e46509a58be9e7462f2,shipped,2018-08-02 16:04:26,2018-08-15,,OUTCOME_UNOBSERVED_BY_DATASET_END
709757992cd81f180be8b5555ea266f5,shipped,2018-07-23 10:56:16,2018-08-15,,OUTCOME_UNOBSERVED_BY_DATASET_END
d1292ab43d93a1211d5e3f6589be78af,shipped,2018-02-22 18:00:12,2018-03-14,,OUTCOME_UNOBSERVED_BY_DATASET_END
68664ce4c84bcf1e6682d90992c7504d,unavailable,2018-03-01 09:33:06,2018-03-15,,NOT_APPLICABLE_TERMINAL_NON_DELIVERY
b89c3dccabd368d8a4b6778c1094df6b,canceled,2017-03-20 14:44:16,2017-04-12,,NOT_APPLICABLE_TERMINAL_NON_DELIVERY
135cf1fc795c1f5d5bde462f3bc10c40,shipped,2017-06-21 18:27:41,2017-07-12,,OUTCOME_UNOBSERVED_BY_DATASET_END
1f5d62970c5b3cfedc1b2a8d15ffe40d,shipped,2017-01-25 09:21:45,2017-02-23,,OUTCOME_UNOBSERVED_BY_DATASET_END
d4ca24b86fdfe3b7d4d13f19974a2bce,shipped,2017-07-11 21:06:53,2017-08-02,,OUTCOME_UNOBSERVED_BY_DATASET_END
a3870b955884ebd4ac62ddb02b2ff255,shipped,2018-06-26 15:19:32,2018-07-24,,OUTCOME_UNOBSERVED_BY_DATASET_END
1e9c5ca232e1cdb290cb11b20d668c50,shipped,2018-03-07 08:44:41,2018-05-02,,OUTCOME_UNOBSERVED_BY_DATASET_END
acfa87544c19d596707d25cf2f7dab61,canceled,2018-08-17 00:55:54,2018-08-22,,NOT_APPLICABLE_TERMINAL_NON_DELIVERY
6d9e993faed56b20fe3f762fd8bbf24f,shipped,2018-05-14 10:20:53,2018-06-05,,OUTCOME_UNOBSERVED_BY_DATASET_END
ecb1a8e8b5c6316fe7891f7b556fee28,unavailable,2017-02-07 00:18:03,2017-03-16,,NOT_APPLICABLE_TERMINAL_NON_DELIVERY
3859aef969659dcc5439967f8ffbbc07,unavailable,2017-07-12 08:13:51,2017-08-03,,NOT_APPLICABLE_TERMINAL_NON_DELIVERY
92acd9b1e9af0117eee9aa972e0a4841,unavailable,2017-11-22 20:57:12,2017-12-13,,NOT_APPLICABLE_TERMINAL_NON_DELIVERY
71d81a35f1b361216ed02aab5d56325c,shipped,2018-01-19 02:49:33,2018-02-09,,OUTCOME_UNOBSERVED_BY_DATASET_END
7533138abe254f5d3856101e4a21e5f2,unavailable,2017-11-17 19:42:36,2017-11-30,,NOT_APPLICABLE_TERMINAL_NON_DELIVERY
0d906917988b5c890f8a5d80c26f8f32,processing,2018-02-04 14:21:50,2018-03-07,,OUTCOME_UNOBSERVED_BY_DATASET_END
dc0c4c970ae6b97b389d2e44a500f931,canceled,2018-05-05 15:04:54,2018-05-17,,NOT_APPLICABLE_TERMINAL_NON_DELIVERY
ab2e482aff4baa52ec6da817af85b981,canceled,2018-06-26 11:43:42,2018-07-19,,NOT_APPLICABLE_TERMINAL_NON_DELIVERY
f22553f3a2c04eb65ee8f4f8f7371e22,shipped,2018-07-15 16:39:41,2018-08-10,,OUTCOME_UNOBSERVED_BY_DATASET_END
4f54cd2c8e8986790a962e3657390e1d,shipped,2018-06-13 11:47:50,2018-07-03,,OUTCOME_UNOBSERVED_BY_DATASET_END
b3f1a526de73a85b4e83ac77cd483a05,canceled,2018-07-02 22:04:07,2018-08-20,,NOT_APPLICABLE_TERMINAL_NON_DELIVERY
607cf95d7f8a8c1590f421fecdf0d95c,unavailable,2017-11-15 18:34:26,2017-12-12,,NOT_APPLICABLE_TERMINAL_NON_DELIVERY
c87de2d1aece481642a24bae4b964b07,canceled,2017-04-24 09:51:21,2017-05-15,,NOT_APPLICABLE_TERMINAL_NON_DELIVERY
45daa18f4e3e34c727128f6a775fff95,unavailable,2018-01-07 13:49:11,2018-02-05,,NOT_APPLICABLE_TERMINAL_NON_DELIVERY
7c70f1c05b2c170358a1765511517175,shipped,2017-09-14 14:36:00,2017-10-11,,OUTCOME_UNOBSERVED_BY_DATASET_END
e1c49aeb40d4ab159a18912ea48266d0,processing,2017-08-11 11:42:45,2017-09-05,,OUTCOME_UNOBSERVED_BY_DATASET_END
0fb7e532c96ad6dbfc254b11e9ad816f,shipped,2018-03-08 23:02:32,2018-04-02,,OUTCOME_UNOBSERVED_BY_DATASET_END
6338011716bfe53b960847be47479662,unavailable,2017-11-16 12:28:25,2017-11-29,,NOT_APPLICABLE_TERMINAL_NON_DELIVERY
fceed72ef6fde5b43c8bcefbdb223edc,shipped,2018-03-29 12:27:47,2018-05-07,,OUTCOME_UNOBSERVED_BY_DATASET_END
46936461f0c4e3c80b9289ce5fc1682a,shipped,2017-01-08 19:27:22,2017-02-21,,OUTCOME_UNOBSERVED_BY_DATASET_END
4041bc9d1b1fce0b58abecb8060fab29,shipped,2018-03-05 03:47:11,2018-04-03,,OUTCOME_UNOBSERVED_BY_DATASET_END
90e258ad907d8401c4f1107ea9e55f1b,unavailable,2017-09-25 16:03:27,2017-10-31,,NOT_APPLICABLE_TERMINAL_NON_DELIVERY
fc1095da158f0fc66f917a4f7a257183,shipped,2018-03-29 13:03:45,2018-04-17,,OUTCOME_UNOBSERVED_BY_DATASET_END
cf32d57010a44f75a008544d13445ad9,shipped,2018-04-07 13:12:24,2018-04-24,,OUTCOME_UNOBSERVED_BY_DATASET_END
36543b4a82c2c12ec60edfe8b5f67e3c,processing,2017-10-30 14:48:41,2017-11-17,,OUTCOME_UNOBSERVED_BY_DATASET_END
4ffd41fadb59bd398d869be78f1b2be3,unavailable,2018-03-26 09:37:59,2018-04-10,,NOT_APPLICABLE_TERMINAL_NON_DELIVERY
62492d216bd7ca39cab1f24109b6bfd7,unavailable,2017-11-05 08:26:50,2017-11-30,,NOT_APPLICABLE_TERMINAL_NON_DELIVERY
dce5adb99dbd09afb1a7b9a402df9f98,shipped,2018-03-21 13:50:42,2018-04-17,,OUTCOME_UNOBSERVED_BY_DATASET_END
d9d6c371c6721e2fb73fc7ed7b5cc856,processing,2017-08-25 17:50:50,2017-09-26,,OUTCOME_UNOBSERVED_BY_DATASET_END
2636a02ee7de9590df86a4c24b739c49,unavailable,2017-06-29 09:10:37,2017-07-27,,NOT_APPLICABLE_TERMINAL_NON_DELIVERY
186d3cd768be1890d832106f914ba37c,canceled,2017-06-09 10:16:21,2017-07-05,,NOT_APPLICABLE_TERMINAL_NON_DELIVERY
8603de8fb5551ed7faf81d2a31b8bf0e,unavailable,2017-06-11 17:40:22,2017-07-05,,NOT_APPLICABLE_TERMINAL_NON_DELIVERY
05b7b6d543fe8045020d831080945bfd,processing,2017-12-03 17:30:49,2017-12-27,,OUTCOME_UNOBSERVED_BY_DATASET_END
9ddf4a39b3954edb7d4d84471f3229ea,shipped,2017-10-22 13:52:32,2017-11-09,,OUTCOME_UNOBSERVED_BY_DATASET_END
bc50c4b649fb077defd8c5b6f1337468,processing,2017-10-10 11:49:24,2017-10-27,,OUTCOME_UNOBSERVED_BY_DATASET_END
a6f980db92567852107fe54fa64726f2,unavailable,2017-10-28 10:33:24,2017-11-24,,NOT_APPLICABLE_TERMINAL_NON_DELIVERY
d93ef0caa7a160caec60b4d6833415a6,canceled,2018-06-25 16:20:24,2018-07-23,,NOT_APPLICABLE_TERMINAL_NON_DELIVERY
208edba34ba9cf8d8f603672e1966b75,unavailable,2017-05-08 17:41:44,2017-06-06,,NOT_APPLICABLE_TERMINAL_NON_DELIVERY
035b790fa740b68de2d6f1a74f9b2098,invoiced,2018-03-25 18:27:09,2018-04-06,,OUTCOME_UNOBSERVED_BY_DATASET_END
c038b4c610ae79ae8e3d191f7293fbae,unavailable,2017-02-01 13:56:13,2017-03-01,,NOT_APPLICABLE_TERMINAL_NON_DELIVERY
6409da66534414b64138b8202ac53bc7,processing,2017-03-28 16:59:13,2017-04-19,,OUTCOME_UNOBSERVED_BY_DATASET_END
cf0df64aec6d7f8bf60b0552a954b3b8,invoiced,2017-08-27 17:13:46,2017-09-14,,OUTCOME_UNOBSERVED_BY_DATASET_END
46010c67bec146f0c9db27f42149c5d2,canceled,2017-05-30 11:43:14,2017-06-26,,NOT_APPLICABLE_TERMINAL_NON_DELIVERY
3388fa275fc1b344e275af704e8d3156,canceled,2017-12-11 09:25:26,2017-12-28,,NOT_APPLICABLE_TERMINAL_NON_DELIVERY
d1f4276166cee5a37d01beb15e2426fc,canceled,2018-02-26 06:37:45,2018-03-12,,NOT_APPLICABLE_TERMINAL_NON_DELIVERY
b5a5f8ac4bb761fbe9b16518c8107543,invoiced,2017-11-28 14:39:06,2018-01-03,,OUTCOME_UNOBSERVED_BY_DATASET_END
35b8e54d765e6b217e2dc5ab34f6b323,invoiced,2016-10-06 12:23:07,2016-11-30,,OUTCOME_UNOBSERVED_BY_DATASET_END
3cfd0a41e3256e003a751ae76649b197,shipped,2017-08-19 11:32:04,2017-09-13,,OUTCOME_UNOBSERVED_BY_DATASET_END
30c03e784f1c82b58bdbdf321132067f,shipped,2017-07-16 14:44:13,2017-08-08,,OUTCOME_UNOBSERVED_BY_DATASET_END
230cb5ffb43a10662e4b64e7d02cd171,canceled,2018-07-31 14:24:39,2018-08-08,,NOT_APPLICABLE_TERMINAL_NON_DELIVERY
34d981c2cff2bb39afd6bb3f424c2173,shipped,2018-06-04 19:34:00,2018-07-19,,OUTCOME_UNOBSERVED_BY_DATASET_END
7797a381b974bc0ac41437132b2cb19f,shipped,2018-04-17 00:37:46,2018-06-01,,OUTCOME_UNOBSERVED_BY_DATASET_END
c5a6b3f14e7ccc01bd3cec98d73b7c42,invoiced,2017-11-20 18:19:04,2017-12-12,,OUTCOME_UNOBSERVED_BY_DATASET_END
294b367987f073eb316ecef17f1078a0,unavailable,2017-09-22 10:00:20,2017-10-19,,NOT_APPLICABLE_TERMINAL_NON_DELIVERY
735ad119a24ea4a9d6fbfcd9f296920a,canceled,2017-07-24 11:38:43,2017-08-07,,NOT_APPLICABLE_TERMINAL_NON_DELIVERY
ebcb685bc1704615fc22e5a0b73f2dc7,unavailable,2017-05-24 19:10:03,2017-06-13,,NOT_APPLICABLE_TERMINAL_NON_DELIVERY
2c78914d7d6e6d7a648d2fcdd67e8c3c,shipped,2017-07-13 09:57:08,2017-08-10,,OUTCOME_UNOBSERVED_BY_DATASET_END
efc7c29e1816bb3d30c1e8c207bf87ca,canceled,2017-06-23 01:15:59,2017-07-17,,NOT_APPLICABLE_TERMINAL_NON_DELIVERY
e12ba59fec6cde9a2cf1af5c0772185c,processing,2017-02-19 11:03:43,2017-03-23,,OUTCOME_UNOBSERVED_BY_DATASET_END
d2feb2f430d7d97b41873672953fe944,canceled,2017-08-16 16:15:31,2017-08-29,,NOT_APPLICABLE_TERMINAL_NON_DELIVERY
21d4d409001930a8266042afbc040039,invoiced,2017-11-08 12:38:38,2017-12-05,,OUTCOME_UNOBSERVED_BY_DATASET_END
e13713108caa1e5a2604672467aa9d8a,shipped,2018-03-05 19:45:44,2018-04-02,,OUTCOME_UNOBSERVED_BY_DATASET_END
aecfda74ec8e7c93765ba62e09a995d2,shipped,2017-05-29 18:59:38,2017-06-23,,OUTCOME_UNOBSERVED_BY_DATASET_END
749309f96df588c96621963117e9530f,canceled,2018-08-14 17:57:15,2018-08-17,,NOT_APPLICABLE_TERMINAL_NON_DELIVERY
8da21fa53a570d0624c7a5d0c14c617a,shipped,2017-06-07 17:02:27,2017-06-28,,OUTCOME_UNOBSERVED_BY_DATASET_END
13f68da1f137146006b4c0c34b6824e8,invoiced,2017-01-24 13:02:32,2017-03-07,,OUTCOME_UNOBSERVED_BY_DATASET_END
2e03cb2541b48c78aebca2dbfb2fc7b8,shipped,2018-05-11 18:24:01,2018-06-06,,OUTCOME_UNOBSERVED_BY_DATASET_END
e687c9cd3e2434f95fc04a1b0c6c14d0,shipped,2018-04-18 09:28:00,2018-05-21,,OUTCOME_UNOBSERVED_BY_DATASET_END
b7bb38752b1d8e0b56a6a0633907e66f,shipped,2017-04-22 11:35:35,2017-05-23,,OUTCOME_UNOBSERVED_BY_DATASET_END
dc8e7d66422ec37c6fa1cd4f6d29a85a,shipped,2018-07-15 14:03:37,2018-08-02,,OUTCOME_UNOBSERVED_BY_DATASET_END
399925b6edb5695cad0f5d06f861f726,shipped,2018-03-11 21:21:10,2018-04-06,,OUTCOME_UNOBSERVED_BY_DATASET_END
36863ac8590d8776002418d844275735,shipped,2018-03-11 23:18:37,2018-04-12,,OUTCOME_UNOBSERVED_BY_DATASET_END
9566b36fbba7756a79b5d2cba4e058d9,unavailable,2017-07-10 16:47:00,2017-07-21,,NOT_APPLICABLE_TERMINAL_NON_DELIVERY
498081e5523106ea57b698fb881fb1c8,unavailable,2017-05-16 17:26:24,2017-06-09,,NOT_APPLICABLE_TERMINAL_NON_DELIVERY
2e9d8db9e132a9b5e1236618b7e8ef4a,canceled,2018-08-09 18:42:38,2018-09-04,,NOT_APPLICABLE_TERMINAL_NON_DELIVERY
2f3af8ee559ca3311975ba1ee20e94bc,shipped,2017-11-24 19:47:17,2017-12-15,,OUTCOME_UNOBSERVED_BY_DATASET_END
5d790fe3637a350e66c1f7f6d91f4c4e,canceled,2017-07-03 09:43:13,2017-07-21,,NOT_APPLICABLE_TERMINAL_NON_DELIVERY
54a33eb07a24da26f790d99fa2adfd7c,invoiced,2018-08-06 23:23:11,2018-08-23,,OUTCOME_UNOBSERVED_BY_DATASET_END
5d9e1e0e7084f2f9e90a7069e64cba61,canceled,2017-11-05 13:58:19,2017-11-17,,NOT_APPLICABLE_TERMINAL_NON_DELIVERY
186ac860f8928db64590e1fdd744c9f5,shipped,2018-03-08 16:10:21,2018-03-28,,OUTCOME_UNOBSERVED_BY_DATASET_END
92513c17b1e446ae2b162527361b595e,shipped,2018-07-14 14:01:18,2018-07-30,,OUTCOME_UNOBSERVED_BY_DATASET_END
2c44ef48e157c9a43e9998da9a3248bd,unavailable,2017-07-17 15:43:37,2017-08-18,,NOT_APPLICABLE_TERMINAL_NON_DELIVERY
0e64b89242bbb62b8ea29c57fc8073fb,unavailable,2017-11-23 10:53:08,2017-12-20,,NOT_APPLICABLE_TERMINAL_NON_DELIVERY
2ee460773e708be4e0208745a3864b8c,shipped,2017-06-22 22:34:26,2017-08-07,,OUTCOME_UNOBSERVED_BY_DATASET_END
2cfc79d9582e9135c0a9b61fa60e6b21,canceled,2018-02-19 17:11:34,2018-03-15,,NOT_APPLICABLE_TERMINAL_NON_DELIVERY
ad15ae08ead6006cdba6fb5f19b055c8,canceled,2017-10-14 10:36:31,2017-11-10,,NOT_APPLICABLE_TERMINAL_NON_DELIVERY
ba0f1e99132c6f69e4622597e9853599,canceled,2018-01-24 14:16:15,2018-02-21,,NOT_APPLICABLE_TERMINAL_NON_DELIVERY
5abf37ab57e23f69a9c8ab98c4800273,canceled,2018-01-28 00:25:15,2018-02-20,,NOT_APPLICABLE_TERMINAL_NON_DELIVERY
2701d162dabcb83a27f19ae30e8fea47,canceled,2017-03-12 21:28:55,2017-04-18,,NOT_APPLICABLE_TERMINAL_NON_DELIVERY
10a154c430a23bb8a3ecb2ffc52bf81e,shipped,2018-01-16 11:54:50,2018-02-07,,OUTCOME_UNOBSERVED_BY_DATASET_END
3971a8d658593643c85790cb67105832,processing,2017-12-12 19:00:37,2018-01-10,,OUTCOME_UNOBSERVED_BY_DATASET_END
10271ddf4e66d7ebde86598c2447761d,invoiced,2017-01-30 12:15:14,2017-03-17,,OUTCOME_UNOBSERVED_BY_DATASET_END
2dceebebb97f2c0222194e9c24c28296,shipped,2017-10-23 21:44:35,2017-11-03,,OUTCOME_UNOBSERVED_BY_DATASET_END
263f5778d1130e9c186958780172a107,canceled,2017-10-12 08:39:30,2017-11-06,,NOT_APPLICABLE_TERMINAL_NON_DELIVERY
b3a60e4531d82485b6ed7c49ba266c66,invoiced,2017-01-28 22:54:48,2017-03-17,,OUTCOME_UNOBSERVED_BY_DATASET_END
19549a52bf4ab2fd2bab7f190e21a4c8,shipped,2018-06-09 20:18:40,2018-07-12,,OUTCOME_UNOBSERVED_BY_DATASET_END
66b7aa4a53c5c138ffe0aa7ac74dbea1,canceled,2017-10-26 21:33:43,2017-11-14,,NOT_APPLICABLE_TERMINAL_NON_DELIVERY
4b90912a086907b087947c385e8d13b1,canceled,2018-08-01 16:39:52,2018-08-06,,NOT_APPLICABLE_TERMINAL_NON_DELIVERY
697705c05da5ef945de721dd31bf23c6,canceled,2017-02-03 11:31:48,2017-03-28,,NOT_APPLICABLE_TERMINAL_NON_DELIVERY
c79bdf061e22288609201ec60deb42fb,processing,2017-05-01 18:58:54,2017-06-06,,OUTCOME_UNOBSERVED_BY_DATASET_END
0605918e96aec0f42a10810d92b5e864,canceled,2017-02-22 10:45:45,2017-03-23,,NOT_APPLICABLE_TERMINAL_NON_DELIVERY
cf2c702bc3b60b945e5efb11e99c97ce,shipped,2018-06-15 16:35:58,2018-07-13,,OUTCOME_UNOBSERVED_BY_DATASET_END
57a7b18332c1b9b26d96e35379af3a38,shipped,2018-08-06 19:25:14,2018-08-22,,OUTCOME_UNOBSERVED_BY_DATASET_END
8caf289ab5d7e3ec7b4522aa22dabbec,canceled,2018-02-14 10:37:17,2018-03-07,,NOT_APPLICABLE_TERMINAL_NON_DELIVERY
e2a5a9157ae607d38cdb1593f74c0686,unavailable,2017-11-24 13:40:14,2017-12-13,,NOT_APPLICABLE_TERMINAL_NON_DELIVERY
8ad27f298f11ab1248784468b3fa24e0,unavailable,2018-05-07 15:27:22,2018-05-24,,NOT_APPLICABLE_TERMINAL_NON_DELIVERY
eb3c78fe8b35f52d4369d69d383fc212,processing,2018-05-07 22:40:38,2018-06-04,,OUTCOME_UNOBSERVED_BY_DATASET_END
04b3135bf087618b410a00680576242f,canceled,2018-07-29 19:58:34,2018-08-13,,NOT_APPLICABLE_TERMINAL_NON_DELIVERY
794651af98ca9412aa91961e14c0a796,processing,2017-05-10 20:35:15,2017-06-07,,OUTCOME_UNOBSERVED_BY_DATASET_END
03227bf7c543bbee4efa38bb6c6763c8,unavailable,2017-09-08 17:57:39,2017-09-25,,NOT_APPLICABLE_TERMINAL_NON_DELIVERY
2c8740f9df6d253c15dc035eba80ebed,canceled,2017-04-12 11:23:01,2017-05-11,,NOT_APPLICABLE_TERMINAL_NON_DELIVERY
e179226f2bce4372c9425cf0a6948201,shipped,2017-12-12 16:59:08,2018-01-08,,OUTCOME_UNOBSERVED_BY_DATASET_END
d642656598ae928a250620315d19e87e,shipped,2018-03-07 10:43:39,2018-04-09,,OUTCOME_UNOBSERVED_BY_DATASET_END
6da45c88a41888408e61bfe388d93f01,invoiced,2017-10-03 01:38:04,2017-10-24,,OUTCOME_UNOBSERVED_BY_DATASET_END
6b38b67d834db1c3d56ddd487abd313d,shipped,2017-04-19 15:11:34,2017-05-17,,OUTCOME_UNOBSERVED_BY_DATASET_END
252788350f9dad30b31847845fe119fe,canceled,2017-04-23 14:58:37,2017-05-23,,NOT_APPLICABLE_TERMINAL_NON_DELIVERY
d1b7637acd3a7a42101faf9066e7309c,shipped,2018-05-20 18:58:04,2018-06-06,,OUTCOME_UNOBSERVED_BY_DATASET_END
9a209e12ca9ee385ad1ce1510ecfd6fc,unavailable,2018-05-12 16:03:28,2018-05-29,,NOT_APPLICABLE_TERMINAL_NON_DELIVERY
9a8fb2a3a77dab1c301506cd5af2e845,unavailable,2017-07-26 08:37:07,2017-08-08,,NOT_APPLICABLE_TERMINAL_NON_DELIVERY
11ac4935b48d92b0e8d9b2176da04d80,shipped,2018-03-23 21:33:01,2018-04-05,,OUTCOME_UNOBSERVED_BY_DATASET_END
edafb5849135e41d30dcb51fbaa78014,invoiced,2018-02-27 11:04:33,2018-03-20,,OUTCOME_UNOBSERVED_BY_DATASET_END
28f746eeb91e247397a0eb18834a45a0,shipped,2018-01-06 19:56:07,2018-02-07,,OUTCOME_UNOBSERVED_BY_DATASET_END
155ff86a37e4becb60f238b3ee90775b,shipped,2017-06-07 18:40:17,2017-06-23,,OUTCOME_UNOBSERVED_BY_DATASET_END
5837a2c844decae8a778657425f6d664,unavailable,2017-07-17 22:11:13,2017-08-17,,NOT_APPLICABLE_TERMINAL_NON_DELIVERY
2cc53a4aa9a5a0f2c0ff6559260fb1d4,processing,2017-08-06 20:49:26,2017-09-22,,OUTCOME_UNOBSERVED_BY_DATASET_END
d673513c79ca55525c1a535452b4b6e4,shipped,2018-04-18 22:14:34,2018-05-22,,OUTCOME_UNOBSERVED_BY_DATASET_END
bd35b677fd239386e9861d11ae98ab56,canceled,2018-09-17 17:21:16,2018-10-01,,NOT_APPLICABLE_TERMINAL_NON_DELIVERY
1ed51c0babffeaa2c1c67f3202eb0042,shipped,2018-05-10 22:06:24,2018-05-29,,OUTCOME_UNOBSERVED_BY_DATASET_END
b642a3e08bfd10119c9b7e948c936e93,canceled,2017-02-03 01:03:44,2017-03-06,,NOT_APPLICABLE_TERMINAL_NON_DELIVERY
1df2775799eecdf9dd85024255c611b7,shipped,2017-07-13 11:03:05,2017-08-14,,OUTCOME_UNOBSERVED_BY_DATASET_END
0cafd6a7576a6aae0f891008a87f1546,unavailable,2017-01-20 10:31:53,2017-02-22,,NOT_APPLICABLE_TERMINAL_NON_DELIVERY
00d0ffd14774da775ac832ba8520510f,canceled,2017-12-23 22:25:00,2018-01-19,,NOT_APPLICABLE_TERMINAL_NON_DELIVERY
49db7943d60b6805c3a41f5474772a09,shipped,2017-05-13 21:23:34,2017-06-27,,OUTCOME_UNOBSERVED_BY_DATASET_END
42aab2305332f1fc30ae6f03acfa1bad,shipped,2018-04-08 11:56:41,2018-05-03,,OUTCOME_UNOBSERVED_BY_DATASET_END
2ddc0120a9ee5d965a08b68f6a3e2885,unavailable,2017-09-24 00:24:28,2017-10-10,,NOT_APPLICABLE_TERMINAL_NON_DELIVERY
aeef968fdf13e92d3b80306d114ed681,unavailable,2017-03-02 13:39:49,2017-03-21,,NOT_APPLICABLE_TERMINAL_NON_DELIVERY
9191e958cc19129b8470df9d933f8e3c,invoiced,2017-11-30 19:12:28,2017-12-20,,OUTCOME_UNOBSERVED_BY_DATASET_END
2e22dc2fce65e5b9d73a11d717f41724,shipped,2017-01-21 20:53:19,2017-03-14,,OUTCOME_UNOBSERVED_BY_DATASET_END
3f191c1edeb80678998ec0c8683cefcc,canceled,2018-02-20 20:34:23,2018-03-21,,NOT_APPLICABLE_TERMINAL_NON_DELIVERY
084d2c70d33f8b9a1e21393471844591,unavailable,2017-05-16 21:56:29,2017-06-05,,NOT_APPLICABLE_TERMINAL_NON_DELIVERY
c71145d06b89602679deb5e8a297f10b,shipped,2018-04-05 19:38:05,2018-04-27,,OUTCOME_UNOBSERVED_BY_DATASET_END
60260cf275316912451558bb743bbfc7,unavailable,2017-06-27 10:51:39,2017-07-17,,NOT_APPLICABLE_TERMINAL_NON_DELIVERY
07b9210fa8f57b996c79cb931e817393,shipped,2018-01-25 03:24:05,2018-02-22,,OUTCOME_UNOBSERVED_BY_DATASET_END
93274b931b5771bd02154c9b716168ba,canceled,2018-05-08 10:13:06,2018-05-25,,NOT_APPLICABLE_TERMINAL_NON_DELIVERY
b405825393f5c6c990926ccaf70d2fd9,shipped,2017-06-05 22:17:37,2017-06-26,,OUTCOME_UNOBSERVED_BY_DATASET_END
08ea65e91550ee222548404d16eb06b4,unavailable,2017-11-14 23:59:15,2017-12-04,,NOT_APPLICABLE_TERMINAL_NON_DELIVERY
b8197dddd8d9e9a9789a8573d6f84d7e,shipped,2018-06-25 12:01:55,2018-07-31,,OUTCOME_UNOBSERVED_BY_DATASET_END
63802c52ced9ff923c962ecbf4b3a2a2,canceled,2017-12-03 11:32:32,2017-12-26,,NOT_APPLICABLE_TERMINAL_NON_DELIVERY
05a971ae7a83a0b371ae1b5bfc45514e,processing,2017-01-31 00:11:36,2017-03-17,,OUTCOME_UNOBSERVED_BY_DATASET_END
f989d3ba2acbcf3d6168a67eef142f3e,shipped,2018-07-21 20:00:37,2018-07-31,,OUTCOME_UNOBSERVED_BY_DATASET_END
a0c1b0545665f839199e53177bc639f7,unavailable,2017-11-23 23:03:25,2017-12-15,,NOT_APPLICABLE_TERMINAL_NON_DELIVERY
8c0ba0ee5bf1417ede40de0a3621f727,unavailable,2017-09-29 13:23:03,2017-10-17,,NOT_APPLICABLE_TERMINAL_NON_DELIVERY
943625151a5d8d00da80e96a90930e03,canceled,2018-02-17 09:59:29,2018-03-06,,NOT_APPLICABLE_TERMINAL_NON_DELIVERY
e1e8e3bca903de27e9a1c72b5a5795e0,shipped,2017-04-16 06:31:08,2017-05-11,,OUTCOME_UNOBSERVED_BY_DATASET_END
4aa353cc7496d36dad27d939dfdfe59e,invoiced,2018-03-26 00:13:51,2018-04-06,,OUTCOME_UNOBSERVED_BY_DATASET_END
e7e4ea34d176d9efab560f0db16925fb,unavailable,2017-11-30 06:57:07,2017-12-18,,NOT_APPLICABLE_TERMINAL_NON_DELIVERY
2ad4df0af7a71d632dccc0129bee3268,canceled,2018-07-30 12:04:19,2018-08-02,,NOT_APPLICABLE_TERMINAL_NON_DELIVERY
151e44f3dd461fe0838b6f59f884749f,unavailable,2018-02-22 16:06:11,2018-03-19,,NOT_APPLICABLE_TERMINAL_NON_DELIVERY
51df4b64807ba1804510ee0c17f1e074,shipped,2017-06-25 20:33:38,2017-07-18,,OUTCOME_UNOBSERVED_BY_DATASET_END
6ea1f20d81136864e6e10ac9cce17901,shipped,2017-12-04 21:13:09,2018-01-10,,OUTCOME_UNOBSERVED_BY_DATASET_END
1b70a3be341959c3c0ea4bd4def0b526,invoiced,2017-12-27 15:02:03,2018-01-22,,OUTCOME_UNOBSERVED_BY_DATASET_END
393e604943de623d0c4d474259214378,shipped,2018-02-23 13:07:38,2018-04-03,,OUTCOME_UNOBSERVED_BY_DATASET_END
7fece9c7487cb93f6d37df78e2283d07,shipped,2018-04-11 21:29:11,2018-05-10,,OUTCOME_UNOBSERVED_BY_DATASET_END
d79a0310d140262d3df6832336b58969,processing,2018-01-05 17:34:54,2018-02-05,,OUTCOME_UNOBSERVED_BY_DATASET_END
4e27ad7f1a6821ceddc8442eb1875014,canceled,2018-04-16 20:22:37,2018-05-10,,NOT_APPLICABLE_TERMINAL_NON_DELIVERY
e27f1bbffdd3f7fbcfe975311e0212df,invoiced,2017-05-13 10:00:58,2017-05-31,,OUTCOME_UNOBSERVED_BY_DATASET_END
076008aa37f0393fff972b8b0121fd94,shipped,2018-06-08 19:05:44,2018-06-19,,OUTCOME_UNOBSERVED_BY_DATASET_END
297358750c4d97989ee76a22ce38764f,shipped,2017-08-25 22:28:41,2017-09-20,,OUTCOME_UNOBSERVED_BY_DATASET_END
8c8527960c6b98fe66936cff2603d394,unavailable,2017-07-03 09:12:25,2017-07-14,,NOT_APPLICABLE_TERMINAL_NON_DELIVERY
7aa23447e2b8d82e2355605aeac705b4,canceled,2017-11-23 20:24:34,2017-12-07,,NOT_APPLICABLE_TERMINAL_NON_DELIVERY
52a0f6c103d6b2a22b489ebf37c5a504,shipped,2018-04-18 18:28:31,2018-05-15,,OUTCOME_UNOBSERVED_BY_DATASET_END
2da57b1db9c95f9cfdbc6947115a3ab9,invoiced,2017-06-08 18:24:28,2017-07-11,,OUTCOME_UNOBSERVED_BY_DATASET_END
64a58e424494f1f8ed5895885b9dfe16,unavailable,2017-10-23 13:19:27,2017-11-03,,NOT_APPLICABLE_TERMINAL_NON_DELIVERY
bb95bf1d97c8c2a8e327a7e4b0add9df,shipped,2018-01-23 22:24:55,2018-02-16,,OUTCOME_UNOBSERVED_BY_DATASET_END
0a472c47d928bf4cd8b6a7a30345eeb7,canceled,2018-08-30 10:14:00,2018-10-02,,NOT_APPLICABLE_TERMINAL_NON_DELIVERY
5433b741dfe7d213ecb113966b8f6e49,invoiced,2017-06-12 10:44:30,2017-07-04,,OUTCOME_UNOBSERVED_BY_DATASET_END
3213c825fd43c3d2aa27fed77ef29519,shipped,2018-08-07 21:40:46,2018-08-10,,OUTCOME_UNOBSERVED_BY_DATASET_END
c0341f028a07cb3196e3bf4e850066bb,canceled,2017-03-23 17:21:23,2017-04-11,,NOT_APPLICABLE_TERMINAL_NON_DELIVERY
7bd62497a7402220bd5006cec2c7b749,shipped,2017-05-17 10:35:54,2017-06-26,,OUTCOME_UNOBSERVED_BY_DATASET_END
569d43a54c364df5b367ab33e96eacf0,unavailable,2017-10-31 08:50:06,2017-11-08,,NOT_APPLICABLE_TERMINAL_NON_DELIVERY
b93753633fb990e3c74dc9474c9d9e53,shipped,2018-05-01 20:45:44,2018-05-22,,OUTCOME_UNOBSERVED_BY_DATASET_END
bcfd112593a122ae1272e80681e2ac72,shipped,2017-03-07 12:36:25,2017-03-28,,OUTCOME_UNOBSERVED_BY_DATASET_END
6d928ae5792f61a71bb3e3e528bf4a28,unavailable,2017-05-06 14:18:42,2017-06-02,,NOT_APPLICABLE_TERMINAL_NON_DELIVERY
82b564e3b8efa4e060e5c950cb6fa9ad,canceled,2018-07-15 10:32:58,2018-08-10,,NOT_APPLICABLE_TERMINAL_NON_DELIVERY
3152fc55dfa364d38d44c5defcb88a28,processing,2017-12-22 11:41:33,2018-01-18,,OUTCOME_UNOBSERVED_BY_DATASET_END
95251874fe384d74df990ccb85bea4ab,unavailable,2017-07-05 13:55:19,2017-08-10,,NOT_APPLICABLE_TERMINAL_NON_DELIVERY
5b2bc181b79df76b831c2c73bfa96c08,shipped,2018-03-28 16:44:49,2018-04-17,,OUTCOME_UNOBSERVED_BY_DATASET_END
5cb8558cbb7c0c2f00f43468579d3e3c,shipped,2016-10-04 15:02:37,2016-12-02,,OUTCOME_UNOBSERVED_BY_DATASET_END
17072870cced0e2db845c2cc0bb385e7,shipped,2018-02-02 14:51:38,2018-03-07,,OUTCOME_UNOBSERVED_BY_DATASET_END
ccd4eb95e68cb64e666ddcb84f8dfb1e,canceled,2018-03-05 22:57:35,2018-03-21,,NOT_APPLICABLE_TERMINAL_NON_DELIVERY
6a30e349ceba14fcd64f13c3fd62aed3,unavailable,2018-03-10 01:56:16,2018-04-12,,NOT_APPLICABLE_TERMINAL_NON_DELIVERY
8c6eb35c6bb5e1a9dbf00531ab9404e3,shipped,2018-04-06 12:17:13,2018-05-02,,OUTCOME_UNOBSERVED_BY_DATASET_END
3016aab208504e35592823875a18d588,invoiced,2018-08-02 18:23:42,2018-08-09,,OUTCOME_UNOBSERVED_BY_DATASET_END
f71952473c83952e23fb55146d59bfe2,canceled,2018-03-10 16:44:52,2018-03-22,,NOT_APPLICABLE_TERMINAL_NON_DELIVERY
c47e4de55f6735f7ddc4c6026769d569,unavailable,2018-02-28 17:29:34,2018-03-13,,NOT_APPLICABLE_TERMINAL_NON_DELIVERY
37e5806494067b6dcc269c80c272eab2,canceled,2018-03-08 16:11:34,2018-03-22,,NOT_APPLICABLE_TERMINAL_NON_DELIVERY
8abd0f2c3a61336c2ee97b2785175332,canceled,2018-04-19 13:18:07,2018-05-08,,NOT_APPLICABLE_TERMINAL_NON_DELIVERY
f0f94b7c7548150f33f5d9e7597d396f,unavailable,2018-05-25 19:17:35,2018-06-19,,NOT_APPLICABLE_TERMINAL_NON_DELIVERY
7e30f6ae5435d7c05b487f7b5e1d61ba,canceled,2018-02-28 13:16:08,2018-03-13,,NOT_APPLICABLE_TERMINAL_NON_DELIVERY
55aea3ae93b247a771d01bc39ae5ec45,processing,2017-03-13 20:20:15,2017-04-13,,OUTCOME_UNOBSERVED_BY_DATASET_END
5754d3172f19f363edbaf03691b9f989,canceled,2018-02-09 11:23:59,2018-03-07,,NOT_APPLICABLE_TERMINAL_NON_DELIVERY
b4ec6d93789e37e779f86f3b7a9982e5,unavailable,2017-10-10 09:25:47,2017-10-30,,NOT_APPLICABLE_TERMINAL_NON_DELIVERY
440efc866515b274c87852a745f91726,shipped,2018-02-26 11:50:45,2018-03-23,,OUTCOME_UNOBSERVED_BY_DATASET_END
181f8cdc95994be0cdebf5aa7aecb2b6,shipped,2017-04-03 20:26:05,2017-04-26,,OUTCOME_UNOBSERVED_BY_DATASET_END
4130a3c17d5018e8877e1dc104b55fec,processing,2017-02-03 20:08:53,2017-03-21,,OUTCOME_UNOBSERVED_BY_DATASET_END
f69cf3b291cebc67406533d345c21e01,shipped,2018-07-23 14:30:16,2018-08-22,,OUTCOME_UNOBSERVED_BY_DATASET_END
fc3078fa5d882e59237a658341f57738,processing,2017-03-02 07:53:29,2017-03-27,,OUTCOME_UNOBSERVED_BY_DATASET_END
acb3a4ba3d4d4b0c57cd93736fa61558,shipped,2017-01-29 15:21:30,2017-03-20,,OUTCOME_UNOBSERVED_BY_DATASET_END
1966886b80f14d0588adf6406afb0026,invoiced,2017-08-22 16:01:44,2017-09-19,,OUTCOME_UNOBSERVED_BY_DATASET_END
e928f5fbefb30f228db4678d9222b231,canceled,2017-05-12 18:09:07,2017-06-16,,NOT_APPLICABLE_TERMINAL_NON_DELIVERY
752c0993c4993edea8eac33fda648244,unavailable,2017-11-22 13:44:56,2017-12-04,,NOT_APPLICABLE_TERMINAL_NON_DELIVERY
df77e62df88949a20bf8bb2c2d9cb2ed,invoiced,2017-05-07 17:57:19,2017-06-06,,OUTCOME_UNOBSERVED_BY_DATASET_END
b7d469b7eb3c07c6d4b96d505c811fea,canceled,2018-02-03 22:14:25,2018-02-21,,NOT_APPLICABLE_TERMINAL_NON_DELIVERY
2d1cfcc5ed3232215b908e86ff33da61,shipped,2018-01-21 21:52:15,2018-02-06,,OUTCOME_UNOBSERVED_BY_DATASET_END
23fdd0e16ad79ceab4e5f407772d64fa,unavailable,2017-03-20 15:29:38,2017-04-19,,NOT_APPLICABLE_TERMINAL_NON_DELIVERY
f823e090c5fffc41f7a863aa7c66e34a,canceled,2017-12-04 17:00:18,2017-12-20,,NOT_APPLICABLE_TERMINAL_NON_DELIVERY
e9cd616f98d71b98fd6464ec06a6f763,shipped,2018-04-03 11:43:50,2018-05-02,,OUTCOME_UNOBSERVED_BY_DATASET_END
815c1f60c4896764d6d70b7fea63863b,canceled,2017-11-21 13:55:08,2017-12-01,,NOT_APPLICABLE_TERMINAL_NON_DELIVERY
063b573b88fc80e516aba87df524f809,shipped,2016-10-07 19:17:00,2016-12-01,,OUTCOME_UNOBSERVED_BY_DATASET_END
d8198b1933966d7baf7a7d758bdde142,unavailable,2017-08-09 13:34:56,2017-08-29,,NOT_APPLICABLE_TERMINAL_NON_DELIVERY
94aa7cffedc2aed45e67a865fe6ec0f9,shipped,2018-02-27 10:47:13,2018-03-20,,OUTCOME_UNOBSERVED_BY_DATASET_END
88c6c911e3d4308b3f355533115275c3,shipped,2017-09-09 16:46:09,2017-09-28,,OUTCOME_UNOBSERVED_BY_DATASET_END
7e6a1834b0545ebda67a051d04ef8ca9,processing,2018-01-09 23:52:18,2018-02-01,,OUTCOME_UNOBSERVED_BY_DATASET_END
ca9d82b594244464dddfac0959180268,unavailable,2017-08-09 12:26:30,2017-09-13,,NOT_APPLICABLE_TERMINAL_NON_DELIVERY
5bb0a15df451de753efe768d4c907d4c,invoiced,2017-07-14 10:18:33,2017-08-11,,OUTCOME_UNOBSERVED_BY_DATASET_END
c108072ab31ec90a754129c171577f5f,shipped,2017-10-16 21:13:03,2017-10-26,,OUTCOME_UNOBSERVED_BY_DATASET_END
f77e96b95a568b64ae8fbf7a413c3c4e,shipped,2017-12-03 20:25:13,2017-12-29,,OUTCOME_UNOBSERVED_BY_DATASET_END
baf1b12b26680071c8851fc697020e62,shipped,2018-01-21 15:41:59,2018-02-22,,OUTCOME_UNOBSERVED_BY_DATASET_END
d889a8ab0342b0b548b78963f15aa195,shipped,2017-10-11 16:23:11,2017-11-07,,OUTCOME_UNOBSERVED_BY_DATASET_END
f60f24675fc59697853e289b853f5cad,processing,2017-11-26 23:14:40,2017-12-26,,OUTCOME_UNOBSERVED_BY_DATASET_END
ce0a53468ddde09e79f73edba370ceec,canceled,2018-02-08 16:39:22,2018-03-08,,NOT_APPLICABLE_TERMINAL_NON_DELIVERY
6e089ddde2c178b6b61fcdda22c9e84e,shipped,2017-06-15 11:10:41,2017-07-24,,OUTCOME_UNOBSERVED_BY_DATASET_END
fe68d8f20f2d6e9d702a74d3bfa9c4fa,shipped,2018-03-28 08:00:41,2018-04-19,,OUTCOME_UNOBSERVED_BY_DATASET_END
8124e0a6295df5f9ce4377ca0a8e0c18,processing,2018-05-08 15:27:57,2018-06-05,,OUTCOME_UNOBSERVED_BY_DATASET_END
174118fa0e1dc8d43eaea511a68402e0,invoiced,2017-10-25 17:17:47,2017-11-07,,OUTCOME_UNOBSERVED_BY_DATASET_END
a84212c880e5635e2a0888ba25c027c7,unavailable,2018-05-11 15:25:59,2018-05-24,,NOT_APPLICABLE_TERMINAL_NON_DELIVERY
940018724d5c0c1847f642dc1d8d0ea2,unavailable,2018-04-19 14:23:49,2018-04-27,,NOT_APPLICABLE_TERMINAL_NON_DELIVERY
2bc76dc101f9fa63d195e341cd11a649,canceled,2018-02-22 17:09:58,2018-03-12,,NOT_APPLICABLE_TERMINAL_NON_DELIVERY
972e7938b32b93b78bf5faf4358ad5fe,shipped,2018-07-24 01:35:56,2018-08-14,,OUTCOME_UNOBSERVED_BY_DATASET_END
57c432fd96e9d52639f048eb1b2a5b10,processing,2018-05-07 19:30:29,2018-06-04,,OUTCOME_UNOBSERVED_BY_DATASET_END
4579bbd75504c2cc0e1a60a69196598a,invoiced,2017-11-16 15:14:07,2017-11-29,,OUTCOME_UNOBSERVED_BY_DATASET_END
24cfb770f308b181cc3ae36ca3d573ad,shipped,2017-04-02 01:12:22,2017-04-26,,OUTCOME_UNOBSERVED_BY_DATASET_END
1fa2f14ef2c0672f66f1e2ef26c8fdf5,shipped,2017-12-12 21:37:39,2018-01-12,,OUTCOME_UNOBSERVED_BY_DATASET_END
2326391ae5a49ca43aec4e487b6a2d38,shipped,2018-05-15 18:06:09,2018-06-05,,OUTCOME_UNOBSERVED_BY_DATASET_END
e9f308c243d53135de5a481bf3a9cb86,unavailable,2018-02-10 11:14:30,2018-02-26,,NOT_APPLICABLE_TERMINAL_NON_DELIVERY
ad380680e87dea0f2abf5cd5bace626c,shipped,2018-01-21 15:54:02,2018-02-20,,OUTCOME_UNOBSERVED_BY_DATASET_END
a0f2f8b0523207a13f02225bc812ed23,canceled,2018-07-31 10:48:42,2018-08-03,,NOT_APPLICABLE_TERMINAL_NON_DELIVERY
5f787bb3e0a01a4f347192157c036791,canceled,2017-03-13 06:03:37,2017-04-03,,NOT_APPLICABLE_TERMINAL_NON_DELIVERY
f7b13a5afd48ca5bcf589a25d5377b00,canceled,2018-07-12 12:14:56,2018-07-30,,NOT_APPLICABLE_TERMINAL_NON_DELIVERY
74f9bd2026845a5fd61c4dddd3a54503,shipped,2018-01-16 13:31:29,2018-02-02,,OUTCOME_UNOBSERVED_BY_DATASET_END
eb3c2af8fb549b98c453e7bfb641da91,unavailable,2017-05-09 09:37:25,2017-06-05,,NOT_APPLICABLE_TERMINAL_NON_DELIVERY
5b66cfa802ab8ec833c1b80d28788f4a,shipped,2017-07-28 23:29:24,2017-09-01,,OUTCOME_UNOBSERVED_BY_DATASET_END
da309a63c2221b6b10cc09ee29c9a1c6,shipped,2018-03-14 22:39:13,2018-04-02,,OUTCOME_UNOBSERVED_BY_DATASET_END
fce519e8efb0019251a9379e9bd86a0c,shipped,2017-07-25 23:39:24,2017-08-07,,OUTCOME_UNOBSERVED_BY_DATASET_END
60d7d8686099e4682199966963c66ae2,unavailable,2018-07-13 09:24:40,2018-08-10,,NOT_APPLICABLE_TERMINAL_NON_DELIVERY
a3beebf1efa956ba70cf01a80c483367,unavailable,2017-10-12 15:15:50,2017-11-06,,NOT_APPLICABLE_TERMINAL_NON_DELIVERY
1469262ec8414d0e3f821bda79cf14cc,canceled,2018-07-16 11:27:29,2018-08-07,,NOT_APPLICABLE_TERMINAL_NON_DELIVERY
6683aa4f73f7869ec65ebeeef53f700b,canceled,2017-04-26 22:38:50,2017-05-29,,NOT_APPLICABLE_TERMINAL_NON_DELIVERY
ad9a8214948a5bbd4fa03af2ea598a20,unavailable,2017-05-07 21:27:38,2017-05-31,,NOT_APPLICABLE_TERMINAL_NON_DELIVERY
9aeaadde646cd9e4c51638f24ecf63cb,canceled,2018-02-09 16:25:56,2018-02-23,,NOT_APPLICABLE_TERMINAL_NON_DELIVERY
f5dd62b788049ad9fc0526e3ad11a097,delivered,2018-06-20 06:58:43,2018-07-16,,OUTCOME_UNOBSERVED_BY_DATASET_END
5461b16bc5220279efdefe1dba3db81e,invoiced,2018-03-13 14:36:36,2018-04-02,,OUTCOME_UNOBSERVED_BY_DATASET_END
bfcb171109072a41eb811fe6bda0c94d,shipped,2018-04-01 18:31:24,2018-04-20,,OUTCOME_UNOBSERVED_BY_DATASET_END
1a41f24ba682e06e82dd1ce5f77b6f5e,unavailable,2017-07-09 13:28:08,2017-07-21,,NOT_APPLICABLE_TERMINAL_NON_DELIVERY
60f0f4f310904e1d0c7d41224fcb45d6,canceled,2017-08-02 17:56:11,2017-08-30,,NOT_APPLICABLE_TERMINAL_NON_DELIVERY
083f267075b03a6cd837f4faa2c7b881,shipped,2018-07-04 08:04:13,2018-07-31,,OUTCOME_UNOBSERVED_BY_DATASET_END
4d59cc2a2e7bb6c0a851725f5888a9b5,canceled,2018-09-06 14:50:07,2018-09-21,,NOT_APPLICABLE_TERMINAL_NON_DELIVERY
98e38b5d59b358aaf4d5a08ca9814883,canceled,2017-02-07 15:25:41,2017-03-06,,NOT_APPLICABLE_TERMINAL_NON_DELIVERY
f67e9b8dc50a6d514738faf418d8de69,shipped,2017-07-04 15:58:05,2017-08-03,,OUTCOME_UNOBSERVED_BY_DATASET_END
daf9351361ff975f5aea7c82d29c5f3c,shipped,2017-08-15 23:51:35,2017-09-15,,OUTCOME_UNOBSERVED_BY_DATASET_END
7582b8c10039cceafcfe7b13e41a91e2,canceled,2018-02-07 14:27:34,2018-03-08,,NOT_APPLICABLE_TERMINAL_NON_DELIVERY
ba4ca0fc7fbb88ea289868764ca06619,shipped,2018-03-04 12:27:09,2018-03-28,,OUTCOME_UNOBSERVED_BY_DATASET_END
7c496cea7613c2efe6033e93e573347f,unavailable,2017-11-23 19:46:09,2017-12-14,,NOT_APPLICABLE_TERMINAL_NON_DELIVERY
b02682757340133856bfb99145dd61cd,shipped,2018-07-28 15:49:27,2018-08-13,,OUTCOME_UNOBSERVED_BY_DATASET_END
52dfaf3e430903d40571c0eb44d324b5,unavailable,2017-02-16 20:55:53,2017-03-15,,NOT_APPLICABLE_TERMINAL_NON_DELIVERY
556ff8bcd5cc9d1737128fc613ce16ad,shipped,2018-07-28 13:20:44,2018-08-27,,OUTCOME_UNOBSERVED_BY_DATASET_END
80f3b3dfb90795a9b5bf61ed8e8df267,invoiced,2017-07-06 16:39:04,2017-08-09,,OUTCOME_UNOBSERVED_BY_DATASET_END
936a199847ccb47438d3ae454d5e18d1,canceled,2018-02-02 17:42:31,2018-03-09,,NOT_APPLICABLE_TERMINAL_NON_DELIVERY
2c885b285dce307562d7f4caae89c6dc,unavailable,2017-09-07 07:46:20,2017-09-26,,NOT_APPLICABLE_TERMINAL_NON_DELIVERY
61839bad7238b99a645d22f47028722c,unavailable,2017-10-06 20:05:06,2017-10-24,,NOT_APPLICABLE_TERMINAL_NON_DELIVERY
a81957953164f65e49dd6af3972b9db5,shipped,2018-05-31 12:58:38,2018-07-23,,OUTCOME_UNOBSERVED_BY_DATASET_END
7a4df5d8cff4090e541401a20a22bb80,created,2017-11-25 11:10:33,2017-12-12,,OUTCOME_UNOBSERVED_BY_DATASET_END
638c9cf27361e5d5ebfd404b72248390,processing,2017-03-14 22:01:28,2017-04-26,,OUTCOME_UNOBSERVED_BY_DATASET_END
d688c0804e20281bdd7c7c864fe300fb,canceled,2018-05-22 20:31:58,2018-06-06,,NOT_APPLICABLE_TERMINAL_NON_DELIVERY
a8096d0b94faa1314dbd562efc6a0967,shipped,2018-01-18 04:37:44,2018-02-22,,OUTCOME_UNOBSERVED_BY_DATASET_END
4a5cf649e3eb500fc079aace5f03583e,unavailable,2018-03-05 14:37:40,2018-03-28,,NOT_APPLICABLE_TERMINAL_NON_DELIVERY
6b6e84189c512720324071e9a7769ceb,shipped,2017-12-05 19:02:44,2017-12-21,,OUTCOME_UNOBSERVED_BY_DATASET_END
1770ee9dc600eccda7bfb6c56562b91d,unavailable,2017-08-22 19:54:54,2017-09-27,,NOT_APPLICABLE_TERMINAL_NON_DELIVERY
70319d04aa0c847be6f9a23326f7bb6c,processing,2018-04-30 18:55:03,2018-05-25,,OUTCOME_UNOBSERVED_BY_DATASET_END
ca3b58af42b9daa0734a85b70fefb260,shipped,2018-02-07 01:59:12,2018-03-12,,OUTCOME_UNOBSERVED_BY_DATASET_END
8f367420ab5fc7305b7383f29ef4ed4e,canceled,2018-01-30 22:32:13,2018-02-23,,NOT_APPLICABLE_TERMINAL_NON_DELIVERY
847e04c1fabd29748790e74c1430c603,canceled,2018-08-06 20:05:00,2018-08-13,,NOT_APPLICABLE_TERMINAL_NON_DELIVERY
452053a4ee7ad52552d9102101ff4635,shipped,2017-06-11 19:08:12,2017-07-05,,OUTCOME_UNOBSERVED_BY_DATASET_END
c4844a648661a8301e3f1fec6b95e195,processing,2018-04-02 11:24:47,2018-04-25,,OUTCOME_UNOBSERVED_BY_DATASET_END
c21e65a4acbd5b33beb95820d4894e22,invoiced,2017-11-24 11:17:26,2017-12-18,,OUTCOME_UNOBSERVED_BY_DATASET_END
1e89e2312f1a1fd948c615602f200480,shipped,2018-06-29 22:00:43,2018-07-19,,OUTCOME_UNOBSERVED_BY_DATASET_END
6173b12d20352050fd83d1a49eac065c,invoiced,2017-08-31 12:55:33,2017-10-05,,OUTCOME_UNOBSERVED_BY_DATASET_END
d02adc4aef085f611aaf9e975642926a,invoiced,2017-07-28 13:42:40,2017-08-21,,OUTCOME_UNOBSERVED_BY_DATASET_END
cdcdab9c657011a188471120c6c6accf,canceled,2017-09-13 20:38:00,2017-10-11,,NOT_APPLICABLE_TERMINAL_NON_DELIVERY
88743d1ed8e7b6ca01e12830855ccda2,shipped,2018-02-28 17:18:19,2018-03-22,,OUTCOME_UNOBSERVED_BY_DATASET_END
d6bf93d827293f0b9a1582be0719a1e3,unavailable,2017-09-20 17:48:30,2017-10-25,,NOT_APPLICABLE_TERMINAL_NON_DELIVERY
a23469fd5d775d0200de4f5aaf5421e9,shipped,2017-03-06 22:34:42,2017-03-29,,OUTCOME_UNOBSERVED_BY_DATASET_END
ea27276ae0fbab49a3e542b3f44f6fd4,shipped,2017-03-05 21:47:58,2017-03-27,,OUTCOME_UNOBSERVED_BY_DATASET_END
6e4f6fdc70c0d961b8597e98430b8d4f,shipped,2017-05-07 23:32:33,2017-06-08,,OUTCOME_UNOBSERVED_BY_DATASET_END
37726a8b1cbcf77034870df2521be6f6,shipped,2018-03-07 10:06:01,2018-03-28,,OUTCOME_UNOBSERVED_BY_DATASET_END
e3e2ca5afeb7f8dc5e95b1633d8cd6b1,processing,2018-01-14 23:22:30,2018-02-05,,OUTCOME_UNOBSERVED_BY_DATASET_END
b210c676cae65f95f7e08a49d195e1a1,unavailable,2017-07-21 14:40:21,2017-08-16,,NOT_APPLICABLE_TERMINAL_NON_DELIVERY
38541d08d4eb7d571b5b80cb6ca9be03,shipped,2017-11-24 21:36:30,2017-12-20,,OUTCOME_UNOBSERVED_BY_DATASET_END
4360063fea90cf1fafd22f165125cb2e,shipped,2018-07-27 14:16:52,2018-08-20,,OUTCOME_UNOBSERVED_BY_DATASET_END
4733b3de4bf04376a9d53930899ef18c,shipped,2018-01-08 14:16:01,2018-02-14,,OUTCOME_UNOBSERVED_BY_DATASET_END
8a02df0db15a7e4f1ba462a2b939a532,canceled,2017-10-22 14:00:34,2017-11-09,,NOT_APPLICABLE_TERMINAL_NON_DELIVERY
81b7c7bbc8ec003eeb67d87441a6a148,canceled,2018-08-20 09:03:23,2018-09-03,,NOT_APPLICABLE_TERMINAL_NON_DELIVERY
a69d0f3cfd16e940ead155695b5fb184,processing,2017-08-12 17:39:56,2017-09-04,,OUTCOME_UNOBSERVED_BY_DATASET_END
b8c26c45a4adb8e4dbc205f147659a71,shipped,2017-03-15 07:34:38,2017-04-05,,OUTCOME_UNOBSERVED_BY_DATASET_END
b4ef4b05fef13db5a94b0ccd497c521c,unavailable,2018-07-12 09:41:54,2018-08-01,,NOT_APPLICABLE_TERMINAL_NON_DELIVERY
f489dacdbad0317b1ac5e2c190b3ed26,canceled,2017-11-13 11:41:46,2017-12-06,,NOT_APPLICABLE_TERMINAL_NON_DELIVERY
cf1703dbac3ae0d4e32706265f36d200,shipped,2018-05-14 20:32:14,2018-06-14,,OUTCOME_UNOBSERVED_BY_DATASET_END
8ec3dc58218022294d63f307fb8adaba,shipped,2018-05-14 20:08:22,2018-05-22,,OUTCOME_UNOBSERVED_BY_DATASET_END
5ae7a6fa175ab7b180b6c0142e5466e9,unavailable,2017-02-03 16:08:21,2017-03-14,,NOT_APPLICABLE_TERMINAL_NON_DELIVERY
db640157e1dcec75f26ab07653111cf2,shipped,2017-12-31 10:42:54,2018-01-24,,OUTCOME_UNOBSERVED_BY_DATASET_END
6ca46f2b9a1592929647682510800e0e,shipped,2018-08-24 17:02:19,2018-08-29,,OUTCOME_UNOBSERVED_BY_DATASET_END
ae16a4774354e48d2a9a8c43c685b30d,processing,2017-03-04 20:05:28,2017-03-27,,OUTCOME_UNOBSERVED_BY_DATASET_END
3656e5952194117e323c383e559941a3,canceled,2017-09-15 09:29:20,2017-10-05,,NOT_APPLICABLE_TERMINAL_NON_DELIVERY
5034308872e3b0e7c30ab14859feef53,unavailable,2018-01-18 17:41:34,2018-02-09,,NOT_APPLICABLE_TERMINAL_NON_DELIVERY
2631d6c1ebced155e8a1b4e87439161b,shipped,2018-04-18 11:12:24,2018-05-08,,OUTCOME_UNOBSERVED_BY_DATASET_END
4b6e9f4a9064668e8c026bf9409993de,shipped,2018-03-09 18:01:07,2018-04-09,,OUTCOME_UNOBSERVED_BY_DATASET_END
556b640fe8c3c509b624e3d5ef9a78a5,shipped,2018-05-03 21:09:38,2018-06-06,,OUTCOME_UNOBSERVED_BY_DATASET_END
af3b01e3241714b3e97093047a467db1,shipped,2017-05-21 20:59:30,2017-06-26,,OUTCOME_UNOBSERVED_BY_DATASET_END
66f5111aa3f376fd7dfa577aa7c57515,shipped,2017-01-27 15:00:25,2017-03-06,,OUTCOME_UNOBSERVED_BY_DATASET_END
b245a355c20f011bd92122803bd0f5c3,shipped,2017-08-12 17:08:34,2017-09-14,,OUTCOME_UNOBSERVED_BY_DATASET_END
798738fb83403d78d10892ac46cf8065,unavailable,2018-01-24 18:44:14,2018-02-08,,NOT_APPLICABLE_TERMINAL_NON_DELIVERY
3f913d30288c117e41ffe5cc74743dc9,shipped,2016-10-05 14:36:55,2016-11-29,,OUTCOME_UNOBSERVED_BY_DATASET_END
24c30ddeb5a4b85a61bbb58b9e3d66c9,canceled,2018-08-07 16:57:23,2018-08-20,,NOT_APPLICABLE_TERMINAL_NON_DELIVERY
2025b5bad835a500f8422436e24bd78f,processing,2017-02-22 09:59:09,2017-03-27,,OUTCOME_UNOBSERVED_BY_DATASET_END
2aaab7e991347226dbda1f61c6785f88,canceled,2018-07-25 13:57:52,2018-08-10,,NOT_APPLICABLE_TERMINAL_NON_DELIVERY
736dca37c6d52d16556556bdd7d208ff,unavailable,2017-12-04 13:01:38,2017-12-20,,NOT_APPLICABLE_TERMINAL_NON_DELIVERY
c0a4f59b8df4e3d9d73bc2d28982fb1c,shipped,2018-04-26 14:39:40,2018-05-18,,OUTCOME_UNOBSERVED_BY_DATASET_END
f1ee3463a2c0ddd328a63ac9db6af746,unavailable,2018-03-15 19:08:52,2018-04-04,,NOT_APPLICABLE_TERMINAL_NON_DELIVERY
d327d4550c9e554034f23cd77a8924a4,processing,2017-05-09 12:57:11,2017-05-30,,OUTCOME_UNOBSERVED_BY_DATASET_END
8d3815553beb9e0a66908d8df19e7ffb,shipped,2017-10-20 19:51:41,2017-11-13,,OUTCOME_UNOBSERVED_BY_DATASET_END
c79ba7d8e02ca2a64a4474bc0927a03b,shipped,2017-12-06 00:03:51,2018-01-02,,OUTCOME_UNOBSERVED_BY_DATASET_END
c1556665d5eda63ad0a01cb682e2ad6d,shipped,2018-08-11 17:45:38,2018-08-20,,OUTCOME_UNOBSERVED_BY_DATASET_END
928039731518f9e1c89ffe7c84bd272b,shipped,2018-03-23 22:28:09,2018-04-11,,OUTCOME_UNOBSERVED_BY_DATASET_END
5c5bada3b8df98250966f5a7a584657d,canceled,2017-11-06 18:16:33,2017-11-28,,NOT_APPLICABLE_TERMINAL_NON_DELIVERY
42682e26483a7308854ae17e8ff408dc,shipped,2017-07-07 12:48:06,2017-08-07,,OUTCOME_UNOBSERVED_BY_DATASET_END
a68ce1686d536ca72bd2dadc4b8671e5,shipped,2016-10-05 01:47:40,2016-12-01,,OUTCOME_UNOBSERVED_BY_DATASET_END
d437ec1ece70f3e35d2695adfeb8a272,processing,2017-03-13 13:32:46,2017-04-13,,OUTCOME_UNOBSERVED_BY_DATASET_END
21c8e489ad81de6c543c6e3964f8038f,shipped,2017-11-10 10:09:43,2017-11-24,,OUTCOME_UNOBSERVED_BY_DATASET_END
7eb6ac79ca52bafc416276001ae26e51,invoiced,2018-03-16 19:50:23,2018-04-04,,OUTCOME_UNOBSERVED_BY_DATASET_END
9c9d443e386dc6332b14958d37eaf75b,shipped,2018-03-25 09:14:45,2018-04-20,,OUTCOME_UNOBSERVED_BY_DATASET_END
10dc93d46a5261c20478b850f3c240a6,invoiced,2018-05-03 07:38:29,2018-06-08,,OUTCOME_UNOBSERVED_BY_DATASET_END
15ec3d48383c58c0dc96cd66f8884630,canceled,2018-08-23 15:17:19,2018-09-20,,NOT_APPLICABLE_TERMINAL_NON_DELIVERY
38464606001eea475b8009745791c68e,shipped,2017-12-21 14:55:50,2018-01-22,,OUTCOME_UNOBSERVED_BY_DATASET_END
294bc47f2c556ebbec32a74c4811efd5,unavailable,2018-02-26 21:32:49,2018-03-21,,NOT_APPLICABLE_TERMINAL_NON_DELIVERY
bda48a4ac6c3da5a90069adfc818311a,shipped,2017-04-17 09:56:09,2017-05-10,,OUTCOME_UNOBSERVED_BY_DATASET_END
f5cf5716413185387030a378bdd46ebe,processing,2017-02-19 22:31:47,2017-03-21,,OUTCOME_UNOBSERVED_BY_DATASET_END
f3c5d914eec90079a826c2b5ea7fe6bc,canceled,2018-01-26 12:58:01,2018-02-19,,NOT_APPLICABLE_TERMINAL_NON_DELIVERY
e65296eb50fe1920930ee46ff3337238,shipped,2018-02-19 15:37:47,2018-03-14,,OUTCOME_UNOBSERVED_BY_DATASET_END
b85825cdbdab14cc17f2e159f0fba217,canceled,2018-07-21 23:27:59,2018-08-09,,NOT_APPLICABLE_TERMINAL_NON_DELIVERY
232674aa2334edfdd9c2dbe346291712,unavailable,2017-11-09 23:51:34,2017-11-23,,NOT_APPLICABLE_TERMINAL_NON_DELIVERY
dd1341091b6a6b619079944b4aa45eb7,unavailable,2017-09-23 11:36:05,2017-10-10,,NOT_APPLICABLE_TERMINAL_NON_DELIVERY
3e63664ed5cdf7a1435eec921b9091a1,shipped,2017-06-04 20:35:27,2017-06-28,,OUTCOME_UNOBSERVED_BY_DATASET_END
c2509daf9e1312fea710fc46902c9da8,processing,2017-03-16 14:15:16,2017-04-28,,OUTCOME_UNOBSERVED_BY_DATASET_END
170130a20f16a39581bba39d938d2e25,shipped,2018-05-09 16:21:15,2018-06-04,,OUTCOME_UNOBSERVED_BY_DATASET_END
064df82a5ad596912cc304c6c72a42bf,shipped,2017-02-26 14:26:14,2017-04-03,,OUTCOME_UNOBSERVED_BY_DATASET_END
410d704bdcbe2893fd5ad73fe8166f43,unavailable,2017-12-10 15:25:51,2018-01-04,,NOT_APPLICABLE_TERMINAL_NON_DELIVERY
1c9fd2a0749771fdb8c1cad52a3c27a6,invoiced,2018-01-21 19:44:46,2018-03-09,,OUTCOME_UNOBSERVED_BY_DATASET_END
c3514a3dc150acbbf0ab547f1cdc1fe4,canceled,2017-09-16 21:43:02,2017-10-16,,NOT_APPLICABLE_TERMINAL_NON_DELIVERY
5e30dcb2e114da32afe2f0942750616a,canceled,2018-04-06 22:13:21,2018-04-25,,NOT_APPLICABLE_TERMINAL_NON_DELIVERY
33fe1cb532ac16a48902980e00c26da6,canceled,2017-07-25 19:26:15,2017-08-28,,NOT_APPLICABLE_TERMINAL_NON_DELIVERY
b6d6730512437da0a234e99ea7885212,unavailable,2017-09-04 09:44:46,2017-09-21,,NOT_APPLICABLE_TERMINAL_NON_DELIVERY
65fc7195f2f70e60bd81a12c69d7389d,canceled,2017-07-25 10:11:21,2017-08-08,,NOT_APPLICABLE_TERMINAL_NON_DELIVERY
711b9be9c346d9ecdb9d38a5e1e7e39b,invoiced,2016-10-04 13:38:37,2016-11-24,,OUTCOME_UNOBSERVED_BY_DATASET_END
e11e49042dd9e24863991a081fd4bf19,shipped,2018-03-06 11:13:39,2018-03-16,,OUTCOME_UNOBSERVED_BY_DATASET_END
df8c077268f7f3baaac0892eb3143642,unavailable,2017-02-01 00:04:17,2017-03-10,,NOT_APPLICABLE_TERMINAL_NON_DELIVERY
feebdfdb4759bd4600d52547c81b4fa8,shipped,2017-09-25 08:57:20,2017-10-24,,OUTCOME_UNOBSERVED_BY_DATASET_END
eda3cb37479a52de9848bfba4b805cdf,shipped,2018-05-04 12:55:43,2018-05-29,,OUTCOME_UNOBSERVED_BY_DATASET_END
fa5dc4c3b8326a0da88dc49b20e0ed27,unavailable,2017-11-17 20:08:03,2017-12-06,,NOT_APPLICABLE_TERMINAL_NON_DELIVERY
0d3adebce4bebc1f80a7f36e9833f497,canceled,2018-09-03 18:40:50,2018-10-02,,NOT_APPLICABLE_TERMINAL_NON_DELIVERY
930f7f40db5f938e56fbc1bdcd1bb28b,unavailable,2018-02-16 20:04:22,2018-03-13,,NOT_APPLICABLE_TERMINAL_NON_DELIVERY
f87f3a5e91df877dc36b65fb69ff2465,unavailable,2018-07-30 21:49:41,2018-08-10,,NOT_APPLICABLE_TERMINAL_NON_DELIVERY
bfb074fa3d43b5b13e7a67203ebdedf5,canceled,2017-05-12 10:11:53,2017-06-09,,NOT_APPLICABLE_TERMINAL_NON_DELIVERY
9bc5c73ed95bec088ff04d924946fa45,unavailable,2018-01-14 21:32:20,2018-01-30,,NOT_APPLICABLE_TERMINAL_NON_DELIVERY
4a44e928d587e7cd7068ea354471c477,canceled,2018-06-05 13:51:50,2018-06-21,,NOT_APPLICABLE_TERMINAL_NON_DELIVERY
3a43013148c91141e56e105f93fb3792,shipped,2017-03-06 11:20:27,2017-04-06,,OUTCOME_UNOBSERVED_BY_DATASET_END
f9c8ce300676bd838f4a85b8e97d2342,invoiced,2017-04-30 13:52:34,2017-05-23,,OUTCOME_UNOBSERVED_BY_DATASET_END
00ae7a8b4936674ebb701d4a23719a79,canceled,2018-05-09 14:14:06,2018-05-17,,NOT_APPLICABLE_TERMINAL_NON_DELIVERY
38422d02f6afe2fd7a700d046a3cabee,shipped,2018-05-22 15:04:49,2018-06-08,,OUTCOME_UNOBSERVED_BY_DATASET_END
b837d07aca063bfa379766bb6740fdf9,unavailable,2018-05-06 20:12:33,2018-05-30,,NOT_APPLICABLE_TERMINAL_NON_DELIVERY
16bd72af325ac043d6194e490e2f0f06,shipped,2018-04-29 13:02:12,2018-05-29,,OUTCOME_UNOBSERVED_BY_DATASET_END
673233aa1d4df67c18c636593b6c38c0,invoiced,2018-03-15 16:33:01,2018-04-03,,OUTCOME_UNOBSERVED_BY_DATASET_END
4a0d049ee6c82b3348a21bb211c0a44d,unavailable,2017-06-07 09:53:30,2017-06-28,,NOT_APPLICABLE_TERMINAL_NON_DELIVERY
115b01b1f77f0e02812425b6f5cd8f2f,unavailable,2018-01-19 00:08:45,2018-02-16,,NOT_APPLICABLE_TERMINAL_NON_DELIVERY
a9957adf297a6be5e8625b3e93329c6d,canceled,2017-03-06 20:51:57,2017-03-22,,NOT_APPLICABLE_TERMINAL_NON_DELIVERY
0990477f1481cdf40c00d57bb13a1c9b,unavailable,2017-04-20 19:01:56,2017-05-16,,NOT_APPLICABLE_TERMINAL_NON_DELIVERY
642a8a89c36a8b2f4884cd8e68168247,canceled,2017-11-06 21:02:18,2017-11-27,,NOT_APPLICABLE_TERMINAL_NON_DELIVERY
842784b3b697f1dbb51781a20352709a,unavailable,2017-09-05 17:32:12,2017-09-26,,NOT_APPLICABLE_TERMINAL_NON_DELIVERY
5630f20edc34695d0b5daf86dc590767,shipped,2018-04-05 09:58:12,2018-05-02,,OUTCOME_UNOBSERVED_BY_DATASET_END
99b3fb1a943fa5d4af2a3386f00fdd19,shipped,2018-08-22 09:01:17,2018-08-30,,OUTCOME_UNOBSERVED_BY_DATASET_END
2c9c2c96702997c879d75f927b76165e,unavailable,2017-09-24 10:45:10,2017-10-27,,NOT_APPLICABLE_TERMINAL_NON_DELIVERY
de11314f84cd5578a36ab8312ab5b5df,invoiced,2018-08-03 22:15:39,2018-08-10,,OUTCOME_UNOBSERVED_BY_DATASET_END
1aaa4f61529fb2b392016a694b437885,processing,2017-12-26 15:47:25,2018-01-26,,OUTCOME_UNOBSERVED_BY_DATASET_END
6c16d886be4fe03174a289a4ca70a775,canceled,2018-06-05 15:06:16,2018-06-29,,NOT_APPLICABLE_TERMINAL_NON_DELIVERY
2e8a59579f027832343436a97c22499b,canceled,2017-09-08 11:19:09,2017-09-20,,NOT_APPLICABLE_TERMINAL_NON_DELIVERY
ada8c993c9ef5f3e6705c9ea4af1a1d9,invoiced,2017-04-24 13:37:12,2017-05-18,,OUTCOME_UNOBSERVED_BY_DATASET_END
af3327b567206d03f49d5cc63c712a22,invoiced,2017-11-04 09:29:55,2017-12-04,,OUTCOME_UNOBSERVED_BY_DATASET_END
5010ecbb29633b8a98b4e6b6075b238b,shipped,2017-10-25 21:34:24,2017-11-27,,OUTCOME_UNOBSERVED_BY_DATASET_END
47bd649b812fd8ecc28320c466974088,unavailable,2017-11-27 10:50:08,2017-12-26,,NOT_APPLICABLE_TERMINAL_NON_DELIVERY
4cd90538d177466bf45e1a552242c216,shipped,2018-01-12 21:14:20,2018-02-14,,OUTCOME_UNOBSERVED_BY_DATASET_END
c313f7a184ca89fe98049253bd4a3806,shipped,2018-08-06 21:09:21,2018-08-17,,OUTCOME_UNOBSERVED_BY_DATASET_END
fcfe1ea18aae8ae4a08253fd4060a763,unavailable,2017-02-11 10:36:04,2017-03-10,,NOT_APPLICABLE_TERMINAL_NON_DELIVERY
44b4829b58167b697a69c8aa8eb64733,canceled,2017-03-01 11:26:37,2017-03-20,,NOT_APPLICABLE_TERMINAL_NON_DELIVERY
1857e77a4bad8abb2db929f107430663,canceled,2017-08-31 23:55:57,2017-09-28,,NOT_APPLICABLE_TERMINAL_NON_DELIVERY
8d4159350057e7ebf61c0083d75c8712,processing,2018-01-24 09:34:27,2018-02-19,,OUTCOME_UNOBSERVED_BY_DATASET_END
6954eac303f94f5f51b80deb4ba7be50,canceled,2018-08-03 15:05:58,2018-08-15,,NOT_APPLICABLE_TERMINAL_NON_DELIVERY
bde483878bed3f9a95fed760af049891,shipped,2018-08-01 19:06:24,2018-08-22,,OUTCOME_UNOBSERVED_BY_DATASET_END
b87fe28d8d70119601f63b7b131e7af0,unavailable,2017-04-01 16:47:25,2017-04-25,,NOT_APPLICABLE_TERMINAL_NON_DELIVERY
6c37458893de8ddaa38b557e58e3bfb7,shipped,2018-01-06 15:42:24,2018-02-07,,OUTCOME_UNOBSERVED_BY_DATASET_END
3f2d65e9302a444056b6b65922647a10,processing,2017-08-02 12:48:57,2017-09-01,,OUTCOME_UNOBSERVED_BY_DATASET_END
c8a39e88e6ff246e21f6fc93c50a2e88,canceled,2017-05-27 22:45:48,2017-06-12,,NOT_APPLICABLE_TERMINAL_NON_DELIVERY
fa65dad1b0e818e3ccc5cb0e39231352,shipped,2017-04-20 12:45:34,2017-05-18,,OUTCOME_UNOBSERVED_BY_DATASET_END
6feadaaee762109cbc3bfaf93254fab9,canceled,2017-07-02 21:36:22,2017-07-19,,NOT_APPLICABLE_TERMINAL_NON_DELIVERY
5f81f8debb479300dc3ae13616afb823,processing,2017-07-26 14:52:33,2017-09-13,,OUTCOME_UNOBSERVED_BY_DATASET_END
bb8edfe0742a6a0279b7dff848289568,canceled,2018-08-30 10:24:34,2018-09-18,,NOT_APPLICABLE_TERMINAL_NON_DELIVERY
03d1edbd314ca7682ec0f3e67d3763e2,unavailable,2017-06-29 20:04:14,2017-07-12,,NOT_APPLICABLE_TERMINAL_NON_DELIVERY
7cb4dff15cb0bfae18db9857cf0455f4,shipped,2018-03-27 16:57:14,2018-04-27,,OUTCOME_UNOBSERVED_BY_DATASET_END
00bca4adac549020c1273714d04d0208,unavailable,2017-02-14 14:49:29,2017-03-13,,NOT_APPLICABLE_TERMINAL_NON_DELIVERY
31d088e504f8c5f70f6b429451511680,shipped,2017-05-02 20:52:16,2017-05-25,,OUTCOME_UNOBSERVED_BY_DATASET_END
3a2b0d4a2b00020fddcc9d625553a114,shipped,2018-08-12 22:26:07,2018-08-16,,OUTCOME_UNOBSERVED_BY_DATASET_END
cceecfd4fd8a5cdfc10a03fb86e1d5b9,invoiced,2017-04-27 13:48:41,2017-06-20,,OUTCOME_UNOBSERVED_BY_DATASET_END
583f25389c1ba1869b3311c5cf44e9db,shipped,2017-11-15 00:03:55,2017-12-27,,OUTCOME_UNOBSERVED_BY_DATASET_END
f60acdf6e4ce0842ce375a157ae600c0,shipped,2017-10-07 19:02:42,2017-11-07,,OUTCOME_UNOBSERVED_BY_DATASET_END
5b3367de06e5c2955a98de36a52fbe1a,canceled,2017-03-07 12:43:03,2017-03-28,,NOT_APPLICABLE_TERMINAL_NON_DELIVERY
7d88cc8f8bebb0e650d408c374a62b29,invoiced,2017-10-05 22:22:48,2017-11-03,,OUTCOME_UNOBSERVED_BY_DATASET_END
7c0659561e8e95e839b8a4f9f4b6fab9,canceled,2018-05-19 23:33:33,2018-06-04,,NOT_APPLICABLE_TERMINAL_NON_DELIVERY
228b82b829438b71d9b164c1a8cea481,invoiced,2018-05-16 12:59:07,2018-06-06,,OUTCOME_UNOBSERVED_BY_DATASET_END
cdf36cd4632fe33085adec5cf3d6b306,unavailable,2017-02-25 20:20:04,2017-03-31,,NOT_APPLICABLE_TERMINAL_NON_DELIVERY
02b9fd867657f257dc634a2e7e0f73c5,shipped,2017-06-10 12:16:30,2017-07-17,,OUTCOME_UNOBSERVED_BY_DATASET_END
2e935fa1d39497aa0ec3f1107fbfb5b8,unavailable,2017-09-29 14:07:03,2017-10-24,,NOT_APPLICABLE_TERMINAL_NON_DELIVERY
73b205f9aeaddefc8fd66b0816877e3d,shipped,2018-03-19 14:48:23,2018-04-10,,OUTCOME_UNOBSERVED_BY_DATASET_END
737750ec93ce0309b44d477651bf0642,processing,2017-08-04 19:31:34,2017-08-17,,OUTCOME_UNOBSERVED_BY_DATASET_END
12f3c6723ad757676360f2b5bd8ce007,processing,2018-01-19 18:24:33,2018-02-20,,OUTCOME_UNOBSERVED_BY_DATASET_END
a9c8ac0c26c178f0ad33618f96225a01,canceled,2018-07-22 23:36:14,2018-08-07,,NOT_APPLICABLE_TERMINAL_NON_DELIVERY
a2621d414c9c28d85816bbc9f2e8980d,unavailable,2017-09-22 15:42:18,2017-10-19,,NOT_APPLICABLE_TERMINAL_NON_DELIVERY
d16f9a68b1aa5e1e872a86a474930835,invoiced,2017-02-04 10:12:38,2017-03-07,,OUTCOME_UNOBSERVED_BY_DATASET_END
02f30be57375dc610c40ca989d2385b7,shipped,2017-11-27 18:25:55,2017-12-11,,OUTCOME_UNOBSERVED_BY_DATASET_END
8d38f0c621183c4e95c8c65aba625120,shipped,2017-07-23 11:26:15,2017-08-17,,OUTCOME_UNOBSERVED_BY_DATASET_END
02e723e8edb4a123d414f56cc9c4665e,canceled,2017-08-18 14:30:19,2017-09-21,,NOT_APPLICABLE_TERMINAL_NON_DELIVERY
1c95864be748aeb7e70002b2d365646f,canceled,2017-04-14 16:11:03,2017-05-17,,NOT_APPLICABLE_TERMINAL_NON_DELIVERY
b364561ec1da2bd9c795360c47956c21,invoiced,2017-07-25 12:48:50,2017-08-10,,OUTCOME_UNOBSERVED_BY_DATASET_END
a584b2acfafd53fc605e76baa4a5cfaf,shipped,2018-02-01 22:40:26,2018-02-23,,OUTCOME_UNOBSERVED_BY_DATASET_END
517e46dd2b1a674f95729233d3cdd938,processing,2017-02-20 21:34:07,2017-03-23,,OUTCOME_UNOBSERVED_BY_DATASET_END
e5476d1c0a9bcc909b2f4bc24559bdde,canceled,2017-02-13 17:17:36,2017-03-16,,NOT_APPLICABLE_TERMINAL_NON_DELIVERY
42a7750bca23818abc83ea9c3298eace,shipped,2018-06-15 16:50:35,2018-06-29,,OUTCOME_UNOBSERVED_BY_DATASET_END
0e7fec3052b5bdeace9c7f2eef9df18b,processing,2017-04-08 01:34:18,2017-05-04,,OUTCOME_UNOBSERVED_BY_DATASET_END
c94939ec208457c136427d40ea7bb4cf,canceled,2017-09-06 16:23:33,2017-09-25,,NOT_APPLICABLE_TERMINAL_NON_DELIVERY
a9d045793a3a75774ac0fedb5d7d46c6,shipped,2017-07-04 10:50:11,2017-08-03,,OUTCOME_UNOBSERVED_BY_DATASET_END
ca7d7c95b0f170aae8a2ee59e2f24f66,processing,2017-02-09 16:09:42,2017-03-10,,OUTCOME_UNOBSERVED_BY_DATASET_END
5f0dfd096a455e93ffb4ee0635b32264,canceled,2018-07-29 15:15:39,2018-08-02,,NOT_APPLICABLE_TERMINAL_NON_DELIVERY
c8aa4f194c31e8abee2df7dbe3a42222,processing,2017-07-06 09:57:31,2017-07-28,,OUTCOME_UNOBSERVED_BY_DATASET_END
20343beb23f60b10de8ede4f709752cb,shipped,2017-10-11 14:15:48,2017-10-24,,OUTCOME_UNOBSERVED_BY_DATASET_END
c6697f0b5a341cb2e357e996c100664a,shipped,2017-12-01 11:09:24,2017-12-28,,OUTCOME_UNOBSERVED_BY_DATASET_END
b5d4eb6b98c48a1d20e7a7663881bdd0,canceled,2017-10-06 21:54:55,2017-10-30,,NOT_APPLICABLE_TERMINAL_NON_DELIVERY
7f93d00f6512fe25e73b5de688cd5677,shipped,2017-04-14 21:58:15,2017-05-08,,OUTCOME_UNOBSERVED_BY_DATASET_END
c717b33977b903c18d81f8ee220ca736,shipped,2017-03-27 22:35:58,2017-04-27,,OUTCOME_UNOBSERVED_BY_DATASET_END
bf6b6ca366554e505b129b759520e852,shipped,2017-08-27 19:30:59,2017-09-18,,OUTCOME_UNOBSERVED_BY_DATASET_END
e809c167a9cfd31aee1293abe8995065,processing,2018-01-04 18:23:45,2018-02-05,,OUTCOME_UNOBSERVED_BY_DATASET_END
6a6f4f30f771eb3acb7dd11e08a53e00,shipped,2017-11-27 17:54:27,2017-12-12,,OUTCOME_UNOBSERVED_BY_DATASET_END
85fc293d3e0bf416c547c15d991e096a,unavailable,2017-12-07 20:38:53,2017-12-26,,NOT_APPLICABLE_TERMINAL_NON_DELIVERY
7525729ed75b4d65c84bf8499bef7df2,canceled,2017-02-22 19:36:22,2017-03-30,,NOT_APPLICABLE_TERMINAL_NON_DELIVERY
30945faa37e8264ea2815f7bf799adf0,unavailable,2017-01-31 11:40:55,2017-03-02,,NOT_APPLICABLE_TERMINAL_NON_DELIVERY
ec60e48662eb9eaf9ae685a3afa56518,unavailable,2018-02-21 09:55:14,2018-03-13,,NOT_APPLICABLE_TERMINAL_NON_DELIVERY
c37db340dcc0235b5e71ab73787846a2,processing,2017-09-01 17:22:43,2017-09-22,,OUTCOME_UNOBSERVED_BY_DATASET_END
899b8d92e1bdaece69745ffcc3c47d08,invoiced,2018-05-12 18:49:56,2018-06-01,,OUTCOME_UNOBSERVED_BY_DATASET_END
32609bbb3dd69b3c066a6860554a77bf,invoiced,2017-11-18 17:27:14,2017-12-05,,OUTCOME_UNOBSERVED_BY_DATASET_END
9d36629c95cfcac0564afda65e270991,processing,2017-06-26 18:15:22,2017-07-26,,OUTCOME_UNOBSERVED_BY_DATASET_END
daed2231418803be9327f1b4a2cec04d,shipped,2017-07-04 22:54:40,2017-07-19,,OUTCOME_UNOBSERVED_BY_DATASET_END
31dd19623d916b1848334732b797d5f5,processing,2017-06-25 17:50:06,2017-07-18,,OUTCOME_UNOBSERVED_BY_DATASET_END
08ee9c1b1da47ffd2a7c7163aa134b16,unavailable,2017-08-04 21:47:44,2017-09-06,,NOT_APPLICABLE_TERMINAL_NON_DELIVERY
c229c6a2f0ecb33d8e2779ebddec3a1f,shipped,2017-12-13 21:24:35,2018-01-02,,OUTCOME_UNOBSERVED_BY_DATASET_END
e8373fd2805212d0bc74790901dc446c,shipped,2018-03-10 01:16:15,2018-04-12,,OUTCOME_UNOBSERVED_BY_DATASET_END
676c554a88771af1264e81fa10e7e760,shipped,2018-05-02 21:10:43,2018-05-23,,OUTCOME_UNOBSERVED_BY_DATASET_END
284705e9a68479f4ef401d31e5400948,shipped,2017-07-16 16:05:00,2017-08-04,,OUTCOME_UNOBSERVED_BY_DATASET_END
8d16656866ce7d67f81d49a9707ab76e,invoiced,2017-12-25 18:36:16,2018-01-30,,OUTCOME_UNOBSERVED_BY_DATASET_END
c4d634f71b69d24d203a3c63edb87e06,shipped,2018-02-20 21:57:03,2018-03-12,,OUTCOME_UNOBSERVED_BY_DATASET_END
8d89165df616ded20b2cd1bbf3105d28,shipped,2018-03-02 11:35:23,2018-04-09,,OUTCOME_UNOBSERVED_BY_DATASET_END
b0b5cb8bc442bc5599f4bf65dfc67cf8,shipped,2017-03-23 12:10:06,2017-04-11,,OUTCOME_UNOBSERVED_BY_DATASET_END
f5e0327c97a90df59977a815f6e4453c,unavailable,2017-12-06 14:39:11,2018-01-03,,NOT_APPLICABLE_TERMINAL_NON_DELIVERY
b713808dd06ed1a61d95a024a3e367a1,shipped,2018-02-14 14:34:30,2018-03-08,,OUTCOME_UNOBSERVED_BY_DATASET_END
7cfa6258a4b606dc9223e212c6cd1341,shipped,2017-10-06 13:00:51,2017-11-21,,OUTCOME_UNOBSERVED_BY_DATASET_END
d01c5b46e00bd214519fe9f64bbb2649,canceled,2017-03-13 20:30:13,2017-04-03,,NOT_APPLICABLE_TERMINAL_NON_DELIVERY
7aec7711c4f60453a59bf2f85d18187f,unavailable,2017-10-11 10:40:41,2017-10-30,,NOT_APPLICABLE_TERMINAL_NON_DELIVERY
3e8c191415aece16ba1ac896f535b484,shipped,2018-04-13 16:27:31,2018-05-02,,OUTCOME_UNOBSERVED_BY_DATASET_END
4fafa25ee16300a26f7ef92f3d15b58b,canceled,2018-02-09 17:36:42,2018-03-08,,NOT_APPLICABLE_TERMINAL_NON_DELIVERY
e25b0e7a7493d60787761f999380b492,processing,2017-10-30 20:40:09,2017-11-13,,OUTCOME_UNOBSERVED_BY_DATASET_END
db62e0a0d6c8476c079bda2174228551,unavailable,2018-08-02 12:05:49,2018-08-07,,NOT_APPLICABLE_TERMINAL_NON_DELIVERY
a229af912d66e534353b1fa59daef44b,unavailable,2017-10-27 10:04:29,2017-11-22,,NOT_APPLICABLE_TERMINAL_NON_DELIVERY
83fc33b62b8c7c39e2258d081955143d,processing,2018-05-15 20:00:48,2018-05-30,,OUTCOME_UNOBSERVED_BY_DATASET_END
2db84a082bda455eb1da10727e7ca621,canceled,2018-02-02 15:29:05,2018-02-20,,NOT_APPLICABLE_TERMINAL_NON_DELIVERY
541d81a8afee2348b192cc10df37367c,canceled,2018-05-07 17:46:04,2018-05-29,,NOT_APPLICABLE_TERMINAL_NON_DELIVERY
a4cb4720582c75021fae7dbbd99f3375,shipped,2018-02-28 12:53:24,2018-03-22,,OUTCOME_UNOBSERVED_BY_DATASET_END
670e3b20191d3198a76069c8f9b12355,canceled,2017-02-03 00:55:24,2017-03-09,,NOT_APPLICABLE_TERMINAL_NON_DELIVERY
3addeedb2235eeb1e75dd513cd6eeb35,canceled,2018-03-21 15:41:24,2018-04-09,,NOT_APPLICABLE_TERMINAL_NON_DELIVERY
ba2821b49c92e278db491d3e19fa0556,canceled,2017-05-02 17:51:28,2017-05-26,,NOT_APPLICABLE_TERMINAL_NON_DELIVERY
9abe82df39e950e1e0c1a5969e22571e,canceled,2017-03-21 14:45:36,2017-04-12,,NOT_APPLICABLE_TERMINAL_NON_DELIVERY
2df094c40051a8f5ed95344421039ced,shipped,2017-03-13 18:44:18,2017-04-05,,OUTCOME_UNOBSERVED_BY_DATASET_END
a7489739535fa6a82e5cec2b52902488,shipped,2017-04-17 23:39:01,2017-05-22,,OUTCOME_UNOBSERVED_BY_DATASET_END
d8ae8039b59ce1eb9a0f9579e07d30c7,shipped,2018-02-25 14:44:31,2018-03-21,,OUTCOME_UNOBSERVED_BY_DATASET_END
a3777b94ef07749f031ade4ae824ddb2,unavailable,2017-05-30 20:06:02,2017-06-28,,NOT_APPLICABLE_TERMINAL_NON_DELIVERY
6f2241a169e16e47cdbe68ce9d8c5865,shipped,2017-12-05 10:20:17,2018-01-03,,OUTCOME_UNOBSERVED_BY_DATASET_END
c160599d4ea4eefa0e420db0a0cc9926,shipped,2017-10-27 12:56:40,2017-11-10,,OUTCOME_UNOBSERVED_BY_DATASET_END
296354937d156bb322d68e56f8e2729d,shipped,2018-06-18 15:55:12,2018-07-24,,OUTCOME_UNOBSERVED_BY_DATASET_END
afef48d3c8a0b1b7c9b7f8f922fb5674,invoiced,2017-11-10 16:27:32,2017-12-06,,OUTCOME_UNOBSERVED_BY_DATASET_END
dafb12075abc3168e9addb5ccf7a02c5,canceled,2017-07-16 21:59:33,2017-07-28,,NOT_APPLICABLE_TERMINAL_NON_DELIVERY
7a593091662f42d413aaa255a1da5e81,shipped,2018-03-19 10:57:37,2018-04-19,,OUTCOME_UNOBSERVED_BY_DATASET_END
571a8f73010bc659b5a692e9d3db0480,shipped,2018-05-07 01:24:47,2018-05-29,,OUTCOME_UNOBSERVED_BY_DATASET_END
f03980d2c3fd228857ee4af323e301a1,processing,2017-11-27 13:26:43,2017-12-15,,OUTCOME_UNOBSERVED_BY_DATASET_END
ebd31a90e66528c36222f1d33b588105,invoiced,2018-03-22 01:18:32,2018-04-12,,OUTCOME_UNOBSERVED_BY_DATASET_END
76464635ac7911e6670c028e667ca7f0,shipped,2018-08-08 12:07:33,2018-08-23,,OUTCOME_UNOBSERVED_BY_DATASET_END
1a9eb3bcc740324dc4c07ee364ef837d,shipped,2018-03-13 13:39:57,2018-03-29,,OUTCOME_UNOBSERVED_BY_DATASET_END
d9f0325894bf21440caaed1e42006eaa,unavailable,2017-11-12 12:20:04,2017-11-27,,NOT_APPLICABLE_TERMINAL_NON_DELIVERY
00a99c50fdff7e36262caba33821875a,shipped,2018-08-17 16:25:04,2018-09-18,,OUTCOME_UNOBSERVED_BY_DATASET_END
61bc37c42c68767e75243b8c2061f5aa,unavailable,2018-01-11 15:07:19,2018-01-31,,NOT_APPLICABLE_TERMINAL_NON_DELIVERY
675d4a6271a945ab36d34c5f0951f0ad,shipped,2018-01-09 12:23:00,2018-02-05,,OUTCOME_UNOBSERVED_BY_DATASET_END
abfacef50a27d7cea3f2c7aa60c08245,unavailable,2017-09-29 13:55:25,2017-10-25,,NOT_APPLICABLE_TERMINAL_NON_DELIVERY
37ce40447807e0d3e58cc474ce549881,canceled,2018-01-27 11:20:50,2018-02-26,,NOT_APPLICABLE_TERMINAL_NON_DELIVERY
711a14d38a221a3d744f33b8b8e78981,shipped,2017-06-28 15:59:10,2017-07-20,,OUTCOME_UNOBSERVED_BY_DATASET_END
fe468f428b8be30b4e7ca85901a35dac,shipped,2017-06-05 09:23:16,2017-06-28,,OUTCOME_UNOBSERVED_BY_DATASET_END
f73b31435ce6dec43df056154c39a1ce,shipped,2018-08-20 12:37:54,2018-08-27,,OUTCOME_UNOBSERVED_BY_DATASET_END
8ff88873f03f1912c00741f8e5ae6c79,shipped,2018-01-22 12:49:38,2018-02-15,,OUTCOME_UNOBSERVED_BY_DATASET_END
cd94dbdc801da0cd93b0c8f33663973d,canceled,2018-02-21 20:54:45,2018-03-15,,NOT_APPLICABLE_TERMINAL_NON_DELIVERY
e5e59fe47003046e2ed48ebb641564b2,shipped,2018-04-27 13:52:12,2018-05-23,,OUTCOME_UNOBSERVED_BY_DATASET_END
110fb617059394261537548c8124ee1e,shipped,2018-08-08 16:37:28,2018-08-28,,OUTCOME_UNOBSERVED_BY_DATASET_END
36e16c2da456685fc88c12da6244c9af,shipped,2017-12-12 11:34:41,2018-01-05,,OUTCOME_UNOBSERVED_BY_DATASET_END
bdc2873154c5a2699958e9246e2a4c1c,shipped,2018-04-04 23:08:06,2018-04-30,,OUTCOME_UNOBSERVED_BY_DATASET_END
1ddedd282e921efe5e3e931f5a1369d9,unavailable,2017-05-25 23:08:04,2017-06-19,,NOT_APPLICABLE_TERMINAL_NON_DELIVERY
10aa3224bbb698312ca210f229f91b5e,shipped,2018-02-05 16:28:54,2018-03-05,,OUTCOME_UNOBSERVED_BY_DATASET_END
2663ce3526465b7ee9809428adabdc45,canceled,2018-08-30 13:07:46,2018-09-12,,NOT_APPLICABLE_TERMINAL_NON_DELIVERY
db04082694e24f9e426fd68f516b46a3,shipped,2018-05-16 16:49:12,2018-05-28,,OUTCOME_UNOBSERVED_BY_DATASET_END
b8752fc264f1692031237bb715061cc4,canceled,2018-02-22 16:58:06,2018-03-09,,NOT_APPLICABLE_TERMINAL_NON_DELIVERY
d4bf4c2cae2256d8e92b6ec8f1fd248b,processing,2017-02-22 21:14:33,2017-03-21,,OUTCOME_UNOBSERVED_BY_DATASET_END
f80a2d6485e38a437fca857efb7b1b66,shipped,2018-04-11 23:05:04,2018-05-21,,OUTCOME_UNOBSERVED_BY_DATASET_END
6212a47660b2565578064374703be19d,shipped,2018-04-06 02:22:15,2018-05-02,,OUTCOME_UNOBSERVED_BY_DATASET_END
125065dcda5fb5549b43a1ce085bec63,shipped,2017-07-20 16:57:21,2017-08-15,,OUTCOME_UNOBSERVED_BY_DATASET_END
6d78e79c696c9f3be8ef263ead6a119b,shipped,2018-06-22 17:07:59,2018-07-26,,OUTCOME_UNOBSERVED_BY_DATASET_END
fa83e155dfa5da681c4754559e6d1043,shipped,2017-05-20 07:49:33,2017-06-13,,OUTCOME_UNOBSERVED_BY_DATASET_END
f2b620afa1cd911f5bce90e1f9646760,shipped,2018-01-04 20:25:12,2018-01-26,,OUTCOME_UNOBSERVED_BY_DATASET_END
92d731517f17c26f16182d45498c4c3d,canceled,2016-10-05 11:23:13,2016-11-14,,NOT_APPLICABLE_TERMINAL_NON_DELIVERY
283a28089024b597c5b18cfa50e0a701,processing,2017-03-07 20:57:33,2017-04-06,,OUTCOME_UNOBSERVED_BY_DATASET_END
0166cc8756d58b4a30fb49de83527120,canceled,2018-02-08 21:09:18,2018-02-22,,NOT_APPLICABLE_TERMINAL_NON_DELIVERY
b6906ad8ffc10ced26f9f5850aabea27,shipped,2018-07-29 20:19:14,2018-08-07,,OUTCOME_UNOBSERVED_BY_DATASET_END
bda2f04a41788a693faa650bac613441,shipped,2017-04-15 17:57:47,2017-05-08,,OUTCOME_UNOBSERVED_BY_DATASET_END
e3911e9d71dfe83390a806612556c49b,unavailable,2017-11-13 17:35:24,2017-12-04,,NOT_APPLICABLE_TERMINAL_NON_DELIVERY
dfff9fc44808a969ec1211d3ceca855c,shipped,2017-08-15 14:00:05,2017-09-13,,OUTCOME_UNOBSERVED_BY_DATASET_END
2373680d3bd825670bee96c048b19731,shipped,2017-11-25 14:19:26,2017-12-21,,OUTCOME_UNOBSERVED_BY_DATASET_END
df2f177b04bac67798590bc71213dcc2,unavailable,2017-11-17 15:29:22,2017-11-30,,NOT_APPLICABLE_TERMINAL_NON_DELIVERY
51aa2039fc98dc9e49bc883ead78ae54,shipped,2017-07-02 13:30:49,2017-07-25,,OUTCOME_UNOBSERVED_BY_DATASET_END
f61b4ccbaddccab272bfc6fb3832cd85,shipped,2018-07-10 08:10:51,2018-08-09,,OUTCOME_UNOBSERVED_BY_DATASET_END
d8f135a040950408cd059c27a623bd97,canceled,2018-03-03 11:09:57,2018-03-21,,NOT_APPLICABLE_TERMINAL_NON_DELIVERY
8c3a5781b4f217b12c76e4216007e2db,canceled,2018-03-20 15:23:29,2018-04-09,,NOT_APPLICABLE_TERMINAL_NON_DELIVERY
f7c983ea77108633138dd0ff5e2fbd3a,invoiced,2017-10-03 17:29:50,2017-11-01,,OUTCOME_UNOBSERVED_BY_DATASET_END
d177b7c08ed2934d5888e7fd236d42e1,canceled,2017-08-17 13:20:41,2017-09-04,,NOT_APPLICABLE_TERMINAL_NON_DELIVERY
5f9146371506c318a20721d5689dfb57,shipped,2017-12-14 15:40:11,2018-01-11,,OUTCOME_UNOBSERVED_BY_DATASET_END
38ff29b6f54b264f8992081bcd3f3c6e,shipped,2018-04-28 17:51:24,2018-05-23,,OUTCOME_UNOBSERVED_BY_DATASET_END
19d3484384a0e1eef23357b8c193bd86,unavailable,2017-11-02 22:33:01,2017-11-23,,NOT_APPLICABLE_TERMINAL_NON_DELIVERY
e6ac453a32e67906ab8b3f79608341c3,shipped,2018-05-04 10:10:12,2018-05-21,,OUTCOME_UNOBSERVED_BY_DATASET_END
7e28ace88f5848adf24d9771e1ca2a62,shipped,2018-01-13 22:59:33,2018-02-08,,OUTCOME_UNOBSERVED_BY_DATASET_END
556689f3e30f4662d3ec219bdc556b93,invoiced,2017-01-30 14:01:38,2017-03-20,,OUTCOME_UNOBSERVED_BY_DATASET_END
6b1f38ed45f18e6053aa0504bd2e9036,shipped,2017-05-13 20:44:54,2017-06-12,,OUTCOME_UNOBSERVED_BY_DATASET_END
29557adf1f00504612cbebf82c843d77,unavailable,2017-04-22 16:14:48,2017-05-15,,NOT_APPLICABLE_TERMINAL_NON_DELIVERY
cfce0ad0c924cecbe5fde10535420084,unavailable,2017-05-07 20:39:35,2017-06-12,,NOT_APPLICABLE_TERMINAL_NON_DELIVERY
869eb48662057e0341d47dae5334b693,unavailable,2017-10-31 22:14:54,2017-11-23,,NOT_APPLICABLE_TERMINAL_NON_DELIVERY
065c05543ebdfd79fb629b2b4a6ab904,invoiced,2018-03-20 18:02:29,2018-04-02,,OUTCOME_UNOBSERVED_BY_DATASET_END
53a71627049b3cd04fe655e979d8b4a6,processing,2018-04-20 11:20:41,2018-05-17,,OUTCOME_UNOBSERVED_BY_DATASET_END
13ffd5a36060f10de50532f3e299c446,shipped,2017-11-24 18:13:47,2017-12-21,,OUTCOME_UNOBSERVED_BY_DATASET_END
635b541d9f7dc7f9a3ec7531f16014e7,shipped,2018-05-14 14:35:45,2018-05-24,,OUTCOME_UNOBSERVED_BY_DATASET_END
845f40bea2ead3894b6d95b621e108c0,unavailable,2017-02-06 20:27:06,2017-03-07,,NOT_APPLICABLE_TERMINAL_NON_DELIVERY
9ae23540f2733800190476b85aa910cd,shipped,2018-03-12 10:32:11,2018-04-06,,OUTCOME_UNOBSERVED_BY_DATASET_END
0b398dbb3e7c81005f3c69b01488c4c9,unavailable,2017-09-27 20:51:53,2017-10-24,,NOT_APPLICABLE_TERMINAL_NON_DELIVERY
79ec7fcffa4121dbb55b945aee306e12,processing,2018-01-10 12:28:22,2018-02-02,,OUTCOME_UNOBSERVED_BY_DATASET_END
8300640f8328abe9ac6691e4caf3c2bf,invoiced,2017-02-09 15:27:30,2017-03-14,,OUTCOME_UNOBSERVED_BY_DATASET_END
8cb7a371e202c1bcc7e5c58da9ed70e1,shipped,2018-04-24 13:53:29,2018-05-28,,OUTCOME_UNOBSERVED_BY_DATASET_END
21a00b08cbeb5716bbb66105e3dbd850,canceled,2018-09-10 17:51:25,2018-09-20,,NOT_APPLICABLE_TERMINAL_NON_DELIVERY
a0c1632c3bd45c48bed924a7dae3a664,unavailable,2018-02-17 15:48:11,2018-03-15,,NOT_APPLICABLE_TERMINAL_NON_DELIVERY
e23eaa3bc8275c392145e736dbdea275,canceled,2017-06-18 17:22:09,2017-06-30,,NOT_APPLICABLE_TERMINAL_NON_DELIVERY
9f0dee1bed79cb72f5e296eacf6b0a82,shipped,2017-11-26 16:13:13,2017-12-18,,OUTCOME_UNOBSERVED_BY_DATASET_END
27613f16c823ee73e2da1a6116467293,processing,2018-01-04 20:10:42,2018-01-30,,OUTCOME_UNOBSERVED_BY_DATASET_END
7a93c1b0839987c2e80e344e52173ff4,invoiced,2017-10-03 13:33:18,2017-10-26,,OUTCOME_UNOBSERVED_BY_DATASET_END
fbb8b95a779702d51ecf6fa530a997d4,unavailable,2017-07-06 08:47:05,2017-08-01,,NOT_APPLICABLE_TERMINAL_NON_DELIVERY
34cea4a1fdf5fefdf4d48d7dafe53911,unavailable,2017-10-15 18:50:09,2017-11-09,,NOT_APPLICABLE_TERMINAL_NON_DELIVERY
fa6d0c0ef7a7849ab7847303d458df3c,canceled,2018-02-05 14:32:21,2018-03-14,,NOT_APPLICABLE_TERMINAL_NON_DELIVERY
559e9d91731612dbcf09e8103ac2cd60,shipped,2017-05-18 00:41:32,2017-06-16,,OUTCOME_UNOBSERVED_BY_DATASET_END
46dba1d22a6ee9cb6200c1cb899f583c,shipped,2017-08-26 14:07:04,2017-09-11,,OUTCOME_UNOBSERVED_BY_DATASET_END
5f39fdc052a768523f7c3bed2cfd3fc3,processing,2017-12-23 18:25:24,2018-02-01,,OUTCOME_UNOBSERVED_BY_DATASET_END
bae01434ee73e10ab8194c06807f29cb,shipped,2017-12-06 22:46:43,2018-01-02,,OUTCOME_UNOBSERVED_BY_DATASET_END
b29b045636b2047829feea3fa73a0f10,invoiced,2017-05-23 20:55:59,2017-06-27,,OUTCOME_UNOBSERVED_BY_DATASET_END
14eabcc7b2e278362bdfe6bdfcb822f9,processing,2017-02-14 19:51:39,2017-03-13,,OUTCOME_UNOBSERVED_BY_DATASET_END
fe3ca9765d6e5b105da173688a12974f,invoiced,2017-04-29 08:07:48,2017-05-30,,OUTCOME_UNOBSERVED_BY_DATASET_END
a6a62b06c5d37cd28cb1040a710bde38,shipped,2017-05-13 18:14:03,2017-06-08,,OUTCOME_UNOBSERVED_BY_DATASET_END
a5bc73dcdd8f7c5d608532a6e58d29d9,processing,2017-06-17 13:34:04,2017-07-12,,OUTCOME_UNOBSERVED_BY_DATASET_END
a68667474430fadbcfc1bfbb9e2adc0b,processing,2017-01-18 20:48:59,2017-03-06,,OUTCOME_UNOBSERVED_BY_DATASET_END
6b460c25c2bb8e1323536e9e921d04a1,canceled,2018-01-29 16:07:41,2018-03-02,,NOT_APPLICABLE_TERMINAL_NON_DELIVERY
736813b41544d3ca0ed5d508802f4ca1,shipped,2017-09-15 09:05:41,2017-10-05,,OUTCOME_UNOBSERVED_BY_DATASET_END
2b0d020da35221c291bb03a55f70794a,shipped,2018-04-02 20:27:07,2018-04-12,,OUTCOME_UNOBSERVED_BY_DATASET_END
3f35b92ed8249125038852a2742bd514,processing,2017-02-19 16:06:22,2017-04-10,,OUTCOME_UNOBSERVED_BY_DATASET_END
a2ac6dad85cf8af5b0afb510a240fe8c,canceled,2018-10-03 18:55:29,2018-10-16,,NOT_APPLICABLE_TERMINAL_NON_DELIVERY
d2bc174d5c413f457a21db6899afb682,canceled,2018-08-09 09:50:42,2018-09-14,,NOT_APPLICABLE_TERMINAL_NON_DELIVERY
74cac755eeb7be9b59c009ac2e5b3241,shipped,2018-03-16 22:07:44,2018-04-04,,OUTCOME_UNOBSERVED_BY_DATASET_END
7758cf0b4302587a9628d90b58d56dd8,shipped,2017-02-21 13:09:28,2017-03-20,,OUTCOME_UNOBSERVED_BY_DATASET_END
a44f35f58ca5ab5e5cf7fe66ffe9097a,shipped,2017-12-12 18:26:57,2017-12-29,,OUTCOME_UNOBSERVED_BY_DATASET_END
6170e7d09524ad908eea19146523706e,processing,2017-10-16 19:46:51,2017-11-01,,OUTCOME_UNOBSERVED_BY_DATASET_END
2c990009034e1fc83904584b26b5fd25,unavailable,2018-07-18 09:52:46,2018-07-26,,NOT_APPLICABLE_TERMINAL_NON_DELIVERY
b408eebfa22431115ec0811eff9d8561,processing,2017-08-12 14:10:11,2017-09-05,,OUTCOME_UNOBSERVED_BY_DATASET_END
16b8c07980cc1e47a31ebb35d9222807,unavailable,2017-05-31 13:14:22,2017-06-23,,NOT_APPLICABLE_TERMINAL_NON_DELIVERY
aa0639a3e2aa426f0b46f6a4c2d2efce,shipped,2018-07-14 19:00:44,2018-08-07,,OUTCOME_UNOBSERVED_BY_DATASET_END
d800ed6cc3e992f98f1b25959791706d,invoiced,2018-07-31 16:01:43,2018-08-06,,OUTCOME_UNOBSERVED_BY_DATASET_END
815ba48fd172b6a71f09180c118a31ca,processing,2017-09-15 13:24:29,2017-10-09,,OUTCOME_UNOBSERVED_BY_DATASET_END
0efd0bc268d34da3f01f4ff25a6d4335,shipped,2016-10-07 15:53:31,2016-12-13,,OUTCOME_UNOBSERVED_BY_DATASET_END
d05cf40cb923ba228822414cc52067c3,canceled,2017-09-23 06:23:19,2017-10-10,,NOT_APPLICABLE_TERMINAL_NON_DELIVERY
6a91f55a2fad58d1b580326cd07f5795,unavailable,2017-08-14 00:22:36,2017-09-05,,NOT_APPLICABLE_TERMINAL_NON_DELIVERY
0f4ace47be2863cb7e7e547f32afbe2a,processing,2017-12-04 22:14:17,2017-12-29,,OUTCOME_UNOBSERVED_BY_DATASET_END
6be09fd2c367b8fad5b25b1315c335bb,invoiced,2017-11-27 19:38:56,2017-12-21,,OUTCOME_UNOBSERVED_BY_DATASET_END
61a86f238895780d1ddc6344985537ef,unavailable,2017-11-24 23:53:23,2017-12-15,,NOT_APPLICABLE_TERMINAL_NON_DELIVERY
b1f6abbaec3261269b9ecc0f895f8c2d,shipped,2018-03-26 12:45:46,2018-04-18,,OUTCOME_UNOBSERVED_BY_DATASET_END
1a5d21f44c73693b9930d0ca33a9d0b1,canceled,2018-08-16 17:50:14,2018-09-12,,NOT_APPLICABLE_TERMINAL_NON_DELIVERY
b3ce73d980953e0dfe24d815dc1210e9,processing,2017-05-23 22:11:22,2017-06-23,,OUTCOME_UNOBSERVED_BY_DATASET_END
4641a7999ca05850ee60509c213dc8ac,canceled,2017-11-20 12:48:37,2017-12-01,,NOT_APPLICABLE_TERMINAL_NON_DELIVERY
8ccca2b704c41f41ce4d2f2602031691,shipped,2017-03-16 11:53:10,2017-04-19,,OUTCOME_UNOBSERVED_BY_DATASET_END
b2673ed6360dc341a4728dbd632f935b,unavailable,2018-06-26 19:21:56,2018-07-24,,NOT_APPLICABLE_TERMINAL_NON_DELIVERY
03d7dd4730b71e0a310c9b30431c1961,shipped,2018-05-30 19:42:15,2018-07-03,,OUTCOME_UNOBSERVED_BY_DATASET_END
38812ede52a6842d03eb017fc2c9d92c,shipped,2018-03-18 16:33:25,2018-04-12,,OUTCOME_UNOBSERVED_BY_DATASET_END
304137040eac6e7582eb945e3f347120,processing,2018-01-05 12:18:07,2018-02-05,,OUTCOME_UNOBSERVED_BY_DATASET_END
a6475bb7a50387e3c665534e15bd40ac,invoiced,2016-10-04 16:28:25,2016-11-28,,OUTCOME_UNOBSERVED_BY_DATASET_END
643072b191b07f013f4d88ec43acb812,processing,2017-07-27 23:06:39,2017-08-30,,OUTCOME_UNOBSERVED_BY_DATASET_END
c609f82bcf7a90292a5940205ebd7e93,unavailable,2018-05-13 16:45:55,2018-06-05,,NOT_APPLICABLE_TERMINAL_NON_DELIVERY
55dfff244bc5d5f81d58d4148062c9b6,shipped,2017-05-01 08:29:14,2017-06-08,,OUTCOME_UNOBSERVED_BY_DATASET_END
a24556b6b72ac70719c99dea12e0aa75,shipped,2018-04-28 20:46:31,2018-05-23,,OUTCOME_UNOBSERVED_BY_DATASET_END
737a2768fd261ef8391251a0ccbf150a,shipped,2017-06-08 16:43:45,2017-07-13,,OUTCOME_UNOBSERVED_BY_DATASET_END
6111350dd1f8b825ac82e9caea339f07,unavailable,2017-11-17 10:23:15,2017-11-30,,NOT_APPLICABLE_TERMINAL_NON_DELIVERY
d43d694cf81ca89d8e50c6f3c199f0de,shipped,2018-01-18 15:07:13,2018-02-09,,OUTCOME_UNOBSERVED_BY_DATASET_END
dc18a044b56ed174037ca164cdf2e921,unavailable,2016-10-05 14:16:28,2016-11-29,,NOT_APPLICABLE_TERMINAL_NON_DELIVERY
21988f4f4d0971038b9c9d35f3be1ccf,invoiced,2018-02-15 16:51:40,2018-03-02,,OUTCOME_UNOBSERVED_BY_DATASET_END
e723fd90e2d095c2762e5e800d759bfa,shipped,2017-11-25 17:14:25,2017-12-21,,OUTCOME_UNOBSERVED_BY_DATASET_END
783ead164482dd5df46e82d73ee73949,shipped,2017-05-30 21:27:09,2017-06-22,,OUTCOME_UNOBSERVED_BY_DATASET_END
6190a94657e1012983a274b831d9e811,shipped,2017-07-11 13:36:30,2017-08-14,,OUTCOME_UNOBSERVED_BY_DATASET_END
6a796b64b820d098a93b2f1351cd1e59,shipped,2018-04-12 09:07:29,2018-05-10,,OUTCOME_UNOBSERVED_BY_DATASET_END
ff536d93ae4214b4d51c2894ccfc569f,shipped,2017-12-21 09:01:00,2018-01-10,,OUTCOME_UNOBSERVED_BY_DATASET_END
ede510a059fd07ccec20bff19a227fa3,processing,2017-10-23 16:42:15,2017-11-08,,OUTCOME_UNOBSERVED_BY_DATASET_END
a2bcbea8668a0d93334cf7f7fafe921d,unavailable,2018-02-12 15:38:41,2018-03-06,,NOT_APPLICABLE_TERMINAL_NON_DELIVERY
4d387befd269a77ed5ebf7274fac2751,shipped,2017-03-05 18:25:38,2017-04-10,,OUTCOME_UNOBSERVED_BY_DATASET_END
32e34fe202c1776f1f6670feb9a28a73,canceled,2017-08-05 16:11:14,2017-08-18,,NOT_APPLICABLE_TERMINAL_NON_DELIVERY
7ecb6c38b166531663fdecce49dc1a6f,unavailable,2017-12-29 00:18:54,2018-01-26,,NOT_APPLICABLE_TERMINAL_NON_DELIVERY
9c2e92a11614b3b94ef257a4eb8540d7,unavailable,2017-11-18 18:41:53,2017-12-14,,NOT_APPLICABLE_TERMINAL_NON_DELIVERY
e9e56ab7d8e993bda2988ed430524126,unavailable,2017-03-05 19:52:00,2017-04-04,,NOT_APPLICABLE_TERMINAL_NON_DELIVERY
4f21594649a0235ad65ded11ba7c8ea7,processing,2017-04-03 22:08:47,2017-05-09,,OUTCOME_UNOBSERVED_BY_DATASET_END
1c49e3fd28c9c369b12fd84446e475ab,processing,2017-04-06 07:04:06,2017-04-27,,OUTCOME_UNOBSERVED_BY_DATASET_END
884ddcd0965c8f4d41006f07efa3c32b,invoiced,2017-11-20 22:13:47,2017-12-07,,OUTCOME_UNOBSERVED_BY_DATASET_END
85b4db0acc8f67917cb9245d8547ecaa,shipped,2018-02-22 22:46:00,2018-03-21,,OUTCOME_UNOBSERVED_BY_DATASET_END
97cd2653d53d5404413e2241289d5418,processing,2017-11-06 15:29:29,2017-11-27,,OUTCOME_UNOBSERVED_BY_DATASET_END
fd4c3a2912e854eedd463b329540da4b,canceled,2017-10-28 11:18:48,2017-11-21,,NOT_APPLICABLE_TERMINAL_NON_DELIVERY
f203ff896860dd89c812c809102145ba,processing,2017-05-05 00:23:54,2017-06-06,,OUTCOME_UNOBSERVED_BY_DATASET_END
1c57efb710fa0df4433b44a5c39e4b6e,shipped,2018-04-25 22:13:26,2018-06-01,,OUTCOME_UNOBSERVED_BY_DATASET_END
40a1b377583e234ad0cb70b2a7f3ea30,processing,2018-03-05 14:25:21,2018-03-28,,OUTCOME_UNOBSERVED_BY_DATASET_END
298b961b82fd30c53433ae821ba75aa9,unavailable,2018-07-10 09:56:11,2018-08-01,,NOT_APPLICABLE_TERMINAL_NON_DELIVERY
6a6601cae4b43a36b3e89110c3a7f497,processing,2017-08-16 17:18:48,2017-09-11,,OUTCOME_UNOBSERVED_BY_DATASET_END
fe84e8950d87d6b977d9871fd883b76f,shipped,2018-07-23 14:53:21,2018-08-16,,OUTCOME_UNOBSERVED_BY_DATASET_END
69d126e78947276280838ee9361f5505,processing,2017-03-30 15:23:23,2017-08-22,,OUTCOME_UNOBSERVED_BY_DATASET_END
f2db192253fbe0e938681e583c8e99e4,processing,2017-09-22 11:05:56,2017-10-17,,OUTCOME_UNOBSERVED_BY_DATASET_END
e062a8654d4b657cdf2b673c0b2bac8d,shipped,2017-07-03 21:34:43,2017-07-25,,OUTCOME_UNOBSERVED_BY_DATASET_END
e804ad37d90d9c32dc3ae61e90a06345,unavailable,2017-12-06 19:30:43,2018-01-02,,NOT_APPLICABLE_TERMINAL_NON_DELIVERY
e4664080e3689ac85ac132f91bc753db,shipped,2018-02-22 23:19:01,2018-03-15,,OUTCOME_UNOBSERVED_BY_DATASET_END
a20191650d84d1d59f72139a87207a3b,canceled,2018-01-22 17:10:19,2018-03-14,,NOT_APPLICABLE_TERMINAL_NON_DELIVERY
5aac76cf7b07dd06fa4d50bf461d2f40,canceled,2018-09-25 11:59:18,2018-10-11,,NOT_APPLICABLE_TERMINAL_NON_DELIVERY
1ae35fdd1e36d167c790179f16cad2e0,shipped,2018-01-10 21:54:19,2018-01-31,,OUTCOME_UNOBSERVED_BY_DATASET_END
46ac809c6b319398df696f5668806fee,unavailable,2018-04-03 18:28:35,2018-04-30,,NOT_APPLICABLE_TERMINAL_NON_DELIVERY
0ea5760bfbfe671160e0599cf68f1981,canceled,2018-07-18 09:56:16,2018-08-16,,NOT_APPLICABLE_TERMINAL_NON_DELIVERY
5b9b9b9f3470db72620013b03eec2e3e,shipped,2018-06-03 00:35:47,2018-07-20,,OUTCOME_UNOBSERVED_BY_DATASET_END
32cf225a72e589313cd8d967203effc6,unavailable,2017-07-16 14:26:59,2017-07-28,,NOT_APPLICABLE_TERMINAL_NON_DELIVERY
9a7e2fda18922ba60aba4f140aead4dd,unavailable,2017-05-05 14:01:47,2017-06-06,,NOT_APPLICABLE_TERMINAL_NON_DELIVERY
d5ab426a149bfee66ff88db9c6a8836a,unavailable,2017-02-01 10:40:43,2017-03-14,,NOT_APPLICABLE_TERMINAL_NON_DELIVERY
2d3c3cbfc3286b15ef13547f94567459,shipped,2017-04-09 23:15:16,2017-05-10,,OUTCOME_UNOBSERVED_BY_DATASET_END
682d2a1eb8b2676fc3337cf90c96ca8b,invoiced,2018-03-05 16:26:53,2018-03-21,,OUTCOME_UNOBSERVED_BY_DATASET_END
9e01038648e0a5eec4646fa5fd32b322,processing,2018-01-05 10:33:03,2018-02-05,,OUTCOME_UNOBSERVED_BY_DATASET_END
5f5b21953fb3ca7d0ecdb72d5625d59b,processing,2017-03-25 14:49:56,2017-04-27,,OUTCOME_UNOBSERVED_BY_DATASET_END
d0b89f48792a49d4ed750adcc08236c5,shipped,2017-11-04 17:35:10,2017-12-06,,OUTCOME_UNOBSERVED_BY_DATASET_END
fb0eb3f76da8e00ae19795115ec51d47,invoiced,2017-08-31 17:36:33,2017-09-29,,OUTCOME_UNOBSERVED_BY_DATASET_END
45973912e490866800c0aea8f63099c8,shipped,2016-10-07 22:45:28,2016-12-01,,OUTCOME_UNOBSERVED_BY_DATASET_END
ebb921d271b8b17989e08220637b921f,unavailable,2018-01-03 21:01:54,2018-01-26,,NOT_APPLICABLE_TERMINAL_NON_DELIVERY
ca59a12c00e1e5fd88c42789115fb8d3,shipped,2017-03-04 20:23:54,2017-03-23,,OUTCOME_UNOBSERVED_BY_DATASET_END
896fbd78a9ef3839b34b893f48f6bc67,canceled,2018-05-12 01:48:33,2018-05-30,,NOT_APPLICABLE_TERMINAL_NON_DELIVERY
afd980edb690e47249915c1a1735e922,invoiced,2018-02-24 08:45:12,2018-03-22,,OUTCOME_UNOBSERVED_BY_DATASET_END
405d28af4fe06990456c82cdfe457b1a,invoiced,2017-04-05 09:11:24,2017-05-04,,OUTCOME_UNOBSERVED_BY_DATASET_END
5acf78c509b083a69d8dd05a63a17185,shipped,2018-01-12 14:37:14,2018-02-09,,OUTCOME_UNOBSERVED_BY_DATASET_END
503e8daafed23dbae78ff210f2d41f0f,canceled,2018-08-20 14:16:15,2018-09-04,,NOT_APPLICABLE_TERMINAL_NON_DELIVERY
bc2130ff9dfd738fb36f7f0e8cee8f0c,shipped,2018-07-17 15:20:05,2018-07-26,,OUTCOME_UNOBSERVED_BY_DATASET_END
42b3a797a1829ba085add4da4900bd8a,shipped,2018-05-12 13:06:33,2018-05-24,,OUTCOME_UNOBSERVED_BY_DATASET_END
bcd228c06b9b1714cbe3bc43673c423b,processing,2018-02-10 10:16:52,2018-02-26,,OUTCOME_UNOBSERVED_BY_DATASET_END
d6f9e75b25f4d86db87bf9c7e6d14a4b,shipped,2017-07-03 18:59:31,2017-07-25,,OUTCOME_UNOBSERVED_BY_DATASET_END
c5a04e8b14a30499f45857da5edfea7e,processing,2017-05-15 20:39:40,2017-06-02,,OUTCOME_UNOBSERVED_BY_DATASET_END
4bcb31b6a61c7fdbcb397a502edd29a1,processing,2017-07-24 10:16:56,2017-08-15,,OUTCOME_UNOBSERVED_BY_DATASET_END
af07804a2d53e8639954baf97fbf803a,canceled,2018-04-19 13:46:42,2018-05-03,,NOT_APPLICABLE_TERMINAL_NON_DELIVERY
8733c8d440c173e524d2fab8025063f4,shipped,2018-08-05 17:00:00,2018-08-09,,OUTCOME_UNOBSERVED_BY_DATASET_END
58ce513a55c740a3a81e8c8b75e2582a,shipped,2017-07-29 18:05:07,2017-08-14,,OUTCOME_UNOBSERVED_BY_DATASET_END
99ced390cb3920dd78d289dcddfc6ce4,shipped,2018-01-14 20:36:48,2018-02-16,,OUTCOME_UNOBSERVED_BY_DATASET_END
69cd806f54b86ec97dfbc6e717691e86,shipped,2018-01-23 21:05:30,2018-02-07,,OUTCOME_UNOBSERVED_BY_DATASET_END
cd143ca82dbe97242de86f5cb2c79ff0,shipped,2018-06-30 18:45:47,2018-07-26,,OUTCOME_UNOBSERVED_BY_DATASET_END
697495e65867be26f25a3b5df26fcdac,canceled,2017-10-21 11:08:42,2017-11-09,,NOT_APPLICABLE_TERMINAL_NON_DELIVERY
0010dedd556712d7bb69a19cb7bbd37a,unavailable,2017-10-21 19:32:06,2017-11-03,,NOT_APPLICABLE_TERMINAL_NON_DELIVERY
3af427dfb9464cd660ac27292bb5d30b,canceled,2018-01-30 13:28:14,2018-03-01,,NOT_APPLICABLE_TERMINAL_NON_DELIVERY
7a43bbe9766ce937332b6f9dcba36715,shipped,2017-11-02 13:24:21,2017-11-16,,OUTCOME_UNOBSERVED_BY_DATASET_END
e95f655fc4bb105e8915ab28d7bd0ec6,shipped,2018-04-07 20:46:32,2018-05-10,,OUTCOME_UNOBSERVED_BY_DATASET_END
50cf8b336667ffa7386d24568d6716e5,shipped,2017-07-26 08:48:03,2017-08-18,,OUTCOME_UNOBSERVED_BY_DATASET_END
90ff3cffbad0c03e76cdb32a788a649e,canceled,2017-02-20 11:29:19,2017-03-27,,NOT_APPLICABLE_TERMINAL_NON_DELIVERY
05eb212cd5b01c76bdb5215a49df19b6,processing,2017-06-28 21:28:34,2017-07-20,,OUTCOME_UNOBSERVED_BY_DATASET_END
1ecd8552c5fabe586455a849370b4198,shipped,2017-05-24 18:32:55,2017-06-20,,OUTCOME_UNOBSERVED_BY_DATASET_END
82ba09cde004c6bcefd36545670ac5de,invoiced,2017-12-05 21:34:58,2017-12-29,,OUTCOME_UNOBSERVED_BY_DATASET_END
6762c128b601a5d3cf6c51958ecec54f,shipped,2017-04-03 14:51:22,2017-04-27,,OUTCOME_UNOBSERVED_BY_DATASET_END
48e715c549b6c9eb4ac2c75f6df8b01e,shipped,2017-04-29 21:12:29,2017-06-06,,OUTCOME_UNOBSERVED_BY_DATASET_END
07c670122da5df034ba8618528ed9bc8,shipped,2017-08-16 19:23:50,2017-09-08,,OUTCOME_UNOBSERVED_BY_DATASET_END
3a7ca38e787a31a356329fad4b45ac35,processing,2018-02-16 08:57:03,2018-03-14,,OUTCOME_UNOBSERVED_BY_DATASET_END
b6ac9e1564a4ab43f7958280ebc3ea23,shipped,2018-01-08 17:11:17,2018-01-31,,OUTCOME_UNOBSERVED_BY_DATASET_END
309688f286ca9fb39735664ba1e37b29,unavailable,2017-11-26 22:38:45,2017-12-18,,NOT_APPLICABLE_TERMINAL_NON_DELIVERY
f98dc0bb1b5d1102af20837256cca2c5,shipped,2018-06-10 14:46:38,2018-06-20,,OUTCOME_UNOBSERVED_BY_DATASET_END
86f81c004682148df5165e2730148b07,invoiced,2017-06-10 17:20:44,2017-07-10,,OUTCOME_UNOBSERVED_BY_DATASET_END
4689301ba3cbffea28d57a22a80987c3,canceled,2017-08-16 20:51:24,2017-09-20,,NOT_APPLICABLE_TERMINAL_NON_DELIVERY
4a63bdb264d95eae86109b24b4880aee,canceled,2018-03-26 11:59:06,2018-04-06,,NOT_APPLICABLE_TERMINAL_NON_DELIVERY
1cd8d1567debd198821fe9d46d99b5b1,canceled,2017-09-25 20:16:38,2017-10-20,,NOT_APPLICABLE_TERMINAL_NON_DELIVERY
1e40acbc25a8373a85419489d08d2fc9,shipped,2017-11-22 00:18:00,2017-12-22,,OUTCOME_UNOBSERVED_BY_DATASET_END
908d1d255f2d754f743ccadc6cff3b3e,invoiced,2018-04-18 15:42:49,2018-05-10,,OUTCOME_UNOBSERVED_BY_DATASET_END
582fd4fa596ee1af88f153a5ba0523f2,canceled,2017-11-09 17:38:45,2017-12-05,,NOT_APPLICABLE_TERMINAL_NON_DELIVERY
5d9c5817e278892b7498d90bfa28ade8,canceled,2018-04-26 08:13:54,2018-05-10,,NOT_APPLICABLE_TERMINAL_NON_DELIVERY
885c961bdc49f349fbc62709b7ad859b,invoiced,2017-11-13 17:52:54,2017-12-18,,OUTCOME_UNOBSERVED_BY_DATASET_END
3f97741c29250239ff213d393949f2e3,canceled,2017-03-20 19:36:51,2017-04-19,,NOT_APPLICABLE_TERMINAL_NON_DELIVERY
a03ac1d748cc1533566bf2c8199159d4,invoiced,2018-08-09 06:43:29,2018-08-24,,OUTCOME_UNOBSERVED_BY_DATASET_END
d98c008ab7402c99b12dc051744284e8,canceled,2018-02-21 09:43:49,2018-03-07,,NOT_APPLICABLE_TERMINAL_NON_DELIVERY
d23cd4e593b64b8b4d86ac59181f1c75,shipped,2018-07-24 07:15:02,2018-08-23,,OUTCOME_UNOBSERVED_BY_DATASET_END
f6cc5ac0be9196f2fb3db04bace5cd8b,shipped,2018-03-05 15:57:07,2018-04-02,,OUTCOME_UNOBSERVED_BY_DATASET_END
28af73d7412f63a3e911be60bf966d70,shipped,2018-03-24 15:13:59,2018-04-20,,OUTCOME_UNOBSERVED_BY_DATASET_END
48c5c0e8b2601862cebafe7fad2142f9,shipped,2017-12-01 03:16:01,2017-12-19,,OUTCOME_UNOBSERVED_BY_DATASET_END
5627a31940ca40213ead4a6a71e7b386,canceled,2018-05-21 12:22:10,2018-05-29,,NOT_APPLICABLE_TERMINAL_NON_DELIVERY
13bdf405f961a6deec817d817f5c6624,canceled,2017-03-16 02:30:51,2017-08-08,,NOT_APPLICABLE_TERMINAL_NON_DELIVERY
b812ed76702a2ef99a79eb6a32e410c7,shipped,2018-05-05 18:27:06,2018-06-04,,OUTCOME_UNOBSERVED_BY_DATASET_END
570610b25d5f59c9e9d3dccb2cea3614,invoiced,2017-04-05 13:25:31,2017-04-28,,OUTCOME_UNOBSERVED_BY_DATASET_END
12af24617f25e0c8cd411544f704f2f7,canceled,2017-01-26 23:11:32,2017-03-06,,NOT_APPLICABLE_TERMINAL_NON_DELIVERY
dd845e1cdb19f08d029a727adc9a5a77,invoiced,2016-10-10 09:59:46,2016-12-06,,OUTCOME_UNOBSERVED_BY_DATASET_END
deb556fbebd4343315d9ab970392674c,unavailable,2017-07-25 20:49:16,2017-08-23,,NOT_APPLICABLE_TERMINAL_NON_DELIVERY
709cb0731456cbfb2ca8d299b6616067,shipped,2017-09-15 11:05:56,2017-10-09,,OUTCOME_UNOBSERVED_BY_DATASET_END
26c9c7c372a75607ecbff1e8253f0792,shipped,2018-06-13 18:44:19,2018-07-24,,OUTCOME_UNOBSERVED_BY_DATASET_END
816e9ea5a585767bf637afdfb6d536ed,canceled,2017-09-27 20:03:11,2017-10-19,,NOT_APPLICABLE_TERMINAL_NON_DELIVERY
1a46a062d5afa2f9d05faea29d609077,invoiced,2018-05-12 15:48:03,2018-06-07,,OUTCOME_UNOBSERVED_BY_DATASET_END
56de0edb4db33436ad3f4548267afdb7,shipped,2017-05-11 18:25:16,2017-05-29,,OUTCOME_UNOBSERVED_BY_DATASET_END
5bcdec60d84d4495d0d90b64a3e81804,unavailable,2017-12-05 15:25:11,2017-12-28,,NOT_APPLICABLE_TERMINAL_NON_DELIVERY
a70705507f1747c0201350acad9d1408,processing,2017-12-15 09:16:12,2018-01-04,,OUTCOME_UNOBSERVED_BY_DATASET_END
1839b1db32d5ea90a7fc3ca19bdd16ad,shipped,2017-11-09 16:08:41,2017-11-29,,OUTCOME_UNOBSERVED_BY_DATASET_END
ad430bc59db52b1f7522b6f19e669bc6,canceled,2017-03-05 19:39:34,2017-03-27,,NOT_APPLICABLE_TERMINAL_NON_DELIVERY
8040bd2eb4b6e7cfcda94f1ccdcc703d,canceled,2017-05-03 23:23:55,2017-06-07,,NOT_APPLICABLE_TERMINAL_NON_DELIVERY
45d63d388e24d8a9b424cf96c8c25f3c,shipped,2017-05-31 15:15:19,2017-07-04,,OUTCOME_UNOBSERVED_BY_DATASET_END
e2bacfc6a86c742ba0f3a6e1f9df13dd,processing,2018-01-22 10:41:08,2018-02-14,,OUTCOME_UNOBSERVED_BY_DATASET_END
c7da51b752a41bf0fc419eb6b929b582,canceled,2018-07-04 13:11:55,2018-07-23,,NOT_APPLICABLE_TERMINAL_NON_DELIVERY
fe4e63c3ce772bf558a089b256e4e8d7,shipped,2017-06-24 11:21:10,2017-07-24,,OUTCOME_UNOBSERVED_BY_DATASET_END
f289bb2bb19d49b2e6aa64cb10b0e4bc,canceled,2018-08-08 20:48:39,2018-08-17,,NOT_APPLICABLE_TERMINAL_NON_DELIVERY
e5e34f7a2aebfe043a405c831b556f1e,shipped,2018-05-07 21:43:49,2018-05-17,,OUTCOME_UNOBSERVED_BY_DATASET_END
dceb6ab566e0d15ffaba53ef637afa3c,unavailable,2017-01-26 16:51:32,2017-02-21,,NOT_APPLICABLE_TERMINAL_NON_DELIVERY
44918cef2a112fc3f8e4a9b676e5ab23,shipped,2018-02-06 22:08:09,2018-03-12,,OUTCOME_UNOBSERVED_BY_DATASET_END
7114487751b14b1d7f547fefba1eec75,canceled,2017-11-22 19:56:37,2017-12-12,,NOT_APPLICABLE_TERMINAL_NON_DELIVERY
3c05712f236fb4767524a73b0775ff27,shipped,2017-08-18 21:16:33,2017-09-12,,OUTCOME_UNOBSERVED_BY_DATASET_END
77a5bfa62225470464b913edec2910a3,invoiced,2017-11-04 12:43:59,2017-11-29,,OUTCOME_UNOBSERVED_BY_DATASET_END
869997fbe01f39d184956b5c6bccfdbe,canceled,2018-09-26 08:40:15,2018-10-25,,NOT_APPLICABLE_TERMINAL_NON_DELIVERY
6d5e182d08759de50f1ddd6990a8ca61,shipped,2018-04-11 20:08:25,2018-05-04,,OUTCOME_UNOBSERVED_BY_DATASET_END
92a0ba3943ad83671830b1091c606671,canceled,2017-03-24 00:24:17,2017-04-26,,NOT_APPLICABLE_TERMINAL_NON_DELIVERY
1c30f782ac9a37cc2fc7db08f3ccf24a,shipped,2017-11-28 11:14:06,2017-12-20,,OUTCOME_UNOBSERVED_BY_DATASET_END
8e96b092573364fa542b5c5fb3a9d9a3,unavailable,2017-11-02 12:17:17,2017-11-16,,NOT_APPLICABLE_TERMINAL_NON_DELIVERY
c9e893d2e32f6ca9988b30669eb71e5a,unavailable,2017-02-06 12:02:23,2017-03-13,,NOT_APPLICABLE_TERMINAL_NON_DELIVERY
67f98e9ec7d20b6e39c806909565213c,shipped,2018-04-12 17:20:25,2018-05-07,,OUTCOME_UNOBSERVED_BY_DATASET_END
bb2d7e3141540afc268df7ef6580fc75,shipped,2018-08-09 16:28:34,2018-08-23,,OUTCOME_UNOBSERVED_BY_DATASET_END
ea6c1bccedd9137975bff2495dfd90ae,processing,2018-01-17 17:09:02,2018-02-19,,OUTCOME_UNOBSERVED_BY_DATASET_END
aaf3ed5d59c660ed5b94eb2dd4103ea0,unavailable,2017-10-07 14:01:14,2017-11-03,,NOT_APPLICABLE_TERMINAL_NON_DELIVERY
a2dd87f10cd0b3cdb73c6ba52e333250,unavailable,2017-10-11 18:51:26,2017-11-07,,NOT_APPLICABLE_TERMINAL_NON_DELIVERY
91663de20f19686d62e4dbc0087fcf62,unavailable,2017-07-08 09:55:28,2017-08-01,,NOT_APPLICABLE_TERMINAL_NON_DELIVERY
3c8d85928df4e2df17662f0d9aad6027,shipped,2018-07-24 09:43:10,2018-08-07,,OUTCOME_UNOBSERVED_BY_DATASET_END
b635cbb9f7c2bc5de438f7429b8490e5,unavailable,2018-07-31 11:26:30,2018-08-10,,NOT_APPLICABLE_TERMINAL_NON_DELIVERY
ccb3e2fc8477b6fd3e3edf0dad0211b6,invoiced,2018-08-05 23:14:19,2018-08-09,,OUTCOME_UNOBSERVED_BY_DATASET_END
66418c06e5f1b83ea04c3d1a7221db5d,canceled,2018-05-07 15:02:10,2018-05-22,,NOT_APPLICABLE_TERMINAL_NON_DELIVERY
99b492e774feb838a15101dc48ecb6f0,canceled,2017-08-03 11:01:10,2017-08-17,,NOT_APPLICABLE_TERMINAL_NON_DELIVERY
5347a99b50c4d33d2959dcce4e19641c,canceled,2018-06-19 22:39:33,2018-07-13,,NOT_APPLICABLE_TERMINAL_NON_DELIVERY
4c5e883786df8d555be4dc12f11d3fe7,canceled,2018-06-10 06:44:32,2018-06-25,,NOT_APPLICABLE_TERMINAL_NON_DELIVERY
51375acfdef4d742df94640aa60d385b,unavailable,2017-10-06 19:37:46,2017-11-06,,NOT_APPLICABLE_TERMINAL_NON_DELIVERY
ec24ea9acb22b2520d36d72a75eab525,shipped,2017-09-29 22:44:21,2017-10-26,,OUTCOME_UNOBSERVED_BY_DATASET_END
c37564a174d094e685810303fd46b582,invoiced,2017-04-24 17:15:49,2017-05-26,,OUTCOME_UNOBSERVED_BY_DATASET_END
8fdc42676c9c6c74c4f8f062b53ebafa,invoiced,2017-12-03 21:20:17,2017-12-29,,OUTCOME_UNOBSERVED_BY_DATASET_END
87feaeca6b457d3cc9129c26a4c71f63,shipped,2017-12-27 21:59:20,2018-01-29,,OUTCOME_UNOBSERVED_BY_DATASET_END
f747f82cd6f4094876b1df81c7a50145,unavailable,2017-02-22 10:06:32,2017-03-27,,NOT_APPLICABLE_TERMINAL_NON_DELIVERY
5c4e4e1d3abaee058758731094e9a7cc,unavailable,2017-12-04 10:49:52,2018-01-04,,NOT_APPLICABLE_TERMINAL_NON_DELIVERY
05da04fd9f94dfb49fd643216d2cbe1f,unavailable,2018-01-04 11:33:15,2018-02-01,,NOT_APPLICABLE_TERMINAL_NON_DELIVERY
2b59ddd3b4175dd13033a71b56785a33,shipped,2018-08-18 11:59:18,2018-08-28,,OUTCOME_UNOBSERVED_BY_DATASET_END
8e4090f70c05cc129247bc0edc095dbd,unavailable,2018-04-02 10:32:19,2018-04-18,,NOT_APPLICABLE_TERMINAL_NON_DELIVERY
032cf17f7a713287e46999fddea6051b,canceled,2016-10-07 12:21:07,2016-11-17,,NOT_APPLICABLE_TERMINAL_NON_DELIVERY
9b745d27f038a7e9865cf448ab71e99f,shipped,2018-07-26 14:25:48,2018-08-09,,OUTCOME_UNOBSERVED_BY_DATASET_END
6087f204aede647ef4720e5585966962,shipped,2017-10-21 23:02:57,2017-11-16,,OUTCOME_UNOBSERVED_BY_DATASET_END
efb9ad1c5eb60ac2a3565723d18230fd,shipped,2018-02-15 19:14:40,2018-03-12,,OUTCOME_UNOBSERVED_BY_DATASET_END
f12ff2a4932dcfb02448431710f346f9,shipped,2017-11-09 21:27:56,2017-12-07,,OUTCOME_UNOBSERVED_BY_DATASET_END
b1591d0dddc34fc0db8601799e1fbd9f,shipped,2017-08-01 20:26:19,2017-08-30,,OUTCOME_UNOBSERVED_BY_DATASET_END
ba43195b0f997630dab0e5b6dae0a6ab,unavailable,2018-01-12 12:30:21,2018-01-31,,NOT_APPLICABLE_TERMINAL_NON_DELIVERY
5f416901ed4850dea2341b0c8cf6fde7,canceled,2017-11-05 17:40:04,2017-11-24,,NOT_APPLICABLE_TERMINAL_NON_DELIVERY
f1f812f73ca332c8951443e6dc2f8d54,invoiced,2017-08-28 14:39:34,2017-09-11,,OUTCOME_UNOBSERVED_BY_DATASET_END
8b1a95230c9ecbd01c91b80ba1f99a32,shipped,2018-04-20 15:03:40,2018-05-17,,OUTCOME_UNOBSERVED_BY_DATASET_END
e794b6f8bc2c405d7a2038f44b32a5d9,shipped,2018-03-15 12:27:46,2018-04-18,,OUTCOME_UNOBSERVED_BY_DATASET_END
f86d7bc39aab05299691322044b63bb2,canceled,2018-08-13 18:43:06,2018-09-25,,NOT_APPLICABLE_TERMINAL_NON_DELIVERY
4a67b546b856f02914a14967ded3c7af,shipped,2018-03-19 18:57:59,2018-04-12,,OUTCOME_UNOBSERVED_BY_DATASET_END
82de72f7135f60bf9348a045d6a7cc32,shipped,2017-12-08 13:10:05,2018-01-04,,OUTCOME_UNOBSERVED_BY_DATASET_END
24f686e03e134195c83dc3e2b6bf4cd0,unavailable,2017-05-08 14:20:50,2017-05-31,,NOT_APPLICABLE_TERMINAL_NON_DELIVERY
8db43b1e3642a3227063d2517b63ecbe,unavailable,2017-03-24 14:35:51,2017-04-20,,NOT_APPLICABLE_TERMINAL_NON_DELIVERY
aed5fd4c4ada58504679761465a6486e,unavailable,2017-07-07 10:48:37,2017-08-08,,NOT_APPLICABLE_TERMINAL_NON_DELIVERY
76b95d1df7db4efef64048b3f7653dc8,processing,2017-08-01 23:16:17,2017-09-04,,OUTCOME_UNOBSERVED_BY_DATASET_END
f7f1e7aa2dda713297141d80375e9509,canceled,2017-08-12 19:53:24,2017-09-18,,NOT_APPLICABLE_TERMINAL_NON_DELIVERY
eccfa497ce3b3c48e8ccb2a629ea5fe8,invoiced,2017-02-01 17:24:22,2017-03-20,,OUTCOME_UNOBSERVED_BY_DATASET_END
8b564962527dd053cfc85c8fc98ad1df,unavailable,2017-10-09 16:38:21,2017-11-08,,NOT_APPLICABLE_TERMINAL_NON_DELIVERY
ee8e24472be0999597648d72577ae895,unavailable,2018-02-11 11:23:28,2018-03-09,,NOT_APPLICABLE_TERMINAL_NON_DELIVERY
9cb560230b18aed833770219fd165e16,unavailable,2017-07-12 18:26:00,2017-08-01,,NOT_APPLICABLE_TERMINAL_NON_DELIVERY
a8da750ead7290b859a6b05d62c9522f,shipped,2018-03-09 19:49:16,2018-04-17,,OUTCOME_UNOBSERVED_BY_DATASET_END
6dd0cc64fed627388bf95943af884f70,unavailable,2017-07-10 14:17:01,2017-08-01,,NOT_APPLICABLE_TERMINAL_NON_DELIVERY
5ef22ec79d2414ffa56518f9f631acae,shipped,2018-07-29 13:41:51,2018-08-09,,OUTCOME_UNOBSERVED_BY_DATASET_END
ccb48770165d34335e1d156d6d2c6ec7,unavailable,2018-02-15 12:39:44,2018-03-13,,NOT_APPLICABLE_TERMINAL_NON_DELIVERY
7b9906348a4044ff73ce3034e9c8b7e9,shipped,2018-01-08 21:43:10,2018-02-06,,OUTCOME_UNOBSERVED_BY_DATASET_END
7c259a397799aa0b7043c30ff9d042a5,shipped,2017-07-23 16:32:12,2017-08-17,,OUTCOME_UNOBSERVED_BY_DATASET_END
3b477558dd43ca0e069be6c79321aa26,invoiced,2017-05-08 12:04:22,2017-05-29,,OUTCOME_UNOBSERVED_BY_DATASET_END
77b04f15396c882d9989245e0afc7147,shipped,2018-01-02 13:10:04,2018-02-01,,OUTCOME_UNOBSERVED_BY_DATASET_END
9981f1a6ab88e70da562887b6296de56,shipped,2018-03-22 20:12:15,2018-04-27,,OUTCOME_UNOBSERVED_BY_DATASET_END
34b3d6f518fb789c443e4ec00f9bb0ce,canceled,2017-05-25 13:07:50,2017-06-19,,NOT_APPLICABLE_TERMINAL_NON_DELIVERY
5057598da256a7629c0f6f21877215ba,invoiced,2018-07-11 09:23:23,2018-08-08,,OUTCOME_UNOBSERVED_BY_DATASET_END
f9b07dd1e93ce7446339491bcbccd1c9,shipped,2017-03-18 12:11:43,2017-04-10,,OUTCOME_UNOBSERVED_BY_DATASET_END
5c02bd0280dd1e668265d1500d2da8da,shipped,2017-05-15 15:24:31,2017-05-26,,OUTCOME_UNOBSERVED_BY_DATASET_END
9dfd8f2ac479e34a16d68ff827759a23,invoiced,2018-05-15 15:55:01,2018-06-01,,OUTCOME_UNOBSERVED_BY_DATASET_END
bff76a871750bd5f03d22c007cd7d26d,invoiced,2018-07-25 08:26:08,2018-08-08,,OUTCOME_UNOBSERVED_BY_DATASET_END
1f66f9bfd244a5383aeb00a84ad12a66,canceled,2016-10-10 10:49:54,2016-12-08,,NOT_APPLICABLE_TERMINAL_NON_DELIVERY
ef18f5dcc7b8a44cbdb1a14de4164bd1,shipped,2018-07-04 10:52:38,2018-07-20,,OUTCOME_UNOBSERVED_BY_DATASET_END
d7856ff09c1797f7b7ebffae1cbd483f,shipped,2017-06-19 17:07:01,2017-07-17,,OUTCOME_UNOBSERVED_BY_DATASET_END
d05d7ff2f99a1360d7a4e4c902eee05f,unavailable,2018-03-28 10:43:54,2018-04-10,,NOT_APPLICABLE_TERMINAL_NON_DELIVERY
ba6d92892febc6a5ca2dbae073427911,unavailable,2017-09-23 01:41:20,2017-10-10,,NOT_APPLICABLE_TERMINAL_NON_DELIVERY
c306eca42d32507b970739b5b6a5a33a,canceled,2018-08-13 09:14:07,2018-09-05,,NOT_APPLICABLE_TERMINAL_NON_DELIVERY
edefc0fa09c98cc491e9d2cf95ee4a5f,unavailable,2017-02-12 20:05:08,2017-03-10,,NOT_APPLICABLE_TERMINAL_NON_DELIVERY
7e61f390f3e0aa3b112e56091d2b9ee3,shipped,2018-08-17 22:25:09,2018-08-28,,OUTCOME_UNOBSERVED_BY_DATASET_END
19bb130ea3cc2dab25b3bcf2097aa462,unavailable,2017-07-19 15:00:02,2017-08-18,,NOT_APPLICABLE_TERMINAL_NON_DELIVERY
cf04407ac40c37f0ec0e0873da74117f,processing,2017-11-05 16:26:33,2017-12-06,,OUTCOME_UNOBSERVED_BY_DATASET_END
4637ca194b6387e2d538dc89b124b0ee,canceled,2018-09-03 14:14:25,2018-09-10,,NOT_APPLICABLE_TERMINAL_NON_DELIVERY
4263f66dd6ea50568c4369369a163208,invoiced,2018-05-02 21:19:22,2018-06-13,,OUTCOME_UNOBSERVED_BY_DATASET_END
f3bd213a969549dd53ed48872f4bb69d,canceled,2017-09-22 21:15:18,2017-10-17,,NOT_APPLICABLE_TERMINAL_NON_DELIVERY
33d8795f04dd631f3480d7aaf90da3dc,unavailable,2017-07-07 21:17:36,2017-07-27,,NOT_APPLICABLE_TERMINAL_NON_DELIVERY
16547d000ee8f177f45827613e2a17f3,canceled,2017-03-21 21:16:22,2017-04-13,,NOT_APPLICABLE_TERMINAL_NON_DELIVERY
7fd4b0e047195ca197c3660772a8d8c0,canceled,2016-10-08 07:02:33,2016-11-18,,NOT_APPLICABLE_TERMINAL_NON_DELIVERY
4369045e59969c285151e194c6ff699e,shipped,2017-10-28 12:09:33,2017-11-22,,OUTCOME_UNOBSERVED_BY_DATASET_END
fa3475ba2bc8960e12e2421b5883c340,invoiced,2017-10-19 19:37:20,2017-10-31,,OUTCOME_UNOBSERVED_BY_DATASET_END
ff71fa43cf5b726cd4a5763c7d819a35,unavailable,2017-07-19 21:53:57,2017-08-10,,NOT_APPLICABLE_TERMINAL_NON_DELIVERY
0927a99c4c0b6c6b2487a4e869f7fc2d,shipped,2017-12-07 00:02:16,2018-01-05,,OUTCOME_UNOBSERVED_BY_DATASET_END
d7cd987e2097ac5faff39ff244b5e784,shipped,2018-04-24 18:31:22,2018-05-17,,OUTCOME_UNOBSERVED_BY_DATASET_END
c8c528189310eaa44a745b8d9d26908b,canceled,2018-08-28 20:05:14,2018-09-11,,NOT_APPLICABLE_TERMINAL_NON_DELIVERY
19802314932831a78e4f0e3dead30f83,shipped,2017-11-20 11:46:03,2017-12-13,,OUTCOME_UNOBSERVED_BY_DATASET_END
adf7aaadebc68680921043015e141781,canceled,2017-05-15 09:06:16,2017-06-19,,NOT_APPLICABLE_TERMINAL_NON_DELIVERY
8cb7144be7be61b57614e79ece54a225,canceled,2017-11-14 16:47:06,2017-12-06,,NOT_APPLICABLE_TERMINAL_NON_DELIVERY
e0e0363b6d647a1ce534335bb1d84ebf,invoiced,2017-08-03 07:57:02,2017-08-28,,OUTCOME_UNOBSERVED_BY_DATASET_END
53ec902459673efbbcb34dec981931d3,unavailable,2017-07-23 22:47:19,2017-08-15,,NOT_APPLICABLE_TERMINAL_NON_DELIVERY
e40d0c72305e1f0be6925df1e4378221,unavailable,2017-11-03 20:21:30,2017-12-01,,NOT_APPLICABLE_TERMINAL_NON_DELIVERY
9bcddf79e9ba13cbf6c32e0916bd42d7,canceled,2018-02-19 15:44:34,2018-03-09,,NOT_APPLICABLE_TERMINAL_NON_DELIVERY
13a60be94bc36bf7c5f1e0a849cdd6e4,canceled,2018-02-19 10:56:33,2018-03-15,,NOT_APPLICABLE_TERMINAL_NON_DELIVERY
0d29f866f714402153c7a02ca8bf6134,invoiced,2017-10-30 21:18:31,2017-11-07,,OUTCOME_UNOBSERVED_BY_DATASET_END
fc20b8e282da6f3fbcdd3a3cedecb723,unavailable,2017-03-01 10:02:02,2017-03-20,,NOT_APPLICABLE_TERMINAL_NON_DELIVERY
c208438a2896fe887fc1b4718a1849ca,shipped,2017-05-05 14:20:36,2017-06-05,,OUTCOME_UNOBSERVED_BY_DATASET_END
adba6d04acdb64b6df4751a0e639dfd9,unavailable,2017-06-20 17:53:16,2017-07-12,,NOT_APPLICABLE_TERMINAL_NON_DELIVERY
e03566eab6041e05274e23b5a2fe5d31,shipped,2018-07-24 21:05:03,2018-08-16,,OUTCOME_UNOBSERVED_BY_DATASET_END
eea28ef28b84c9907e7417c41813bd34,canceled,2017-10-09 15:46:07,2017-10-30,,NOT_APPLICABLE_TERMINAL_NON_DELIVERY
9a44abc905204e1ab8b71a8b7cb4b838,invoiced,2018-08-02 16:06:00,2018-08-10,,OUTCOME_UNOBSERVED_BY_DATASET_END
42c5091238dc63339c79f5f35f8a5a6b,invoiced,2016-10-10 09:57:05,2016-12-02,,OUTCOME_UNOBSERVED_BY_DATASET_END
fe87d4b944748f63ca5ed22cc55b6fb6,unavailable,2017-12-05 09:20:36,2017-12-21,,NOT_APPLICABLE_TERMINAL_NON_DELIVERY
321117f0a62b449963231d318a6320d2,shipped,2017-12-05 15:43:41,2017-12-28,,OUTCOME_UNOBSERVED_BY_DATASET_END
84002f994c72707b99788fbbc6f72f3f,canceled,2018-06-29 09:20:04,2018-07-23,,NOT_APPLICABLE_TERMINAL_NON_DELIVERY
963cb0bf193b36ab854e479461fc3da2,shipped,2018-03-04 11:48:58,2018-03-27,,OUTCOME_UNOBSERVED_BY_DATASET_END
0ebc490cadb55779894fe2a498e64439,shipped,2017-06-20 16:16:41,2017-07-20,,OUTCOME_UNOBSERVED_BY_DATASET_END
dc6b76e937308e88a3464d0f4352b959,shipped,2017-10-21 13:36:32,2017-11-23,,OUTCOME_UNOBSERVED_BY_DATASET_END
388c070ce42d3ccaedfd15662e09631d,shipped,2018-04-21 03:25:21,2018-05-30,,OUTCOME_UNOBSERVED_BY_DATASET_END
6ef587afa4703fd874edb7ade8efc7b0,canceled,2017-11-18 02:39:31,2017-12-01,,NOT_APPLICABLE_TERMINAL_NON_DELIVERY
65b2eeb525259ca3e5e6028075d8aa23,shipped,2018-05-30 15:00:30,2018-06-25,,OUTCOME_UNOBSERVED_BY_DATASET_END
6db84e80e54c938d5112dbdd6494b7f4,invoiced,2018-05-08 14:09:19,2018-05-18,,OUTCOME_UNOBSERVED_BY_DATASET_END
b4c4b76c642808cbe472a32b86cddc95,canceled,2018-07-12 12:08:36,2018-08-01,,NOT_APPLICABLE_TERMINAL_NON_DELIVERY
33e13c48e5883f2a3ae2269bf57650c7,unavailable,2017-12-22 12:41:34,2018-01-26,,NOT_APPLICABLE_TERMINAL_NON_DELIVERY
e9c9e163bd9e8a23c5afab293ed676e2,canceled,2018-02-21 10:27:40,2018-03-13,,NOT_APPLICABLE_TERMINAL_NON_DELIVERY
3d521dbaec823d745bc7657d32442975,invoiced,2017-11-24 13:16:22,2017-12-15,,OUTCOME_UNOBSERVED_BY_DATASET_END
a1c02a2ec3f8c8cbcc331d3426ad57bb,shipped,2017-08-02 16:29:57,2017-08-22,,OUTCOME_UNOBSERVED_BY_DATASET_END
12cfc50e5dd5eb78bd329c22b46da0b1,processing,2017-06-05 12:13:39,2017-07-10,,OUTCOME_UNOBSERVED_BY_DATASET_END
cfdf81381a8bc683d8905713f2ed6614,shipped,2017-04-26 21:43:26,2017-05-26,,OUTCOME_UNOBSERVED_BY_DATASET_END
53ec23d3e71b749fd840c22675065007,shipped,2018-07-10 21:19:18,2018-08-10,,OUTCOME_UNOBSERVED_BY_DATASET_END
5bd5f0a2e24b51f1d1d6e855f9f03e3d,unavailable,2017-09-05 11:45:52,2017-09-26,,NOT_APPLICABLE_TERMINAL_NON_DELIVERY
6733b557402fde0eb490241ee15fb252,shipped,2018-04-18 13:54:59,2018-05-15,,OUTCOME_UNOBSERVED_BY_DATASET_END
a77843f2d4f89986e65fc1a4c1c0957a,invoiced,2018-03-19 18:20:14,2018-04-05,,OUTCOME_UNOBSERVED_BY_DATASET_END
dce845cf61098865d01085518184dbb9,canceled,2017-07-12 18:10:57,2017-08-03,,NOT_APPLICABLE_TERMINAL_NON_DELIVERY
95e6053477d7169c64e6a34a3e329cb7,unavailable,2018-05-21 13:41:14,2018-05-29,,NOT_APPLICABLE_TERMINAL_NON_DELIVERY
e8e186c0ebe18282aada53c56e7da34f,canceled,2017-05-02 07:34:35,2017-05-29,,NOT_APPLICABLE_TERMINAL_NON_DELIVERY
ef32bb24f4e81a29a305e5285c8d3d34,unavailable,2017-12-19 13:11:08,2018-01-08,,NOT_APPLICABLE_TERMINAL_NON_DELIVERY
3629e2c183d64e30de63e3bb23b00ade,shipped,2017-04-08 12:40:19,2017-05-02,,OUTCOME_UNOBSERVED_BY_DATASET_END
306c38865a76ef1bcf4c98ed5f235673,shipped,2017-09-12 08:41:07,2017-09-25,,OUTCOME_UNOBSERVED_BY_DATASET_END
bd443caeb1873dd616185acf5162d26c,unavailable,2018-03-21 09:23:07,2018-04-19,,NOT_APPLICABLE_TERMINAL_NON_DELIVERY
c4ca4450ac2974ba5eeb4832b7ec724a,canceled,2017-05-12 10:28:30,2017-06-05,,NOT_APPLICABLE_TERMINAL_NON_DELIVERY
f40f7c7b33563806cf705cb088c2cbd3,processing,2017-02-05 18:11:48,2017-03-16,,OUTCOME_UNOBSERVED_BY_DATASET_END
6d9bd9b4caa7d961a6d31427ad0e557e,unavailable,2017-11-24 17:45:10,2017-12-20,,NOT_APPLICABLE_TERMINAL_NON_DELIVERY
cba0deb7b7e121a54760408a83ecc42c,invoiced,2018-08-06 15:03:43,2018-08-10,,OUTCOME_UNOBSERVED_BY_DATASET_END
114e0ad5d9cd8931d7541e1331bdb503,canceled,2017-08-14 10:44:51,2017-09-18,,NOT_APPLICABLE_TERMINAL_NON_DELIVERY
29997a1fcb8c5884c6718f399ed6b7db,shipped,2017-03-15 20:53:54,2017-04-03,,OUTCOME_UNOBSERVED_BY_DATASET_END
fd03c3724f2a080890613b8e671b2fa8,shipped,2017-04-14 22:00:46,2017-05-10,,OUTCOME_UNOBSERVED_BY_DATASET_END
150161e8b962f031342e9bdf81e414b5,shipped,2017-09-29 06:48:03,2017-10-24,,OUTCOME_UNOBSERVED_BY_DATASET_END
a9cc8ce28b99a1cc075cb04ab19010c7,unavailable,2018-01-19 02:48:54,2018-02-16,,NOT_APPLICABLE_TERMINAL_NON_DELIVERY
98dfb59cc8884799f0bdb54acae8735e,invoiced,2018-01-23 20:43:51,2018-02-15,,OUTCOME_UNOBSERVED_BY_DATASET_END
8a43a2a954395f1f2911a8280575ab9c,invoiced,2017-06-06 19:26:58,2017-07-03,,OUTCOME_UNOBSERVED_BY_DATASET_END
c83eba0508195fff1529210cfe30385a,unavailable,2017-07-12 11:25:47,2017-08-07,,NOT_APPLICABLE_TERMINAL_NON_DELIVERY
9d2bd341ec5c535b3d4192f609e47185,shipped,2018-06-21 20:10:30,2018-07-12,,OUTCOME_UNOBSERVED_BY_DATASET_END
54b56f2389dee113344da742da7890c9,unavailable,2018-02-12 17:36:31,2018-02-26,,NOT_APPLICABLE_TERMINAL_NON_DELIVERY
f184018d4bdb5a578d594906fdff974e,canceled,2017-07-25 01:55:52,2017-08-16,,NOT_APPLICABLE_TERMINAL_NON_DELIVERY
44b243b9ac18357e1388b0459d54af02,processing,2017-10-19 19:41:04,2017-11-06,,OUTCOME_UNOBSERVED_BY_DATASET_END
615e54068238441742c4daf6a7b4ccff,invoiced,2017-11-13 16:27:09,2017-12-01,,OUTCOME_UNOBSERVED_BY_DATASET_END
beeb8db71523294144ecc1d34cf40814,shipped,2017-12-25 18:22:03,2018-01-15,,OUTCOME_UNOBSERVED_BY_DATASET_END
e3cc61bbc1cfe072879400a8d82f10a2,processing,2017-07-25 10:10:36,2017-08-14,,OUTCOME_UNOBSERVED_BY_DATASET_END
4b3b5fc7398939e35a47fe5a8c0be5cb,unavailable,2017-11-24 03:10:55,2017-12-08,,NOT_APPLICABLE_TERMINAL_NON_DELIVERY
0f3b2951a363f6a201ad23e3ce2c0313,unavailable,2017-11-23 00:07:09,2017-12-13,,NOT_APPLICABLE_TERMINAL_NON_DELIVERY
f739e2e689094dfc943626568da074aa,processing,2017-12-10 13:13:24,2018-01-17,,OUTCOME_UNOBSERVED_BY_DATASET_END
b534c927d5cb15838b514c99f1c8d94d,shipped,2017-09-29 20:51:26,2017-11-01,,OUTCOME_UNOBSERVED_BY_DATASET_END
916f5a97fd2a0dea046534fac1fbbd88,shipped,2017-02-09 09:31:15,2017-03-10,,OUTCOME_UNOBSERVED_BY_DATASET_END
da619e31c9daa2026418be6af321971c,shipped,2017-08-18 20:56:08,2017-09-22,,OUTCOME_UNOBSERVED_BY_DATASET_END
4bbe949608f669144f0db3f8cde75cd7,unavailable,2017-09-05 14:22:59,2017-10-09,,NOT_APPLICABLE_TERMINAL_NON_DELIVERY
9c77f06d1dbb94007e708e9aba680a03,unavailable,2018-02-10 16:00:05,2018-02-26,,NOT_APPLICABLE_TERMINAL_NON_DELIVERY
51b00c5a9b0224f467f74d55424b4235,unavailable,2017-07-09 11:20:12,2017-08-03,,NOT_APPLICABLE_TERMINAL_NON_DELIVERY
345a398e91fef84fbffb9c07611c9959,processing,2017-05-07 22:55:53,2017-06-12,,OUTCOME_UNOBSERVED_BY_DATASET_END
f4a8cf5dcabdbe8dd7e65e1674db3015,canceled,2018-01-21 23:26:18,2018-02-06,,NOT_APPLICABLE_TERMINAL_NON_DELIVERY
aa0fdfac2fac6ad23cfa368f687433cc,processing,2017-05-04 16:44:16,2017-06-06,,OUTCOME_UNOBSERVED_BY_DATASET_END
a31ecde4565b9e5e70a4ac17fb47174c,canceled,2018-01-29 21:55:59,2018-03-02,,NOT_APPLICABLE_TERMINAL_NON_DELIVERY
dec3b3e24194ce1773deab948916e593,invoiced,2018-03-28 21:25:36,2018-04-23,,OUTCOME_UNOBSERVED_BY_DATASET_END
8256266a3e79c5c11593977b92fe7b1a,unavailable,2018-01-18 17:02:04,2018-02-15,,NOT_APPLICABLE_TERMINAL_NON_DELIVERY
4551b488487e6cfa31f9e35073d3c5d4,canceled,2016-10-09 12:43:21,2016-12-06,,NOT_APPLICABLE_TERMINAL_NON_DELIVERY
22a91acd45f9631dece96eb349f13047,shipped,2018-03-12 08:20:33,2018-04-12,,OUTCOME_UNOBSERVED_BY_DATASET_END
4224f44695338cfa528e9a57d8cbd1e5,processing,2017-05-19 20:21:43,2017-06-16,,OUTCOME_UNOBSERVED_BY_DATASET_END
4d4633c8be12f377396f2f0a4e22df8b,processing,2017-06-02 12:26:17,2017-07-11,,OUTCOME_UNOBSERVED_BY_DATASET_END
7ec273502855ec6b503c931eda7b3875,shipped,2017-09-23 14:25:29,2017-10-19,,OUTCOME_UNOBSERVED_BY_DATASET_END
16b812958d1a00bb75c3256b05b5a632,canceled,2017-11-21 18:20:28,2017-12-01,,NOT_APPLICABLE_TERMINAL_NON_DELIVERY
65f9be44b39d121b9f03120ae4ceef73,shipped,2018-01-04 16:21:45,2018-01-31,,OUTCOME_UNOBSERVED_BY_DATASET_END
6649ebec1c6f3e185a64238dc8729d72,shipped,2018-02-21 16:52:08,2018-03-19,,OUTCOME_UNOBSERVED_BY_DATASET_END
36ca6c9bcef057ffdfca22de9dd7bcdd,shipped,2018-03-27 20:32:27,2018-05-04,,OUTCOME_UNOBSERVED_BY_DATASET_END
1762aa0ce22469c003348a42e46f5269,unavailable,2017-08-20 19:52:24,2017-09-14,,NOT_APPLICABLE_TERMINAL_NON_DELIVERY
c8efed385881ed6ba56357b0d20a1e46,shipped,2017-03-06 23:21:57,2017-04-06,,OUTCOME_UNOBSERVED_BY_DATASET_END
1c3a814fa046dc2f684276b1ca26786e,unavailable,2017-04-11 08:25:26,2017-05-03,,NOT_APPLICABLE_TERMINAL_NON_DELIVERY
6257efd6f6189754247b7a4fe4a1fe0f,shipped,2018-03-23 19:24:16,2018-04-16,,OUTCOME_UNOBSERVED_BY_DATASET_END
82a3a8f173b1bc8e3b7da00ce95509e0,shipped,2017-11-24 02:21:57,2017-12-18,,OUTCOME_UNOBSERVED_BY_DATASET_END
24b425b6d0f061fcb84c1832d221e3bb,canceled,2017-08-22 09:50:59,2017-09-26,,NOT_APPLICABLE_TERMINAL_NON_DELIVERY
d4196928f507b9d28c258f1ab20dc397,shipped,2018-04-02 12:49:34,2018-04-19,,OUTCOME_UNOBSERVED_BY_DATASET_END
bede49402c31f79ae1ea5fea8e67593f,invoiced,2017-02-14 16:04:04,2017-03-21,,OUTCOME_UNOBSERVED_BY_DATASET_END
367d72ed72e5988018a75524b1a4ab77,shipped,2017-04-12 12:24:27,2017-05-10,,OUTCOME_UNOBSERVED_BY_DATASET_END
4244bb7994cdcf8c2a63651b4fba924c,shipped,2018-01-07 16:15:47,2018-02-05,,OUTCOME_UNOBSERVED_BY_DATASET_END
f8a8d05d951ce7e359dfd0c67f1de017,processing,2017-11-30 10:04:05,2017-12-22,,OUTCOME_UNOBSERVED_BY_DATASET_END
a9569e5470a944e2c8787ab08b6e26ed,canceled,2018-07-20 14:04:13,2018-08-07,,NOT_APPLICABLE_TERMINAL_NON_DELIVERY
3ea133ff119739c54b9e8beef186d181,shipped,2018-05-10 18:47:38,2018-06-05,,OUTCOME_UNOBSERVED_BY_DATASET_END
e2557098c56afd06a929b32a63b5f856,canceled,2018-03-01 15:20:13,2018-03-15,,NOT_APPLICABLE_TERMINAL_NON_DELIVERY
93aa3d58f7f2a97010801f8ff8dc45a5,canceled,2018-04-29 10:04:24,2018-05-14,,NOT_APPLICABLE_TERMINAL_NON_DELIVERY
bfcec6fcc6a68c5505537bb8a0a38039,canceled,2018-03-20 19:22:08,2018-04-06,,NOT_APPLICABLE_TERMINAL_NON_DELIVERY
966f96af9d189dc428ff04ebbca821b8,canceled,2016-10-04 20:41:45,2016-11-24,,NOT_APPLICABLE_TERMINAL_NON_DELIVERY
0c56c2d802da452669d191dfd438ac4c,shipped,2017-08-16 18:48:04,2017-09-08,,OUTCOME_UNOBSERVED_BY_DATASET_END
0a5c74ccc786ced7903270de9d6c170a,unavailable,2018-01-18 23:14:36,2018-02-14,,NOT_APPLICABLE_TERMINAL_NON_DELIVERY
046afc54df6dd8bc98ee2c0e653b70d8,shipped,2017-07-03 23:04:24,2017-07-25,,OUTCOME_UNOBSERVED_BY_DATASET_END
98b736865640a09748dfa712c907b68d,shipped,2017-04-10 13:09:48,2017-05-04,,OUTCOME_UNOBSERVED_BY_DATASET_END
6093172628144fc06ee4548601a91c65,invoiced,2017-09-10 19:50:03,2017-10-09,,OUTCOME_UNOBSERVED_BY_DATASET_END
69477156227df21c82fda29850060511,shipped,2018-05-17 20:47:54,2018-06-05,,OUTCOME_UNOBSERVED_BY_DATASET_END
a37ddd895baf6a663cd42465aa1a1d10,canceled,2018-07-03 23:02:29,2018-07-27,,NOT_APPLICABLE_TERMINAL_NON_DELIVERY
9d8422be45fb68fd2ea1e11898d8fa3d,invoiced,2018-05-02 23:09:48,2018-06-07,,OUTCOME_UNOBSERVED_BY_DATASET_END
2ebdfc4f15f23b91474edf87475f108e,delivered,2018-07-01 17:05:11,2018-07-30,,OUTCOME_UNOBSERVED_BY_DATASET_END
247e66ec0e4b810c6acabe6f698cc62a,shipped,2018-03-15 15:06:53,2018-04-12,,OUTCOME_UNOBSERVED_BY_DATASET_END
8076135356d195170fe9f8d5698182c4,unavailable,2018-01-03 21:56:47,2018-02-15,,NOT_APPLICABLE_TERMINAL_NON_DELIVERY
8c11e7320d48d441627a82aa47d9afc1,processing,2017-02-10 11:11:05,2017-05-11,,OUTCOME_UNOBSERVED_BY_DATASET_END
65e816f5fdba93b07f5aeef1ee55b6a0,shipped,2018-03-15 13:48:21,2018-04-10,,OUTCOME_UNOBSERVED_BY_DATASET_END
8ae36ddb0c9660dabf5341488efb2a30,unavailable,2018-03-03 12:02:45,2018-03-15,,NOT_APPLICABLE_TERMINAL_NON_DELIVERY
002f19a65a2ddd70a090297872e6d64e,shipped,2018-03-21 13:05:30,2018-04-16,,OUTCOME_UNOBSERVED_BY_DATASET_END
4b460251c3d2ba44dd61b0b6c3410ac6,unavailable,2017-03-27 17:19:37,2017-04-26,,NOT_APPLICABLE_TERMINAL_NON_DELIVERY
36dc666b3287023e11e5497252e98707,shipped,2018-05-18 16:41:12,2018-06-07,,OUTCOME_UNOBSERVED_BY_DATASET_END
e09e4bef485e6c09fef604841cbe5780,shipped,2017-11-20 11:47:07,2017-12-12,,OUTCOME_UNOBSERVED_BY_DATASET_END
6c9f4896350c87c2f785b1b8be767748,shipped,2017-08-21 18:57:12,2017-09-01,,OUTCOME_UNOBSERVED_BY_DATASET_END
6ad336dba0613cde0e5717f50dc8c669,canceled,2018-01-25 17:18:26,2018-02-23,,NOT_APPLICABLE_TERMINAL_NON_DELIVERY
0538bda829ac14e64a201dc84fb1ba3b,shipped,2018-05-18 23:21:25,2018-06-25,,OUTCOME_UNOBSERVED_BY_DATASET_END
b5c409747f27801a2ef067fb50f8781a,shipped,2018-03-01 18:19:28,2018-04-17,,OUTCOME_UNOBSERVED_BY_DATASET_END
c217421618d61140952073ad3800f7ff,shipped,2018-03-30 12:53:07,2018-04-18,,OUTCOME_UNOBSERVED_BY_DATASET_END
c20c39bdb12b843034d5b268c984c02a,shipped,2018-04-18 23:42:06,2018-05-14,,OUTCOME_UNOBSERVED_BY_DATASET_END
95805218cf245076d9ab20d75d1758c7,shipped,2017-04-03 03:01:46,2017-05-03,,OUTCOME_UNOBSERVED_BY_DATASET_END
a7e225997eea4fd0df0db35b52bd9d0e,unavailable,2017-12-02 03:21:27,2018-01-04,,NOT_APPLICABLE_TERMINAL_NON_DELIVERY
90ae229a4addcfead792e2564554f09c,shipped,2017-09-01 12:11:23,2017-10-06,,OUTCOME_UNOBSERVED_BY_DATASET_END
c945ff06cb8663806353c094c328ff56,shipped,2017-07-12 18:31:13,2017-08-11,,OUTCOME_UNOBSERVED_BY_DATASET_END
7975bad6e2c65b59ab15b7152c94c63d,processing,2017-12-25 10:31:34,2018-01-26,,OUTCOME_UNOBSERVED_BY_DATASET_END
aeba924ab4196ee9a04164f22278f117,shipped,2017-04-20 09:13:22,2017-05-15,,OUTCOME_UNOBSERVED_BY_DATASET_END
723fdebe8280ea74fca298382c4d7ac7,shipped,2018-08-12 21:51:12,2018-08-16,,OUTCOME_UNOBSERVED_BY_DATASET_END
69c49491c1300f416d32e8bedc9f8907,unavailable,2017-10-26 10:35:27,2017-11-08,,NOT_APPLICABLE_TERMINAL_NON_DELIVERY
808c7c69c2778bdf4689eee0286e2bef,canceled,2018-02-22 07:57:07,2018-03-13,,NOT_APPLICABLE_TERMINAL_NON_DELIVERY
7ef8671acf9060d60ac3eb8616a99627,canceled,2018-06-18 23:29:27,2018-07-13,,NOT_APPLICABLE_TERMINAL_NON_DELIVERY
48a2b1dc26bd77deaee98e646fbc31cc,shipped,2017-02-01 14:58:05,2017-03-14,,OUTCOME_UNOBSERVED_BY_DATASET_END
ccac33950ffc27cb905dbcdfb099494a,unavailable,2017-11-26 02:13:57,2017-12-19,,NOT_APPLICABLE_TERMINAL_NON_DELIVERY
2e287cee637969033ec9ab49602e61ef,unavailable,2017-01-30 15:48:53,2017-03-10,,NOT_APPLICABLE_TERMINAL_NON_DELIVERY
af42d1d70bc955e5272039f5d271c392,processing,2017-09-05 16:37:04,2017-10-04,,OUTCOME_UNOBSERVED_BY_DATASET_END
8cacf6d8c088e18ca96ee6d5a138461b,canceled,2017-05-27 22:42:30,2017-06-23,,NOT_APPLICABLE_TERMINAL_NON_DELIVERY
8652f7789fe1585b439154b7ae0f4285,canceled,2018-02-20 14:49:42,2018-03-12,,NOT_APPLICABLE_TERMINAL_NON_DELIVERY
439463f7eec083713e8a0d347a8f4e0f,shipped,2018-07-27 13:48:02,2018-08-21,,OUTCOME_UNOBSERVED_BY_DATASET_END
a2e4c44360b4a57bdff22f3a4630c173,approved,2017-02-06 20:18:17,2017-03-01,,OUTCOME_UNOBSERVED_BY_DATASET_END
d9258776ebce96efd9811c6554d12726,canceled,2017-10-20 19:35:47,2017-11-16,,NOT_APPLICABLE_TERMINAL_NON_DELIVERY
d55668bb11f39447c1b40421a936e403,shipped,2018-05-14 13:30:14,2018-05-22,,OUTCOME_UNOBSERVED_BY_DATASET_END
c6c26ee904fd7f85a965423bec883fe6,invoiced,2017-09-15 14:28:21,2017-09-27,,OUTCOME_UNOBSERVED_BY_DATASET_END
383bb8b07361166ea86f3f4b51e96ff7,canceled,2018-03-15 10:12:28,2018-04-10,,NOT_APPLICABLE_TERMINAL_NON_DELIVERY
d5fe6827cc4a6ce0562e5e116c627839,canceled,2017-06-22 17:52:25,2017-07-21,,NOT_APPLICABLE_TERMINAL_NON_DELIVERY
2cef7c298050b8d6865e77d071529770,canceled,2018-06-19 14:56:02,2018-07-05,,NOT_APPLICABLE_TERMINAL_NON_DELIVERY
2982a4a9b9ff0bf9a4f5b88a45a6fa67,unavailable,2017-03-06 13:52:04,2017-04-13,,NOT_APPLICABLE_TERMINAL_NON_DELIVERY
255d951095fc26f86cc7a08b822b714a,processing,2017-01-11 15:18:25,2017-03-01,,OUTCOME_UNOBSERVED_BY_DATASET_END
19c46428bc856e23d310e466a26e88b1,shipped,2018-05-03 14:35:00,2018-06-07,,OUTCOME_UNOBSERVED_BY_DATASET_END
2b020fc22c27548cc22ee8447edad356,canceled,2017-08-02 14:08:18,2017-08-24,,NOT_APPLICABLE_TERMINAL_NON_DELIVERY
3663f9f8556770522d4bba16590ee243,shipped,2018-04-23 17:15:11,2018-05-24,,OUTCOME_UNOBSERVED_BY_DATASET_END
be97182751bed153d280411feff5dd3d,invoiced,2017-06-26 16:32:23,2017-07-27,,OUTCOME_UNOBSERVED_BY_DATASET_END
4981c013f7c47eaf4c82b5d2f0a30e7f,processing,2017-02-26 16:15:49,2017-03-22,,OUTCOME_UNOBSERVED_BY_DATASET_END
485a9b5ac4906bb7eaac99931164c87b,canceled,2017-08-09 12:56:51,2017-09-18,,NOT_APPLICABLE_TERMINAL_NON_DELIVERY
82f4c933483d577ca9f00f49b1203155,shipped,2018-07-16 14:14:08,2018-07-31,,OUTCOME_UNOBSERVED_BY_DATASET_END
95fc4c1eda4eb09aff114067af28e084,processing,2017-03-05 21:02:51,2017-03-23,,OUTCOME_UNOBSERVED_BY_DATASET_END
80cc641291fcdf79b31212ddd7b175c9,processing,2017-12-12 12:33:27,2018-01-05,,OUTCOME_UNOBSERVED_BY_DATASET_END
342505ef4323f0572eda009be6080f6c,unavailable,2017-09-11 18:49:07,2017-09-21,,NOT_APPLICABLE_TERMINAL_NON_DELIVERY
860455aa7b45766b3d33b051cebc6e27,canceled,2017-05-14 21:16:54,2017-06-02,,NOT_APPLICABLE_TERMINAL_NON_DELIVERY
b110523a5f9c69ad95bf8247062f0ba9,processing,2017-08-27 15:33:09,2017-09-19,,OUTCOME_UNOBSERVED_BY_DATASET_END
8c6e16dc21c114e69bdf0d21386241eb,unavailable,2017-11-14 15:10:43,2017-12-12,,NOT_APPLICABLE_TERMINAL_NON_DELIVERY
25fd9ab410ed941187c41224aaecd049,canceled,2017-07-11 12:51:03,2017-08-14,,NOT_APPLICABLE_TERMINAL_NON_DELIVERY
7b862ac7558f536ca1c6f388f21d22d5,unavailable,2017-10-06 21:30:34,2017-10-30,,NOT_APPLICABLE_TERMINAL_NON_DELIVERY
b1980aff89e38cf1fd536ab4c04c7c68,shipped,2017-12-04 17:22:15,2018-01-03,,OUTCOME_UNOBSERVED_BY_DATASET_END
7622da48f027d5659a0d7b0a43597354,unavailable,2017-07-09 14:27:44,2017-07-21,,NOT_APPLICABLE_TERMINAL_NON_DELIVERY
4f1743c0fc4465b3df1209280e727fa6,canceled,2017-08-11 13:17:36,2017-09-13,,NOT_APPLICABLE_TERMINAL_NON_DELIVERY
f81e7bc51080d4db48858aec6c69283e,shipped,2017-11-30 18:12:14,2017-12-28,,OUTCOME_UNOBSERVED_BY_DATASET_END
83630f2412ec5ad7dc40991d1225e93c,canceled,2018-08-14 15:26:11,2018-08-24,,NOT_APPLICABLE_TERMINAL_NON_DELIVERY
2429083883078c31cf2337ce0dd425ee,unavailable,2017-07-06 19:25:55,2017-08-08,,NOT_APPLICABLE_TERMINAL_NON_DELIVERY
5808d10c07526976aa6125ada6f73fc0,processing,2017-10-16 12:57:03,2017-11-13,,OUTCOME_UNOBSERVED_BY_DATASET_END
ee38b45af2d4e705a88a37af7f0cda97,canceled,2017-12-31 12:12:02,2018-01-18,,NOT_APPLICABLE_TERMINAL_NON_DELIVERY
576c48f481f95199130fe941c49c944e,invoiced,2017-09-30 09:15:08,2017-10-24,,OUTCOME_UNOBSERVED_BY_DATASET_END
b081a69c4b6f19636549667b897d9761,shipped,2017-07-13 11:28:30,2017-08-15,,OUTCOME_UNOBSERVED_BY_DATASET_END
5a7ae4ca802c14fdff19558a4fee8727,invoiced,2016-10-10 17:16:03,2016-12-06,,OUTCOME_UNOBSERVED_BY_DATASET_END
e697685891b55205f61d598d64db1c1f,canceled,2017-11-06 09:05:48,2017-11-17,,NOT_APPLICABLE_TERMINAL_NON_DELIVERY
29380cfab5f9f5f233e2c71e16cadc68,unavailable,2018-05-09 16:55:09,2018-05-28,,NOT_APPLICABLE_TERMINAL_NON_DELIVERY
d66296945273987f899b24ce13f32f81,canceled,2017-11-02 18:11:24,2017-12-01,,NOT_APPLICABLE_TERMINAL_NON_DELIVERY
ec07c952b2e699cd885db38a3c9362f9,canceled,2018-03-29 23:27:12,2018-04-23,,NOT_APPLICABLE_TERMINAL_NON_DELIVERY
fc8121263d345c1d739f85edda7be0cb,unavailable,2017-02-18 23:41:47,2017-03-21,,NOT_APPLICABLE_TERMINAL_NON_DELIVERY
981ce71403e17f9540c416f431a7c6d2,processing,2017-12-29 11:24:15,2018-02-05,,OUTCOME_UNOBSERVED_BY_DATASET_END
4222f02d846191bb656be7a86b9e4d67,shipped,2017-05-22 09:42:55,2017-06-05,,OUTCOME_UNOBSERVED_BY_DATASET_END
fb4ea753f638936f56b4df5d03dc07bb,unavailable,2018-01-13 20:11:23,2018-01-30,,NOT_APPLICABLE_TERMINAL_NON_DELIVERY
48f2d0b950703bfb145b7c3c0641b4bb,unavailable,2017-08-30 01:21:05,2017-09-18,,NOT_APPLICABLE_TERMINAL_NON_DELIVERY
eaee2825724ee0ccf396e0d0e61321df,shipped,2017-03-10 23:45:07,2017-03-31,,OUTCOME_UNOBSERVED_BY_DATASET_END
f79d2206d0301d47bc2a623636ea53d1,shipped,2018-08-13 22:19:59,2018-08-30,,OUTCOME_UNOBSERVED_BY_DATASET_END
be40003fbcabb63c85ff36dc4a85b5be,shipped,2018-04-01 12:49:56,2018-04-20,,OUTCOME_UNOBSERVED_BY_DATASET_END
b951fda86def0277a8416cbe5e7389e0,shipped,2017-09-02 13:58:41,2017-09-15,,OUTCOME_UNOBSERVED_BY_DATASET_END
e38573f7a3dc73addbbd97817bd0369e,shipped,2018-07-18 09:01:50,2018-08-06,,OUTCOME_UNOBSERVED_BY_DATASET_END
cd4a39bf33083486dd4d1eaa70907ce8,shipped,2017-09-05 12:16:38,2017-09-26,,OUTCOME_UNOBSERVED_BY_DATASET_END
a9c6c0298a1b91a7e66a387df066e225,canceled,2018-03-19 19:10:23,2018-04-06,,NOT_APPLICABLE_TERMINAL_NON_DELIVERY
b715c631fdd01580d9de3ed3759523c7,canceled,2018-02-17 20:24:59,2018-03-12,,NOT_APPLICABLE_TERMINAL_NON_DELIVERY
2b941f8e6ff81158a52de44909dc2a52,canceled,2017-04-14 19:05:05,2017-05-10,,NOT_APPLICABLE_TERMINAL_NON_DELIVERY
a91e25d9e242b0545cddf83a2bb46954,unavailable,2017-02-01 13:27:48,2017-03-14,,NOT_APPLICABLE_TERMINAL_NON_DELIVERY
1cd11ceddf403341992843e08f53c75f,shipped,2017-12-08 20:31:05,2018-01-03,,OUTCOME_UNOBSERVED_BY_DATASET_END
103d9703fa0f4778189330f41abcbb55,shipped,2017-06-19 21:20:18,2017-07-11,,OUTCOME_UNOBSERVED_BY_DATASET_END
b4757419a0d328d1c3c848d9957cb20c,invoiced,2017-03-08 09:46:27,2017-04-17,,OUTCOME_UNOBSERVED_BY_DATASET_END
e18cd51191ffbe2bca934d1d13805164,shipped,2017-12-15 11:46:19,2018-01-11,,OUTCOME_UNOBSERVED_BY_DATASET_END
46c25d5c696b53935b00b3e3fa555d20,unavailable,2017-06-29 19:41:31,2017-07-19,,NOT_APPLICABLE_TERMINAL_NON_DELIVERY
402e0a2ad64d2f2b8f0d06d436789aca,unavailable,2017-10-21 10:58:06,2017-11-09,,NOT_APPLICABLE_TERMINAL_NON_DELIVERY
f88efafe68a38b479def426923166490,shipped,2017-07-03 13:16:21,2017-07-28,,OUTCOME_UNOBSERVED_BY_DATASET_END
19bbda1f882b3aeddba973e935519905,unavailable,2017-11-03 22:26:44,2017-11-24,,NOT_APPLICABLE_TERMINAL_NON_DELIVERY
cda873529ca7ab71f677d5ec11a40304,shipped,2016-10-05 16:57:30,2016-12-01,,OUTCOME_UNOBSERVED_BY_DATASET_END
4c844ad892548aa3024f6fbd7cb7211f,shipped,2017-11-12 17:27:39,2017-12-01,,OUTCOME_UNOBSERVED_BY_DATASET_END
e55fa3385fa77f6be6a0041c5daf2fb6,unavailable,2018-08-01 03:54:30,2018-08-08,,NOT_APPLICABLE_TERMINAL_NON_DELIVERY
3cd41dc7c9fceb7de4fb0e9983a4b1ed,unavailable,2017-10-10 23:49:13,2017-10-23,,NOT_APPLICABLE_TERMINAL_NON_DELIVERY
d1cc6390ec948b6e8d38ebddd2996d18,shipped,2017-05-08 00:45:17,2017-05-31,,OUTCOME_UNOBSERVED_BY_DATASET_END
610d01be21a4553d8ae1b2c4000c2703,shipped,2018-08-04 22:38:40,2018-08-13,,OUTCOME_UNOBSERVED_BY_DATASET_END
0e09e160c7532013444616096bc75f89,invoiced,2018-04-18 17:12:24,2018-05-04,,OUTCOME_UNOBSERVED_BY_DATASET_END
cd3f1c4c9d4aaf1ea8940fbb22adced5,shipped,2017-05-19 11:30:48,2017-06-14,,OUTCOME_UNOBSERVED_BY_DATASET_END
ab6d84885a2b1513ec4035973c08460f,canceled,2018-08-04 10:54:42,2018-08-13,,NOT_APPLICABLE_TERMINAL_NON_DELIVERY
7c544ec2abdd2f2470ffdaf4215d8706,shipped,2017-04-17 00:56:11,2017-05-12,,OUTCOME_UNOBSERVED_BY_DATASET_END
9be4a7082d59a1dd26f0eb214e39f767,shipped,2017-06-13 15:37:50,2017-07-26,,OUTCOME_UNOBSERVED_BY_DATASET_END
f2d45d510df2224a3cac856602af7486,shipped,2018-08-13 20:48:30,2018-08-27,,OUTCOME_UNOBSERVED_BY_DATASET_END
1612081119e8f23745698ad3367cc14b,unavailable,2016-10-05 18:06:48,2016-11-17,,NOT_APPLICABLE_TERMINAL_NON_DELIVERY
1fda9a8d1632a5964c43fb8e64dbe3e3,unavailable,2017-11-07 19:54:22,2017-11-24,,NOT_APPLICABLE_TERMINAL_NON_DELIVERY
24f07a52ca6b749c618b46ddb2e94b8a,canceled,2018-01-30 09:39:05,2018-02-21,,NOT_APPLICABLE_TERMINAL_NON_DELIVERY
f38a6dc0f541c9dff3f0c72009f2976d,shipped,2018-08-17 00:07:40,2018-08-23,,OUTCOME_UNOBSERVED_BY_DATASET_END
a3ed0979ab701d548275a0f5c844c635,canceled,2018-03-05 14:37:03,2018-03-15,,NOT_APPLICABLE_TERMINAL_NON_DELIVERY
ab46182a322cb6dc83f4138d4e5cd73f,unavailable,2017-11-24 19:49:07,2017-12-08,,NOT_APPLICABLE_TERMINAL_NON_DELIVERY
6b34bb840d9211dc1a1f94e049a79de4,shipped,2018-03-04 11:52:08,2018-03-27,,OUTCOME_UNOBSERVED_BY_DATASET_END
0d2c1a413f6aa3a36b8bb940b028f930,unavailable,2017-11-23 11:14:30,2017-12-14,,NOT_APPLICABLE_TERMINAL_NON_DELIVERY
f4366d9980e6fb925d2ed9a63d8a6e2c,canceled,2017-03-10 13:52:02,2017-03-31,,NOT_APPLICABLE_TERMINAL_NON_DELIVERY
77b8e495f75bbdf52e3a29bc46188eef,unavailable,2017-10-12 17:32:55,2017-11-03,,NOT_APPLICABLE_TERMINAL_NON_DELIVERY
3a3aed58b078ba2d2105cd76ce7a76d7,canceled,2017-05-25 16:12:51,2017-06-16,,NOT_APPLICABLE_TERMINAL_NON_DELIVERY
a0e2544c7da875c21ffe5c1f59a0fc0e,shipped,2018-01-12 20:39:18,2018-02-05,,OUTCOME_UNOBSERVED_BY_DATASET_END
403d9938537f6a0538d6860e3e7bc7fa,shipped,2018-02-11 20:49:10,2018-03-05,,OUTCOME_UNOBSERVED_BY_DATASET_END
6e98de3a85c84ead6689189b825d35b5,canceled,2018-03-15 10:07:02,2018-04-09,,NOT_APPLICABLE_TERMINAL_NON_DELIVERY
53ee943d0767c9dc3922938b2550ab26,canceled,2017-09-10 16:41:44,2017-09-27,,NOT_APPLICABLE_TERMINAL_NON_DELIVERY
80fd1b0b81771253d43532f41d575d39,canceled,2017-10-29 18:02:37,2017-11-28,,NOT_APPLICABLE_TERMINAL_NON_DELIVERY
82833fb7278ad2602271d0c880c028d6,shipped,2018-01-15 22:22:17,2018-02-15,,OUTCOME_UNOBSERVED_BY_DATASET_END
0fb9645c128ac84788798f0129496ca7,canceled,2018-08-21 10:15:51,2018-09-04,,NOT_APPLICABLE_TERMINAL_NON_DELIVERY
607c1c3f926d9435d428d7aa7d52a1ed,unavailable,2018-02-13 21:40:28,2018-03-01,,NOT_APPLICABLE_TERMINAL_NON_DELIVERY
22cee08cd372f903b380852fdf75a1eb,shipped,2018-03-19 16:35:43,2018-04-25,,OUTCOME_UNOBSERVED_BY_DATASET_END
3dcd6dc6516ed823141649f1fee54303,shipped,2017-05-31 13:19:06,2017-06-29,,OUTCOME_UNOBSERVED_BY_DATASET_END
37def1f304d4a5cfd597d66b3a778e9e,shipped,2017-11-11 17:22:09,2017-12-05,,OUTCOME_UNOBSERVED_BY_DATASET_END
5d052bba15113c0ee4700d9916844605,invoiced,2018-07-16 10:15:36,2018-07-31,,OUTCOME_UNOBSERVED_BY_DATASET_END
b90cc9e10252911c2092a1e49794aa13,unavailable,2018-02-07 11:42:41,2018-02-23,,NOT_APPLICABLE_TERMINAL_NON_DELIVERY
0ed61f5ab3280ff43b157a6e91942538,canceled,2017-03-29 19:56:47,2017-05-12,,NOT_APPLICABLE_TERMINAL_NON_DELIVERY
6081e66cc1fc92a9f303a8f878f5be36,processing,2017-03-02 01:33:22,2017-03-22,,OUTCOME_UNOBSERVED_BY_DATASET_END
2d3ea45912e1469b558f6235da4d1689,shipped,2017-08-28 16:05:03,2017-09-08,,OUTCOME_UNOBSERVED_BY_DATASET_END
86c8fd057d184ed3d5059a43d58ff5db,processing,2017-10-11 19:51:04,2017-11-07,,OUTCOME_UNOBSERVED_BY_DATASET_END
86f54473ab658e573e101bb266ced50e,processing,2018-01-05 13:58:41,2018-02-06,,OUTCOME_UNOBSERVED_BY_DATASET_END
8d91588bf6ce83db4198f80c56776af6,processing,2017-03-04 11:07:35,2017-03-27,,OUTCOME_UNOBSERVED_BY_DATASET_END
e6219e023ffb572358be0c275a2cdba0,shipped,2017-06-25 18:05:48,2017-07-24,,OUTCOME_UNOBSERVED_BY_DATASET_END
43bd50a07cc1758b29b32804f1a6d552,processing,2017-09-21 10:50:01,2017-10-17,,OUTCOME_UNOBSERVED_BY_DATASET_END
33f11b444d480cee508b54f3cf17b079,unavailable,2018-03-02 16:48:27,2018-03-22,,NOT_APPLICABLE_TERMINAL_NON_DELIVERY
974f9f87a3bad01b2ac72fe987505e9b,unavailable,2017-06-09 20:25:03,2017-08-01,,NOT_APPLICABLE_TERMINAL_NON_DELIVERY
8ab4ca9525e1f61c67972a13885d3b96,unavailable,2017-05-09 15:29:35,2017-06-06,,NOT_APPLICABLE_TERMINAL_NON_DELIVERY
675b0980a1c53e959dc721b6e608997f,unavailable,2017-08-16 21:54:45,2017-09-12,,NOT_APPLICABLE_TERMINAL_NON_DELIVERY
fdbbb1715d0c62c714e2a8178b95dd54,canceled,2018-05-20 21:30:58,2018-05-29,,NOT_APPLICABLE_TERMINAL_NON_DELIVERY
33c5dbe43ca27f9986dd3c0f02b94286,invoiced,2018-03-06 00:58:52,2018-03-26,,OUTCOME_UNOBSERVED_BY_DATASET_END
ed2f80d07bcb176e6097b0a730d3d53d,shipped,2017-04-25 13:17:36,2017-05-25,,OUTCOME_UNOBSERVED_BY_DATASET_END
436b06a1d206f46ff8bcf05997df34e0,shipped,2017-02-15 11:11:16,2017-03-16,,OUTCOME_UNOBSERVED_BY_DATASET_END
6d3130927406da969ab807821a93a65d,unavailable,2017-02-11 21:39:55,2017-03-10,,NOT_APPLICABLE_TERMINAL_NON_DELIVERY
defe6c6f7875ec5d8409143a3d850eaa,invoiced,2017-09-25 11:11:34,2017-10-24,,OUTCOME_UNOBSERVED_BY_DATASET_END
1046c724dec8bc31545703d07c378073,canceled,2018-07-14 10:27:55,2018-07-30,,NOT_APPLICABLE_TERMINAL_NON_DELIVERY
4d7ca3591e5dc730ad4e00085ebe11c6,invoiced,2018-04-24 20:40:44,2018-05-08,,OUTCOME_UNOBSERVED_BY_DATASET_END
4ce5e2d15628c2277ca6ed81ee60f9de,unavailable,2017-07-10 00:18:31,2017-08-03,,NOT_APPLICABLE_TERMINAL_NON_DELIVERY
61f09a5c165d4739d93255570e4ca385,invoiced,2017-08-21 21:25:31,2017-09-18,,OUTCOME_UNOBSERVED_BY_DATASET_END
f2276aedc1503afbb1927eeaeae27a7b,shipped,2018-07-25 21:34:44,2018-08-10,,OUTCOME_UNOBSERVED_BY_DATASET_END
5651d145b842e1a67239f35b7c6ceb18,processing,2017-12-23 15:20:23,2018-02-01,,OUTCOME_UNOBSERVED_BY_DATASET_END
e4c35e0087c99d3416b1d90566f28e3f,shipped,2018-05-02 13:25:06,2018-05-22,,OUTCOME_UNOBSERVED_BY_DATASET_END
49c5132b03e35ffa18fdca050d1f8e33,unavailable,2017-10-30 23:52:49,2017-11-16,,NOT_APPLICABLE_TERMINAL_NON_DELIVERY
d3595dfd1c2d8bdbfd8d2f3bb98a5cc5,shipped,2017-03-13 21:07:39,2017-03-30,,OUTCOME_UNOBSERVED_BY_DATASET_END
34d3825176b5e4ae141843ed4e313c7d,processing,2017-09-28 12:02:45,2017-10-31,,OUTCOME_UNOBSERVED_BY_DATASET_END
bf3b217e5505e5e9d746120dbb93b562,shipped,2017-08-24 07:15:30,2017-09-18,,OUTCOME_UNOBSERVED_BY_DATASET_END
60856ac7677a70cd87ad25d9b34d051b,invoiced,2016-10-06 14:36:59,2016-11-28,,OUTCOME_UNOBSERVED_BY_DATASET_END
3f6509ff22303ff04b9bf1b2c8bf69c6,canceled,2018-08-13 19:21:19,2018-08-17,,NOT_APPLICABLE_TERMINAL_NON_DELIVERY
e8d766b30a09fa62922aec00c6fecc85,processing,2017-01-24 21:24:34,2017-03-07,,OUTCOME_UNOBSERVED_BY_DATASET_END
59093e9d4ab91f46ff314e966e4268c1,shipped,2017-02-10 11:46:44,2017-03-14,,OUTCOME_UNOBSERVED_BY_DATASET_END
2d31315ad8289e1e63c8451715e80306,unavailable,2017-09-07 13:52:34,2017-09-26,,NOT_APPLICABLE_TERMINAL_NON_DELIVERY
cc9b441239dbd3786773a5c8724547ba,shipped,2018-03-31 16:31:09,2018-04-26,,OUTCOME_UNOBSERVED_BY_DATASET_END
1a2ea9e216498b997c8e13a9aa8313c4,processing,2017-02-27 11:18:01,2017-03-22,,OUTCOME_UNOBSERVED_BY_DATASET_END
59bef859ee544206d66d43cd4a50fac9,shipped,2018-03-16 17:26:27,2018-04-11,,OUTCOME_UNOBSERVED_BY_DATASET_END
d56ec35ab3257ad373bdbca2a1516715,shipped,2018-01-19 18:32:44,2018-02-22,,OUTCOME_UNOBSERVED_BY_DATASET_END
5f2dbe00a1732133a6809ae1af554123,unavailable,2017-02-06 08:18:30,2017-03-02,,NOT_APPLICABLE_TERMINAL_NON_DELIVERY
b7349b2c8b3b8105cb58b4c65602206e,processing,2017-08-11 10:10:03,2017-09-29,,OUTCOME_UNOBSERVED_BY_DATASET_END
56f251ca89f74d06076966d5d49b9dc6,canceled,2018-03-01 18:03:33,2018-03-23,,NOT_APPLICABLE_TERMINAL_NON_DELIVERY
2686d8e26c3f6e55f0b0914311ebc718,shipped,2018-03-02 22:44:58,2018-03-23,,OUTCOME_UNOBSERVED_BY_DATASET_END
907057c26859398070400de963028855,shipped,2017-08-21 15:01:40,2017-09-21,,OUTCOME_UNOBSERVED_BY_DATASET_END
3a0fbe8fbdae776394cd93385366a4fd,unavailable,2017-12-12 14:23:58,2018-01-08,,NOT_APPLICABLE_TERMINAL_NON_DELIVERY
cbce204b327a87445b6e6c28e0c5bfb3,unavailable,2017-09-24 09:24:52,2017-10-10,,NOT_APPLICABLE_TERMINAL_NON_DELIVERY
47864ed19d3fc241f11b3d0bc59257e3,shipped,2017-03-15 12:42:58,2017-04-10,,OUTCOME_UNOBSERVED_BY_DATASET_END
b2fc127731e4fc8f7bd2d2c1898e59ca,unavailable,2017-06-14 10:31:55,2017-07-07,,NOT_APPLICABLE_TERMINAL_NON_DELIVERY
7634f2019b1d08e44a15dd3214c57182,shipped,2017-05-21 12:46:50,2017-06-13,,OUTCOME_UNOBSERVED_BY_DATASET_END
aa6f9a7c586c01fe6c9021341dfe1de7,shipped,2017-02-14 10:49:41,2017-03-17,,OUTCOME_UNOBSERVED_BY_DATASET_END
b68ddeb97ddf4e9a2aae5ca84590a596,shipped,2018-04-17 09:11:11,2018-05-24,,OUTCOME_UNOBSERVED_BY_DATASET_END
4ccbbab8f710965493ad65dc986dd9c2,processing,2017-12-23 16:34:25,2018-01-26,,OUTCOME_UNOBSERVED_BY_DATASET_END
d12d1afbf3c1f3356e80a5186ccfca67,shipped,2018-06-16 21:09:07,2018-07-16,,OUTCOME_UNOBSERVED_BY_DATASET_END
29b81e2d5bebb9616041efb0ebbc931d,canceled,2018-07-20 15:37:38,2018-08-02,,NOT_APPLICABLE_TERMINAL_NON_DELIVERY
d12398066a36e2022fcdbf83c458bcf2,shipped,2017-04-20 10:48:55,2017-05-12,,OUTCOME_UNOBSERVED_BY_DATASET_END
cb5ece4890234f69f2371e3179e42f73,shipped,2017-09-04 18:00:08,2017-09-26,,OUTCOME_UNOBSERVED_BY_DATASET_END
a90966534748634cbb133383bf0eee68,canceled,2018-02-01 16:49:17,2018-02-19,,NOT_APPLICABLE_TERMINAL_NON_DELIVERY
38b584be7174802377777bcd60e7a459,canceled,2017-11-02 23:12:48,2017-11-16,,NOT_APPLICABLE_TERMINAL_NON_DELIVERY
9c0e8894e1007783cb1b4922e9e46aef,shipped,2018-02-19 13:47:51,2018-03-19,,OUTCOME_UNOBSERVED_BY_DATASET_END
250eede6202cff2981de57cba5c1b08c,invoiced,2017-04-05 12:07:47,2017-05-02,,OUTCOME_UNOBSERVED_BY_DATASET_END
392ed9afd714e3c74767d0c4d3e3f477,canceled,2018-09-29 09:13:03,2018-10-15,,NOT_APPLICABLE_TERMINAL_NON_DELIVERY
cc07a8fdd3a8e94d683c8142a117dbc1,shipped,2018-01-11 17:11:11,2018-02-09,,OUTCOME_UNOBSERVED_BY_DATASET_END
ba00efda2a3a9607e8167e4802c02a16,shipped,2018-03-18 17:09:46,2018-04-11,,OUTCOME_UNOBSERVED_BY_DATASET_END
43f15e122ae8ae3eda33bf64b011c085,unavailable,2017-08-06 22:09:17,2017-08-29,,NOT_APPLICABLE_TERMINAL_NON_DELIVERY
66dbde751178d7674bd09f18b6d25006,canceled,2018-02-05 16:30:33,2018-03-12,,NOT_APPLICABLE_TERMINAL_NON_DELIVERY
ca62907242973957a5936319121c6f5f,shipped,2018-02-25 12:06:00,2018-04-23,,OUTCOME_UNOBSERVED_BY_DATASET_END
9111147b969505cb43b47663779162d0,shipped,2017-10-02 21:54:34,2017-10-25,,OUTCOME_UNOBSERVED_BY_DATASET_END
73745cfd1447d2cb71537b662d59b3b8,unavailable,2017-07-20 20:02:04,2017-08-11,,NOT_APPLICABLE_TERMINAL_NON_DELIVERY
a79ea0bbaa6e8a7b2a2a793862c418a8,invoiced,2018-03-16 22:12:33,2018-04-05,,OUTCOME_UNOBSERVED_BY_DATASET_END
20e87d0bc3b241dd3b4d34a6446d013e,canceled,2018-07-05 17:01:31,2018-08-22,,NOT_APPLICABLE_TERMINAL_NON_DELIVERY
ee987bbabed0cc87dc5354eb2b661740,canceled,2018-07-30 11:19:52,2018-08-15,,NOT_APPLICABLE_TERMINAL_NON_DELIVERY
4dd47e84e6b8ff4a63d0b8425e6d788e,unavailable,2016-10-06 23:49:18,2016-11-24,,NOT_APPLICABLE_TERMINAL_NON_DELIVERY
bf27902e7735a428c81f52189dec50e4,unavailable,2017-11-29 17:42:13,2017-12-21,,NOT_APPLICABLE_TERMINAL_NON_DELIVERY
5bca61e411c4fcce08327a8efc371911,canceled,2018-06-13 20:52:10,2018-07-11,,NOT_APPLICABLE_TERMINAL_NON_DELIVERY
20bb11438e00e6aeee1f68f34995c000,shipped,2018-03-04 15:39:33,2018-03-21,,OUTCOME_UNOBSERVED_BY_DATASET_END
e248283e6b8ba09b05efea1000d9478b,canceled,2018-03-03 19:20:13,2018-03-15,,NOT_APPLICABLE_TERMINAL_NON_DELIVERY
f1551636056618e77921de4bd2bb5e7c,invoiced,2017-02-23 10:30:45,2017-04-18,,OUTCOME_UNOBSERVED_BY_DATASET_END
edeae57fd6bee25e030ac14863a6ae0f,canceled,2018-03-27 18:28:20,2018-04-12,,NOT_APPLICABLE_TERMINAL_NON_DELIVERY
3bd3b4d482f916c2c9662b8da6f2758b,canceled,2018-08-20 15:07:42,2018-09-04,,NOT_APPLICABLE_TERMINAL_NON_DELIVERY
35481ae9f1ef5d7e8e8b79a2a84d7e42,shipped,2017-04-29 00:45:13,2017-05-29,,OUTCOME_UNOBSERVED_BY_DATASET_END
a6eaa4e9d0e172457c2f76bdd1face86,shipped,2017-11-15 18:00:59,2017-12-06,,OUTCOME_UNOBSERVED_BY_DATASET_END
791d454dd290baaf30d599c6183d7489,unavailable,2017-08-15 11:17:02,2017-09-15,,NOT_APPLICABLE_TERMINAL_NON_DELIVERY
8b24b76cb8cadb97c498a77b53fa3bb6,processing,2017-11-24 22:07:03,2017-12-15,,OUTCOME_UNOBSERVED_BY_DATASET_END
d35703faec55cda0ceeb4f50a4d584ae,canceled,2018-07-16 22:08:56,2018-07-30,,NOT_APPLICABLE_TERMINAL_NON_DELIVERY
d8bd004470081a1d36e3fc745cd96951,canceled,2017-05-30 10:54:45,2017-06-20,,NOT_APPLICABLE_TERMINAL_NON_DELIVERY
ea3d171a91e27a6f523ad45abb5dcf20,shipped,2018-04-11 19:12:03,2018-05-03,,OUTCOME_UNOBSERVED_BY_DATASET_END
1b9c491d2bd15c21c2e2cfdda8769335,processing,2017-10-17 16:35:33,2017-11-14,,OUTCOME_UNOBSERVED_BY_DATASET_END
36cde427894b4797db8316e92b8e58f2,unavailable,2017-03-23 21:53:52,2017-04-11,,NOT_APPLICABLE_TERMINAL_NON_DELIVERY
41262f14e0abde70b2d3683fe4b257d6,canceled,2018-06-26 18:51:52,2018-07-20,,NOT_APPLICABLE_TERMINAL_NON_DELIVERY
529aada4497d124d483d26ebb8ae9606,shipped,2017-11-15 18:16:13,2017-12-12,,OUTCOME_UNOBSERVED_BY_DATASET_END
0d5a676d302e3fd20182bd158cde4371,canceled,2017-11-29 00:05:15,2017-12-13,,NOT_APPLICABLE_TERMINAL_NON_DELIVERY
0b8558ffb8ef05e5abef8d7bf4a95884,shipped,2018-02-19 18:36:01,2018-03-09,,OUTCOME_UNOBSERVED_BY_DATASET_END
aa7c3f20fab2d3cb0f76ab5165e47618,canceled,2018-02-15 11:40:45,2018-03-09,,NOT_APPLICABLE_TERMINAL_NON_DELIVERY
a6ade711f329afba041f4c8cfa9ec963,shipped,2018-07-23 23:58:12,2018-08-10,,OUTCOME_UNOBSERVED_BY_DATASET_END
00ff0cf5583758e6964723e42f111bf4,canceled,2017-04-10 00:45:56,2017-05-04,,NOT_APPLICABLE_TERMINAL_NON_DELIVERY
9a4ae4d5c3a3dabdf42e5d7ec4203ed2,processing,2017-01-23 02:54:13,2017-03-06,,OUTCOME_UNOBSERVED_BY_DATASET_END
9662b2b232add4b9dca5f9f755680cbd,processing,2018-01-04 00:30:21,2018-01-29,,OUTCOME_UNOBSERVED_BY_DATASET_END
b7fa03eeccba341d5ab0dc86bfb1b08c,unavailable,2018-07-28 18:42:13,2018-08-03,,NOT_APPLICABLE_TERMINAL_NON_DELIVERY
1118f05e23d1a8082fa47f8a377de658,canceled,2018-08-07 15:05:23,2018-08-13,,NOT_APPLICABLE_TERMINAL_NON_DELIVERY
a8f7a1d76c02dc4a7c5177aee8c2b02c,shipped,2017-01-29 10:02:37,2017-03-17,,OUTCOME_UNOBSERVED_BY_DATASET_END
16fe5fdb7f5aa0c9e841387dfec29821,processing,2017-01-25 10:11:38,2017-03-06,,OUTCOME_UNOBSERVED_BY_DATASET_END
ef5c29cd9f6ba37c0363b4d739709b70,processing,2017-07-29 18:56:11,2017-08-25,,OUTCOME_UNOBSERVED_BY_DATASET_END
1a15c3f0d977e18e8a0d47ea1a9ffbbf,shipped,2017-06-26 00:22:23,2017-07-07,,OUTCOME_UNOBSERVED_BY_DATASET_END
78e56715d38f43fe67193581b89e616c,shipped,2018-07-09 12:45:09,2018-08-03,,OUTCOME_UNOBSERVED_BY_DATASET_END
6ceb24a53abed9d619d077dc285fffb8,shipped,2017-04-15 13:36:56,2017-05-24,,OUTCOME_UNOBSERVED_BY_DATASET_END
335f8f913a1d29120e07b6bb9847d73c,unavailable,2018-05-12 15:28:13,2018-05-22,,NOT_APPLICABLE_TERMINAL_NON_DELIVERY
441c901e2503e4802ab098944bf13df6,shipped,2018-01-04 12:38:02,2018-02-02,,OUTCOME_UNOBSERVED_BY_DATASET_END
d859b40b1d9bb3cdd347358688bc3272,unavailable,2017-10-10 12:55:03,2017-11-08,,NOT_APPLICABLE_TERMINAL_NON_DELIVERY
03df18ab5ba4464030b07f49dc6d206e,shipped,2017-05-25 09:10:21,2017-06-26,,OUTCOME_UNOBSERVED_BY_DATASET_END
4ed4fa202c468c14366fbf603c8698fd,canceled,2018-07-29 00:04:04,2018-08-22,,NOT_APPLICABLE_TERMINAL_NON_DELIVERY
34add8976995eea31cf36aa691b32773,shipped,2018-04-09 21:30:41,2018-04-19,,OUTCOME_UNOBSERVED_BY_DATASET_END
c689c936050f0c8fa39e46f97d99a633,processing,2017-05-06 10:06:11,2017-05-29,,OUTCOME_UNOBSERVED_BY_DATASET_END
8e572fc4edc8dafc89bb18bf812916e6,canceled,2018-01-26 17:26:33,2018-03-02,,NOT_APPLICABLE_TERMINAL_NON_DELIVERY
e5882de2409ffb5a26782367e95b91ba,unavailable,2017-06-30 13:26:22,2017-08-08,,NOT_APPLICABLE_TERMINAL_NON_DELIVERY
3c8702d3b056de079d6cdd6ee1ffeb55,unavailable,2017-02-22 12:31:15,2017-03-21,,NOT_APPLICABLE_TERMINAL_NON_DELIVERY
52ffca67c47f7bc4350f82b1d2c20dec,canceled,2017-11-26 18:42:08,2017-12-20,,NOT_APPLICABLE_TERMINAL_NON_DELIVERY
7cd5af34e77c36b52c7af3c605135722,shipped,2017-06-12 11:47:05,2017-07-05,,OUTCOME_UNOBSERVED_BY_DATASET_END
31b91033dcb0502e616f40ced16dccc6,unavailable,2017-07-17 09:38:11,2017-08-21,,NOT_APPLICABLE_TERMINAL_NON_DELIVERY
55aa287c6ca17e8c3262b9ef1e12fac6,unavailable,2017-03-04 12:15:08,2017-03-27,,NOT_APPLICABLE_TERMINAL_NON_DELIVERY
053245dc8f6f668c40923c3aedcd384e,shipped,2017-06-06 19:09:17,2017-07-17,,OUTCOME_UNOBSERVED_BY_DATASET_END
4c8e63c1d25a7a7647782967c60a0677,shipped,2017-08-25 16:17:02,2017-09-19,,OUTCOME_UNOBSERVED_BY_DATASET_END
adf5a3d223336c6b7965f3027bb7ddc2,unavailable,2017-11-13 20:54:32,2017-12-06,,NOT_APPLICABLE_TERMINAL_NON_DELIVERY
feacbb2f31e0c7fcaa4ba9c35d879347,shipped,2017-12-14 09:13:33,2018-01-11,,OUTCOME_UNOBSERVED_BY_DATASET_END
16e27874a42f09b20f86847e6f976126,shipped,2017-07-02 15:53:47,2017-07-27,,OUTCOME_UNOBSERVED_BY_DATASET_END
5123fb3580d7dd11bfd9c25321e43ed5,invoiced,2017-06-13 15:24:53,2017-07-11,,OUTCOME_UNOBSERVED_BY_DATASET_END
132f21680dc8ddaecc8b954cefc515b9,invoiced,2018-01-07 16:19:04,2018-01-24,,OUTCOME_UNOBSERVED_BY_DATASET_END
debae70295ed78cb6084b1f999e60724,invoiced,2017-11-17 10:24:45,2017-12-07,,OUTCOME_UNOBSERVED_BY_DATASET_END
834550696228970ef03d30419db216e1,unavailable,2017-10-29 19:19:56,2017-12-04,,NOT_APPLICABLE_TERMINAL_NON_DELIVERY
bfb8512783ccd2271d2e96d3b856bf2b,invoiced,2017-09-16 12:37:51,2017-10-06,,OUTCOME_UNOBSERVED_BY_DATASET_END
29446d5a7212cd18dec57e1ba28c2dee,shipped,2018-08-02 20:17:15,2018-08-21,,OUTCOME_UNOBSERVED_BY_DATASET_END
cd1c9899cfb848c241d0b93fdfc10df9,processing,2017-09-20 01:23:46,2017-10-11,,OUTCOME_UNOBSERVED_BY_DATASET_END
b93ffbad842670470ec41f35a317ee65,unavailable,2017-02-08 22:47:10,2017-03-07,,NOT_APPLICABLE_TERMINAL_NON_DELIVERY
453cabc3a3d6d0d80bd08d9eefb6a607,unavailable,2017-12-06 19:47:40,2018-01-04,,NOT_APPLICABLE_TERMINAL_NON_DELIVERY
58d9d5cd92518cf1b61072e5edfd768d,shipped,2018-08-12 12:13:28,2018-08-24,,OUTCOME_UNOBSERVED_BY_DATASET_END
59fecfd658937396ab6180c0b9a99a89,shipped,2017-12-15 14:25:41,2018-01-10,,OUTCOME_UNOBSERVED_BY_DATASET_END
e652cdad31d24dcb467a5353d5583ad0,shipped,2018-04-10 20:27:20,2018-05-15,,OUTCOME_UNOBSERVED_BY_DATASET_END
c3ccbb768cf5b9a900ca06d9031c3cf7,shipped,2017-11-22 21:10:50,2017-12-12,,OUTCOME_UNOBSERVED_BY_DATASET_END
e834a6d9d3cea0c687c250fc654a0232,canceled,2018-04-25 16:48:12,2018-05-14,,NOT_APPLICABLE_TERMINAL_NON_DELIVERY
e7dfe42bb50a6acce37e168e44260a51,canceled,2018-02-14 01:59:02,2018-03-09,,NOT_APPLICABLE_TERMINAL_NON_DELIVERY
49bf06962eeb0701f8757f0a7d6d74d1,shipped,2017-02-20 09:42:29,2017-04-06,,OUTCOME_UNOBSERVED_BY_DATASET_END
4608a27e9e60c05b054631def491e7af,canceled,2018-08-28 08:10:22,2018-09-12,,NOT_APPLICABLE_TERMINAL_NON_DELIVERY
ca0ff2301c311da1ee20374b77aa4b2b,shipped,2018-01-08 14:08:34,2018-02-09,,OUTCOME_UNOBSERVED_BY_DATASET_END
988f7742af86089855baaff514b6e4e0,shipped,2018-07-07 18:35:05,2018-07-25,,OUTCOME_UNOBSERVED_BY_DATASET_END
8ad1b8de29d062bae836bc7d2cedc391,canceled,2017-05-14 00:32:26,2017-06-01,,NOT_APPLICABLE_TERMINAL_NON_DELIVERY
f889a5a0b44adc29c5465b99395ac3c1,unavailable,2017-07-07 21:17:36,2017-07-27,,NOT_APPLICABLE_TERMINAL_NON_DELIVERY
490291524fddde2b31c2e6bec3d9e6da,canceled,2017-04-14 22:40:54,2017-05-23,,NOT_APPLICABLE_TERMINAL_NON_DELIVERY
81997644995458a01126899a96832353,unavailable,2018-02-26 16:58:27,2018-03-28,,NOT_APPLICABLE_TERMINAL_NON_DELIVERY
afb61112fb99b07fe17e591c68c0c84c,canceled,2018-09-06 10:48:12,2018-09-19,,NOT_APPLICABLE_TERMINAL_NON_DELIVERY
27667a063cb59b5d987a5a71c192cce5,canceled,2018-08-27 19:54:54,2018-09-06,,NOT_APPLICABLE_TERMINAL_NON_DELIVERY
f4adf4d0dfbaeeb40ae1c14e893994f4,processing,2017-11-25 15:23:14,2017-12-27,,OUTCOME_UNOBSERVED_BY_DATASET_END
6e9bbc421e8150b4a3ef1ed1723e1f05,shipped,2018-01-13 13:01:19,2018-02-15,,OUTCOME_UNOBSERVED_BY_DATASET_END
e9ce8d3f379bf3d70e4af85174e1841f,shipped,2017-07-29 14:44:04,2017-08-24,,OUTCOME_UNOBSERVED_BY_DATASET_END
2f763c623e85177077b5a4ee2d3cced5,canceled,2017-05-17 15:46:06,2017-06-08,,NOT_APPLICABLE_TERMINAL_NON_DELIVERY
8622c6f995fbf5c21668a447e212681e,shipped,2018-03-03 01:29:37,2018-04-06,,OUTCOME_UNOBSERVED_BY_DATASET_END
e5215415bb6f76fe3b7cb68103a0d1c0,canceled,2016-10-22 08:25:27,2016-10-24,,NOT_APPLICABLE_TERMINAL_NON_DELIVERY
315da0cfbc485bb00c12a581077cf7b2,invoiced,2017-01-26 22:52:01,2017-03-10,,OUTCOME_UNOBSERVED_BY_DATASET_END
3324e0b9570581be76b4559b10df4aba,shipped,2017-02-15 21:50:37,2017-03-16,,OUTCOME_UNOBSERVED_BY_DATASET_END
9f4f60c24b20845efd8d6b863b571d20,canceled,2017-03-04 16:23:16,2017-03-20,,NOT_APPLICABLE_TERMINAL_NON_DELIVERY
4303e19c21cd7274481e8e5bdba9bda0,processing,2018-01-11 22:06:59,2018-02-07,,OUTCOME_UNOBSERVED_BY_DATASET_END
32eb0f90dda75dfccbc4db176c3e3cc1,shipped,2018-05-22 10:13:36,2018-06-07,,OUTCOME_UNOBSERVED_BY_DATASET_END
f88685f89f0fc651c3e767c64a23192c,unavailable,2017-11-24 01:49:27,2017-12-15,,NOT_APPLICABLE_TERMINAL_NON_DELIVERY
56eb381fff8db8d35134693062514084,processing,2016-10-09 12:34:53,2016-12-30,,OUTCOME_UNOBSERVED_BY_DATASET_END
ade919610216d8fcd6333ce3696449a4,canceled,2017-09-24 18:32:25,2017-10-23,,NOT_APPLICABLE_TERMINAL_NON_DELIVERY
dbbbc904081f8e928028432e2e3d7686,canceled,2016-10-06 13:24:15,2016-12-14,,NOT_APPLICABLE_TERMINAL_NON_DELIVERY
3bb82ee5c8d4849ec722da99ba1bf228,canceled,2017-11-23 13:33:14,2017-12-13,,NOT_APPLICABLE_TERMINAL_NON_DELIVERY
6b87abf6bcb0f682e0cc2809d921a778,invoiced,2017-11-18 16:03:40,2017-12-08,,OUTCOME_UNOBSERVED_BY_DATASET_END
2c0032906c603dcc21cd954828fa77d0,canceled,2018-02-06 13:44:50,2018-03-12,,NOT_APPLICABLE_TERMINAL_NON_DELIVERY
5dec867c649c22f1fb46168c96488ba7,invoiced,2017-08-30 10:13:01,2017-09-13,,OUTCOME_UNOBSERVED_BY_DATASET_END
7892239c80bff3601c4d78e1e57e6a61,shipped,2017-05-12 19:53:28,2017-06-01,,OUTCOME_UNOBSERVED_BY_DATASET_END
f53a7ea7fd8dd95811fd2035733baf9e,processing,2017-06-17 22:46:24,2017-07-14,,OUTCOME_UNOBSERVED_BY_DATASET_END
924101b6d0786a881d90fa1c8eeb6bf1,invoiced,2017-08-31 20:54:59,2017-09-22,,OUTCOME_UNOBSERVED_BY_DATASET_END
9d4369173adc91c56c54ebba6712e732,unavailable,2017-11-18 11:07:50,2017-12-07,,NOT_APPLICABLE_TERMINAL_NON_DELIVERY
466839bc7437c08a787345cd313ba3dd,invoiced,2018-01-19 15:18:41,2018-03-13,,OUTCOME_UNOBSERVED_BY_DATASET_END
1030ba5adfc9d3a5b6659ff4647081ab,processing,2017-11-20 22:03:16,2017-12-19,,OUTCOME_UNOBSERVED_BY_DATASET_END
a15be694d8267e907bfab3b785558e83,invoiced,2017-11-16 19:15:06,2017-11-29,,OUTCOME_UNOBSERVED_BY_DATASET_END
04b8c60eb3cceaecde917716daa30bde,unavailable,2017-11-27 18:35:48,2017-12-19,,NOT_APPLICABLE_TERMINAL_NON_DELIVERY
c9db1bfe07af2c4724a461a704c1ec67,canceled,2018-07-30 16:52:00,2018-08-10,,NOT_APPLICABLE_TERMINAL_NON_DELIVERY
09442375307dcece0366e86601bf99f9,shipped,2017-10-26 13:15:23,2017-11-24,,OUTCOME_UNOBSERVED_BY_DATASET_END
eee22e7ae5b24692de4cd3c784db660a,processing,2017-05-30 13:09:52,2017-07-13,,OUTCOME_UNOBSERVED_BY_DATASET_END
1ec801f67c9ddedd7232db3f8045adef,canceled,2017-05-31 08:57:32,2017-06-13,,NOT_APPLICABLE_TERMINAL_NON_DELIVERY
60903313e31779a246b126e7e895694c,processing,2017-11-28 18:55:12,2018-01-09,,OUTCOME_UNOBSERVED_BY_DATASET_END
f0cb299a9702d7db4e501895d61d2baf,invoiced,2017-06-10 22:46:28,2017-07-03,,OUTCOME_UNOBSERVED_BY_DATASET_END
4be69a31714c77604076ab0004055c6c,canceled,2018-01-31 19:30:37,2018-02-22,,NOT_APPLICABLE_TERMINAL_NON_DELIVERY
50bb0c134ee3365dd06e13da6cda15fe,unavailable,2017-12-29 16:31:58,2018-02-01,,NOT_APPLICABLE_TERMINAL_NON_DELIVERY
74e198a81e758ec637a42e8f2e856927,canceled,2018-08-18 09:27:28,2018-09-17,,NOT_APPLICABLE_TERMINAL_NON_DELIVERY
75687059537f4b53423dc1d645c6822f,shipped,2018-02-28 21:28:33,2018-03-19,,OUTCOME_UNOBSERVED_BY_DATASET_END
0a075803f6a9f73007c86d42003cc231,processing,2017-03-31 00:03:06,2017-04-28,,OUTCOME_UNOBSERVED_BY_DATASET_END
4a35349fd1d8617da52d19a95fcd95e8,shipped,2018-03-07 18:53:08,2018-03-29,,OUTCOME_UNOBSERVED_BY_DATASET_END
7ea0cd46b9a8fbf664e537374947787c,canceled,2017-07-12 18:10:14,2017-08-03,,NOT_APPLICABLE_TERMINAL_NON_DELIVERY
3f985ce98bdc814ea229189923a81f2b,shipped,2017-12-17 23:01:40,2018-01-12,,OUTCOME_UNOBSERVED_BY_DATASET_END
e66e29f65af321ea428495d66066e809,unavailable,2017-06-17 20:59:11,2017-07-19,,NOT_APPLICABLE_TERMINAL_NON_DELIVERY
02bfe71c2bbd56f6de9c2c357adff45c,unavailable,2017-12-03 14:28:40,2017-12-27,,NOT_APPLICABLE_TERMINAL_NON_DELIVERY
728ea734fefecc42ab07da89fa894f31,processing,2017-08-15 19:58:40,2017-08-31,,OUTCOME_UNOBSERVED_BY_DATASET_END
9c4aacf06d8fee894180123720425a6e,canceled,2018-02-13 21:48:17,2018-03-14,,NOT_APPLICABLE_TERMINAL_NON_DELIVERY
1edf161379e2ac13eec051cacdf6e543,shipped,2017-07-31 18:17:13,2017-09-05,,OUTCOME_UNOBSERVED_BY_DATASET_END
47b3fc542306133e109f00371870c632,shipped,2017-07-12 22:05:52,2017-08-01,,OUTCOME_UNOBSERVED_BY_DATASET_END
c6f480c91e0db6a6273aae45c6027091,shipped,2017-06-22 17:14:34,2017-07-18,,OUTCOME_UNOBSERVED_BY_DATASET_END
43c8d05a1478e794217ad3b39398022a,unavailable,2017-08-14 21:10:05,2017-08-25,,NOT_APPLICABLE_TERMINAL_NON_DELIVERY
b3154d5a5a7c0b01993f0768a1fd4b8a,unavailable,2017-07-04 18:51:24,2017-07-28,,NOT_APPLICABLE_TERMINAL_NON_DELIVERY
2fa565240e8353e7a1ad78347f8608fa,unavailable,2017-02-15 21:21:31,2017-03-14,,NOT_APPLICABLE_TERMINAL_NON_DELIVERY
cd408efeda0fdd3fe5f27134bd065001,canceled,2018-02-08 22:19:00,2018-02-22,,NOT_APPLICABLE_TERMINAL_NON_DELIVERY
35de4050331c6c644cddc86f4f2d0d64,created,2017-12-05 01:07:58,2018-01-08,,OUTCOME_UNOBSERVED_BY_DATASET_END
2463e85fc460252cacb332c69099f298,unavailable,2017-10-18 19:11:27,2017-11-09,,NOT_APPLICABLE_TERMINAL_NON_DELIVERY
aba7884f1a6e6e52b774eb7654651325,processing,2017-01-25 19:00:25,2017-03-14,,OUTCOME_UNOBSERVED_BY_DATASET_END
c549f0d88f33bfe43351b893f1fb55ac,canceled,2016-10-06 13:21:05,2016-11-16,,NOT_APPLICABLE_TERMINAL_NON_DELIVERY
69fd1a4dd8b96b9ab0dc82b95be21efd,unavailable,2018-07-31 09:55:46,2018-08-03,,NOT_APPLICABLE_TERMINAL_NON_DELIVERY
58ab05a43a2649047ae3906759cea594,canceled,2017-10-09 06:06:44,2017-11-03,,NOT_APPLICABLE_TERMINAL_NON_DELIVERY
113e41a438f06ffae6d1857e01d60c45,canceled,2017-08-10 09:31:59,2017-08-24,,NOT_APPLICABLE_TERMINAL_NON_DELIVERY
7738754cace77285b4b13ce8ea5979cb,canceled,2018-01-03 11:37:39,2018-01-30,,NOT_APPLICABLE_TERMINAL_NON_DELIVERY
f5f9b2298eb1b5126208f40190004bff,processing,2017-05-07 10:16:52,2017-05-31,,OUTCOME_UNOBSERVED_BY_DATASET_END
9c94a4ea2f7876660fa6f1b59b69c8e6,shipped,2017-03-14 19:23:22,2017-08-04,,OUTCOME_UNOBSERVED_BY_DATASET_END
dccb282b858f9b481824964de4cda528,canceled,2017-08-25 19:10:57,2017-09-20,,NOT_APPLICABLE_TERMINAL_NON_DELIVERY
dd0e00343af091774fc1399707418777,shipped,2017-03-06 19:54:12,2017-03-29,,OUTCOME_UNOBSERVED_BY_DATASET_END
aa1ae480ffdf6aefc191b45ebd4fdedb,canceled,2017-05-09 21:42:43,2017-06-02,,NOT_APPLICABLE_TERMINAL_NON_DELIVERY
21533e635256523fb56f1ce0d97439b9,shipped,2017-11-07 21:45:08,2017-11-30,,OUTCOME_UNOBSERVED_BY_DATASET_END
5630c72b3ba2ffa31746a932d8867189,shipped,2018-03-09 02:34:04,2018-04-09,,OUTCOME_UNOBSERVED_BY_DATASET_END
0e6b2d0fe443a6d38c0f6447f4eb2262,unavailable,2017-11-03 20:44:04,2017-11-28,,NOT_APPLICABLE_TERMINAL_NON_DELIVERY
9fcf3a22a927c64dc1d0c8744634bf09,shipped,2018-04-04 16:52:40,2018-05-04,,OUTCOME_UNOBSERVED_BY_DATASET_END
1decf741e38f6bb92236968ffff3b2dc,canceled,2017-07-21 12:54:47,2017-08-03,,NOT_APPLICABLE_TERMINAL_NON_DELIVERY
1e2d70a35f238a2f454d8def1d883d8b,shipped,2018-02-20 19:51:14,2018-03-21,,OUTCOME_UNOBSERVED_BY_DATASET_END
bcf08b2325d8298e5cdc24a38d460836,shipped,2017-05-31 22:14:55,2017-06-26,,OUTCOME_UNOBSERVED_BY_DATASET_END
5de59551c282b892ae9ff238fd557145,invoiced,2017-01-16 16:24:13,2017-02-24,,OUTCOME_UNOBSERVED_BY_DATASET_END
4000a14f1fc84e2943e3440a9089be35,shipped,2017-09-29 22:44:22,2017-10-24,,OUTCOME_UNOBSERVED_BY_DATASET_END
f8a0c2f75253cacddb95753652794c0f,shipped,2017-04-06 23:05:31,2017-05-10,,OUTCOME_UNOBSERVED_BY_DATASET_END
ca8276d40ebcd4e88a35f5eab3965751,shipped,2018-03-28 17:45:43,2018-04-24,,OUTCOME_UNOBSERVED_BY_DATASET_END
cece1bcff59bfbd50f678ef597d4f3be,shipped,2017-05-03 10:21:46,2017-05-26,,OUTCOME_UNOBSERVED_BY_DATASET_END
1c6fa4d79455e9a037cc62611a4b4f6a,shipped,2018-03-26 12:23:43,2018-04-18,,OUTCOME_UNOBSERVED_BY_DATASET_END
bcd03a007dcad04bc88701f563b985b7,shipped,2017-02-08 21:31:38,2017-03-17,,OUTCOME_UNOBSERVED_BY_DATASET_END
594ada7b4f3779b23f96418739414ec3,shipped,2017-04-07 23:04:53,2017-05-08,,OUTCOME_UNOBSERVED_BY_DATASET_END
f3e5a0592463640ef9fd04d79724dac9,unavailable,2018-01-14 12:21:39,2018-02-05,,NOT_APPLICABLE_TERMINAL_NON_DELIVERY
4b8a2d2dde058d83b31fa4f3d9ed88d8,shipped,2017-11-06 22:51:26,2017-11-24,,OUTCOME_UNOBSERVED_BY_DATASET_END
77afc8cdc7d93975016850b0b1b02c90,canceled,2018-08-15 22:39:11,2018-08-20,,NOT_APPLICABLE_TERMINAL_NON_DELIVERY
3cd7a167d6f4300d15a7c8816c1b29d5,canceled,2017-09-15 15:51:13,2017-10-05,,NOT_APPLICABLE_TERMINAL_NON_DELIVERY
72fa449394ed9dc9093819f93ca563af,unavailable,2017-05-26 17:19:49,2017-06-16,,NOT_APPLICABLE_TERMINAL_NON_DELIVERY
e8df0b08b2d6162f2a109f931d0774b6,unavailable,2017-10-08 11:02:21,2017-11-03,,NOT_APPLICABLE_TERMINAL_NON_DELIVERY
de71f9cb7b28e41118fb7bb28a6b1087,processing,2017-08-17 12:18:55,2017-09-14,,OUTCOME_UNOBSERVED_BY_DATASET_END
c3fd18a4aeb8e2d589b0248ce60e91b7,invoiced,2018-08-14 18:45:08,2018-08-27,,OUTCOME_UNOBSERVED_BY_DATASET_END
f3b7df7b744296234598c2e1fc83ffd4,processing,2017-04-28 07:04:04,2017-06-06,,OUTCOME_UNOBSERVED_BY_DATASET_END
6c98fa39891b33399785aeac3d7ee926,processing,2017-02-28 12:49:50,2017-03-24,,OUTCOME_UNOBSERVED_BY_DATASET_END
51b30435208f155396e7732009443833,shipped,2017-05-14 06:20:25,2017-06-02,,OUTCOME_UNOBSERVED_BY_DATASET_END
801bda1bc87e8484430a1ad75f51f128,unavailable,2017-02-06 10:21:37,2017-03-03,,NOT_APPLICABLE_TERMINAL_NON_DELIVERY
584f220e644d75e103f1e3a2f7a192cb,invoiced,2017-08-17 21:08:06,2017-09-13,,OUTCOME_UNOBSERVED_BY_DATASET_END
199e57082aefc964e7135792059718a9,shipped,2018-03-23 18:46:14,2018-04-25,,OUTCOME_UNOBSERVED_BY_DATASET_END
dd38e535112fb5094b53b1997c4eda52,canceled,2018-08-13 13:01:54,2018-08-21,,NOT_APPLICABLE_TERMINAL_NON_DELIVERY
7c48bf2308168ce82b8e622eb9dd8627,unavailable,2017-10-13 13:31:56,2017-11-09,,NOT_APPLICABLE_TERMINAL_NON_DELIVERY
f72527ae8967d32220ad8610c273e100,shipped,2018-03-05 11:05:52,2018-04-02,,OUTCOME_UNOBSERVED_BY_DATASET_END
3bce97659e11778172e62ac0b440cb6c,shipped,2018-07-25 10:20:11,2018-08-20,,OUTCOME_UNOBSERVED_BY_DATASET_END
4b66db573efbc335f72d1f88cc5c712f,shipped,2017-10-03 06:23:33,2017-11-07,,OUTCOME_UNOBSERVED_BY_DATASET_END
1f6588173be9bf635ac895276a116522,shipped,2018-02-25 15:58:54,2018-03-19,,OUTCOME_UNOBSERVED_BY_DATASET_END
d329bd974553f5e57a2f672cc82dab69,shipped,2018-04-09 16:39:46,2018-05-15,,OUTCOME_UNOBSERVED_BY_DATASET_END
83fb50047ae335655fcb980c0a2430b5,processing,2017-05-27 17:48:11,2017-06-29,,OUTCOME_UNOBSERVED_BY_DATASET_END
a9dbb42aae61c8eb9e7ead64817c9469,shipped,2017-12-22 18:18:49,2018-01-29,,OUTCOME_UNOBSERVED_BY_DATASET_END
5ca9d935dd5306bf85a2f1e263d058f1,unavailable,2018-02-06 16:31:59,2018-03-08,,NOT_APPLICABLE_TERMINAL_NON_DELIVERY
08cc8c614786867bb0a845cd117d349b,shipped,2017-08-30 21:00:01,2017-09-21,,OUTCOME_UNOBSERVED_BY_DATASET_END
c94821db10df06a6d17a8054d3a0b919,unavailable,2017-11-22 11:01:03,2017-12-18,,NOT_APPLICABLE_TERMINAL_NON_DELIVERY
29ae9ab539215f3bbec11770fc3fe299,shipped,2018-02-13 16:22:42,2018-03-13,,OUTCOME_UNOBSERVED_BY_DATASET_END
d028e9aed5cc947eca3f3ad6e3815d17,shipped,2018-03-24 07:56:52,2018-04-18,,OUTCOME_UNOBSERVED_BY_DATASET_END
5d909102ebc265d8d1dbb49204b5757a,shipped,2017-08-30 15:02:27,2017-09-22,,OUTCOME_UNOBSERVED_BY_DATASET_END
3ccf1aa4144993ddec8287ef8ee0a107,unavailable,2017-04-08 00:08:18,2017-05-10,,NOT_APPLICABLE_TERMINAL_NON_DELIVERY
552e0a8dae101e32155120202f427b71,canceled,2016-10-09 11:23:21,2016-12-12,,NOT_APPLICABLE_TERMINAL_NON_DELIVERY
74f833bf7c70ce8c3f820f725c213e1c,unavailable,2017-06-30 11:21:11,2017-08-01,,NOT_APPLICABLE_TERMINAL_NON_DELIVERY
08662c478bed0444d0515925af759547,canceled,2017-03-20 08:00:14,2017-04-17,,NOT_APPLICABLE_TERMINAL_NON_DELIVERY
fc8a4fcbc1b484046b9ff15de7c73577,processing,2017-05-19 16:14:42,2017-07-07,,OUTCOME_UNOBSERVED_BY_DATASET_END
90eaac01afdf4e531a70ad869e092c75,canceled,2018-06-05 15:15:24,2018-08-06,,NOT_APPLICABLE_TERMINAL_NON_DELIVERY
2b25bdbc985fdd953cced7c3fdf0a2fe,unavailable,2017-11-18 22:23:44,2017-12-26,,NOT_APPLICABLE_TERMINAL_NON_DELIVERY
878a0241d449fe7ea1bec1cf145b9c9b,shipped,2017-05-31 10:24:36,2017-06-23,,OUTCOME_UNOBSERVED_BY_DATASET_END
efb61fe94b0b5ebe0926dcf8228e29a4,processing,2017-07-21 20:13:39,2017-08-28,,OUTCOME_UNOBSERVED_BY_DATASET_END
7f505793416adc7c3f6f0b1d69ee7e28,shipped,2017-02-14 14:01:23,2017-03-13,,OUTCOME_UNOBSERVED_BY_DATASET_END
b44d797bd9259818b8e3655230d25879,shipped,2017-07-15 11:44:50,2017-07-28,,OUTCOME_UNOBSERVED_BY_DATASET_END
35e6a07f069c2483b3e23c5bbb94a770,shipped,2017-10-16 20:24:07,2017-10-26,,OUTCOME_UNOBSERVED_BY_DATASET_END
b817f6c3399d06c7629a445527b463dd,invoiced,2017-11-23 23:10:38,2017-12-18,,OUTCOME_UNOBSERVED_BY_DATASET_END
e9874f4e48ede77b6b9d785ac3755445,shipped,2018-03-06 18:52:52,2018-04-26,,OUTCOME_UNOBSERVED_BY_DATASET_END
dd8532619e81337caf4ddc77fb34d981,unavailable,2017-05-15 10:58:15,2017-06-02,,NOT_APPLICABLE_TERMINAL_NON_DELIVERY
8d3280c1ecf98c7dce004f7c67d67acf,invoiced,2017-05-09 08:20:16,2017-06-02,,OUTCOME_UNOBSERVED_BY_DATASET_END
ce4dab31cebede7c9e9e105a56277fa3,shipped,2017-11-27 19:51:35,2017-12-27,,OUTCOME_UNOBSERVED_BY_DATASET_END
058c781acedf69d42ac38a568ca97b05,processing,2018-05-05 21:03:55,2018-05-28,,OUTCOME_UNOBSERVED_BY_DATASET_END
59fe3d09426ad8ab2704c83289504020,shipped,2018-02-22 18:12:40,2018-03-22,,OUTCOME_UNOBSERVED_BY_DATASET_END
2ce9683175cdab7d1c95bcbb3e36f478,invoiced,2016-10-05 21:03:33,2016-11-25,,OUTCOME_UNOBSERVED_BY_DATASET_END
7a71ea3784516335d7d333ed70db7caf,shipped,2018-03-04 12:44:36,2018-04-06,,OUTCOME_UNOBSERVED_BY_DATASET_END
faa4ccbf5f173ece3de4cc37664ece62,shipped,2017-09-08 14:58:43,2017-09-25,,OUTCOME_UNOBSERVED_BY_DATASET_END
5433a0ef395e151f154279cd3fcde661,processing,2017-06-11 05:05:03,2017-07-07,,OUTCOME_UNOBSERVED_BY_DATASET_END
a2714ecbf6eeb3bb9cd7dba6dc1c5e82,canceled,2018-02-14 18:01:38,2018-03-06,,NOT_APPLICABLE_TERMINAL_NON_DELIVERY
854f8cb8dacdc3abc4cce7a7df6fcc1f,canceled,2018-02-02 09:09:27,2018-03-06,,NOT_APPLICABLE_TERMINAL_NON_DELIVERY
500f1d7b6148a81d7178121caf651e3d,invoiced,2018-01-09 20:12:56,2018-01-29,,OUTCOME_UNOBSERVED_BY_DATASET_END
2646f79bb52c439205971a6cc6d95ff5,invoiced,2018-07-14 14:00:35,2018-08-02,,OUTCOME_UNOBSERVED_BY_DATASET_END
f46a84975b5e1924b04413f4a87af6d5,processing,2017-02-26 21:03:46,2017-03-24,,OUTCOME_UNOBSERVED_BY_DATASET_END
412d792bed01aa8c9d9bbc92e8e5e1ef,shipped,2018-04-02 17:29:57,2018-05-07,,OUTCOME_UNOBSERVED_BY_DATASET_END
cadd4c5765abf658117f2cc7e2a639c2,canceled,2018-08-10 21:20:04,2018-08-24,,NOT_APPLICABLE_TERMINAL_NON_DELIVERY
e23ca832ba25d2d20b0ebacdfe401989,shipped,2018-01-24 14:17:10,2018-02-23,,OUTCOME_UNOBSERVED_BY_DATASET_END
6aefae2f6010e130e87f27ff4ed31a8d,shipped,2017-12-01 14:38:00,2017-12-28,,OUTCOME_UNOBSERVED_BY_DATASET_END
83fb83d45702e06d5d5ddbcfd0b8d2a0,processing,2018-04-30 19:08:15,2018-06-06,,OUTCOME_UNOBSERVED_BY_DATASET_END
0c2bc0e5935dcca29a9e0cc2e5236a13,canceled,2017-11-09 12:11:56,2017-12-01,,NOT_APPLICABLE_TERMINAL_NON_DELIVERY
73cc28d48ecf54949b91163a0f7d3351,shipped,2018-01-28 16:15:46,2018-03-01,,OUTCOME_UNOBSERVED_BY_DATASET_END
793c05f561c41e8fb6599c92be8d0afd,unavailable,2017-08-11 19:18:12,2017-09-13,,NOT_APPLICABLE_TERMINAL_NON_DELIVERY
770d331c84e5b214bd9dc70a10b829d0,canceled,2016-10-07 14:52:30,2016-11-29,2016-10-14 15:07:11,OUTCOME_PRESENT_STATUS_MISMATCH
f7a6a012fe2322e9fae5ad8b10385f15,shipped,2017-03-29 13:53:37,2017-04-26,,OUTCOME_UNOBSERVED_BY_DATASET_END
0689012a897b2ac50b37994d77898bc8,processing,2017-03-08 10:44:37,2017-04-05,,OUTCOME_UNOBSERVED_BY_DATASET_END
73863aca434e1d117e45109bea6f1937,canceled,2018-07-29 00:05:24,2018-08-15,,NOT_APPLICABLE_TERMINAL_NON_DELIVERY
90dea0577f835cee1385c71345f7a1d9,canceled,2017-08-30 16:05:34,2017-09-12,,NOT_APPLICABLE_TERMINAL_NON_DELIVERY
47fd73d4c6ac6514ecb8b7429d90d0f4,shipped,2018-04-10 12:23:49,2018-05-07,,OUTCOME_UNOBSERVED_BY_DATASET_END
73adddab7cd7e4f606280f98c137656a,unavailable,2017-07-11 09:23:29,2017-08-04,,NOT_APPLICABLE_TERMINAL_NON_DELIVERY
8864f53906fdae626b651c2eaa66981b,shipped,2018-05-04 22:08:40,2018-05-24,,OUTCOME_UNOBSERVED_BY_DATASET_END
19512a70f62306416782f963d55c8b26,invoiced,2017-01-12 15:05:52,2017-03-02,,OUTCOME_UNOBSERVED_BY_DATASET_END
568392c8ee5c7a3bcb175e386ae76e90,canceled,2017-08-25 00:21:59,2017-09-19,,NOT_APPLICABLE_TERMINAL_NON_DELIVERY
fe9fae71b4fa7d05f1934adc54391f8d,canceled,2018-02-15 15:28:12,2018-03-07,,NOT_APPLICABLE_TERMINAL_NON_DELIVERY
31a1a43e09fe1f26cdcb077099cadf82,unavailable,2017-09-13 14:46:37,2017-11-01,,NOT_APPLICABLE_TERMINAL_NON_DELIVERY
6efbd8421b279564f46ea058cb1f8f42,shipped,2018-01-09 13:56:29,2018-02-15,,OUTCOME_UNOBSERVED_BY_DATASET_END
e356a4ff99aaf426f6f7dc94c846f398,shipped,2018-02-03 17:55:52,2018-03-08,,OUTCOME_UNOBSERVED_BY_DATASET_END
632531ed16e28e070dea1b54fc644fd4,shipped,2018-04-11 10:46:44,2018-05-22,,OUTCOME_UNOBSERVED_BY_DATASET_END
ae101f141494b1098855d1145e80341e,shipped,2018-07-01 22:22:57,2018-07-26,,OUTCOME_UNOBSERVED_BY_DATASET_END
64c4f910545582c5d0fa5bed30292b4c,invoiced,2018-06-03 10:59:22,2018-06-28,,OUTCOME_UNOBSERVED_BY_DATASET_END
61533cd20b6e0d2b003a57dd6b78fddb,invoiced,2017-12-14 18:53:55,2018-01-16,,OUTCOME_UNOBSERVED_BY_DATASET_END
e005be792ff63719b707213974186c8d,invoiced,2018-05-10 16:58:03,2018-05-29,,OUTCOME_UNOBSERVED_BY_DATASET_END
d80776183a62be9d9a9eb2dd9b8e92bb,invoiced,2018-04-14 12:13:29,2018-05-15,,OUTCOME_UNOBSERVED_BY_DATASET_END
e731304a0fda25d2138155bbfe558bd7,unavailable,2017-11-28 19:00:04,2017-12-18,,NOT_APPLICABLE_TERMINAL_NON_DELIVERY
db0335818a0e49d9d5bbe1ce0a99310e,canceled,2017-11-15 07:45:44,2017-11-30,,NOT_APPLICABLE_TERMINAL_NON_DELIVERY
4a500df6bccc8012825a767ea8d04a28,processing,2017-10-11 23:22:26,2017-10-31,,OUTCOME_UNOBSERVED_BY_DATASET_END
90ab3e7d52544ec7bc3363c82689965f,created,2017-11-06 13:12:34,2017-12-01,,OUTCOME_UNOBSERVED_BY_DATASET_END
a14c872deca4d99bf8414d3dfb72bc34,shipped,2018-04-06 15:01:45,2018-05-15,,OUTCOME_UNOBSERVED_BY_DATASET_END
4b5bd8e6ef37808d82dab7b2a81b18d4,shipped,2017-10-02 18:47:29,2017-10-24,,OUTCOME_UNOBSERVED_BY_DATASET_END
463270aee6f932c94319683e66e7e59d,unavailable,2018-04-17 19:40:26,2018-05-14,,NOT_APPLICABLE_TERMINAL_NON_DELIVERY
442a41b00a8a8bda35511fdf1eb65cc5,invoiced,2018-07-11 22:27:32,2018-07-20,,OUTCOME_UNOBSERVED_BY_DATASET_END
ce2d26887805bd860b4ed0368e29ae95,shipped,2017-07-23 16:56:53,2017-08-17,,OUTCOME_UNOBSERVED_BY_DATASET_END
660aaf581bff579657fa00152ba11a7a,shipped,2018-04-15 18:09:08,2018-05-07,,OUTCOME_UNOBSERVED_BY_DATASET_END
dc72db753eb60af9ec0bf9afaf60f36d,shipped,2018-04-10 18:54:26,2018-05-08,,OUTCOME_UNOBSERVED_BY_DATASET_END
0a6b7c79b8c67dedc51f2dea7b4e1e59,unavailable,2018-01-13 13:27:33,2018-02-21,,NOT_APPLICABLE_TERMINAL_NON_DELIVERY
b6777988359768bf8f2390aa6d072be4,unavailable,2017-10-30 14:07:30,2017-11-23,,NOT_APPLICABLE_TERMINAL_NON_DELIVERY
e20f1823b7c3cea563148b3d9864132f,canceled,2017-05-16 22:17:00,2017-06-12,,NOT_APPLICABLE_TERMINAL_NON_DELIVERY
881a5cda3b897b035971e3fcfce58aa6,canceled,2018-01-31 16:16:21,2018-03-01,,NOT_APPLICABLE_TERMINAL_NON_DELIVERY
b2e2410ac54dcb51230fd94aef5bcd2c,unavailable,2017-07-31 20:46:54,2017-08-23,,NOT_APPLICABLE_TERMINAL_NON_DELIVERY
357699224271146ddda4a57375993805,processing,2018-01-22 18:14:24,2018-02-22,,OUTCOME_UNOBSERVED_BY_DATASET_END
5b16a76486ec63a9f3e0460bebc4f63e,shipped,2018-03-23 13:06:30,2018-04-20,,OUTCOME_UNOBSERVED_BY_DATASET_END
870a3cfbe4dab0f499a636a9fdeef87d,unavailable,2017-10-08 09:22:19,2017-11-01,,NOT_APPLICABLE_TERMINAL_NON_DELIVERY
8beb59392e21af5eb9547ae1a9938d06,canceled,2016-10-08 20:17:50,2016-11-30,2016-10-19 18:47:43,OUTCOME_PRESENT_STATUS_MISMATCH
587a39d6ab7297ee16b3d5ebdaa0f776,canceled,2017-01-11 18:32:24,2017-02-21,,NOT_APPLICABLE_TERMINAL_NON_DELIVERY
7a627462a30fe10f41a14f7f84bd4171,shipped,2018-04-19 15:32:13,2018-05-15,,OUTCOME_UNOBSERVED_BY_DATASET_END
3bb2984ffaa10a2158edeb25f12d9a2d,processing,2017-08-29 09:16:06,2017-09-21,,OUTCOME_UNOBSERVED_BY_DATASET_END
9512251cbae0778ea863f6242d3e5789,canceled,2017-06-15 17:34:29,2017-07-05,,NOT_APPLICABLE_TERMINAL_NON_DELIVERY
9fe660037a9d47d9497e2b45f902d869,shipped,2017-11-02 15:28:41,2017-11-24,,OUTCOME_UNOBSERVED_BY_DATASET_END
9a10d7c2100d6cd74a5e9074cc23518f,shipped,2018-01-12 14:15:43,2018-01-31,,OUTCOME_UNOBSERVED_BY_DATASET_END
65f87722388463aa7d02023c8f5b11ab,unavailable,2017-12-05 16:00:46,2017-12-21,,NOT_APPLICABLE_TERMINAL_NON_DELIVERY
a911878b89655a6ca2a33ed01e1c8d3d,canceled,2018-03-05 09:28:19,2018-03-19,,NOT_APPLICABLE_TERMINAL_NON_DELIVERY
158986977fa0c5043a8200b6b4563979,shipped,2018-04-11 00:34:32,2018-05-09,,OUTCOME_UNOBSERVED_BY_DATASET_END
0c7561e19f14900c9c63487cc532f384,shipped,2018-04-17 23:32:12,2018-05-25,,OUTCOME_UNOBSERVED_BY_DATASET_END
0fe71fb21be89a6d57f98ae7c65d80cb,shipped,2018-03-20 10:06:38,2018-04-24,,OUTCOME_UNOBSERVED_BY_DATASET_END
cb3d8a1cca3468a5e99f78eaf49bce40,canceled,2018-07-14 00:52:45,2018-07-26,,NOT_APPLICABLE_TERMINAL_NON_DELIVERY
671ac88df4b1b29a8c7a049140189bcd,canceled,2018-06-20 20:54:17,2018-07-05,,NOT_APPLICABLE_TERMINAL_NON_DELIVERY
0cc217cdcf3d4c3aec8a027679e21f89,shipped,2018-06-13 21:57:43,2018-07-03,,OUTCOME_UNOBSERVED_BY_DATASET_END
b45e88e636c88f0aa9ba543bf538fa1d,shipped,2017-05-12 13:06:00,2017-06-06,,OUTCOME_UNOBSERVED_BY_DATASET_END
ea55dd40acfb6206bdf910b5e903ff77,unavailable,2018-01-06 01:06:13,2018-01-24,,NOT_APPLICABLE_TERMINAL_NON_DELIVERY
d430c6c36d198f044555a51a5cbd4e68,shipped,2017-07-30 16:45:22,2017-08-30,,OUTCOME_UNOBSERVED_BY_DATASET_END
f6fb9f9b74dfe24666363e2b3dcd2dd2,invoiced,2017-11-21 18:03:54,2017-12-14,,OUTCOME_UNOBSERVED_BY_DATASET_END
2f5124f516a7f5e4095ef4325d67c511,unavailable,2017-12-19 20:36:22,2018-01-16,,NOT_APPLICABLE_TERMINAL_NON_DELIVERY
c12a72f72509bcc1317ee119c5ade35b,unavailable,2017-11-28 12:03:07,2017-12-19,,NOT_APPLICABLE_TERMINAL_NON_DELIVERY
295f0c892077fab482adb25cfc37aa79,unavailable,2017-07-06 13:31:05,2017-08-07,,NOT_APPLICABLE_TERMINAL_NON_DELIVERY
c8de7faa920cdcbe41252449a3fd36c0,unavailable,2017-07-06 16:18:36,2017-07-19,,NOT_APPLICABLE_TERMINAL_NON_DELIVERY
aed488062a3d349252ffe2961e214551,canceled,2017-10-16 09:09:13,2017-11-08,,NOT_APPLICABLE_TERMINAL_NON_DELIVERY
9562a9640c9bea4e43a21cac378d8781,shipped,2017-05-06 19:58:48,2017-05-31,,OUTCOME_UNOBSERVED_BY_DATASET_END
dc103edeb857e3480e63f64cd8f7411b,processing,2017-09-23 11:23:43,2017-10-24,,OUTCOME_UNOBSERVED_BY_DATASET_END
3908d6bd42f21f56dd7cabf2797b5b0d,shipped,2018-07-22 23:45:00,2018-08-09,,OUTCOME_UNOBSERVED_BY_DATASET_END
0cb3c0cb279f04b99a10ac141fa8586f,unavailable,2017-03-06 13:20:19,2017-03-27,,NOT_APPLICABLE_TERMINAL_NON_DELIVERY
33b7a15ce8edde0ee1be98069f2f5fc7,invoiced,2017-08-31 23:17:32,2017-09-14,,OUTCOME_UNOBSERVED_BY_DATASET_END
e372925efa5e2bebc75122fe5ecf11ab,shipped,2017-11-15 14:05:12,2017-11-30,,OUTCOME_UNOBSERVED_BY_DATASET_END
0c79ffcb0fed5ff297c2a68be02f4f8c,shipped,2018-07-19 08:22:46,2018-08-14,,OUTCOME_UNOBSERVED_BY_DATASET_END
4b8e7900278770ffef6b0da3d58dff9a,canceled,2018-08-13 12:56:01,2018-08-28,,NOT_APPLICABLE_TERMINAL_NON_DELIVERY
b1c978cd633caac1ce86e36b61e8aeb3,shipped,2018-08-15 18:48:07,2018-09-06,,OUTCOME_UNOBSERVED_BY_DATASET_END
e74059734326eb12073dc5cd441fccb6,shipped,2018-06-14 09:34:08,2018-07-13,,OUTCOME_UNOBSERVED_BY_DATASET_END
9bd5312d12f48b04a460f702baff3d8c,canceled,2016-10-06 20:43:30,2016-11-16,,NOT_APPLICABLE_TERMINAL_NON_DELIVERY
3579ad4440247fd01709d8583ae2c137,shipped,2017-11-30 10:31:05,2017-12-26,,OUTCOME_UNOBSERVED_BY_DATASET_END
1cee73866d7513dbc499639d14020ce4,canceled,2017-07-24 12:52:27,2017-08-14,,NOT_APPLICABLE_TERMINAL_NON_DELIVERY
6a5743b4fba3fe11bd82fb9a759f703d,canceled,2017-10-05 11:39:07,2017-11-07,,NOT_APPLICABLE_TERMINAL_NON_DELIVERY
a190e742e89ce74773221a6d4cba6f10,canceled,2017-03-25 05:12:19,2017-05-05,,NOT_APPLICABLE_TERMINAL_NON_DELIVERY
d9bde3a634ec04252eceffc6bef25ee0,unavailable,2017-02-16 17:46:10,2017-03-21,,NOT_APPLICABLE_TERMINAL_NON_DELIVERY
8a027244dea2edca1449d9150e74eb45,shipped,2017-01-31 17:57:18,2017-03-07,,OUTCOME_UNOBSERVED_BY_DATASET_END
3c3ca08854ca922fe8e9cedfd6841c8a,unavailable,2016-10-08 12:13:38,2016-11-30,,NOT_APPLICABLE_TERMINAL_NON_DELIVERY
79617f3124fcf7a760316d99421bd30f,processing,2018-01-11 11:45:10,2018-02-06,,OUTCOME_UNOBSERVED_BY_DATASET_END
7b9993b735d04c56ac0c688400deb500,shipped,2018-08-12 14:15:40,2018-08-29,,OUTCOME_UNOBSERVED_BY_DATASET_END
10a045cdf6a5650c21e9cfeb60384c16,canceled,2018-10-17 17:30:18,2018-10-30,,NOT_APPLICABLE_TERMINAL_NON_DELIVERY
b541ddf0b037dc357b232eac15bca4a7,processing,2017-11-08 19:49:12,2017-12-08,,OUTCOME_UNOBSERVED_BY_DATASET_END
3fffdbcdd7ed6b3acdb0bdbc5c96df52,canceled,2017-10-29 16:25:52,2017-11-28,,NOT_APPLICABLE_TERMINAL_NON_DELIVERY
d7254b8b021b5a531c35571bdc25abeb,invoiced,2018-05-14 15:12:30,2018-06-06,,OUTCOME_UNOBSERVED_BY_DATASET_END
a4f71a0d584883f990018a219bb7dfb4,unavailable,2017-11-03 18:44:49,2017-11-29,,NOT_APPLICABLE_TERMINAL_NON_DELIVERY
5d897972f7c8ca3878faa6d297a0173e,shipped,2017-05-13 15:44:13,2017-06-13,,OUTCOME_UNOBSERVED_BY_DATASET_END
9203da3a0188ae9cca20e56ccbb1bb93,shipped,2018-05-02 20:25:15,2018-06-05,,OUTCOME_UNOBSERVED_BY_DATASET_END
19bf02099b31db3f2f5d1bfb4fbf49c4,unavailable,2017-11-02 14:44:50,2017-11-16,,NOT_APPLICABLE_TERMINAL_NON_DELIVERY
e0a6d364e678462da40d8eb5d9e9b219,shipped,2017-06-02 21:52:47,2017-06-16,,OUTCOME_UNOBSERVED_BY_DATASET_END
8aec3a066f732dd927ec8fef1752415b,invoiced,2017-05-11 09:45:36,2017-06-01,,OUTCOME_UNOBSERVED_BY_DATASET_END
c186f4babae2b9ffa3ecc0176980acdf,unavailable,2017-05-30 20:29:08,2017-06-22,,NOT_APPLICABLE_TERMINAL_NON_DELIVERY
dadb8dd1ec0c5e2a6e53a6e4121d7938,shipped,2017-05-10 15:42:18,2017-06-01,,OUTCOME_UNOBSERVED_BY_DATASET_END
f2e5669825f172e1d2dfa79abba36ff5,processing,2018-04-15 10:40:05,2018-05-10,,OUTCOME_UNOBSERVED_BY_DATASET_END
edb2a55c055efbb898171ec9fd840ab9,invoiced,2016-10-06 16:34:16,2016-11-28,,OUTCOME_UNOBSERVED_BY_DATASET_END
8bc9548dbe844e1bf48ac197c5609045,processing,2018-07-23 18:03:03,2018-08-13,,OUTCOME_UNOBSERVED_BY_DATASET_END
113a6eed8d2bb5da04399d939b38659a,processing,2017-12-17 01:25:39,2018-01-18,,OUTCOME_UNOBSERVED_BY_DATASET_END
9c83e5ae8ff2b5cad999c3dc6129a888,canceled,2018-03-03 09:44:30,2018-03-15,,NOT_APPLICABLE_TERMINAL_NON_DELIVERY
c35c657f8ce103ef7cf3d10978f4307c,invoiced,2017-11-10 20:27:14,2017-12-08,,OUTCOME_UNOBSERVED_BY_DATASET_END
fddbd183387b5c9bcbafbd0fe965301f,unavailable,2017-09-23 10:25:00,2017-10-18,,NOT_APPLICABLE_TERMINAL_NON_DELIVERY
6fff8d853d0647fc94776d0cfac0dc79,processing,2017-11-06 22:21:20,2017-12-04,,OUTCOME_UNOBSERVED_BY_DATASET_END
016706d732e79b49035275c048edb2c4,unavailable,2017-10-13 09:15:09,2017-11-06,,NOT_APPLICABLE_TERMINAL_NON_DELIVERY
54a8822ca8bfc9d79e1154a2e20221e0,canceled,2017-11-26 20:08:06,2017-12-14,,NOT_APPLICABLE_TERMINAL_NON_DELIVERY
6cf51ab464bdd9f7b282f5fe72391383,canceled,2018-02-27 22:43:39,2018-03-13,,NOT_APPLICABLE_TERMINAL_NON_DELIVERY
a402af38a74c44926247db438245d95c,canceled,2018-01-30 22:12:10,2018-03-06,,NOT_APPLICABLE_TERMINAL_NON_DELIVERY
ef13a698cf88c9e17ccca0261e0b9e7a,shipped,2018-08-13 15:53:04,2018-08-30,,OUTCOME_UNOBSERVED_BY_DATASET_END
0cb763300f5679bee73a0b0fdfe0a2d2,canceled,2018-08-10 18:54:48,2018-09-04,,NOT_APPLICABLE_TERMINAL_NON_DELIVERY
c525575fe2d507f74a5908acaecfff1e,shipped,2018-01-17 08:55:50,2018-02-16,,OUTCOME_UNOBSERVED_BY_DATASET_END
897073b6ffbe4399197dae539e926b1a,shipped,2018-04-25 13:21:29,2018-05-14,,OUTCOME_UNOBSERVED_BY_DATASET_END
200adc2205bc2cf8f4cdfc575012b2d0,shipped,2017-03-09 22:12:24,2017-04-17,,OUTCOME_UNOBSERVED_BY_DATASET_END
23b4d2d1a00f2773d2a15d8068b21ff2,shipped,2017-10-19 14:32:39,2017-10-31,,OUTCOME_UNOBSERVED_BY_DATASET_END
1975f98764fb254b8a154163c7cd012f,processing,2018-03-23 17:02:33,2018-04-11,,OUTCOME_UNOBSERVED_BY_DATASET_END
2f6492ebb2badd06db511b63ae7d7f55,canceled,2018-01-20 14:59:28,2018-02-20,,NOT_APPLICABLE_TERMINAL_NON_DELIVERY
4a6f0e75398881152007f6ab2d3f5159,canceled,2018-06-10 09:04:06,2018-07-03,,NOT_APPLICABLE_TERMINAL_NON_DELIVERY
9e99d6f656fcb2d4a76e9455959cf62f,invoiced,2017-09-12 08:25:21,2017-09-22,,OUTCOME_UNOBSERVED_BY_DATASET_END
10f79c7ff9fb9b8ce494bd5f0357aa8f,shipped,2018-03-18 10:44:02,2018-04-24,,OUTCOME_UNOBSERVED_BY_DATASET_END
ebf5000bc2e96a884fd7536b9d28100b,processing,2017-04-15 13:21:33,2017-05-12,,OUTCOME_UNOBSERVED_BY_DATASET_END
65fdcb432cb9cfa970e3a3817b39040d,canceled,2018-08-29 08:44:38,2018-09-13,,NOT_APPLICABLE_TERMINAL_NON_DELIVERY
63f1ad378cef16f74bb7480a3a01e3b4,shipped,2017-12-11 14:48:49,2018-01-08,,OUTCOME_UNOBSERVED_BY_DATASET_END
8e78a66489b3861f846342d4b158c8f4,invoiced,2017-10-03 19:04:04,2017-10-26,,OUTCOME_UNOBSERVED_BY_DATASET_END
b44b36e6b69be34f58753d3b56d24001,canceled,2018-08-08 14:27:00,2018-08-21,,NOT_APPLICABLE_TERMINAL_NON_DELIVERY
60f68300b4ddad4f93eed399661f2ab4,shipped,2018-05-02 21:11:39,2018-05-28,,OUTCOME_UNOBSERVED_BY_DATASET_END
2e5dc86c8c4aa663549caf5e31de840d,processing,2017-02-03 00:04:49,2017-03-31,,OUTCOME_UNOBSERVED_BY_DATASET_END
54282e97f61c23b78330c15b154c867d,shipped,2018-09-03 09:06:57,2018-09-06,,OUTCOME_UNOBSERVED_BY_DATASET_END
317fa0bbb4e4778148c67db78acaff49,shipped,2018-07-19 00:44:46,2018-08-02,,OUTCOME_UNOBSERVED_BY_DATASET_END
4cccc0d35e7c7a0dc766ad3c4043e33e,unavailable,2018-08-10 09:32:32,2018-08-15,,NOT_APPLICABLE_TERMINAL_NON_DELIVERY
19dec7b3d6fb0a5d9407f7274da21398,canceled,2017-04-17 18:22:04,2017-05-23,,NOT_APPLICABLE_TERMINAL_NON_DELIVERY
123e27a1a4d0b2481d8618ac3dff7d4e,canceled,2016-10-08 12:44:32,2016-11-18,,NOT_APPLICABLE_TERMINAL_NON_DELIVERY
908c80ba9160e9d87007015b15aada39,shipped,2017-10-23 19:56:28,2017-11-13,,OUTCOME_UNOBSERVED_BY_DATASET_END
3e8b14802154e650128119d2b60c045d,shipped,2017-08-14 10:51:24,2017-08-25,,OUTCOME_UNOBSERVED_BY_DATASET_END
7fa41d59cc693e0ed84f2668b7ebe4d7,canceled,2017-07-13 18:10:28,2017-08-10,,NOT_APPLICABLE_TERMINAL_NON_DELIVERY
c8ccac7f59cb2c602959eb4586aa9b15,shipped,2017-12-18 16:19:00,2018-01-12,,OUTCOME_UNOBSERVED_BY_DATASET_END
b5628337dad9ae1f38266f0e22fdae4a,shipped,2018-04-10 22:02:11,2018-05-09,,OUTCOME_UNOBSERVED_BY_DATASET_END
f9f19aa140c738c064cb3cb17040a30d,shipped,2018-03-08 16:11:08,2018-04-12,,OUTCOME_UNOBSERVED_BY_DATASET_END
54bb06e1ca86bd99ee2a8d6288bf4ede,unavailable,2016-10-06 13:38:39,2016-12-12,,NOT_APPLICABLE_TERMINAL_NON_DELIVERY
c052b5075e9fd0d83a3d2b183e6e0df1,canceled,2017-05-13 20:06:13,2017-05-29,,NOT_APPLICABLE_TERMINAL_NON_DELIVERY
8afe93422f74d4eb5b74349a643d94e3,shipped,2018-02-23 18:57:41,2018-03-16,,OUTCOME_UNOBSERVED_BY_DATASET_END
991dc90330a54fbf3461dec5bf8226ec,canceled,2018-08-06 23:03:09,2018-08-16,,NOT_APPLICABLE_TERMINAL_NON_DELIVERY
eb79d602c28b8782807ca17e4ba806cc,canceled,2017-10-24 20:14:53,2017-11-06,,NOT_APPLICABLE_TERMINAL_NON_DELIVERY
8e1e331cb2701fc82849ab614e8ff240,unavailable,2017-05-27 09:56:24,2017-07-03,,NOT_APPLICABLE_TERMINAL_NON_DELIVERY
dadc23575c27fa7a66ce0310807865ba,unavailable,2018-05-08 15:05:15,2018-06-04,,NOT_APPLICABLE_TERMINAL_NON_DELIVERY
f145ac5697118e7722ffbf89c0e66331,shipped,2017-12-07 22:03:26,2018-01-04,,OUTCOME_UNOBSERVED_BY_DATASET_END
b24f022765a67a60735c54402342c9e4,invoiced,2018-08-07 17:17:05,2018-08-13,,OUTCOME_UNOBSERVED_BY_DATASET_END
162b2345ef3cc0551c0a32058840a2ec,canceled,2018-07-21 17:59:37,2018-08-06,,NOT_APPLICABLE_TERMINAL_NON_DELIVERY
ab13cb6c13063f2603a94c9ddca34f66,invoiced,2018-01-16 20:18:10,2018-03-05,,OUTCOME_UNOBSERVED_BY_DATASET_END
618ab5fa2138dcabd9046d13f1294fb9,canceled,2018-07-23 09:52:09,2018-07-31,,NOT_APPLICABLE_TERMINAL_NON_DELIVERY
e0b5327e615585edf5ac1051a466172d,shipped,2018-03-14 10:38:52,2018-04-04,,OUTCOME_UNOBSERVED_BY_DATASET_END
e9b878264e94e17134221e4e9afd378b,unavailable,2018-03-09 10:42:40,2018-03-21,,NOT_APPLICABLE_TERMINAL_NON_DELIVERY
f0685863a01cc11a10508d43e2131155,canceled,2017-05-27 15:33:04,2017-06-21,,NOT_APPLICABLE_TERMINAL_NON_DELIVERY
83b0d41b8098a854e66c33ac7d1e8dcf,shipped,2017-05-29 17:20:24,2017-06-29,,OUTCOME_UNOBSERVED_BY_DATASET_END
f837f3ebff8ee27bdac13d56cb22e5be,invoiced,2017-09-21 20:02:44,2017-10-19,,OUTCOME_UNOBSERVED_BY_DATASET_END
7e6bd960caf2346257183fd4b6079a65,unavailable,2018-01-28 16:38:33,2018-02-14,,NOT_APPLICABLE_TERMINAL_NON_DELIVERY
01cb6d702e5233235f4125309d184bf4,unavailable,2017-01-31 17:48:07,2017-03-10,,NOT_APPLICABLE_TERMINAL_NON_DELIVERY
64a8b3b4c19751b51d211deb32fdc67b,canceled,2018-05-16 08:53:35,2018-05-28,,NOT_APPLICABLE_TERMINAL_NON_DELIVERY
f13d94766ba74161d06ddd6d90050ce3,shipped,2018-08-04 18:44:12,2018-08-10,,OUTCOME_UNOBSERVED_BY_DATASET_END
eb0393138e2e8b7164947608489f069e,canceled,2017-10-07 17:31:53,2017-11-07,,NOT_APPLICABLE_TERMINAL_NON_DELIVERY
d3f0a3be5f46559c2cdae8e04d7e313d,shipped,2018-07-19 00:02:29,2018-08-13,,OUTCOME_UNOBSERVED_BY_DATASET_END
7c926685c8c9410446902c46d3929d08,shipped,2018-08-03 10:47:38,2018-08-27,,OUTCOME_UNOBSERVED_BY_DATASET_END
d2da7d77b85e86faeb4bcdcf929f27fb,unavailable,2018-05-02 16:43:59,2018-05-24,,NOT_APPLICABLE_TERMINAL_NON_DELIVERY
088683f795a3d30bfd61152c4fabdfb2,shipped,2017-07-13 10:02:47,2017-08-14,,OUTCOME_UNOBSERVED_BY_DATASET_END
5933483834803a0e8e9fcd26cdb3774d,shipped,2017-01-23 22:40:22,2017-02-28,,OUTCOME_UNOBSERVED_BY_DATASET_END
65959cbdb267c29a5cb0021a367df75c,unavailable,2017-02-24 18:05:34,2017-03-21,,NOT_APPLICABLE_TERMINAL_NON_DELIVERY
48a310c40917683b0b399849b50cb76f,shipped,2017-02-24 13:50:32,2017-03-31,,OUTCOME_UNOBSERVED_BY_DATASET_END
7e6b55f6388682bf51a05d8f13c2d466,invoiced,2017-01-18 12:59:05,2017-03-02,,OUTCOME_UNOBSERVED_BY_DATASET_END
f76d5b8ea5928ea9b289b5f485e4846a,canceled,2018-05-15 13:17:14,2018-06-01,,NOT_APPLICABLE_TERMINAL_NON_DELIVERY
be3b8d058b8100d8a2539ce0b2c6ec0b,canceled,2017-07-20 14:32:34,2017-08-11,,NOT_APPLICABLE_TERMINAL_NON_DELIVERY
92a195ed387f8e7f9151eae7a7ec13f0,unavailable,2018-05-17 11:29:01,2018-06-04,,NOT_APPLICABLE_TERMINAL_NON_DELIVERY
f79644ec98219489ae16ee7aabac4ebb,canceled,2018-05-05 13:36:10,2018-05-17,,NOT_APPLICABLE_TERMINAL_NON_DELIVERY
88ca9d74d64fdf43a049ee310edcb108,shipped,2018-07-15 14:32:52,2018-08-02,,OUTCOME_UNOBSERVED_BY_DATASET_END
b37b51d9ce106d9676b4757abb719d91,shipped,2018-03-04 22:55:43,2018-03-26,,OUTCOME_UNOBSERVED_BY_DATASET_END
131c0d01eb2028569a7756743f8a6e52,shipped,2018-01-24 14:09:01,2018-03-01,,OUTCOME_UNOBSERVED_BY_DATASET_END
42a9c3a1aa0cb0f7d674566144b47d20,shipped,2018-02-28 17:29:42,2018-03-19,,OUTCOME_UNOBSERVED_BY_DATASET_END
a4d3d2773b4016fd346ced87e513885e,shipped,2017-09-29 23:32:10,2017-10-17,,OUTCOME_UNOBSERVED_BY_DATASET_END
4b03319a5a065c83d4fcc4f18f8cb257,canceled,2017-10-20 12:42:26,2017-11-08,,NOT_APPLICABLE_TERMINAL_NON_DELIVERY
31f935babbc97f5990e0ffd128e19541,unavailable,2017-11-11 11:25:27,2017-12-08,,NOT_APPLICABLE_TERMINAL_NON_DELIVERY
af4c6eae672d9b20d881b0ef961bee65,shipped,2018-01-28 14:45:34,2018-02-14,,OUTCOME_UNOBSERVED_BY_DATASET_END
22e5a47d4f228d018d568af1d5c585b9,shipped,2018-04-04 21:44:26,2018-05-07,,OUTCOME_UNOBSERVED_BY_DATASET_END
9b4a1422c8b4e65d9ab330d8d32deddf,canceled,2017-07-09 18:18:03,2017-07-28,,NOT_APPLICABLE_TERMINAL_NON_DELIVERY
190cce77a8a1f436ff7bb2e684906449,unavailable,2017-10-31 14:13:53,2017-11-22,,NOT_APPLICABLE_TERMINAL_NON_DELIVERY
e28fb6cbf050a8cde2b9af4ae94f3241,unavailable,2017-07-11 15:34:36,2017-07-31,,NOT_APPLICABLE_TERMINAL_NON_DELIVERY
73628c6d02ed8f6134d9752cd7b83c2a,unavailable,2018-02-14 11:05:31,2018-03-13,,NOT_APPLICABLE_TERMINAL_NON_DELIVERY
4493ce8729200aed0eca9d3ae8bcc57c,unavailable,2017-02-02 10:43:43,2017-03-13,,NOT_APPLICABLE_TERMINAL_NON_DELIVERY
298787a86f7ed145b210dfa7262fca2f,canceled,2018-08-02 22:10:59,2018-08-09,,NOT_APPLICABLE_TERMINAL_NON_DELIVERY
acf6090782590f9b51160416c47f4259,shipped,2017-03-18 20:16:13,2017-04-10,,OUTCOME_UNOBSERVED_BY_DATASET_END
3e23de8d32d97af718ef5d441b322ec3,shipped,2017-07-26 11:50:50,2017-08-21,,OUTCOME_UNOBSERVED_BY_DATASET_END
3821374c4cfea859896f8a3d6f2b7a5a,invoiced,2018-04-16 20:25:22,2018-05-17,,OUTCOME_UNOBSERVED_BY_DATASET_END
47cfe9af9909fdf08517478edef903ec,shipped,2017-07-01 16:48:42,2017-07-21,,OUTCOME_UNOBSERVED_BY_DATASET_END
1a3ccc1695931b2cb7a95065e0c81e4b,invoiced,2017-10-16 12:21:07,2017-11-14,,OUTCOME_UNOBSERVED_BY_DATASET_END
4188e271c401875d724b4e9ee6fe7206,unavailable,2017-12-10 14:04:04,2018-01-04,,NOT_APPLICABLE_TERMINAL_NON_DELIVERY
b9fffd14dc2869d69f441ff3c8f34bab,unavailable,2017-04-08 19:52:40,2017-05-02,,NOT_APPLICABLE_TERMINAL_NON_DELIVERY
2aee9216e013859db72c7eae0a7dadc1,shipped,2018-08-10 18:59:24,2018-08-29,,OUTCOME_UNOBSERVED_BY_DATASET_END
454a297f19c15e3f7a16c16961029402,canceled,2018-06-15 23:27:00,2018-07-12,,NOT_APPLICABLE_TERMINAL_NON_DELIVERY
a35b086d9dfac1991ee12dd08387c3df,invoiced,2017-12-08 23:08:08,2018-01-16,,OUTCOME_UNOBSERVED_BY_DATASET_END
2f9476263ce8bf1f37045cff473fc886,invoiced,2018-07-24 15:51:16,2018-08-15,,OUTCOME_UNOBSERVED_BY_DATASET_END
463848b17061688d9d9e65e07563d138,shipped,2017-11-26 21:13:31,2017-12-19,,OUTCOME_UNOBSERVED_BY_DATASET_END
f62f01ec64c6b221f926ba560907d8f7,unavailable,2017-02-14 20:55:49,2017-04-03,,NOT_APPLICABLE_TERMINAL_NON_DELIVERY
b017dafe7c59c8aaf92ab3fa1ca54d78,invoiced,2017-01-26 16:16:15,2017-03-02,,OUTCOME_UNOBSERVED_BY_DATASET_END
3b7ac17897c36edfdfc207217bae1d5d,processing,2018-01-15 16:46:24,2018-02-08,,OUTCOME_UNOBSERVED_BY_DATASET_END
70fdb98b88f9b34c5e8fce09e093c747,shipped,2017-05-29 22:00:32,2017-06-19,,OUTCOME_UNOBSERVED_BY_DATASET_END
01443cd06ea8bce82c554a46f307459f,shipped,2018-01-03 10:43:02,2018-02-01,,OUTCOME_UNOBSERVED_BY_DATASET_END
f50b6f864012d10caa8170ff1994cc54,shipped,2017-12-12 19:01:07,2018-01-09,,OUTCOME_UNOBSERVED_BY_DATASET_END
7c7476b2d50d3aebeed24b79cbc8fb3d,shipped,2017-08-13 12:10:48,2017-09-01,,OUTCOME_UNOBSERVED_BY_DATASET_END
80e3778eb13610b0026e877f2247bb73,shipped,2017-12-23 12:07:00,2018-01-22,,OUTCOME_UNOBSERVED_BY_DATASET_END
08af87fbe33eeebc7840433d94718046,shipped,2017-04-20 13:01:53,2017-05-12,,OUTCOME_UNOBSERVED_BY_DATASET_END
d54f792bf7c14878fc42ba07c5512ead,invoiced,2018-07-28 14:41:14,2018-08-20,,OUTCOME_UNOBSERVED_BY_DATASET_END
8e1d33832d930d453a3a329a0fa4c604,shipped,2018-03-22 12:47:22,2018-04-19,,OUTCOME_UNOBSERVED_BY_DATASET_END
90207c312f193fbd229671833bf08d47,processing,2017-02-01 15:21:50,2017-04-07,,OUTCOME_UNOBSERVED_BY_DATASET_END
e3db241d7377ac91f1253454bdbeafe4,shipped,2017-06-12 10:05:00,2017-06-26,,OUTCOME_UNOBSERVED_BY_DATASET_END
eb278cfbeefc0a9180876153de58d693,unavailable,2018-02-09 19:51:24,2018-03-05,,NOT_APPLICABLE_TERMINAL_NON_DELIVERY
c4013cb5a6fe10b85e1483166d5ce1dc,shipped,2018-04-27 13:49:00,2018-06-07,,OUTCOME_UNOBSERVED_BY_DATASET_END
40a81260704fba482a19cddbe37f3ca7,shipped,2018-07-18 11:15:58,2018-08-08,,OUTCOME_UNOBSERVED_BY_DATASET_END
f0eadb6ba0382197c2f94afe7d95e60e,unavailable,2017-11-24 21:03:55,2017-12-29,,NOT_APPLICABLE_TERMINAL_NON_DELIVERY
a217f4efd7ecdbcd9db88791945859cc,invoiced,2018-03-16 11:08:52,2018-04-05,,OUTCOME_UNOBSERVED_BY_DATASET_END
3f5d83fd2c551b9eeac583644c97ad09,canceled,2018-04-13 10:52:21,2018-04-25,,NOT_APPLICABLE_TERMINAL_NON_DELIVERY
bcd050a34214fa492826f945e3425650,shipped,2017-12-06 22:28:19,2018-01-03,,OUTCOME_UNOBSERVED_BY_DATASET_END
88bba3891566a6e0b16cee8135792e1b,shipped,2018-07-07 20:03:12,2018-07-31,,OUTCOME_UNOBSERVED_BY_DATASET_END
0197416059c0e56b5344bf2188066317,canceled,2018-07-26 17:20:23,2018-08-23,,NOT_APPLICABLE_TERMINAL_NON_DELIVERY
131ca8643d9f990f2ab26e3a33ec7950,canceled,2017-04-09 13:58:55,2017-05-09,,NOT_APPLICABLE_TERMINAL_NON_DELIVERY
0c87b31e37ed8557e234cec91546d4cc,invoiced,2017-11-11 13:14:53,2017-12-01,,OUTCOME_UNOBSERVED_BY_DATASET_END
7dfff541b2a848ecb18ceb83d02bfa6a,canceled,2018-03-23 13:44:28,2018-04-11,,NOT_APPLICABLE_TERMINAL_NON_DELIVERY
24c8003803586c800fe8645143192241,shipped,2018-04-06 11:32:38,2018-05-03,,OUTCOME_UNOBSERVED_BY_DATASET_END
1aba68837cfafa9cc4bba58efee87d4a,unavailable,2017-10-23 10:49:50,2017-11-22,,NOT_APPLICABLE_TERMINAL_NON_DELIVERY
1d911134e95ec6f299e80fe19b5b88c5,canceled,2018-08-05 22:27:23,2018-08-28,,NOT_APPLICABLE_TERMINAL_NON_DELIVERY
da7af77d5f98212a8c1ad0b1c552f102,canceled,2017-07-16 10:46:54,2017-08-18,,NOT_APPLICABLE_TERMINAL_NON_DELIVERY
ded456690bcb2ffd4def86541479037f,canceled,2018-08-24 06:58:50,2018-08-29,,NOT_APPLICABLE_TERMINAL_NON_DELIVERY
bea39233e56405aa80613120fa0faae9,unavailable,2017-07-04 22:27:23,2017-07-28,,NOT_APPLICABLE_TERMINAL_NON_DELIVERY
779078ac80552fa400b11c285d16e4fa,unavailable,2017-06-13 21:11:58,2017-06-28,,NOT_APPLICABLE_TERMINAL_NON_DELIVERY
058e0a8627dc25b49eae4ce6ca658cb8,canceled,2018-05-10 13:10:44,2018-05-28,,NOT_APPLICABLE_TERMINAL_NON_DELIVERY
c71e28c5a5dce4f2d223e54be0804379,shipped,2017-04-14 16:48:53,2017-05-22,,OUTCOME_UNOBSERVED_BY_DATASET_END
6e77d9428b5dec0e2557b439ea6d61df,shipped,2018-04-19 10:36:21,2018-05-15,,OUTCOME_UNOBSERVED_BY_DATASET_END
cf52c3631e531c83e5f92681b933a521,unavailable,2017-02-18 13:19:30,2017-03-31,,NOT_APPLICABLE_TERMINAL_NON_DELIVERY
0ca8aabee13c6aada48490f516f823a3,invoiced,2017-02-06 14:12:10,2017-03-27,,OUTCOME_UNOBSERVED_BY_DATASET_END
10b21177ed3e0f82c350c7f5961d1e1c,invoiced,2017-10-10 10:37:27,2017-11-14,,OUTCOME_UNOBSERVED_BY_DATASET_END
5d868f579ff25e147017e5d507314d20,processing,2017-04-07 13:43:29,2017-05-11,,OUTCOME_UNOBSERVED_BY_DATASET_END
251f7157d5e425718ae0767439991dec,shipped,2018-01-10 22:44:17,2018-01-29,,OUTCOME_UNOBSERVED_BY_DATASET_END
e5106297a2ffc7dc6e1156fdd748d382,shipped,2017-08-18 15:05:55,2017-09-18,,OUTCOME_UNOBSERVED_BY_DATASET_END
e68a0761535bd432bb847f4ae7b7b4c0,shipped,2017-11-22 17:11:13,2017-12-08,,OUTCOME_UNOBSERVED_BY_DATASET_END
055f84fd2ebf314ebec85f8e1312f4f4,processing,2018-01-13 17:32:09,2018-02-14,,OUTCOME_UNOBSERVED_BY_DATASET_END
d493b5c44e863b686314d9f5b6086c82,shipped,2017-04-10 23:47:49,2017-05-12,,OUTCOME_UNOBSERVED_BY_DATASET_END
2ff205d5135b1c7763c6561d2643df51,unavailable,2017-03-23 19:21:05,2017-04-28,,NOT_APPLICABLE_TERMINAL_NON_DELIVERY
23e95591b180a24c38bb1fb3f26023a9,invoiced,2017-11-23 18:31:13,2017-12-07,,OUTCOME_UNOBSERVED_BY_DATASET_END
63e5ce05a132aa8375fcde048ad4482a,shipped,2017-08-31 11:28:28,2017-09-19,,OUTCOME_UNOBSERVED_BY_DATASET_END
a9bd89ff808222233c9bb5567f618e3f,invoiced,2018-01-12 21:17:40,2018-02-07,,OUTCOME_UNOBSERVED_BY_DATASET_END
fc947e5f82e5354dd3d971c9dbfabf93,shipped,2018-03-13 07:36:59,2018-03-23,,OUTCOME_UNOBSERVED_BY_DATASET_END
45639343ad340a0a092f8bc8788e051e,invoiced,2017-11-01 13:36:59,2017-12-01,,OUTCOME_UNOBSERVED_BY_DATASET_END
41dd783cbf5ec4b60c957ee73e88f82c,shipped,2017-11-17 15:32:59,2017-12-14,,OUTCOME_UNOBSERVED_BY_DATASET_END
c2dd3125d2c742a487adbbd0704b4775,canceled,2017-09-16 14:24:39,2017-10-06,,NOT_APPLICABLE_TERMINAL_NON_DELIVERY
48e7f3b7aa6ee2bbdd92ab84674fe4e4,shipped,2017-12-18 15:35:53,2018-01-11,,OUTCOME_UNOBSERVED_BY_DATASET_END
e0b4e92a39bc8b93bc4ff121772819ea,canceled,2018-02-01 12:21:42,2018-02-19,,NOT_APPLICABLE_TERMINAL_NON_DELIVERY
5533f1edcb0023c063b64b627abc4024,shipped,2018-02-15 19:49:04,2018-03-15,,OUTCOME_UNOBSERVED_BY_DATASET_END
94bce2ab6f38b41d29ebbd9d755677bf,canceled,2017-07-09 15:38:45,2017-07-21,,NOT_APPLICABLE_TERMINAL_NON_DELIVERY
339e96f024a9610f63ae9e1c65af559b,shipped,2017-09-06 15:32:23,2017-09-28,,OUTCOME_UNOBSERVED_BY_DATASET_END
6ac3c585ab15fac9309ab89d0694e3f0,shipped,2018-01-02 13:00:12,2018-01-31,,OUTCOME_UNOBSERVED_BY_DATASET_END
1057bf6391c17f9b6960dd996029e1dc,canceled,2017-07-29 12:56:17,2017-08-18,,NOT_APPLICABLE_TERMINAL_NON_DELIVERY
1e5a6ddd2dbe3e6f65699e6e643dc5cf,shipped,2018-03-20 13:52:52,2018-04-13,,OUTCOME_UNOBSERVED_BY_DATASET_END
de02f1fedf59ab91765817a349261f93,shipped,2018-03-26 23:38:17,2018-04-06,,OUTCOME_UNOBSERVED_BY_DATASET_END
dbe1de9b04777a1c1bf05fd0aeebde9a,unavailable,2017-06-07 15:50:50,2017-06-28,,NOT_APPLICABLE_TERMINAL_NON_DELIVERY
d8b293a9c747dbce4a60f6c0bca37dd7,unavailable,2018-02-09 17:57:31,2018-02-23,,NOT_APPLICABLE_TERMINAL_NON_DELIVERY
3e70edc835c9b04809623f518a513d00,canceled,2017-02-22 16:10:31,2017-03-23,,NOT_APPLICABLE_TERMINAL_NON_DELIVERY
fe9aa3b22b4d65ccbaffb57984bc12fb,canceled,2017-11-14 19:30:10,2017-11-28,,NOT_APPLICABLE_TERMINAL_NON_DELIVERY
66b59bf4515765f0bcfc3e42cf2ff344,shipped,2017-12-02 19:30:00,2017-12-27,,OUTCOME_UNOBSERVED_BY_DATASET_END
98069064f6eef0a9910742e89aefd0b5,shipped,2017-06-22 14:16:52,2017-07-12,,OUTCOME_UNOBSERVED_BY_DATASET_END
04a2ba381317648726f46210a46ece95,canceled,2018-08-09 09:13:44,2018-09-06,,NOT_APPLICABLE_TERMINAL_NON_DELIVERY
76d18695761c18ab2f2a9f6f1b3ea3e5,canceled,2017-09-24 10:24:07,2017-10-18,,NOT_APPLICABLE_TERMINAL_NON_DELIVERY
7fbcbe13cc35fceecf99aa3e64d9dea1,shipped,2018-06-28 13:56:13,2018-07-18,,OUTCOME_UNOBSERVED_BY_DATASET_END
1bc46be43c32864d082f8b9677702e7c,shipped,2017-06-19 17:33:27,2017-07-19,,OUTCOME_UNOBSERVED_BY_DATASET_END
85a22eb264ad44ff56c4955a66876fed,unavailable,2017-11-20 16:10:58,2017-12-07,,NOT_APPLICABLE_TERMINAL_NON_DELIVERY
f000585cce3f9d5edce0692f7e18bfda,shipped,2017-10-04 14:14:10,2017-10-31,,OUTCOME_UNOBSERVED_BY_DATASET_END
18c89078cd21364b7ad7f4d652e0cb84,shipped,2017-10-17 17:16:34,2017-10-27,,OUTCOME_UNOBSERVED_BY_DATASET_END
30a3bac324f40459c6d1a739bc811506,unavailable,2017-10-17 08:28:00,2017-11-09,,NOT_APPLICABLE_TERMINAL_NON_DELIVERY
3257d333ee8b3f21786b6270940d1fd4,unavailable,2017-02-13 17:18:58,2017-03-14,,NOT_APPLICABLE_TERMINAL_NON_DELIVERY
e658e8dc29fc5581482829dbcc127aac,shipped,2017-09-11 22:57:29,2017-10-03,,OUTCOME_UNOBSERVED_BY_DATASET_END
ea3a810bd6c5d5c071b28fcb8e39b9e7,unavailable,2018-01-22 10:24:32,2018-02-06,,NOT_APPLICABLE_TERMINAL_NON_DELIVERY
e43508515d5e7a615643e552dc54a970,shipped,2018-03-14 09:09:21,2018-04-06,,OUTCOME_UNOBSERVED_BY_DATASET_END
96b947c986b42f213c9e6b8ccccedb89,canceled,2018-07-30 13:00:56,2018-08-22,,NOT_APPLICABLE_TERMINAL_NON_DELIVERY
8d171a848151e69e8f090fdbb50d4010,canceled,2018-02-13 14:38:55,2018-03-09,,NOT_APPLICABLE_TERMINAL_NON_DELIVERY
c60a44d6c46309c86882ffce00a0b412,unavailable,2017-02-15 11:25:14,2017-03-14,,NOT_APPLICABLE_TERMINAL_NON_DELIVERY
bc0dce0474c363f867cd5784ca5ab763,processing,2017-02-23 12:18:09,2017-05-03,,OUTCOME_UNOBSERVED_BY_DATASET_END
735458a5d288ba55c03a10cb1b2dd481,unavailable,2018-05-03 14:15:19,2018-06-01,,NOT_APPLICABLE_TERMINAL_NON_DELIVERY
36be874974d3616f9a1a763d0ac1d655,unavailable,2017-08-13 12:26:51,2017-09-01,,NOT_APPLICABLE_TERMINAL_NON_DELIVERY
d038a85c57a692238563950e532c2efe,shipped,2017-10-22 10:41:39,2017-11-16,,OUTCOME_UNOBSERVED_BY_DATASET_END
ee5379a07b9b2b02a0909b59c2bbad50,shipped,2017-11-22 11:42:36,2017-12-15,,OUTCOME_UNOBSERVED_BY_DATASET_END
80edf4eb613d62529b3d17d7b34542e7,shipped,2017-12-19 17:32:47,2018-01-17,,OUTCOME_UNOBSERVED_BY_DATASET_END
0cf8068e7b7318f0e518be23c903b9f2,invoiced,2018-08-04 13:38:30,2018-08-13,,OUTCOME_UNOBSERVED_BY_DATASET_END
ef66a4451c6f9f04d3656be7e9034f1c,processing,2018-01-01 20:40:57,2018-02-02,,OUTCOME_UNOBSERVED_BY_DATASET_END
2ca41005a3320d2092abcc6b5456c8c6,processing,2017-11-07 18:05:08,2017-11-30,,OUTCOME_UNOBSERVED_BY_DATASET_END
cbd1b65ad17e5be3c2c8dd66d0e581a2,shipped,2017-05-31 09:52:22,2017-06-26,,OUTCOME_UNOBSERVED_BY_DATASET_END
3e38a700307fe33c87f3ad4a3e0ebd02,shipped,2018-02-18 00:17:13,2018-03-21,,OUTCOME_UNOBSERVED_BY_DATASET_END
b35ce82e5e535cc632c4441e01d6046a,shipped,2018-07-19 18:14:54,2018-08-13,,OUTCOME_UNOBSERVED_BY_DATASET_END
1dbe2e0c5594a384eac781a7e46c6011,unavailable,2017-10-27 16:13:11,2017-11-10,,NOT_APPLICABLE_TERMINAL_NON_DELIVERY
516ddf29a9e99c8997f914e6b389cd19,shipped,2017-03-23 23:44:58,2017-04-13,,OUTCOME_UNOBSERVED_BY_DATASET_END
1b1d6a3f8e1369c613eb19c40dab5624,shipped,2018-03-13 20:56:03,2018-04-04,,OUTCOME_UNOBSERVED_BY_DATASET_END
9d6e7e70e068602fa740fc3163cefd3b,invoiced,2017-10-30 14:25:15,2017-12-29,,OUTCOME_UNOBSERVED_BY_DATASET_END
978fe45a42f99b9534520c4a5d880af6,shipped,2017-10-26 19:12:53,2017-11-21,,OUTCOME_UNOBSERVED_BY_DATASET_END
0a0e76ba55e310fd24657a1f532b97c1,canceled,2018-06-24 14:49:59,2018-07-20,,NOT_APPLICABLE_TERMINAL_NON_DELIVERY
89fb8b371b28dcc037a9c1f798eacc81,shipped,2017-08-21 15:43:18,2017-09-01,,OUTCOME_UNOBSERVED_BY_DATASET_END
5b9680f27b5067afded00b23f9cb4d61,canceled,2017-03-21 20:20:14,2017-04-24,,NOT_APPLICABLE_TERMINAL_NON_DELIVERY
135fc78debb3120eb1b780ff815ada9c,shipped,2017-05-12 10:55:59,2017-06-05,,OUTCOME_UNOBSERVED_BY_DATASET_END
03e5d6a8dd520898f86f8429ccd07c21,shipped,2018-07-30 11:51:13,2018-08-16,,OUTCOME_UNOBSERVED_BY_DATASET_END
190025dbe5811e87645792c21726e215,processing,2018-02-04 17:31:51,2018-02-22,,OUTCOME_UNOBSERVED_BY_DATASET_END
20ff9b4b339b20ef47cfcda736a17a52,unavailable,2018-01-11 11:59:41,2018-02-09,,NOT_APPLICABLE_TERMINAL_NON_DELIVERY
de8a1cc20f0f3f44aded9ac6a1e8eaa1,shipped,2017-09-25 09:22:25,2017-10-24,,OUTCOME_UNOBSERVED_BY_DATASET_END
1982a20c2a9d116da964e488d59eebe7,unavailable,2017-02-08 16:14:48,2017-03-09,,NOT_APPLICABLE_TERMINAL_NON_DELIVERY
0749c820395dd586556efd230c9d1bb9,shipped,2018-07-04 13:12:48,2018-07-19,,OUTCOME_UNOBSERVED_BY_DATASET_END
8eeaa67e826a9308e63f4436bf00a8f2,unavailable,2018-01-05 09:12:11,2018-02-07,,NOT_APPLICABLE_TERMINAL_NON_DELIVERY
daf3d34986ea6ba8b098570a1951677f,shipped,2018-07-09 20:38:36,2018-07-25,,OUTCOME_UNOBSERVED_BY_DATASET_END
27d0167780910831455af6f6bfc7179e,processing,2017-03-30 11:13:22,2017-05-09,,OUTCOME_UNOBSERVED_BY_DATASET_END
489b43fc6f7840318ee5d83ee35b86c1,unavailable,2017-03-06 19:06:47,2017-03-23,,NOT_APPLICABLE_TERMINAL_NON_DELIVERY
520a772c685704aec515546f7a098ea9,processing,2017-12-23 19:00:58,2018-01-29,,OUTCOME_UNOBSERVED_BY_DATASET_END
2a430c80705b17c17f1e9e5b138e52d5,shipped,2018-02-04 18:01:23,2018-03-13,,OUTCOME_UNOBSERVED_BY_DATASET_END
659931410d19a914a52ca0a46bc7992a,shipped,2017-11-18 11:18:48,2017-12-01,,OUTCOME_UNOBSERVED_BY_DATASET_END
b059ee4de278302d550a3035c4cdb740,canceled,2018-10-16 20:16:02,2018-11-12,,NOT_APPLICABLE_TERMINAL_NON_DELIVERY
6b96b124951ba9a116788b9008341ee9,invoiced,2017-12-04 17:22:25,2017-12-21,,OUTCOME_UNOBSERVED_BY_DATASET_END
a1cbe609c42dfd019719610eab787873,invoiced,2017-03-26 17:25:39,2017-04-18,,OUTCOME_UNOBSERVED_BY_DATASET_END
1f559479dd8bfb2e398b0372cad1c2a2,shipped,2018-04-15 23:04:24,2018-05-21,,OUTCOME_UNOBSERVED_BY_DATASET_END
6597f8bf4610cf5291b83c0d57440e53,invoiced,2018-02-06 14:46:18,2018-02-22,,OUTCOME_UNOBSERVED_BY_DATASET_END
5d848f3d93a493c1c8955e018240e7ca,shipped,2017-05-15 23:30:03,2017-05-26,,OUTCOME_UNOBSERVED_BY_DATASET_END
3c37c0f0e8a0e6d94c555141221ddc1d,invoiced,2017-08-30 21:28:09,2017-09-20,,OUTCOME_UNOBSERVED_BY_DATASET_END
8937c3e485f73f480931feaca88a35cb,processing,2017-02-16 19:56:08,2017-03-29,,OUTCOME_UNOBSERVED_BY_DATASET_END
1768e7971ac449abce2917f608c8a69f,unavailable,2017-03-15 13:20:25,2017-04-12,,NOT_APPLICABLE_TERMINAL_NON_DELIVERY
52267d8c7f4a0227294efd0ef23fcefb,unavailable,2018-01-21 13:23:04,2018-02-06,,NOT_APPLICABLE_TERMINAL_NON_DELIVERY
c224c9c2f8598269441c76eca7720448,unavailable,2017-11-21 11:34:01,2017-12-12,,NOT_APPLICABLE_TERMINAL_NON_DELIVERY
bf1f33df43577a77207c702c39eb3056,shipped,2017-06-08 16:35:57,2017-07-03,,OUTCOME_UNOBSERVED_BY_DATASET_END
2922d9dd6672241cb658a40bf507e4b1,canceled,2018-07-11 09:55:49,2018-07-25,,NOT_APPLICABLE_TERMINAL_NON_DELIVERY
f05fbff4a434f4d0c1e09000bf45f06f,unavailable,2017-06-10 12:33:10,2017-07-07,,NOT_APPLICABLE_TERMINAL_NON_DELIVERY
3d3742a96f24a8fe4e2e57628807e476,shipped,2017-04-16 06:31:07,2017-05-12,,OUTCOME_UNOBSERVED_BY_DATASET_END
ef7e039a2f25c56266be1a87fdd903c4,shipped,2018-04-01 16:57:23,2018-04-12,,OUTCOME_UNOBSERVED_BY_DATASET_END
4af4d191d7e83818829a9af9ea7fcdfc,unavailable,2017-07-02 20:05:48,2017-07-14,,NOT_APPLICABLE_TERMINAL_NON_DELIVERY
22f94104a2c1ac2af08122839aa708b2,shipped,2018-07-17 20:23:27,2018-08-16,,OUTCOME_UNOBSERVED_BY_DATASET_END
6e27f04e8947d6be930769e3ce557bdf,canceled,2017-03-05 01:03:51,2017-03-29,,NOT_APPLICABLE_TERMINAL_NON_DELIVERY
0623dbbd06c0d4059dbfefab8748a491,canceled,2018-08-20 14:17:09,2018-09-12,,NOT_APPLICABLE_TERMINAL_NON_DELIVERY
bcdfe27f47e1b9e9cce4d8c2e54566ed,shipped,2018-04-01 11:55:02,2018-04-20,,OUTCOME_UNOBSERVED_BY_DATASET_END
f29ddf8225b83634a61798046455ce8a,shipped,2017-03-10 15:09:40,2017-03-31,,OUTCOME_UNOBSERVED_BY_DATASET_END
2015fdddda0f27eaf4ebdf451d70a41e,unavailable,2017-10-19 13:52:04,2017-11-10,,NOT_APPLICABLE_TERMINAL_NON_DELIVERY
e5812a30b6ae5ceaae29fdb7920e7853,unavailable,2018-07-30 19:35:39,2018-08-08,,NOT_APPLICABLE_TERMINAL_NON_DELIVERY
ee554cb464769c4696df94a049fa792f,shipped,2017-11-29 15:16:26,2017-12-27,,OUTCOME_UNOBSERVED_BY_DATASET_END
823e1b55f87736972904ce20e4e90f0a,shipped,2017-09-18 22:16:48,2017-10-04,,OUTCOME_UNOBSERVED_BY_DATASET_END
9eb45b0aa6ff6baf71a20c68414f8089,unavailable,2017-07-19 23:29:07,2017-08-22,,NOT_APPLICABLE_TERMINAL_NON_DELIVERY
05c852fbe20c108caf9f479633cbe088,unavailable,2018-07-12 12:21:56,2018-07-24,,NOT_APPLICABLE_TERMINAL_NON_DELIVERY
a5dc44fe023a6153b7b9df59de5762b7,invoiced,2018-07-23 08:52:57,2018-08-09,,OUTCOME_UNOBSERVED_BY_DATASET_END
65df8539acbce2e41ba3a4a3ce0a3470,unavailable,2017-06-07 16:08:41,2017-06-28,,NOT_APPLICABLE_TERMINAL_NON_DELIVERY
b3110047dd3a27ff4f565f9a7bf591de,shipped,2018-03-03 12:21:38,2018-03-22,,OUTCOME_UNOBSERVED_BY_DATASET_END
574f906eedf477adaf3507222887d81f,unavailable,2018-06-03 21:19:01,2018-07-17,,NOT_APPLICABLE_TERMINAL_NON_DELIVERY
aa380313c19905dd1651bd21e75f09bd,shipped,2017-07-19 12:44:59,2017-08-14,,OUTCOME_UNOBSERVED_BY_DATASET_END
a3ef7e4271c9088cf2d3de8305ef2355,unavailable,2017-11-03 22:26:44,2017-11-24,,NOT_APPLICABLE_TERMINAL_NON_DELIVERY
5d80dfb48f5c62fe1cbd194b1b6f57bd,unavailable,2017-12-04 15:42:31,2018-01-11,,NOT_APPLICABLE_TERMINAL_NON_DELIVERY
4a42846a6eed9d15714fe30181399f2a,unavailable,2017-02-17 13:57:00,2017-03-20,,NOT_APPLICABLE_TERMINAL_NON_DELIVERY
0148d3df00cebda592d4e5f966e300cc,canceled,2017-08-19 19:08:26,2017-09-11,,NOT_APPLICABLE_TERMINAL_NON_DELIVERY
b24235bd2ebf1a14887ec351288351d7,shipped,2018-08-08 22:35:27,2018-08-28,,OUTCOME_UNOBSERVED_BY_DATASET_END
3385c99ff53af3e0f1115d79f6165d6f,shipped,2017-02-04 12:58:55,2017-03-15,,OUTCOME_UNOBSERVED_BY_DATASET_END
e1cbcc0a628610d3a838acf58bb4a8a5,canceled,2018-07-31 20:05:34,2018-08-09,,NOT_APPLICABLE_TERMINAL_NON_DELIVERY
7c2235a930f355b9dc0741b70000d56c,processing,2017-09-20 16:30:26,2017-11-06,,OUTCOME_UNOBSERVED_BY_DATASET_END
8a1f6fa828ef936fd572951d408841bf,shipped,2018-05-09 20:53:45,2018-05-24,,OUTCOME_UNOBSERVED_BY_DATASET_END
790cd37689193dca0d00d2feb6459164,shipped,2018-08-10 15:14:50,2018-08-17,,OUTCOME_UNOBSERVED_BY_DATASET_END
e04f1da1f48bf2bbffcf57b9824f76e1,invoiced,2016-10-05 13:22:20,2016-11-29,,OUTCOME_UNOBSERVED_BY_DATASET_END
92fca7ed7b7df4695007bd7f227e3333,unavailable,2017-02-01 12:03:36,2017-03-03,,NOT_APPLICABLE_TERMINAL_NON_DELIVERY
e444dbf63e18f98c43c81f5ccc7ef8a0,unavailable,2017-09-25 12:12:02,2017-10-30,,NOT_APPLICABLE_TERMINAL_NON_DELIVERY
1f4ef92fe96573c57bbdf0fd5c284459,shipped,2018-08-04 16:03:47,2018-08-21,,OUTCOME_UNOBSERVED_BY_DATASET_END
809fc33617d44c48deb9b253aa7397ac,shipped,2017-11-25 18:01:26,2017-12-15,,OUTCOME_UNOBSERVED_BY_DATASET_END
8527d5d408bdfbb716c2b89012db58ab,shipped,2018-02-25 19:55:29,2018-03-21,,OUTCOME_UNOBSERVED_BY_DATASET_END
cd80f267aabc7357c2caaa8848e1cd3c,unavailable,2017-12-07 12:26:00,2018-01-02,,NOT_APPLICABLE_TERMINAL_NON_DELIVERY
c49e86b525c30f1b55eaf9abbc9837a6,canceled,2017-12-06 19:29:14,2018-01-04,,NOT_APPLICABLE_TERMINAL_NON_DELIVERY
6a07987ebcaf841bbb554ee257052acf,processing,2017-11-12 19:43:04,2017-12-14,,OUTCOME_UNOBSERVED_BY_DATASET_END
83167649ca3fb63d1a7daada42232e14,processing,2017-04-06 17:11:06,2017-04-27,,OUTCOME_UNOBSERVED_BY_DATASET_END
9c781d427857ca8dee49b22614eb9e39,processing,2017-02-14 14:28:17,2017-03-15,,OUTCOME_UNOBSERVED_BY_DATASET_END
c80cc9af6bd1c32747e2f79bc4ad031e,canceled,2018-06-23 17:34:33,2018-07-05,,NOT_APPLICABLE_TERMINAL_NON_DELIVERY
ef68f7ac518a9309ceb3a3290ee123a1,shipped,2018-01-25 16:50:50,2018-03-02,,OUTCOME_UNOBSERVED_BY_DATASET_END
4703fef754ddf8addbed5b7935e2f868,shipped,2017-04-27 11:17:20,2017-05-29,,OUTCOME_UNOBSERVED_BY_DATASET_END
41be34ce9e31139caddf65c45ec3a39c,shipped,2018-03-01 23:08:55,2018-03-23,,OUTCOME_UNOBSERVED_BY_DATASET_END
4603cc4d4654635e3c16a1ac226036f4,unavailable,2017-10-12 16:18:54,2017-11-13,,NOT_APPLICABLE_TERMINAL_NON_DELIVERY
dbe2d1c6c34f5c31bb6736e1720c9b7e,canceled,2018-08-28 12:45:15,2018-09-03,,NOT_APPLICABLE_TERMINAL_NON_DELIVERY
bdf0dff2c16a74482f5ffce31586700e,shipped,2017-04-09 17:51:22,2017-05-12,,OUTCOME_UNOBSERVED_BY_DATASET_END
a327b5ecc65060cc462211724d715367,unavailable,2017-12-08 22:41:10,2017-12-27,,NOT_APPLICABLE_TERMINAL_NON_DELIVERY
9710f97e7fb3ccd742ef8b5270d8d78f,unavailable,2018-07-23 12:57:36,2018-08-09,,NOT_APPLICABLE_TERMINAL_NON_DELIVERY
f3988a6f6afe000b1617ab4429c5396c,unavailable,2017-07-11 04:47:35,2017-08-08,,NOT_APPLICABLE_TERMINAL_NON_DELIVERY
91bc8de419040aeb9a64f84039c5f1bb,shipped,2017-08-01 22:33:52,2017-08-16,,OUTCOME_UNOBSERVED_BY_DATASET_END
dadbe5c0d37a042483c113e0cbbe2208,invoiced,2017-05-01 10:43:06,2017-05-25,,OUTCOME_UNOBSERVED_BY_DATASET_END
e4332fcdfe53c13a7ac6feff6e31b6b2,shipped,2017-10-12 00:04:51,2017-11-06,,OUTCOME_UNOBSERVED_BY_DATASET_END
b81dc96814c73196e795524a469a2c35,invoiced,2018-08-07 19:13:51,2018-08-21,,OUTCOME_UNOBSERVED_BY_DATASET_END
5dfcc26420fd2e456e613e8dfbe6da34,shipped,2018-01-13 15:41:34,2018-02-06,,OUTCOME_UNOBSERVED_BY_DATASET_END
1985dcd0eb8cb683615c1d2b8f324572,unavailable,2018-05-01 14:41:25,2018-06-01,,NOT_APPLICABLE_TERMINAL_NON_DELIVERY
a70e674cb417d64ebfc3ea9493ba90d8,shipped,2018-06-21 00:50:08,2018-07-17,,OUTCOME_UNOBSERVED_BY_DATASET_END
8470b86bd094925355e05df719031692,shipped,2017-05-12 21:16:01,2017-06-06,,OUTCOME_UNOBSERVED_BY_DATASET_END
cc6c9b89f70b32d7fe075718e0fc58e7,canceled,2018-01-27 10:52:04,2018-03-02,,NOT_APPLICABLE_TERMINAL_NON_DELIVERY
750ed62dff96bf5713b8c6a6bbfdc948,canceled,2018-05-28 11:18:59,2018-06-20,,NOT_APPLICABLE_TERMINAL_NON_DELIVERY
5ff05cd5557e3cc10ba2ef800f2b8da6,invoiced,2017-05-10 18:42:38,2017-07-03,,OUTCOME_UNOBSERVED_BY_DATASET_END
c2c6674097e6b9ea3b322ce6f3e56117,shipped,2018-03-03 13:13:05,2018-03-26,,OUTCOME_UNOBSERVED_BY_DATASET_END
b0c6b466f1a099c343926b4a538a887e,processing,2017-10-13 17:28:07,2017-10-25,,OUTCOME_UNOBSERVED_BY_DATASET_END
42db36760e9843077434d0e0eecadc43,shipped,2018-04-15 20:37:55,2018-04-30,,OUTCOME_UNOBSERVED_BY_DATASET_END
a59c87e726e3c78e26769a422a140bd3,canceled,2018-02-10 12:36:33,2018-03-19,,NOT_APPLICABLE_TERMINAL_NON_DELIVERY
2b1e6b2fd50454ea70f9e8f9b437d24d,shipped,2017-08-09 17:08:58,2017-08-31,,OUTCOME_UNOBSERVED_BY_DATASET_END
fe67d9fbc13fc8b281cfab9b09f60607,invoiced,2017-12-15 17:46:39,2018-01-16,,OUTCOME_UNOBSERVED_BY_DATASET_END
d43302fdeb00a216e03f8c14c1aa95c5,canceled,2018-04-13 10:14:55,2018-04-25,,NOT_APPLICABLE_TERMINAL_NON_DELIVERY
ebdc1743a498b33e5f50d4270c117175,processing,2018-01-05 11:18:15,2018-02-09,,OUTCOME_UNOBSERVED_BY_DATASET_END
f3aa2dd753099c0b69934615c49540c2,shipped,2017-11-04 18:26:00,2017-11-17,,OUTCOME_UNOBSERVED_BY_DATASET_END
76d85afd545b8fc877273a68455675c1,canceled,2017-11-08 18:40:21,2017-12-05,,NOT_APPLICABLE_TERMINAL_NON_DELIVERY
9cee74c9ff8a65e8903b7435dd058557,shipped,2018-01-05 10:59:28,2018-02-05,,OUTCOME_UNOBSERVED_BY_DATASET_END
32510b081654e6d2e96fad5a6525660f,shipped,2018-05-01 22:20:33,2018-05-25,,OUTCOME_UNOBSERVED_BY_DATASET_END
b17fd4c033b06e8d888de8ea6105ef9d,canceled,2017-03-20 19:38:10,2017-04-12,,NOT_APPLICABLE_TERMINAL_NON_DELIVERY
d49cc0e98373ebdf3a080d3bad016283,processing,2017-11-24 10:37:12,2017-12-21,,OUTCOME_UNOBSERVED_BY_DATASET_END
7806407a20e7d38caef6b35ea7757142,canceled,2017-11-14 21:58:32,2017-11-28,,NOT_APPLICABLE_TERMINAL_NON_DELIVERY
9f24a452d2f08d94503f8755cc845362,unavailable,2017-09-04 02:26:00,2017-10-03,,NOT_APPLICABLE_TERMINAL_NON_DELIVERY
ae60d8ce9aa713ec6cc02a1b15e6759e,unavailable,2017-05-30 12:07:33,2017-06-30,,NOT_APPLICABLE_TERMINAL_NON_DELIVERY
23304de05928dfbc015af4c7327fe0ad,shipped,2018-06-17 12:29:42,2018-07-03,,OUTCOME_UNOBSERVED_BY_DATASET_END
34b1401adf2ab260c3adcf2c2be847dd,invoiced,2018-04-01 12:55:19,2018-04-17,,OUTCOME_UNOBSERVED_BY_DATASET_END
cb4a79c1e6c9ae44302861e7602cc449,unavailable,2017-12-06 15:46:07,2018-01-03,,NOT_APPLICABLE_TERMINAL_NON_DELIVERY
6e7f938e1ebc4eb4b205b2ad66c5525d,unavailable,2017-09-12 00:08:18,2017-10-03,,NOT_APPLICABLE_TERMINAL_NON_DELIVERY
ff0768e3356919b32e3d7f30baecfcfb,shipped,2018-04-04 22:58:39,2018-04-23,,OUTCOME_UNOBSERVED_BY_DATASET_END
3757dc827b45811e32f858867877df67,processing,2017-08-21 10:59:48,2017-09-14,,OUTCOME_UNOBSERVED_BY_DATASET_END
2a06568281fa1a485b9ba5fac48c7df2,shipped,2018-08-21 11:00:37,2018-08-24,,OUTCOME_UNOBSERVED_BY_DATASET_END
b701057e29518346f3b457eaddf5c0ba,shipped,2017-10-09 11:12:41,2017-11-23,,OUTCOME_UNOBSERVED_BY_DATASET_END
80f0181edc2f4a5bd3384a3c39a83cee,unavailable,2018-01-14 19:24:28,2018-01-30,,NOT_APPLICABLE_TERMINAL_NON_DELIVERY
091deda616c370d63f0bf9a3f525fb34,unavailable,2017-08-11 11:08:53,2017-09-04,,NOT_APPLICABLE_TERMINAL_NON_DELIVERY
b2f39212b22fb44dc0d57cdd6d1790dc,unavailable,2017-05-09 19:59:26,2017-05-25,,NOT_APPLICABLE_TERMINAL_NON_DELIVERY
0f17366db3415102c789999a513bbd35,invoiced,2017-11-16 13:25:07,2017-12-14,,OUTCOME_UNOBSERVED_BY_DATASET_END
9e555160d5ee4c0a12a9451cc98afedc,shipped,2017-11-16 12:04:23,2017-11-29,,OUTCOME_UNOBSERVED_BY_DATASET_END
9b4fc5c379134e1329bd48641ba285e3,canceled,2017-07-24 13:22:29,2017-08-04,,NOT_APPLICABLE_TERMINAL_NON_DELIVERY
1f9624a22a45c44073523bcf6f1c47a2,canceled,2017-07-31 16:05:08,2017-08-18,,NOT_APPLICABLE_TERMINAL_NON_DELIVERY
334ab6dc70bc9a09b01827959aee65ba,shipped,2018-03-10 14:17:54,2018-04-03,,OUTCOME_UNOBSERVED_BY_DATASET_END
9192399976bb077688f5cf72fc8ab37b,unavailable,2017-10-30 13:27:56,2017-11-17,,NOT_APPLICABLE_TERMINAL_NON_DELIVERY
dba741d70126a95feb85435175370edc,canceled,2018-01-24 19:18:04,2018-03-05,,NOT_APPLICABLE_TERMINAL_NON_DELIVERY
fe185068c0d733ffb18fe6636ac8e498,shipped,2017-07-16 12:39:50,2017-07-28,,OUTCOME_UNOBSERVED_BY_DATASET_END
5e0eae0316373e1459c05b539e18f060,unavailable,2018-01-26 00:49:25,2018-02-09,,NOT_APPLICABLE_TERMINAL_NON_DELIVERY
cb599c234fc71be7c137179b6d473a30,canceled,2018-01-30 20:13:33,2018-02-22,,NOT_APPLICABLE_TERMINAL_NON_DELIVERY
6c15888cd708d4c1487eb36753212d69,unavailable,2018-03-07 20:19:42,2018-03-26,,NOT_APPLICABLE_TERMINAL_NON_DELIVERY
3f9c0ca2b7837ae6d1c8fa78e9b8e139,shipped,2018-04-08 01:39:07,2018-05-07,,OUTCOME_UNOBSERVED_BY_DATASET_END
504d232ad4b0cb2e0d3e8c99a98c9938,shipped,2017-07-06 19:09:22,2017-07-28,,OUTCOME_UNOBSERVED_BY_DATASET_END
799dc0fd216e2a8e571a2684ddb6f940,canceled,2016-10-05 22:49:57,2016-12-23,,NOT_APPLICABLE_TERMINAL_NON_DELIVERY
9ee84e2bfcbb0e4aa06217c6ecbab36e,invoiced,2017-11-09 13:33:20,2017-11-29,,OUTCOME_UNOBSERVED_BY_DATASET_END
e81600d4371046078150ab84d31175d3,shipped,2017-01-25 09:31:09,2017-03-16,,OUTCOME_UNOBSERVED_BY_DATASET_END
8ed46f28f884bd76db1f8d95fc27a5f4,processing,2018-01-15 16:52:44,2018-02-19,,OUTCOME_UNOBSERVED_BY_DATASET_END
a78cdda0b536155a210b115c530b1964,processing,2017-05-22 13:41:03,2017-06-21,,OUTCOME_UNOBSERVED_BY_DATASET_END
9a31fd9d697e9670777501f720773fd9,unavailable,2018-02-15 19:40:00,2018-03-23,,NOT_APPLICABLE_TERMINAL_NON_DELIVERY
c08dd05931abd8cb08aad3d31e39bfed,canceled,2018-02-22 20:16:43,2018-03-21,,NOT_APPLICABLE_TERMINAL_NON_DELIVERY
f52770381c11ff33137e243fc4e3a7af,invoiced,2018-01-15 17:37:28,2018-02-06,,OUTCOME_UNOBSERVED_BY_DATASET_END
de15fbaac5e9c765778cc4c6875f183d,shipped,2018-03-28 16:46:18,2018-04-20,,OUTCOME_UNOBSERVED_BY_DATASET_END
93d8685fec4218f06bf202723dc1da52,invoiced,2017-02-21 21:17:48,2017-03-22,,OUTCOME_UNOBSERVED_BY_DATASET_END
afed0d88ec7753e7be8744bb66e860d1,canceled,2018-08-02 15:23:07,2018-08-20,,NOT_APPLICABLE_TERMINAL_NON_DELIVERY
f090de1b2ed9f4e251662cb31e3c7127,shipped,2017-02-22 10:10:52,2017-03-23,,OUTCOME_UNOBSERVED_BY_DATASET_END
dd3346a58fc7d6db3cb6f403c325ead9,unavailable,2018-01-21 19:04:45,2018-02-06,,NOT_APPLICABLE_TERMINAL_NON_DELIVERY
24da4d9782584b90078fc30af8df32ad,shipped,2017-06-12 17:10:28,2017-06-26,,OUTCOME_UNOBSERVED_BY_DATASET_END
dd8d541616639212eb325bc7d015350b,shipped,2018-05-16 13:03:16,2018-06-25,,OUTCOME_UNOBSERVED_BY_DATASET_END
dc7a419b3cd13b51c38ff9442dfd4009,canceled,2017-03-21 19:17:48,2017-04-17,,NOT_APPLICABLE_TERMINAL_NON_DELIVERY
4327d6afdb4f716533cefc4929796d14,shipped,2017-05-10 20:48:06,2017-06-09,,OUTCOME_UNOBSERVED_BY_DATASET_END
e5719cfaa683987b3ac4bdcc0c5c6a46,shipped,2017-05-02 21:45:29,2017-05-25,,OUTCOME_UNOBSERVED_BY_DATASET_END
14904245b311483b6886be3c2e717e76,canceled,2018-02-12 15:49:38,2018-03-13,,NOT_APPLICABLE_TERMINAL_NON_DELIVERY
9e99d220ca1057d22b317d36cf203620,unavailable,2018-01-03 17:05:21,2018-02-01,,NOT_APPLICABLE_TERMINAL_NON_DELIVERY
4736832c0e59da8a5d32fcdce7afa55e,invoiced,2017-08-15 11:34:24,2017-08-28,,OUTCOME_UNOBSERVED_BY_DATASET_END
cfdfd7862e532c4ec1ed1c6a1b56d320,canceled,2018-09-03 18:45:34,2018-09-14,,NOT_APPLICABLE_TERMINAL_NON_DELIVERY
2636c69e57fce1b3a556b70f1acd1192,unavailable,2017-03-01 09:02:12,2017-04-10,,NOT_APPLICABLE_TERMINAL_NON_DELIVERY
3f2467ae6b5a92494a59e95de0d79ba8,unavailable,2018-01-21 09:43:40,2018-02-19,,NOT_APPLICABLE_TERMINAL_NON_DELIVERY
8b3e71403c430eeafc548cd871850674,shipped,2017-12-06 13:40:17,2017-12-29,,OUTCOME_UNOBSERVED_BY_DATASET_END
7e89342f1c29435e98fb7a1c2e5aa945,shipped,2018-04-02 21:09:39,2018-04-23,,OUTCOME_UNOBSERVED_BY_DATASET_END
d190601c7afe54080287732ad2b95941,shipped,2018-04-06 08:35:20,2018-05-09,,OUTCOME_UNOBSERVED_BY_DATASET_END
2d16a65d064093d387d6b903359976b0,shipped,2017-11-24 15:46:46,2017-12-26,,OUTCOME_UNOBSERVED_BY_DATASET_END
f8385fa26ee1a262ff80d5a3181a63e5,shipped,2018-06-26 18:55:55,2018-07-23,,OUTCOME_UNOBSERVED_BY_DATASET_END
756fc608f67478946b31c752681f27be,canceled,2018-08-14 08:14:45,2018-09-04,,NOT_APPLICABLE_TERMINAL_NON_DELIVERY
d15a203ea25983a3a17ec382a8a9122e,canceled,2017-03-28 07:27:16,2017-04-17,,NOT_APPLICABLE_TERMINAL_NON_DELIVERY
afd09879ff7489d300d0ebeab6348e35,shipped,2017-10-23 12:57:01,2017-11-16,,OUTCOME_UNOBSERVED_BY_DATASET_END
a74a1bb28cb0ae0a239270f8e3a85cdf,shipped,2017-01-23 00:53:05,2017-03-02,,OUTCOME_UNOBSERVED_BY_DATASET_END
c12c13ee9d5307f765798632ef70d689,unavailable,2017-05-06 00:13:09,2017-06-06,,NOT_APPLICABLE_TERMINAL_NON_DELIVERY
369d4391cc475b184da61af43967f197,shipped,2018-06-05 19:06:38,2018-07-19,,OUTCOME_UNOBSERVED_BY_DATASET_END
a21218028d6e411d8a933cb50a343770,processing,2017-12-20 12:01:34,2018-01-22,,OUTCOME_UNOBSERVED_BY_DATASET_END
7f3377932727107412b17a48648987d9,invoiced,2017-12-10 18:43:03,2017-12-29,,OUTCOME_UNOBSERVED_BY_DATASET_END
2740f9d58dd09ee632344af519b499ac,processing,2017-05-22 22:38:58,2017-06-21,,OUTCOME_UNOBSERVED_BY_DATASET_END
fc55691eabf7bd6d38e8d49b4cdd8629,unavailable,2017-06-07 13:22:49,2017-07-10,,NOT_APPLICABLE_TERMINAL_NON_DELIVERY
baec85e7fa005a17b89b8bf93300cb5f,unavailable,2018-01-12 02:07:28,2018-01-31,,NOT_APPLICABLE_TERMINAL_NON_DELIVERY
99c431d458f11efda5006517f77783ad,invoiced,2018-01-17 20:54:08,2018-02-01,,OUTCOME_UNOBSERVED_BY_DATASET_END
15a8702db12279bdbd97a9f39a529bd5,invoiced,2018-05-09 10:14:31,2018-06-01,,OUTCOME_UNOBSERVED_BY_DATASET_END
f8501c44660f66acd201a4fbb6c7c997,shipped,2017-08-26 12:44:06,2017-09-14,,OUTCOME_UNOBSERVED_BY_DATASET_END
bb0bb419d930e4bc8c823fc4379347fb,canceled,2017-10-30 12:17:51,2017-11-21,,NOT_APPLICABLE_TERMINAL_NON_DELIVERY
41a164c8a106bd1bd634b33340f2199f,shipped,2017-09-02 14:57:43,2017-09-26,,OUTCOME_UNOBSERVED_BY_DATASET_END
170668dbc6b505ada8c06356aa45177b,shipped,2017-12-15 18:53:52,2018-01-10,,OUTCOME_UNOBSERVED_BY_DATASET_END
1e792fcdefb0bb34325cdc1dee84fcea,unavailable,2018-02-11 00:41:04,2018-03-06,,NOT_APPLICABLE_TERMINAL_NON_DELIVERY
df5f65d2dec68b07404b0aa6f09aee32,unavailable,2017-07-17 21:42:18,2017-08-08,,NOT_APPLICABLE_TERMINAL_NON_DELIVERY
82492ccd735c628d8a98d08d7ffbe501,unavailable,2017-10-18 18:21:48,2017-10-30,,NOT_APPLICABLE_TERMINAL_NON_DELIVERY
c7a5d101d4b6ed70eacc97c78158eadd,canceled,2018-02-01 19:08:48,2018-03-02,,NOT_APPLICABLE_TERMINAL_NON_DELIVERY
d7cc5fcfee9af53fcd78bb47e4e55584,canceled,2018-01-27 10:22:47,2018-02-20,,NOT_APPLICABLE_TERMINAL_NON_DELIVERY
a3032220da3f83acf7fa0db99dc28804,processing,2017-02-01 09:24:38,2017-03-10,,OUTCOME_UNOBSERVED_BY_DATASET_END
94b85615d0bf9757c6a3b1a20be1a9cf,shipped,2018-05-14 09:17:04,2018-06-04,,OUTCOME_UNOBSERVED_BY_DATASET_END
dc5287133fa7ba014e8083e381bf8270,unavailable,2017-11-11 15:50:48,2017-12-04,,NOT_APPLICABLE_TERMINAL_NON_DELIVERY
9fa4ce47e1ab92d83988552a89dc3ed8,shipped,2017-07-17 17:39:21,2017-08-18,,OUTCOME_UNOBSERVED_BY_DATASET_END
59798edc300f7563a9bdf18b2740def9,unavailable,2017-07-05 19:06:19,2017-07-27,,NOT_APPLICABLE_TERMINAL_NON_DELIVERY
3aa0a75931f649d9e3e83aaa9d6a95e7,shipped,2017-01-14 21:56:03,2017-03-08,,OUTCOME_UNOBSERVED_BY_DATASET_END
ed5c9b0b7aad77a4b3c8135892ac52c1,processing,2017-04-11 21:30:10,2017-05-12,,OUTCOME_UNOBSERVED_BY_DATASET_END
fb520e46696d1669a96549c252ed177d,invoiced,2017-02-08 23:17:29,2017-03-22,,OUTCOME_UNOBSERVED_BY_DATASET_END
b9eb04083d9367fcd3523d0125406023,unavailable,2017-06-02 10:27:06,2017-07-11,,NOT_APPLICABLE_TERMINAL_NON_DELIVERY
13d341318c77969f10d77e1382957542,canceled,2018-08-01 09:43:22,2018-08-08,,NOT_APPLICABLE_TERMINAL_NON_DELIVERY
642b39405abba96bc0e134680e8ceb02,unavailable,2017-03-05 09:28:24,2017-04-03,,NOT_APPLICABLE_TERMINAL_NON_DELIVERY
1800254c5ad71baad5c53866d4ed0ea0,unavailable,2017-11-14 11:38:34,2017-12-04,,NOT_APPLICABLE_TERMINAL_NON_DELIVERY
505d775eb158590af72d04189474e23c,invoiced,2017-05-16 20:36:18,2017-06-09,,OUTCOME_UNOBSERVED_BY_DATASET_END
641936471bfc717987f997bfed150bd6,canceled,2017-04-21 16:09:18,2017-05-16,,NOT_APPLICABLE_TERMINAL_NON_DELIVERY
68ef9f1dd1c75ff6bf1d6ba6d9942f71,shipped,2018-02-28 08:39:25,2018-03-22,,OUTCOME_UNOBSERVED_BY_DATASET_END
83e6338b5cf25dcf222551cb8da8d0d6,canceled,2017-08-16 21:32:48,2017-09-14,,NOT_APPLICABLE_TERMINAL_NON_DELIVERY
1b88975e652b474825e1d68839f836be,invoiced,2018-04-05 10:50:34,2018-04-17,,OUTCOME_UNOBSERVED_BY_DATASET_END
a805d7a514bcde0719f99ddf2a3bb31d,canceled,2018-08-17 14:17:56,2018-09-17,,NOT_APPLICABLE_TERMINAL_NON_DELIVERY
1db2abc72703311e809fc353b3cc4b65,canceled,2017-08-02 19:21:07,2017-08-22,,NOT_APPLICABLE_TERMINAL_NON_DELIVERY
a027b795d174ac4c8c7fd853838b5744,unavailable,2017-12-12 14:07:04,2018-01-11,,NOT_APPLICABLE_TERMINAL_NON_DELIVERY
f434066a90c729686966ab151fa4c7ec,unavailable,2018-01-19 01:08:20,2018-02-15,,NOT_APPLICABLE_TERMINAL_NON_DELIVERY
858f8fbff9d717450f931fc6e9d15029,unavailable,2017-10-10 12:09:59,2017-11-08,,NOT_APPLICABLE_TERMINAL_NON_DELIVERY
f81e71dd7c044a9ee7c1d6e37d68d64f,canceled,2018-08-15 08:34:42,2018-09-12,,NOT_APPLICABLE_TERMINAL_NON_DELIVERY
0a7beb2015960a4d8c4ec8bbde5a1f5f,shipped,2018-01-20 18:43:17,2018-03-06,,OUTCOME_UNOBSERVED_BY_DATASET_END
b10b53f757455227e8b972cb1faba733,invoiced,2017-08-15 20:44:01,2017-09-19,,OUTCOME_UNOBSERVED_BY_DATASET_END
986dfd5411cb5a65f3fe024bdb0d0745,shipped,2018-07-03 19:59:42,2018-08-20,,OUTCOME_UNOBSERVED_BY_DATASET_END
05b3514bb9492bc0eb20959fbf445927,canceled,2017-08-03 19:04:35,2017-08-28,,NOT_APPLICABLE_TERMINAL_NON_DELIVERY
10a8ab52ea001eb59beb9c0f97d72eab,invoiced,2018-08-07 02:42:38,2018-08-16,,OUTCOME_UNOBSERVED_BY_DATASET_END
3b4b5ec89dc09c7aedc74199be65fef7,unavailable,2017-10-18 11:33:40,2017-11-21,,NOT_APPLICABLE_TERMINAL_NON_DELIVERY
e95c2973b9be01bfe69bd4e1f33346fa,canceled,2018-06-28 12:10:28,2018-07-24,,NOT_APPLICABLE_TERMINAL_NON_DELIVERY
bd51fae4e79d90bca958267d6e6bee30,unavailable,2017-11-17 20:03:46,2017-11-30,,NOT_APPLICABLE_TERMINAL_NON_DELIVERY
6df49762e95869691b34a001e36b8297,invoiced,2017-06-06 23:32:53,2017-06-28,,OUTCOME_UNOBSERVED_BY_DATASET_END
2b68bb35779189904b0cd730eaba3d1d,canceled,2018-05-08 10:11:16,2018-06-04,,NOT_APPLICABLE_TERMINAL_NON_DELIVERY
5d4503ba682b806ff232782327b7bd7f,shipped,2017-11-14 06:00:37,2017-12-07,,OUTCOME_UNOBSERVED_BY_DATASET_END
6f33b28ba717ec41a3d1e1901d492e05,shipped,2018-02-28 11:29:07,2018-03-23,,OUTCOME_UNOBSERVED_BY_DATASET_END
9ec3685b1f21c7dfff4f656392b186dd,canceled,2018-02-20 11:37:45,2018-03-12,,NOT_APPLICABLE_TERMINAL_NON_DELIVERY
d1ecf8ea463b1f0cee4ecb78c2c5e3f1,processing,2017-11-04 22:21:11,2017-12-08,,OUTCOME_UNOBSERVED_BY_DATASET_END
9ae2615288bae316687074b5dfadaf46,shipped,2017-03-25 17:51:57,2017-05-24,,OUTCOME_UNOBSERVED_BY_DATASET_END
fda9a222267a9db0d0831209bfe668e7,invoiced,2018-05-20 09:53:33,2018-06-08,,OUTCOME_UNOBSERVED_BY_DATASET_END
6fa12c96b3e4f807bef7f5fa4c6a1b58,shipped,2017-07-06 15:15:35,2017-07-24,,OUTCOME_UNOBSERVED_BY_DATASET_END
8d6342c5d498f0042ad00193ce3038c8,unavailable,2017-10-02 08:56:39,2017-10-26,,NOT_APPLICABLE_TERMINAL_NON_DELIVERY
20e297eefc937e9b79e2cf97e9faddf1,unavailable,2018-05-09 16:39:41,2018-05-29,,NOT_APPLICABLE_TERMINAL_NON_DELIVERY
6d97e3d5d9043bb4fa4f8fd0b4d9f230,unavailable,2017-09-20 15:01:41,2017-09-29,,NOT_APPLICABLE_TERMINAL_NON_DELIVERY
cee5a8cb995db00cc6582d61fb8f63f2,shipped,2018-04-19 10:15:22,2018-05-08,,OUTCOME_UNOBSERVED_BY_DATASET_END
2f2dd59794b2eb30ba4aedc5dddd94c2,processing,2017-09-18 15:15:52,2017-10-11,,OUTCOME_UNOBSERVED_BY_DATASET_END
a728ee4ebe3964a5a4ab8b0409eaabc1,invoiced,2018-01-10 21:22:20,2018-02-21,,OUTCOME_UNOBSERVED_BY_DATASET_END
d8716a985f69a46751cc046b0fea0d98,unavailable,2017-10-06 12:54:42,2017-10-24,,NOT_APPLICABLE_TERMINAL_NON_DELIVERY
3716cd16bc2a97768309209eb4d4c6a7,unavailable,2017-11-29 09:54:26,2017-12-21,,NOT_APPLICABLE_TERMINAL_NON_DELIVERY
0ecff8cca2d76a428d055ec79b94f0a1,shipped,2018-07-12 10:46:28,2018-08-07,,OUTCOME_UNOBSERVED_BY_DATASET_END
19196153dd04a2d8685e3928185e498b,invoiced,2018-05-12 23:19:17,2018-06-07,,OUTCOME_UNOBSERVED_BY_DATASET_END
54ee4ac3ad09faa2237f8a844b4d7b92,canceled,2018-08-16 19:28:02,2018-08-24,,NOT_APPLICABLE_TERMINAL_NON_DELIVERY
8fbf2ac6a908c9a2738556bfed665557,processing,2017-10-07 08:35:07,2017-10-26,,OUTCOME_UNOBSERVED_BY_DATASET_END
b302801106ed1f5eb6f08ccdae6fea99,unavailable,2017-07-18 15:51:54,2017-08-11,,NOT_APPLICABLE_TERMINAL_NON_DELIVERY
2a490849da4cef28b5edaea693b89ac7,canceled,2018-04-24 08:53:11,2018-05-07,,NOT_APPLICABLE_TERMINAL_NON_DELIVERY
979440acde78c7c04e8c8a92f2bc8ada,shipped,2017-03-23 22:59:51,2017-04-13,,OUTCOME_UNOBSERVED_BY_DATASET_END
b803962943a08a081c52d087e852358c,canceled,2018-05-06 20:15:04,2018-05-18,,NOT_APPLICABLE_TERMINAL_NON_DELIVERY
9b1d98ad4511ad1c8bab0a4355ca3b63,shipped,2017-06-09 14:24:12,2017-07-11,,OUTCOME_UNOBSERVED_BY_DATASET_END
bc73e8deb8fec536f3e4c8340d37a8ce,processing,2017-12-28 21:49:55,2018-02-02,,OUTCOME_UNOBSERVED_BY_DATASET_END
127b06830315a6224e76085943d1f565,processing,2017-02-07 17:57:14,2017-03-20,,OUTCOME_UNOBSERVED_BY_DATASET_END
261e56a43de07e1b1bc9e8615c8e8aa9,unavailable,2017-08-30 15:17:09,2017-09-18,,NOT_APPLICABLE_TERMINAL_NON_DELIVERY
67209bfa3f0c84a965b585ea6ed3ff8e,shipped,2017-12-25 23:27:22,2018-01-30,,OUTCOME_UNOBSERVED_BY_DATASET_END
a8a3eaaf155bc111acb10e0536a9e753,canceled,2018-02-07 12:28:45,2018-03-09,,NOT_APPLICABLE_TERMINAL_NON_DELIVERY
9dc0a33bcfa9c6bfa29e7434029a8631,invoiced,2017-10-01 12:47:42,2017-10-18,,OUTCOME_UNOBSERVED_BY_DATASET_END
33c4ff80921c70a563083f3e317f7247,unavailable,2017-12-18 18:34:30,2018-01-16,,NOT_APPLICABLE_TERMINAL_NON_DELIVERY
fc3c882665c98c9b737a7b1b3aa6c553,canceled,2018-04-17 18:41:50,2018-05-04,,NOT_APPLICABLE_TERMINAL_NON_DELIVERY
caf12c43defcd1c679e73f2398192965,canceled,2018-07-02 17:00:50,2018-07-27,,NOT_APPLICABLE_TERMINAL_NON_DELIVERY
308389e2d91267e2713b8e3ae5a52f0e,invoiced,2018-03-15 18:37:12,2018-04-03,,OUTCOME_UNOBSERVED_BY_DATASET_END
1aecadf4362edaca7fa033e882076c8d,canceled,2016-10-04 10:05:45,2016-11-24,,NOT_APPLICABLE_TERMINAL_NON_DELIVERY
e47c4c77d188f893a6534dbca93d1ef0,shipped,2017-05-07 10:22:58,2017-06-12,,OUTCOME_UNOBSERVED_BY_DATASET_END
b6659c7944e48c1be78a188b4d51dbeb,processing,2017-02-01 23:33:26,2017-03-14,,OUTCOME_UNOBSERVED_BY_DATASET_END
dbcf37e35ce87b02f0707de96a6b99db,canceled,2017-02-27 22:23:36,2017-03-22,,NOT_APPLICABLE_TERMINAL_NON_DELIVERY
acb57c5603a88c7f205dab4c1d8cd344,canceled,2017-07-05 21:47:36,2017-07-27,,NOT_APPLICABLE_TERMINAL_NON_DELIVERY
078f6a01964ee122ef20881df839af31,canceled,2018-08-06 11:06:21,2018-08-16,,NOT_APPLICABLE_TERMINAL_NON_DELIVERY
c56bbf34e57026ecc783dc5db2ad1e69,invoiced,2018-01-10 21:18:29,2018-02-20,,OUTCOME_UNOBSERVED_BY_DATASET_END
cca6db6aa192f99ed392d637fc8c1b86,shipped,2018-01-31 15:35:20,2018-03-01,,OUTCOME_UNOBSERVED_BY_DATASET_END
1e4dc51447faa970879bb120932eebb6,unavailable,2018-01-22 09:27:54,2018-02-14,,NOT_APPLICABLE_TERMINAL_NON_DELIVERY
fcfc50a9520809adee86b167b0cf297e,invoiced,2018-05-21 18:01:28,2018-06-07,,OUTCOME_UNOBSERVED_BY_DATASET_END
0a4bcba63e99001ad0349d8832963afe,shipped,2018-02-26 10:07:19,2018-03-16,,OUTCOME_UNOBSERVED_BY_DATASET_END
3bb3f7783f2e72ad6c1baacfdc807994,unavailable,2017-11-30 16:45:27,2017-12-18,,NOT_APPLICABLE_TERMINAL_NON_DELIVERY
10ade03150da4c3a784807bae033f361,canceled,2017-09-03 14:54:11,2017-09-15,,NOT_APPLICABLE_TERMINAL_NON_DELIVERY
d69fcef5a5fe3a3db60ea65c6ee499cc,unavailable,2017-12-02 10:11:44,2018-01-08,,NOT_APPLICABLE_TERMINAL_NON_DELIVERY
fb265b2dc558a56445dfc48f8224e201,canceled,2017-10-10 20:21:14,2017-11-08,,NOT_APPLICABLE_TERMINAL_NON_DELIVERY
620b0acb9258b51defbc51804c5298d5,canceled,2016-10-04 11:44:01,2016-12-06,,NOT_APPLICABLE_TERMINAL_NON_DELIVERY
21d33068d3dfe0561f1b60cc9be732e8,shipped,2018-04-27 22:18:11,2018-05-28,,OUTCOME_UNOBSERVED_BY_DATASET_END
037a9cf279c376ab222c9d27be892513,unavailable,2017-11-06 13:04:40,2017-12-06,,NOT_APPLICABLE_TERMINAL_NON_DELIVERY
ce8002e30a866ae23c03293b8d2d14e6,shipped,2018-04-25 09:59:50,2018-05-30,,OUTCOME_UNOBSERVED_BY_DATASET_END
b465e6231fb8411e534acc602cff4adb,unavailable,2017-06-11 23:20:34,2017-07-06,,NOT_APPLICABLE_TERMINAL_NON_DELIVERY
a32c76ce96d7b4cf912b2ae1ee6a8258,shipped,2018-08-02 14:37:38,2018-08-23,,OUTCOME_UNOBSERVED_BY_DATASET_END
694226194013138c43ca10eff850b78c,shipped,2017-10-31 22:10:00,2017-12-04,,OUTCOME_UNOBSERVED_BY_DATASET_END
30e0a586733725ef792f50d33720b961,unavailable,2017-03-02 11:07:10,2017-03-24,,NOT_APPLICABLE_TERMINAL_NON_DELIVERY
4338a4463f7f9193d2a03a83a4b68ba0,shipped,2017-03-09 18:51:49,2017-03-30,,OUTCOME_UNOBSERVED_BY_DATASET_END
eba9f7d9010e498a2fdd4a48583db537,canceled,2018-01-29 16:10:57,2018-03-05,,NOT_APPLICABLE_TERMINAL_NON_DELIVERY
583174fbe37d3d5f0d6661be3aad1786,canceled,2018-08-04 19:25:07,2018-08-13,,NOT_APPLICABLE_TERMINAL_NON_DELIVERY
a841d4f6334d9f62504a151e34babe90,shipped,2018-04-11 16:58:20,2018-05-14,,OUTCOME_UNOBSERVED_BY_DATASET_END
99b504380657b5d582c36a7748f77842,shipped,2017-03-20 13:10:20,2017-04-12,,OUTCOME_UNOBSERVED_BY_DATASET_END
484ce4bf2067023e5184d003c41eb07a,unavailable,2017-11-24 12:17:32,2017-12-15,,NOT_APPLICABLE_TERMINAL_NON_DELIVERY
b137475b3fba13092ed0f3cd8207d908,shipped,2017-09-22 13:55:54,2017-10-26,,OUTCOME_UNOBSERVED_BY_DATASET_END
686000ebfaca7883583f123c458a89b7,shipped,2017-11-22 19:10:33,2017-12-08,,OUTCOME_UNOBSERVED_BY_DATASET_END
d98c5ae5ced12b3d997f7b614a8f1bb7,canceled,2017-05-23 17:14:58,2017-06-08,,NOT_APPLICABLE_TERMINAL_NON_DELIVERY
7a6351ddca16a16c5ec71c79dfef9374,shipped,2017-11-29 17:43:55,2017-12-28,,OUTCOME_UNOBSERVED_BY_DATASET_END
dd517e36df351de8139a960329ab58da,canceled,2017-11-13 10:25:28,2017-12-05,,NOT_APPLICABLE_TERMINAL_NON_DELIVERY
377aec337a068541200f33229afa85fd,shipped,2018-04-01 11:30:07,2018-04-19,,OUTCOME_UNOBSERVED_BY_DATASET_END
03138c298bfe1ee7855eefc9442346a8,shipped,2018-06-15 16:07:24,2018-07-13,,OUTCOME_UNOBSERVED_BY_DATASET_END
e3ec006ca1c696a42b47b941983aa2cc,processing,2017-02-25 17:39:11,2017-04-26,,OUTCOME_UNOBSERVED_BY_DATASET_END
14a05c02d483800864e5c19a3a7f0ee2,shipped,2018-08-18 06:29:22,2018-08-29,,OUTCOME_UNOBSERVED_BY_DATASET_END
8ff1992743a7f3a6daffc9ec9db05cbc,canceled,2017-06-05 21:20:51,2017-06-28,,NOT_APPLICABLE_TERMINAL_NON_DELIVERY
ab25d035abca0cb6c74fff900e926246,canceled,2018-04-13 05:18:38,2018-04-25,,NOT_APPLICABLE_TERMINAL_NON_DELIVERY
e909df6bbac7fafee9713f25cd6913cf,invoiced,2017-02-07 08:19:35,2017-03-22,,OUTCOME_UNOBSERVED_BY_DATASET_END
8d2d2c7afdbd8bd1642c89d8526a2890,processing,2017-09-19 16:56:43,2017-10-10,,OUTCOME_UNOBSERVED_BY_DATASET_END
8f89466a1d909284287823b13958cb5b,processing,2017-09-14 09:58:24,2017-10-25,,OUTCOME_UNOBSERVED_BY_DATASET_END
c136ccb91ace39bbcdd1012fe2002d8d,processing,2018-03-16 04:11:03,2018-04-11,,OUTCOME_UNOBSERVED_BY_DATASET_END
4c70befde2c6046dcf77a680ae1f356f,shipped,2018-02-11 13:44:58,2018-03-22,,OUTCOME_UNOBSERVED_BY_DATASET_END
ec2315063d220f8b9a807f21b35c2928,invoiced,2018-03-01 19:31:55,2018-04-02,,OUTCOME_UNOBSERVED_BY_DATASET_END
7f59962b8f02ca840674b28f1b9cda2b,processing,2018-03-12 15:45:41,2018-04-06,,OUTCOME_UNOBSERVED_BY_DATASET_END
85e7df94996cce9657127b63f379ac14,processing,2017-12-15 18:18:38,2018-01-18,,OUTCOME_UNOBSERVED_BY_DATASET_END
913677abacbcdc2b2f18b3ec362a0cdd,canceled,2017-04-09 11:42:18,2017-05-16,,NOT_APPLICABLE_TERMINAL_NON_DELIVERY
9a6c669a7f59b8d550c7a68fb1ab559f,shipped,2017-07-06 17:56:50,2017-08-01,,OUTCOME_UNOBSERVED_BY_DATASET_END
f72322b96b8a40b181a18018f99d72a4,shipped,2017-08-28 20:12:09,2017-09-08,,OUTCOME_UNOBSERVED_BY_DATASET_END
1c851b2d3587fe02888b58c64fbc1ab0,unavailable,2018-01-09 16:25:08,2018-01-23,,NOT_APPLICABLE_TERMINAL_NON_DELIVERY
32c75dfb830b25a968cfd39e54d315a3,unavailable,2017-11-07 15:40:54,2017-12-07,,NOT_APPLICABLE_TERMINAL_NON_DELIVERY
7c933084ae34df732cfb3b47968b1666,shipped,2017-01-14 12:17:10,2017-02-22,,OUTCOME_UNOBSERVED_BY_DATASET_END
4bf1d1a9c60312c2e96fb9dd209e69d3,shipped,2018-01-17 08:05:03,2018-02-01,,OUTCOME_UNOBSERVED_BY_DATASET_END
cd6f283a1308f75b894c315359b521d7,shipped,2018-04-30 09:49:23,2018-05-14,,OUTCOME_UNOBSERVED_BY_DATASET_END
39841bda2ced6b58fb455964b6ad0f05,shipped,2017-06-18 00:27:16,2017-07-05,,OUTCOME_UNOBSERVED_BY_DATASET_END
28bc8f33c194dd4f636717ef490d0921,shipped,2018-02-26 12:08:26,2018-03-12,,OUTCOME_UNOBSERVED_BY_DATASET_END
cdd37a2cbee3ccf5fb245f4e19971f31,shipped,2017-09-08 08:25:19,2017-09-28,,OUTCOME_UNOBSERVED_BY_DATASET_END
2177c383835d2102aaffabf80638aa19,processing,2017-05-09 11:01:12,2017-06-14,,OUTCOME_UNOBSERVED_BY_DATASET_END
127f3dbf0dfc0da17005ba12e05d988c,canceled,2017-04-27 18:28:20,2017-06-16,,NOT_APPLICABLE_TERMINAL_NON_DELIVERY
cb2e2bf4d2990911417af94995df6adf,shipped,2018-04-30 20:02:51,2018-05-25,,OUTCOME_UNOBSERVED_BY_DATASET_END
6ec704c9a120baaa6b3e162255ec684b,unavailable,2017-12-30 10:52:01,2018-01-30,,NOT_APPLICABLE_TERMINAL_NON_DELIVERY
3d2d939521e7bcf1be4b407ff2690e5f,shipped,2017-11-24 18:44:16,2017-12-22,,OUTCOME_UNOBSERVED_BY_DATASET_END
22ca2c0914d6a325764b5d09f54c1c00,shipped,2017-03-11 09:44:32,2017-03-31,,OUTCOME_UNOBSERVED_BY_DATASET_END
eaec582d6403b30186964f6df957047e,shipped,2018-03-21 23:45:08,2018-04-19,,OUTCOME_UNOBSERVED_BY_DATASET_END
d730d8d0ea3149120703933fdf98b2d4,shipped,2017-01-13 20:12:41,2017-02-09,,OUTCOME_UNOBSERVED_BY_DATASET_END
ee18e41d0d059cc434a43e62e3352c40,shipped,2017-11-18 17:32:51,2017-12-07,,OUTCOME_UNOBSERVED_BY_DATASET_END
dd359d3c294458c6d642b2eea9212bf5,invoiced,2016-10-04 13:02:10,2016-11-24,,OUTCOME_UNOBSERVED_BY_DATASET_END
597793d262bf35d4ff6b50360f836d82,shipped,2017-07-06 12:55:44,2017-08-11,,OUTCOME_UNOBSERVED_BY_DATASET_END
4a444b385541349263bc8ab5a26a54c4,invoiced,2017-08-15 10:22:51,2017-09-04,,OUTCOME_UNOBSERVED_BY_DATASET_END
a3b14686446d3401d67a3421891c34a3,unavailable,2018-02-09 14:00:02,2018-03-21,,NOT_APPLICABLE_TERMINAL_NON_DELIVERY
1856dd06ccd053bf3456e3d5bf73f2e3,invoiced,2017-09-30 20:12:05,2017-10-27,,OUTCOME_UNOBSERVED_BY_DATASET_END
dd6eb2d6d50c1539804511adb0e4fa41,unavailable,2017-08-13 23:23:00,2017-09-01,,NOT_APPLICABLE_TERMINAL_NON_DELIVERY
09f541f117ac3f665dc3aad6d3bb8fc9,canceled,2017-04-20 14:54:24,2017-05-19,,NOT_APPLICABLE_TERMINAL_NON_DELIVERY
9bbaeca96f9c4a3be4aa32aefcd1cd11,shipped,2018-08-04 14:30:06,2018-08-14,,OUTCOME_UNOBSERVED_BY_DATASET_END
c75e9a685439f75e990bcf13443f02c5,processing,2017-09-30 16:28:52,2017-10-24,,OUTCOME_UNOBSERVED_BY_DATASET_END
4eeb109daa183a813c95015270bf4358,shipped,2017-12-17 13:34:57,2018-01-05,,OUTCOME_UNOBSERVED_BY_DATASET_END
e051052721cb64f972da9bf551be79e4,invoiced,2017-09-19 09:02:15,2017-10-09,,OUTCOME_UNOBSERVED_BY_DATASET_END
6f0bbdaf91746e96253d10fe7e374f7d,invoiced,2018-08-05 17:18:30,2018-08-09,,OUTCOME_UNOBSERVED_BY_DATASET_END
e69f75a717d64fc5ecdfae42b2e8e086,delivered,2018-07-01 22:05:55,2018-07-30,,OUTCOME_UNOBSERVED_BY_DATASET_END
1a47da1d66c70489c8e35fe2b5433ab7,unavailable,2016-10-07 18:16:31,2016-12-07,,NOT_APPLICABLE_TERMINAL_NON_DELIVERY
4a1c879db7056f078a037fdf72b6d0fc,unavailable,2018-07-10 19:11:10,2018-07-26,,NOT_APPLICABLE_TERMINAL_NON_DELIVERY
2efab00b70c96a73f5fed910d373957a,canceled,2017-12-24 10:07:19,2018-01-19,,NOT_APPLICABLE_TERMINAL_NON_DELIVERY
9823d62e92fd7b2e7fb1dfe0e83c5ab3,processing,2018-04-11 10:45:26,2018-04-27,,OUTCOME_UNOBSERVED_BY_DATASET_END
363298a11fe308fc97c376a8a9707a2b,invoiced,2018-05-19 19:12:08,2018-06-22,,OUTCOME_UNOBSERVED_BY_DATASET_END
cc12de2df2defa0f3352ae0d4bd2ffa2,shipped,2018-05-13 11:11:05,2018-06-05,,OUTCOME_UNOBSERVED_BY_DATASET_END
ddeb944cad8c597ee45d421a640f164e,processing,2018-01-15 06:16:49,2018-02-14,,OUTCOME_UNOBSERVED_BY_DATASET_END
457afd8c764234eb93f7a25268578440,canceled,2017-08-14 22:13:14,2017-09-20,,NOT_APPLICABLE_TERMINAL_NON_DELIVERY
c9fff6f42450201f1c5b500726598c70,invoiced,2017-09-21 13:12:56,2017-10-20,,OUTCOME_UNOBSERVED_BY_DATASET_END
ee11405a850edd187af2fb6e1771bcdb,unavailable,2017-03-01 16:20:27,2017-04-06,,NOT_APPLICABLE_TERMINAL_NON_DELIVERY
79b690847d556fdcccfe7dfdd9d77dd4,shipped,2018-04-06 19:15:26,2018-05-10,,OUTCOME_UNOBSERVED_BY_DATASET_END
ceb533871105f7cda81fafc19e1ee38e,unavailable,2017-10-20 07:33:11,2017-11-10,,NOT_APPLICABLE_TERMINAL_NON_DELIVERY
ae83ac701e482df677985b4dfe2960dc,shipped,2017-05-15 21:33:28,2017-05-26,,OUTCOME_UNOBSERVED_BY_DATASET_END
47282cfe5747c1c19920f090e491d285,canceled,2018-08-23 12:38:08,2018-09-06,,NOT_APPLICABLE_TERMINAL_NON_DELIVERY
ccbd198eb55e22f3b2240d1605961c5f,unavailable,2017-07-07 13:24:00,2017-07-31,,NOT_APPLICABLE_TERMINAL_NON_DELIVERY
f1faa948ad7764d64dff89bdcd2b88fa,shipped,2018-03-21 22:02:42,2018-04-11,,OUTCOME_UNOBSERVED_BY_DATASET_END
e137acc00a73478b179ca50de0176bbb,invoiced,2018-07-18 15:28:39,2018-08-13,,OUTCOME_UNOBSERVED_BY_DATASET_END
4a6c07557205c5dbdeae7e289af5c1c6,canceled,2017-11-28 13:09:13,2017-12-19,,NOT_APPLICABLE_TERMINAL_NON_DELIVERY
78c0a28679d359bd04124988a2e04bac,shipped,2018-04-24 22:14:06,2018-05-24,,OUTCOME_UNOBSERVED_BY_DATASET_END
c9843bbe46c6789de67e9b2ca521d5d2,shipped,2018-05-11 18:33:00,2018-06-01,,OUTCOME_UNOBSERVED_BY_DATASET_END
b47f53f735ee76b0f07d10b4525d564e,shipped,2018-02-13 12:25:11,2018-03-07,,OUTCOME_UNOBSERVED_BY_DATASET_END
20085191cbcabee83a2016eb4a9fbf21,unavailable,2018-02-26 09:54:44,2018-03-16,,NOT_APPLICABLE_TERMINAL_NON_DELIVERY
85753864d88f4986b209b6e2b035fd3b,shipped,2018-01-05 15:22:44,2018-02-05,,OUTCOME_UNOBSERVED_BY_DATASET_END
152c2472d13abe1c989b66d0a8c2dac9,processing,2017-10-15 14:58:12,2017-12-11,,OUTCOME_UNOBSERVED_BY_DATASET_END
05c63e6b53127320a7768d19898ac320,shipped,2017-09-26 07:53:38,2017-10-25,,OUTCOME_UNOBSERVED_BY_DATASET_END
00daac8efd71674d62356c2a306d1e4c,unavailable,2017-11-21 19:20:25,2017-12-12,,NOT_APPLICABLE_TERMINAL_NON_DELIVERY
05a0f6d062da2d6c66fa846737770d35,shipped,2018-01-22 19:12:05,2018-02-19,,OUTCOME_UNOBSERVED_BY_DATASET_END
becd371fde115e16f5a63f7f9db1a5a9,processing,2017-11-25 01:15:04,2017-12-21,,OUTCOME_UNOBSERVED_BY_DATASET_END
8ac55ad4ce4706e06f7284f61746503a,unavailable,2017-08-13 17:33:09,2017-09-06,,NOT_APPLICABLE_TERMINAL_NON_DELIVERY
8ba3b1fe7aa3cefdeb39bbc9a822b1cf,shipped,2018-05-06 21:07:07,2018-05-28,,OUTCOME_UNOBSERVED_BY_DATASET_END
31c48fb282a0daf35c1aceadc0231bc1,shipped,2018-01-23 18:28:10,2018-02-16,,OUTCOME_UNOBSERVED_BY_DATASET_END
2f3da8000c481dbb2a71c9a5a756d701,processing,2018-03-15 14:49:50,2018-04-10,,OUTCOME_UNOBSERVED_BY_DATASET_END
25273b22ff54701a1030f32669e15d07,shipped,2018-05-09 22:09:46,2018-06-01,,OUTCOME_UNOBSERVED_BY_DATASET_END
4f259869d5c650af6f847b027032515b,canceled,2018-04-28 19:25:30,2018-05-09,,NOT_APPLICABLE_TERMINAL_NON_DELIVERY
2cc93fd6f68e6cfcb968814de8a14296,shipped,2017-10-11 18:25:49,2017-10-26,,OUTCOME_UNOBSERVED_BY_DATASET_END
442be05839341a530c60503334ac0488,invoiced,2017-09-21 12:50:17,2017-10-17,,OUTCOME_UNOBSERVED_BY_DATASET_END
1ad22e16129698e1a3cc11e4350d2cb7,canceled,2018-09-12 15:32:16,2018-09-26,,NOT_APPLICABLE_TERMINAL_NON_DELIVERY
387f9402f82c83ab40342b5c6b00a09d,invoiced,2018-04-22 21:14:16,2018-05-09,,OUTCOME_UNOBSERVED_BY_DATASET_END
824fa8179b9911d58831e0b09eedde13,processing,2017-07-22 00:37:21,2017-08-08,,OUTCOME_UNOBSERVED_BY_DATASET_END
01e7cf79ff6fdb0a65634f714c67dd24,canceled,2018-02-15 14:58:55,2018-03-07,,NOT_APPLICABLE_TERMINAL_NON_DELIVERY
2b0edc4c59d83dcef85466718c36a317,unavailable,2017-09-29 19:17:10,2017-10-17,,NOT_APPLICABLE_TERMINAL_NON_DELIVERY
d29a401d12ff3433597a0aa1d17d37ba,shipped,2018-04-20 20:14:41,2018-05-16,,OUTCOME_UNOBSERVED_BY_DATASET_END
d785a3d0046f381b43dd7b218998b06a,unavailable,2017-11-11 15:18:25,2017-11-27,,NOT_APPLICABLE_TERMINAL_NON_DELIVERY
1d211ed3ac0f4b3a52d4fb038f02da04,invoiced,2018-03-29 09:57:50,2018-04-11,,OUTCOME_UNOBSERVED_BY_DATASET_END
bc8af8ba87a87d3c5210f3ad3de3f659,shipped,2017-04-25 17:43:34,2017-05-31,,OUTCOME_UNOBSERVED_BY_DATASET_END
c53079ef16fa59b2fec31f6f48dfd186,invoiced,2017-10-24 15:12:12,2017-12-04,,OUTCOME_UNOBSERVED_BY_DATASET_END
c021ea4a80ce0d1bce358a2f831c34db,canceled,2018-08-07 15:40:54,2018-09-06,,NOT_APPLICABLE_TERMINAL_NON_DELIVERY
40fd591202d04d78c987cfc6990ad237,unavailable,2017-09-24 15:58:12,2017-10-18,,NOT_APPLICABLE_TERMINAL_NON_DELIVERY
9365bcfea1b55fac36333fe520a9a53a,invoiced,2017-05-05 15:52:18,2017-05-31,,OUTCOME_UNOBSERVED_BY_DATASET_END
67b0f3d0a405fc007841f73f2792323b,unavailable,2018-07-30 21:40:41,2018-08-03,,NOT_APPLICABLE_TERMINAL_NON_DELIVERY
f69ae31bce06a78d626762b53067c7e0,invoiced,2016-10-06 00:12:47,2016-12-02,,OUTCOME_UNOBSERVED_BY_DATASET_END
14cfc006132ad861a3d1b6c7bb9fd8a6,canceled,2018-05-01 11:45:29,2018-05-18,,NOT_APPLICABLE_TERMINAL_NON_DELIVERY
304e8cf62306a897106fd54ccfcc88bc,shipped,2018-04-20 11:58:38,2018-05-15,,OUTCOME_UNOBSERVED_BY_DATASET_END
31c672e3859d5d55d460ea8dbc39053d,unavailable,2017-02-13 13:56:12,2017-03-14,,NOT_APPLICABLE_TERMINAL_NON_DELIVERY
c2f065051bb7c9e7f88ebc998f332968,shipped,2018-07-31 13:09:16,2018-08-09,,OUTCOME_UNOBSERVED_BY_DATASET_END
77123692722eeb90408b713bf016651f,shipped,2018-02-23 12:18:03,2018-04-17,,OUTCOME_UNOBSERVED_BY_DATASET_END
8d5522903eb78728024e688cd6ee9dbf,shipped,2017-07-03 07:46:05,2017-08-02,,OUTCOME_UNOBSERVED_BY_DATASET_END
7b2224d2541bc6874a3767724399a203,processing,2017-12-11 16:20:06,2018-01-08,,OUTCOME_UNOBSERVED_BY_DATASET_END
3a40d639b7d8167f255bbb2b7372cddd,unavailable,2017-10-17 15:17:53,2017-11-10,,NOT_APPLICABLE_TERMINAL_NON_DELIVERY
67384817c871ae183b24f9a0a6eb9bbc,shipped,2018-01-25 12:12:37,2018-03-01,,OUTCOME_UNOBSERVED_BY_DATASET_END
d17cbd88da86748917f52864d1be98d0,unavailable,2018-02-20 19:08:46,2018-03-15,,NOT_APPLICABLE_TERMINAL_NON_DELIVERY
a6ddd2889891733e0af306332c71a3b8,invoiced,2018-02-14 13:38:46,2018-03-16,,OUTCOME_UNOBSERVED_BY_DATASET_END
983e16bfbe23e60f23a6fcb9c4792204,canceled,2017-03-27 08:24:03,2017-04-20,,NOT_APPLICABLE_TERMINAL_NON_DELIVERY
1f470619dfff4da277b0dcd34e47329c,invoiced,2017-04-20 10:38:50,2017-05-16,,OUTCOME_UNOBSERVED_BY_DATASET_END
e40d016b1ae85a70208463f0969fcfce,shipped,2018-03-10 21:45:45,2018-03-28,,OUTCOME_UNOBSERVED_BY_DATASET_END
75a696c48d81aa753f8913252a4cda3d,shipped,2017-09-26 15:18:46,2017-11-06,,OUTCOME_UNOBSERVED_BY_DATASET_END
ed83f6065ae47112c8cfbd22e231b6d8,invoiced,2016-10-08 11:47:15,2016-11-30,,OUTCOME_UNOBSERVED_BY_DATASET_END
02ec4da9d03014f06d711d60eb37cc22,shipped,2017-04-28 12:32:56,2017-05-24,,OUTCOME_UNOBSERVED_BY_DATASET_END
d3afe40f7060b3287d948a6bdea42687,canceled,2018-02-05 22:13:02,2018-02-21,,NOT_APPLICABLE_TERMINAL_NON_DELIVERY
998b90bcfc77ff711912c1c14dcff885,canceled,2017-07-05 21:56:09,2017-07-27,,NOT_APPLICABLE_TERMINAL_NON_DELIVERY
91427fef1ca1431d3d86d7bcd0b51ebc,unavailable,2017-09-29 12:00:01,2017-10-20,,NOT_APPLICABLE_TERMINAL_NON_DELIVERY
4ef814b619124dbb1a4d972c5c8c5446,invoiced,2017-04-11 15:53:25,2017-05-03,,OUTCOME_UNOBSERVED_BY_DATASET_END
7737b48ac906ed0be3c192bb1fc4c4ef,invoiced,2018-08-07 09:48:08,2018-08-14,,OUTCOME_UNOBSERVED_BY_DATASET_END
27b7289530871ba2c68509ec562b1544,unavailable,2017-01-31 14:54:29,2017-03-09,,NOT_APPLICABLE_TERMINAL_NON_DELIVERY
5e5bd74a101cada2c740d753d8257c53,shipped,2017-11-28 20:48:08,2017-12-20,,OUTCOME_UNOBSERVED_BY_DATASET_END
e22f8395265cb423def2d5c028f0f34b,canceled,2017-12-01 01:42:22,2017-12-28,,NOT_APPLICABLE_TERMINAL_NON_DELIVERY
1f5833c59dc618d2d3b9072f51195d16,unavailable,2017-04-29 09:42:12,2017-05-23,,NOT_APPLICABLE_TERMINAL_NON_DELIVERY
93881917b8e0f2bf11eec7abbbfe43ec,unavailable,2018-08-11 21:38:00,2018-08-21,,NOT_APPLICABLE_TERMINAL_NON_DELIVERY
ab76f54a321a0431ef243b3b6865078b,canceled,2018-02-04 12:25:42,2018-02-21,,NOT_APPLICABLE_TERMINAL_NON_DELIVERY
3ac2529f6e36838d812d40688453abff,canceled,2018-02-21 01:04:12,2018-03-12,,NOT_APPLICABLE_TERMINAL_NON_DELIVERY
657467884d9a109179d820f67575db18,canceled,2017-02-16 11:29:08,2017-04-18,,NOT_APPLICABLE_TERMINAL_NON_DELIVERY
4bd0d8aa4756f78245bd56015d4ddcc0,unavailable,2018-08-11 11:56:24,2018-08-27,,NOT_APPLICABLE_TERMINAL_NON_DELIVERY
f176aee590391777b0e99737c30315de,shipped,2018-05-08 16:43:48,2018-05-29,,OUTCOME_UNOBSERVED_BY_DATASET_END
b98477e7b8005fa7e969d10ad7992515,shipped,2017-11-25 10:43:04,2017-12-18,,OUTCOME_UNOBSERVED_BY_DATASET_END
fa94c44f1539dcab4c8b936951d319d6,shipped,2018-07-08 20:02:19,2018-08-17,,OUTCOME_UNOBSERVED_BY_DATASET_END
8f4d9ae2f2a9008353f4295f2985ad76,shipped,2017-03-01 20:07:16,2017-04-25,,OUTCOME_UNOBSERVED_BY_DATASET_END
51bda649419be0084a39cb53e9c6f262,unavailable,2017-11-17 13:16:42,2017-11-30,,NOT_APPLICABLE_TERMINAL_NON_DELIVERY
c05e92bb9bfed43c6e5b6d3723fbcc2f,shipped,2018-06-16 19:26:26,2018-07-27,,OUTCOME_UNOBSERVED_BY_DATASET_END
e494900a6693d977c31d920fc2b37583,invoiced,2017-04-09 18:43:36,2017-05-17,,OUTCOME_UNOBSERVED_BY_DATASET_END
1170def5f575ee492231108cb5185570,shipped,2018-05-06 07:09:28,2018-05-29,,OUTCOME_UNOBSERVED_BY_DATASET_END
6814e5323f3559890d60955f42d2c8d7,shipped,2017-03-22 06:33:39,2017-04-12,,OUTCOME_UNOBSERVED_BY_DATASET_END
3e7ca74af2e30d9f16183f5c9d65ef85,unavailable,2017-08-13 13:53:18,2017-09-01,,NOT_APPLICABLE_TERMINAL_NON_DELIVERY
830b3434635cb599ae37e17e90f2d0e8,processing,2017-10-15 19:43:16,2017-11-08,,OUTCOME_UNOBSERVED_BY_DATASET_END
2e83b6485b7379a38d52f8cbb8a1bcc7,shipped,2017-07-11 23:03:55,2017-08-07,,OUTCOME_UNOBSERVED_BY_DATASET_END
8d7e1e66103b85e9ab12cb65dafdf0e3,unavailable,2017-03-25 20:36:01,2017-05-04,,NOT_APPLICABLE_TERMINAL_NON_DELIVERY
86c0740485510bc8dd381cc668a616e7,shipped,2017-09-18 15:59:21,2017-10-10,,OUTCOME_UNOBSERVED_BY_DATASET_END
bc6bbd933ea8d286847d6eb88c6083ed,invoiced,2018-08-03 16:31:05,2018-08-22,,OUTCOME_UNOBSERVED_BY_DATASET_END
5c76ad49e8b5c226ae27a1ef944f7e58,shipped,2018-03-15 21:31:56,2018-04-03,,OUTCOME_UNOBSERVED_BY_DATASET_END
2ec030d65d7742d4afb8df93dd86ba76,unavailable,2017-03-06 10:24:34,2017-04-06,,NOT_APPLICABLE_TERMINAL_NON_DELIVERY
f669398378944e9e9cfc10894031666f,shipped,2018-07-27 10:09:43,2018-08-09,,OUTCOME_UNOBSERVED_BY_DATASET_END
de69cf4dccde4da4632bc662829f19b0,shipped,2017-09-18 16:23:52,2017-09-28,,OUTCOME_UNOBSERVED_BY_DATASET_END
88b90300d5ba09ea058e45b94c98b808,canceled,2017-03-28 13:53:04,2017-04-19,,NOT_APPLICABLE_TERMINAL_NON_DELIVERY
8c3078b30ae073033c2ea0964a5ada96,shipped,2017-11-05 16:26:43,2017-11-29,,OUTCOME_UNOBSERVED_BY_DATASET_END
47880652c5245fbeccfe7a58e8d841e5,canceled,2017-08-28 14:56:13,2017-09-18,,NOT_APPLICABLE_TERMINAL_NON_DELIVERY
2da6df6ecc3f69f3642ce1fafad85d5a,invoiced,2018-08-07 22:22:53,2018-08-15,,OUTCOME_UNOBSERVED_BY_DATASET_END
a37c3175caa4465852b788987ca46d1a,unavailable,2017-10-09 19:39:21,2017-10-26,,NOT_APPLICABLE_TERMINAL_NON_DELIVERY
3e05465a5e1bf9c38832ed79a795e04c,processing,2017-05-23 12:55:16,2017-06-14,,OUTCOME_UNOBSERVED_BY_DATASET_END
524ce46da48efa23b92e2efe62168f87,shipped,2017-06-14 07:11:20,2017-07-19,,OUTCOME_UNOBSERVED_BY_DATASET_END
67d06af97696c95df2bb26acf82db637,invoiced,2018-08-09 17:18:57,2018-08-17,,OUTCOME_UNOBSERVED_BY_DATASET_END
a0f980e432c8f9394766734266ed753d,invoiced,2018-06-22 16:14:04,2018-07-05,,OUTCOME_UNOBSERVED_BY_DATASET_END
7d576f29bdf44b7857414baff1c788b1,unavailable,2017-11-12 17:34:16,2017-12-06,,NOT_APPLICABLE_TERMINAL_NON_DELIVERY
6b1684d215845905bb180301c9562738,invoiced,2018-03-15 20:26:18,2018-04-04,,OUTCOME_UNOBSERVED_BY_DATASET_END
9305a270ca278682f9c01c69a3cdfd9a,invoiced,2017-09-23 20:26:43,2017-10-25,,OUTCOME_UNOBSERVED_BY_DATASET_END
4472eca3b65b1dca5e0d59c0e4e0c6bc,canceled,2018-02-10 07:39:19,2018-02-26,,NOT_APPLICABLE_TERMINAL_NON_DELIVERY
821c1b3c87d17a24efad81096bee5f09,canceled,2017-10-21 17:39:23,2017-11-03,,NOT_APPLICABLE_TERMINAL_NON_DELIVERY
667a6d329a62f026cfb2e41a6510a858,canceled,2018-02-27 10:12:23,2018-03-13,,NOT_APPLICABLE_TERMINAL_NON_DELIVERY
18566c7a35287580c5ae220d2e5c84f4,processing,2017-10-09 15:58:32,2017-10-31,,OUTCOME_UNOBSERVED_BY_DATASET_END
b7c0d5af4a5a6374adedc4dd9ab21923,unavailable,2018-01-01 23:50:58,2018-01-18,,NOT_APPLICABLE_TERMINAL_NON_DELIVERY
453d6f15ae1c7406d6ec6a5ee3909b82,unavailable,2018-02-09 17:34:55,2018-03-05,,NOT_APPLICABLE_TERMINAL_NON_DELIVERY
8880e2d4468f5aae8e21b63115ce635f,shipped,2018-02-15 20:48:54,2018-03-12,,OUTCOME_UNOBSERVED_BY_DATASET_END
cb903ba48840fca21bc4c8a7382b4960,unavailable,2017-09-13 23:32:55,2017-10-02,,NOT_APPLICABLE_TERMINAL_NON_DELIVERY
d67b79fea59821fda4d363d337a56c3a,canceled,2018-08-14 11:17:20,2018-08-20,,NOT_APPLICABLE_TERMINAL_NON_DELIVERY
0d3268bad9b086af767785e3f0fc0133,delivered,2018-07-01 21:14:02,2018-07-24,,OUTCOME_UNOBSERVED_BY_DATASET_END
989b7ba45085e6ea528e597dafb40f99,processing,2017-03-04 14:08:26,2017-04-11,,OUTCOME_UNOBSERVED_BY_DATASET_END
b3f78acb69b2fca2335a0da9c6615c6b,shipped,2017-04-28 11:21:09,2017-05-22,,OUTCOME_UNOBSERVED_BY_DATASET_END
6ed2677778c1c83cac211c10199cb7a2,shipped,2018-03-10 15:43:11,2018-04-02,,OUTCOME_UNOBSERVED_BY_DATASET_END
259fe605870f08ddf83ebb61f204b9e1,unavailable,2017-08-17 08:58:59,2017-09-06,,NOT_APPLICABLE_TERMINAL_NON_DELIVERY
77e356fe102e0bcabbd2bd066328f801,shipped,2017-03-15 18:49:46,2017-04-19,,OUTCOME_UNOBSERVED_BY_DATASET_END
55f1a7153e4d67447465073ad9490f04,unavailable,2017-12-04 13:14:31,2018-01-02,,NOT_APPLICABLE_TERMINAL_NON_DELIVERY
b7ee003a15e0771e300ba4fa565c1cde,shipped,2017-06-06 22:31:52,2017-06-27,,OUTCOME_UNOBSERVED_BY_DATASET_END
71303d7e93b399f5bcd537d124c0bcfa,canceled,2016-10-02 22:07:52,2016-10-25,,NOT_APPLICABLE_TERMINAL_NON_DELIVERY
2b174fe50fe22617055b7220b4b43c26,shipped,2018-04-07 16:47:06,2018-05-02,,OUTCOME_UNOBSERVED_BY_DATASET_END
4acae38053fac34d667306b2de1445ee,invoiced,2017-11-23 11:46:27,2017-12-05,,OUTCOME_UNOBSERVED_BY_DATASET_END
3feb799ce0a45e25a33828bff05ae553,processing,2017-12-04 10:15:06,2017-12-28,,OUTCOME_UNOBSERVED_BY_DATASET_END
742b5d98b8903f6f6a0af740ddd60f2c,unavailable,2017-02-14 17:33:54,2017-03-13,,NOT_APPLICABLE_TERMINAL_NON_DELIVERY
02a0eb7c22b0616c767a45954a2a28f6,invoiced,2016-10-09 10:34:58,2016-12-12,,OUTCOME_UNOBSERVED_BY_DATASET_END
4198d0f2bb36652e0d18c1f7bbf3b6af,invoiced,2018-04-16 11:17:01,2018-05-03,,OUTCOME_UNOBSERVED_BY_DATASET_END
fdd647b689626410b725d1cce2ddf37c,processing,2017-12-04 10:09:35,2018-01-05,,OUTCOME_UNOBSERVED_BY_DATASET_END
0ac17fe2ba4ec29a3914030b7009119d,shipped,2017-02-22 10:21:56,2017-03-21,,OUTCOME_UNOBSERVED_BY_DATASET_END
553379bf1f6c95489ae135f97327fd91,shipped,2017-04-17 00:10:48,2017-05-10,,OUTCOME_UNOBSERVED_BY_DATASET_END
e6152cd6ca627fc4f0f5deddea24f7c2,unavailable,2017-11-29 13:23:16,2017-12-13,,NOT_APPLICABLE_TERMINAL_NON_DELIVERY
56dc63a3acc55198e59e64a07cb6db7f,processing,2018-03-16 19:11:43,2018-03-28,,OUTCOME_UNOBSERVED_BY_DATASET_END
2e823fe077401bf3d30b8a47e324571f,invoiced,2017-02-15 14:38:14,2017-03-22,,OUTCOME_UNOBSERVED_BY_DATASET_END
52b7f26dd95604cb836ba17f96a6b056,unavailable,2017-07-05 05:55:39,2017-07-18,,NOT_APPLICABLE_TERMINAL_NON_DELIVERY
50503051a38d8ee049d1226032c7d82d,unavailable,2017-12-05 10:13:03,2018-01-03,,NOT_APPLICABLE_TERMINAL_NON_DELIVERY
fd01599ab4ac4b1c1f5a5d16a7871d72,unavailable,2017-12-08 09:45:27,2018-01-11,,NOT_APPLICABLE_TERMINAL_NON_DELIVERY
5fa64c45b0cb986d05533f91c67c801e,canceled,2017-10-01 08:15:15,2017-10-24,,NOT_APPLICABLE_TERMINAL_NON_DELIVERY
5517dcebf1ab177978bae7e7c66de1b6,canceled,2017-04-27 12:57:53,2017-05-29,,NOT_APPLICABLE_TERMINAL_NON_DELIVERY
129ea9ae4b85283decb23ea1756f505d,canceled,2018-08-09 08:09:33,2018-09-25,,NOT_APPLICABLE_TERMINAL_NON_DELIVERY
ed3b18e876bbc16bfe330cd934aa0f68,canceled,2017-09-11 20:07:36,2017-10-02,,NOT_APPLICABLE_TERMINAL_NON_DELIVERY
0444bf76794ff96fd22fff6be21bdb6a,shipped,2017-12-20 11:22:58,2018-01-22,,OUTCOME_UNOBSERVED_BY_DATASET_END
42ffa304e7e734f00e981f377dd18640,shipped,2017-05-06 14:29:00,2017-06-02,,OUTCOME_UNOBSERVED_BY_DATASET_END
f8812e9ef9494484aad51ddcd52ed382,shipped,2018-06-09 20:40:23,2018-06-26,,OUTCOME_UNOBSERVED_BY_DATASET_END
57a82f32fdb1ce036662861d8dbb6a6b,canceled,2017-11-20 21:36:39,2017-12-01,,NOT_APPLICABLE_TERMINAL_NON_DELIVERY
596288a27579ad1fec1d704efe7d9ab7,canceled,2017-08-30 18:48:01,2017-09-12,,NOT_APPLICABLE_TERMINAL_NON_DELIVERY
2fd1c83dd4714cf3cf796fffb6c8de62,unavailable,2016-10-05 17:21:29,2016-11-29,,NOT_APPLICABLE_TERMINAL_NON_DELIVERY
eb45ce36240dbf895bef98be0d1a85d3,invoiced,2016-10-07 08:49:03,2016-12-09,,OUTCOME_UNOBSERVED_BY_DATASET_END
a0e71b06151dd529dd0d71f578cd3457,unavailable,2017-11-05 20:59:18,2017-11-27,,NOT_APPLICABLE_TERMINAL_NON_DELIVERY
f7dca277a6bb273200598f0e36319d94,canceled,2018-03-28 15:49:07,2018-04-20,,NOT_APPLICABLE_TERMINAL_NON_DELIVERY
9f0e70e8d046d9e0626bbdaf1aff88c4,canceled,2018-01-24 12:12:58,2018-03-06,,NOT_APPLICABLE_TERMINAL_NON_DELIVERY
471ca99c77519c786c0b63a0933b4b06,invoiced,2017-06-10 02:09:35,2017-07-05,,OUTCOME_UNOBSERVED_BY_DATASET_END
30d7af26cb5f8577b5c6a0164dc814c5,canceled,2018-07-26 12:45:33,2018-08-07,,NOT_APPLICABLE_TERMINAL_NON_DELIVERY
00a500bc03bc4ec968e574c2553bed4b,unavailable,2017-11-23 10:53:01,2018-01-08,,NOT_APPLICABLE_TERMINAL_NON_DELIVERY
843be4a0dcdb9716de7652d53af4acab,shipped,2017-07-18 09:57:34,2017-08-10,,OUTCOME_UNOBSERVED_BY_DATASET_END
174c83fcd9eb7abaaba69d49ea92ba96,processing,2017-09-20 16:36:47,2017-10-16,,OUTCOME_UNOBSERVED_BY_DATASET_END
18c528b07b50f67122420d4b645dc84c,unavailable,2017-10-25 13:37:41,2017-11-10,,NOT_APPLICABLE_TERMINAL_NON_DELIVERY
e166acfe96bd9d1f25a6c905d7ca39fd,canceled,2017-08-12 14:01:23,2017-09-05,,NOT_APPLICABLE_TERMINAL_NON_DELIVERY
ddb580e0827e6b997875e7b5612b8093,unavailable,2017-07-17 21:00:11,2017-08-04,,NOT_APPLICABLE_TERMINAL_NON_DELIVERY
eb4d645f0a565f91e489a626b9b22334,invoiced,2018-08-07 13:47:04,2018-08-13,,OUTCOME_UNOBSERVED_BY_DATASET_END
9a94ba1f0117af7f8ff3a87cfb5b7054,processing,2017-11-15 11:59:45,2017-12-12,,OUTCOME_UNOBSERVED_BY_DATASET_END
3fb8682db347b51435096bfdfa799825,shipped,2018-07-05 11:39:35,2018-08-07,,OUTCOME_UNOBSERVED_BY_DATASET_END
69b0633a7da27b8044d4d706a557f472,shipped,2018-01-02 23:55:09,2018-01-31,,OUTCOME_UNOBSERVED_BY_DATASET_END
dd754ce1eba588bc6e8abfe24e08e791,shipped,2017-06-16 15:46:07,2017-07-06,,OUTCOME_UNOBSERVED_BY_DATASET_END
ef59d0e720795bd288acef80bd96d2cc,invoiced,2017-01-30 21:56:11,2017-03-15,,OUTCOME_UNOBSERVED_BY_DATASET_END
45863486f903e4fbfe9a18dd7aebb8d3,canceled,2017-10-20 16:14:06,2017-11-01,,NOT_APPLICABLE_TERMINAL_NON_DELIVERY
aa258c22c28dfa03522e7997c426e627,shipped,2018-08-10 13:02:31,2018-08-27,,OUTCOME_UNOBSERVED_BY_DATASET_END
3528ffd028404de1b01011b8c799bd6a,shipped,2017-09-21 22:22:18,2017-10-25,,OUTCOME_UNOBSERVED_BY_DATASET_END
ef2926195d9d46ab02a86647edb201ee,shipped,2017-05-29 15:37:28,2017-06-22,,OUTCOME_UNOBSERVED_BY_DATASET_END
97abc984480b7b063adb9e32e8bdbcde,processing,2017-05-05 03:00:07,2017-06-13,,OUTCOME_UNOBSERVED_BY_DATASET_END
750fac445e827530d79e0a2050dbcd9c,shipped,2018-08-12 10:12:40,2018-08-22,,OUTCOME_UNOBSERVED_BY_DATASET_END
897b4da63b6edde1a33a9fb7caf1dd10,unavailable,2018-07-30 07:38:21,2018-08-16,,NOT_APPLICABLE_TERMINAL_NON_DELIVERY
9a7e84a8e7529c1027405b02b74fe068,processing,2017-08-29 17:18:49,2017-09-25,,OUTCOME_UNOBSERVED_BY_DATASET_END
d0fcf3d6dcc18a5c4ac51f06a56ec683,canceled,2018-01-31 13:05:16,2018-03-07,,NOT_APPLICABLE_TERMINAL_NON_DELIVERY
a8b78b69f09b2a198f5a89c1897f8c72,canceled,2018-02-17 17:16:24,2018-03-13,,NOT_APPLICABLE_TERMINAL_NON_DELIVERY
d8a40a1358d3b2dca231abdaa566b054,unavailable,2017-01-25 01:20:19,2017-03-16,,NOT_APPLICABLE_TERMINAL_NON_DELIVERY
6b5ccf5385890198c54fa97afe4812bc,canceled,2018-01-30 13:37:28,2018-02-22,,NOT_APPLICABLE_TERMINAL_NON_DELIVERY
af6a9f579c74afeefcd5f32733c11a32,unavailable,2018-03-23 16:45:16,2018-04-05,,NOT_APPLICABLE_TERMINAL_NON_DELIVERY
9cef7eef349dd605b870fce05c57765f,shipped,2018-03-21 11:50:08,2018-04-12,,OUTCOME_UNOBSERVED_BY_DATASET_END
22a7f3846cb3968336eda252420a6920,shipped,2018-01-24 18:19:18,2018-03-01,,OUTCOME_UNOBSERVED_BY_DATASET_END
f062eadab4f6382208fe17ca7fbaaec3,shipped,2018-05-14 09:01:37,2018-05-30,,OUTCOME_UNOBSERVED_BY_DATASET_END
55965253f02e0f625cfd4efb9c0f4178,processing,2018-04-11 17:08:59,2018-04-23,,OUTCOME_UNOBSERVED_BY_DATASET_END
98464a5096e400810b94bb93f38924c9,canceled,2018-07-12 12:01:37,2018-08-07,,NOT_APPLICABLE_TERMINAL_NON_DELIVERY
a9491b6c990bc3b79967c5f058e46d8f,canceled,2018-08-16 13:07:32,2018-08-24,,NOT_APPLICABLE_TERMINAL_NON_DELIVERY
80a4a10c7eb09d49ba31fc55d4efa53c,shipped,2018-03-29 10:09:20,2018-04-17,,OUTCOME_UNOBSERVED_BY_DATASET_END
7d7bf3ee337c36ce012762da5f28f53a,invoiced,2016-10-07 10:46:03,2016-12-01,,OUTCOME_UNOBSERVED_BY_DATASET_END
ef6cae0913beb2c708d2305fa7c2764d,invoiced,2018-01-17 05:12:49,2018-02-02,,OUTCOME_UNOBSERVED_BY_DATASET_END
0cd059c0a0fa574521d20387f7156ed3,shipped,2017-08-12 16:31:47,2017-09-06,,OUTCOME_UNOBSERVED_BY_DATASET_END
96e78a16640bdff7370dd73cb821fc01,unavailable,2017-07-02 22:15:35,2017-07-14,,NOT_APPLICABLE_TERMINAL_NON_DELIVERY
7644fdc557b95c452791b3c1791efc08,unavailable,2017-11-24 11:02:33,2017-12-20,,NOT_APPLICABLE_TERMINAL_NON_DELIVERY
876ac30251a0518e1fd87b6ec049df00,unavailable,2017-07-27 12:37:27,2017-08-23,,NOT_APPLICABLE_TERMINAL_NON_DELIVERY
3cee2cdd98c20d7092569ca549afa958,shipped,2017-11-05 12:18:41,2017-12-05,,OUTCOME_UNOBSERVED_BY_DATASET_END
46eb75885eca03736c4188871c0a9ba3,canceled,2018-01-29 22:54:58,2018-02-23,,NOT_APPLICABLE_TERMINAL_NON_DELIVERY
00310b0c75bb13015ec4d82d341865a4,canceled,2018-08-15 14:29:08,2018-08-29,,NOT_APPLICABLE_TERMINAL_NON_DELIVERY
60a26e7da163421d81c18e6e23375ead,shipped,2017-07-01 15:25:21,2017-07-27,,OUTCOME_UNOBSERVED_BY_DATASET_END
b38c1ea8a0202a0c367fa61b498b1749,processing,2017-03-09 19:35:08,2017-04-11,,OUTCOME_UNOBSERVED_BY_DATASET_END
f8f45ebeb38088c44d98d201371ea345,canceled,2018-02-11 15:59:41,2018-03-09,,NOT_APPLICABLE_TERMINAL_NON_DELIVERY
b4bd3f1c1c19dd899d3a534abb0b8eb0,invoiced,2017-07-30 03:14:20,2017-08-23,,OUTCOME_UNOBSERVED_BY_DATASET_END
dc69158eb223d2e98bbaaba4c9f81c87,unavailable,2018-01-13 12:26:08,2018-02-15,,NOT_APPLICABLE_TERMINAL_NON_DELIVERY
6fbd65f0ae756ffd1692f812a7b411a4,shipped,2018-05-06 07:43:54,2018-06-08,,OUTCOME_UNOBSERVED_BY_DATASET_END
d1ca0c1c5f78ecd17ab721d805629eb7,invoiced,2017-06-02 09:45:29,2017-06-23,,OUTCOME_UNOBSERVED_BY_DATASET_END
6ed4f19dc97f2a4b5d0f15651247dbca,processing,2017-01-18 09:52:32,2017-02-28,,OUTCOME_UNOBSERVED_BY_DATASET_END
075cc7ce268544c780299db653d21467,unavailable,2018-04-20 09:39:52,2018-05-08,,NOT_APPLICABLE_TERMINAL_NON_DELIVERY
66a8d9453b15cd3fe5a7322ad363ad7f,invoiced,2017-05-14 18:25:10,2017-05-31,,OUTCOME_UNOBSERVED_BY_DATASET_END
5f2f7f1d1bdd3ca990d45003f8f3c522,shipped,2017-08-25 23:34:46,2017-09-22,,OUTCOME_UNOBSERVED_BY_DATASET_END
0c635f2fc897dc04b56643f997f25d33,shipped,2018-03-17 16:43:04,2018-04-17,,OUTCOME_UNOBSERVED_BY_DATASET_END
a9bfa6ed984d0688f6e53d537d9f69b0,canceled,2017-07-26 17:06:02,2017-08-08,,NOT_APPLICABLE_TERMINAL_NON_DELIVERY
d233c4818e81c8e59a0b974210ae88a7,processing,2017-09-26 13:02:12,2017-10-31,,OUTCOME_UNOBSERVED_BY_DATASET_END
0667c8670e40ad2783c71d45ceb361e0,unavailable,2017-08-27 20:25:18,2017-09-20,,NOT_APPLICABLE_TERMINAL_NON_DELIVERY
97c400db1c80dfef436580bfdb07a181,shipped,2018-03-19 22:33:16,2018-04-10,,OUTCOME_UNOBSERVED_BY_DATASET_END
75020ffff57f14ba95e2562980ae510f,unavailable,2017-09-19 17:40:29,2017-10-11,,NOT_APPLICABLE_TERMINAL_NON_DELIVERY
bc99558709784e3ae0b9f8dbff8c06f0,unavailable,2017-11-01 14:27:33,2017-11-14,,NOT_APPLICABLE_TERMINAL_NON_DELIVERY
b102b42cde7719ae4b7c0163cf4d7dbe,canceled,2018-08-29 10:15:27,2018-09-05,,NOT_APPLICABLE_TERMINAL_NON_DELIVERY
ee234bfd26ca588915483995d811c1d0,unavailable,2017-11-29 08:39:03,2017-12-21,,NOT_APPLICABLE_TERMINAL_NON_DELIVERY
c1dfbe8a3ce81f3fd38d2d5f50e84be6,shipped,2018-03-15 15:00:15,2018-04-10,,OUTCOME_UNOBSERVED_BY_DATASET_END
5caa25c9728cc479d73358c3cd899f08,processing,2017-06-06 21:42:04,2017-07-07,,OUTCOME_UNOBSERVED_BY_DATASET_END
2e3d96522c8c378d4135c12a65c977aa,shipped,2017-11-23 17:11:23,2017-12-18,,OUTCOME_UNOBSERVED_BY_DATASET_END
6f3772f092a98dfbb37265f3186ba374,canceled,2017-05-26 12:42:13,2017-06-09,,NOT_APPLICABLE_TERMINAL_NON_DELIVERY
45875d4bdc0209b3020175f4151d9850,canceled,2018-05-17 16:38:50,2018-05-29,,NOT_APPLICABLE_TERMINAL_NON_DELIVERY
457cb961f89e32569e2d9a737a65b3bb,canceled,2018-02-08 17:02:46,2018-03-16,,NOT_APPLICABLE_TERMINAL_NON_DELIVERY
f247ddbea2a3d9e88b688d08f946db4c,shipped,2018-01-16 01:25:39,2018-02-06,,OUTCOME_UNOBSERVED_BY_DATASET_END
ac446e82125c862fbe4c638d69f807bb,unavailable,2017-04-06 13:17:49,2017-04-28,,NOT_APPLICABLE_TERMINAL_NON_DELIVERY
b9112b92cb06978082fbe1e5576ad73b,shipped,2018-07-10 00:36:34,2018-07-19,,OUTCOME_UNOBSERVED_BY_DATASET_END
b45a8e6ce0030929914dfd68dd710586,shipped,2018-02-19 17:20:06,2018-03-20,,OUTCOME_UNOBSERVED_BY_DATASET_END
119d388c6a2ceb03620dcd86c45f65a5,canceled,2017-11-15 10:43:14,2017-12-05,,NOT_APPLICABLE_TERMINAL_NON_DELIVERY
dd91bcebe3c4f665242db31b800a2b59,shipped,2017-06-25 16:47:48,2017-07-07,,OUTCOME_UNOBSERVED_BY_DATASET_END
7d92b1e737c6ee25a66b4bddf1f8be8d,canceled,2017-09-01 22:43:44,2017-09-14,,NOT_APPLICABLE_TERMINAL_NON_DELIVERY
6c0c4ed997d520a3b737650e43c8e042,unavailable,2017-03-04 23:45:25,2017-03-29,,NOT_APPLICABLE_TERMINAL_NON_DELIVERY
8f2fade43847d13f64fb7b7a0667e03f,processing,2017-12-23 14:20:57,2018-01-30,,OUTCOME_UNOBSERVED_BY_DATASET_END
94aa3ae1cb5c1c152c6cc757b68bb659,unavailable,2017-09-26 15:31:52,2017-10-26,,NOT_APPLICABLE_TERMINAL_NON_DELIVERY
7ef2e75823b06b05aec1e71f3b2b22fa,shipped,2017-09-09 10:35:53,2017-10-04,,OUTCOME_UNOBSERVED_BY_DATASET_END
32bc13d17332ed4f07e360611c146b87,unavailable,2017-11-28 22:54:39,2017-12-20,,NOT_APPLICABLE_TERMINAL_NON_DELIVERY
28e1ea60cba1b06473eba84efa915385,processing,2017-12-02 20:47:50,2017-12-27,,OUTCOME_UNOBSERVED_BY_DATASET_END
10e080f0e43ef41f43b9ff6da4451835,unavailable,2017-03-02 21:27:17,2017-03-28,,NOT_APPLICABLE_TERMINAL_NON_DELIVERY
1b5c8fc44d61c185e5b3f00b73cc476f,shipped,2018-06-29 15:49:25,2018-08-03,,OUTCOME_UNOBSERVED_BY_DATASET_END
2559552ea70a7caa245eca67f410a3f4,unavailable,2017-10-22 20:44:47,2017-11-08,,NOT_APPLICABLE_TERMINAL_NON_DELIVERY
0691511b757c6190f85d5c20481ddae1,canceled,2018-07-17 23:30:05,2018-08-03,,NOT_APPLICABLE_TERMINAL_NON_DELIVERY
0d760576500ea8611379a97ddcebf3db,shipped,2017-09-16 12:30:24,2017-10-04,,OUTCOME_UNOBSERVED_BY_DATASET_END
5d366aa092ca44b2efb23f0c5d1e3726,canceled,2017-06-16 15:39:20,2017-07-10,,NOT_APPLICABLE_TERMINAL_NON_DELIVERY
553fee3c21ab4328508c8e467806613e,unavailable,2018-01-12 23:57:07,2018-03-02,,NOT_APPLICABLE_TERMINAL_NON_DELIVERY
f205c6826655efc71379acaa53d3b83b,processing,2017-09-29 00:54:27,2017-11-10,,OUTCOME_UNOBSERVED_BY_DATASET_END
0584a31bb6abbd3dcc27e2d464ac863d,canceled,2018-02-18 15:06:15,2018-03-06,,NOT_APPLICABLE_TERMINAL_NON_DELIVERY
574b6436062a78088de8066ee209f9a8,shipped,2018-03-16 12:01:03,2018-04-12,,OUTCOME_UNOBSERVED_BY_DATASET_END
d812dbfcae5778a9864fae0dfe22d9c9,shipped,2018-04-23 17:27:41,2018-05-14,,OUTCOME_UNOBSERVED_BY_DATASET_END
cfbf015b7e4efd77c1a2ee7e337aea60,unavailable,2017-11-07 17:12:46,2017-11-30,,NOT_APPLICABLE_TERMINAL_NON_DELIVERY
560f8dd770a2b2c009a4fc935c507014,shipped,2017-12-16 18:51:09,2018-01-12,,OUTCOME_UNOBSERVED_BY_DATASET_END
79fe48b364804e62431c8f465e16f76e,canceled,2017-11-09 06:13:41,2017-11-29,,NOT_APPLICABLE_TERMINAL_NON_DELIVERY
9f8de1f38dabace7c615d1e41fa7b2bc,shipped,2017-09-26 13:48:26,2017-10-24,,OUTCOME_UNOBSERVED_BY_DATASET_END
442474d2063d0b9b957785f2e4773865,canceled,2017-08-13 22:24:19,2017-09-01,,NOT_APPLICABLE_TERMINAL_NON_DELIVERY
9dd59f7ebb5a498a78c92b880b30dcf1,shipped,2018-06-13 10:07:16,2018-06-28,,OUTCOME_UNOBSERVED_BY_DATASET_END
2f346d92b11fcc7c342b3392b174cf3b,unavailable,2017-12-07 11:53:32,2018-01-08,,NOT_APPLICABLE_TERMINAL_NON_DELIVERY
10605be2fc9784c0fd19b78f8b1924c0,invoiced,2017-08-26 10:06:15,2017-09-18,,OUTCOME_UNOBSERVED_BY_DATASET_END
657b8dbc222ac9b5b61eab078c16b3c2,shipped,2017-07-13 17:30:30,2017-08-04,,OUTCOME_UNOBSERVED_BY_DATASET_END
d6f1fd48e3b9fbaa5ed2794838559afb,unavailable,2018-06-25 00:03:57,2018-07-13,,NOT_APPLICABLE_TERMINAL_NON_DELIVERY
dc141e2a2a7e6369a1cf7acf24d54068,shipped,2018-03-31 17:36:00,2018-04-25,,OUTCOME_UNOBSERVED_BY_DATASET_END
bbdef4b5ecad947f721ab789db1dd57f,unavailable,2018-03-04 22:14:40,2018-03-15,,NOT_APPLICABLE_TERMINAL_NON_DELIVERY
97d2f8fe76f2f253b8291e17b5383884,shipped,2016-10-05 11:54:15,2016-12-07,,OUTCOME_UNOBSERVED_BY_DATASET_END
5e6f7229aec06e67732033777ee84816,shipped,2018-08-17 11:55:11,2018-09-04,,OUTCOME_UNOBSERVED_BY_DATASET_END
ecae73914f65a01db35cc609281364ef,unavailable,2017-05-31 09:52:11,2017-06-26,,NOT_APPLICABLE_TERMINAL_NON_DELIVERY
a1e04e78fc657db74aaba58eca1e87a9,canceled,2017-07-26 13:39:14,2017-08-15,,NOT_APPLICABLE_TERMINAL_NON_DELIVERY
53cbb231b2386587ee92b4d0d2fe7641,shipped,2017-12-05 23:25:37,2018-01-05,,OUTCOME_UNOBSERVED_BY_DATASET_END
1308401e91987ef9e69d495e612e7919,processing,2017-08-06 22:05:59,2017-08-28,,OUTCOME_UNOBSERVED_BY_DATASET_END
27aeddc0f8afd2314aeacc0d0cbbb5e2,invoiced,2017-05-01 16:19:07,2017-05-25,,OUTCOME_UNOBSERVED_BY_DATASET_END
66cb680674721f9816e366a15a93633f,canceled,2017-03-28 20:53:24,2017-04-17,,NOT_APPLICABLE_TERMINAL_NON_DELIVERY
d5197f36151ab7d4d0c00b7606af9117,shipped,2017-04-27 13:16:53,2017-06-13,,OUTCOME_UNOBSERVED_BY_DATASET_END
99dfcc83525b208fd377c1f81ab0d96e,invoiced,2017-11-25 20:54:04,2017-12-27,,OUTCOME_UNOBSERVED_BY_DATASET_END
ac3fcd67437432bd0f3a05aade719e7b,shipped,2017-05-02 15:23:09,2017-05-25,,OUTCOME_UNOBSERVED_BY_DATASET_END
3b090f7fe6e2cf01b468a154dc9c546a,unavailable,2017-12-06 11:06:41,2018-01-03,,NOT_APPLICABLE_TERMINAL_NON_DELIVERY
ca1e57dd2789cc1abefc1e5b9a76e26f,shipped,2018-03-21 13:44:57,2018-05-02,,OUTCOME_UNOBSERVED_BY_DATASET_END
572c4bbf0f5f85a9b4a2c4fe0c7f04d5,canceled,2018-08-30 15:11:58,2018-09-14,,NOT_APPLICABLE_TERMINAL_NON_DELIVERY
cf4ea4240b59ec0f7500690949509fc1,shipped,2018-04-29 13:50:30,2018-05-15,,OUTCOME_UNOBSERVED_BY_DATASET_END
ca7296a83aa279afb28c2388a4f48891,canceled,2018-02-07 09:48:08,2018-03-07,,NOT_APPLICABLE_TERMINAL_NON_DELIVERY
42202323e8e5319c107e361d55ad0de6,unavailable,2017-10-30 16:06:30,2017-11-10,,NOT_APPLICABLE_TERMINAL_NON_DELIVERY
bb87d6748da724f69c5e62274dc7aae6,shipped,2018-05-10 16:44:57,2018-06-13,,OUTCOME_UNOBSERVED_BY_DATASET_END
88a7f34793df2b92c81d02a09cec8e89,canceled,2018-08-06 15:55:10,2018-08-21,,NOT_APPLICABLE_TERMINAL_NON_DELIVERY
cb7911a7f5f016586dcdf66a52c1f096,shipped,2018-01-16 17:11:07,2018-02-06,,OUTCOME_UNOBSERVED_BY_DATASET_END
ccdd16bba48215215c7d17240f07eb66,shipped,2017-07-18 21:16:16,2017-08-09,,OUTCOME_UNOBSERVED_BY_DATASET_END
fdcca0e15a4d03e3fb89fb14664a3744,unavailable,2017-09-11 20:02:08,2017-10-02,,NOT_APPLICABLE_TERMINAL_NON_DELIVERY
e5f7dd43f840110435bdff296a628437,processing,2017-09-19 19:40:50,2017-10-27,,OUTCOME_UNOBSERVED_BY_DATASET_END
132f1e724165a07f6362532bfb97486e,approved,2017-04-25 01:25:34,2017-05-22,,OUTCOME_UNOBSERVED_BY_DATASET_END
e751ba1264eb343ed364486c2fde3e58,shipped,2018-05-02 19:27:07,2018-05-24,,OUTCOME_UNOBSERVED_BY_DATASET_END
ce335ca8132267870979c8349b792230,invoiced,2018-05-07 18:53:22,2018-06-04,,OUTCOME_UNOBSERVED_BY_DATASET_END
616fa7d4871b87832197b2a137a115d2,canceled,2018-10-01 15:30:09,2018-10-23,,NOT_APPLICABLE_TERMINAL_NON_DELIVERY
968ce3e13bbc09dc91d26a2f0208d99d,shipped,2018-03-04 14:24:23,2018-03-22,,OUTCOME_UNOBSERVED_BY_DATASET_END
9f35328dc92b28c67517b812818dc6a8,shipped,2018-01-28 18:08:56,2018-03-02,,OUTCOME_UNOBSERVED_BY_DATASET_END
54e9851195e7b44a91adc2564e4d082c,shipped,2017-02-22 12:12:53,2017-03-29,,OUTCOME_UNOBSERVED_BY_DATASET_END
ba41a24657e04c46f93a0c763f8a5646,invoiced,2017-05-12 13:55:58,2017-05-30,,OUTCOME_UNOBSERVED_BY_DATASET_END
93c6619a4bcc406da04323380c97d896,shipped,2018-01-26 11:24:27,2018-03-05,,OUTCOME_UNOBSERVED_BY_DATASET_END
9a782f23eb6da2242a6a594ddaf8bbd9,shipped,2018-07-16 14:15:43,2018-08-06,,OUTCOME_UNOBSERVED_BY_DATASET_END
c73f8cc3ea18990249df87fd4af96899,shipped,2017-03-04 15:13:24,2017-03-30,,OUTCOME_UNOBSERVED_BY_DATASET_END
050a64172dd384db4597d5f3bdcf2137,shipped,2017-12-11 09:58:07,2018-01-09,,OUTCOME_UNOBSERVED_BY_DATASET_END
1cc0e6e0f0b84a446c91dbc76f67f59c,shipped,2018-03-12 01:17:08,2018-04-19,,OUTCOME_UNOBSERVED_BY_DATASET_END
699d09b1aa108d97e430e3b6062f554a,processing,2017-03-15 21:29:20,2017-04-26,,OUTCOME_UNOBSERVED_BY_DATASET_END
1724ccd8176515fc4b2676226b895ea1,shipped,2018-08-18 19:11:09,2018-08-28,,OUTCOME_UNOBSERVED_BY_DATASET_END
f33aa647f08ec9623c76b6212be92333,shipped,2017-05-23 17:03:13,2017-06-19,,OUTCOME_UNOBSERVED_BY_DATASET_END
2c75c33f103e365438cc19a05d444b7f,shipped,2017-03-04 11:37:26,2017-03-29,,OUTCOME_UNOBSERVED_BY_DATASET_END
88daafa15ce9145c1cc5d0a5b4fcaab1,shipped,2018-03-19 17:28:25,2018-04-13,,OUTCOME_UNOBSERVED_BY_DATASET_END
284e6746559a13cf16f5941bc6872c4a,shipped,2017-12-08 06:40:39,2017-12-27,,OUTCOME_UNOBSERVED_BY_DATASET_END
54b267f79786d7ac585ab0aac88d6da6,unavailable,2017-07-24 23:36:40,2017-08-04,,NOT_APPLICABLE_TERMINAL_NON_DELIVERY
b77da58943f12a6562df928e821440c9,shipped,2018-06-28 20:56:28,2018-07-24,,OUTCOME_UNOBSERVED_BY_DATASET_END
e58fb7bfd033514475ab0883ded704f4,unavailable,2017-10-20 07:33:10,2017-11-10,,NOT_APPLICABLE_TERMINAL_NON_DELIVERY
c581b368f1c9fc02caaa71e42809baf9,canceled,2018-08-10 14:44:24,2018-09-06,,NOT_APPLICABLE_TERMINAL_NON_DELIVERY
bfd31c6f76ff82a41e7beb05565aec4d,canceled,2016-10-04 14:51:15,2016-12-14,,NOT_APPLICABLE_TERMINAL_NON_DELIVERY
d006112ce36cbbb57fec00ebce1de147,processing,2017-01-25 15:28:32,2017-03-06,,OUTCOME_UNOBSERVED_BY_DATASET_END
068c0507e1af74b156beee1db2deed7a,shipped,2017-06-26 13:23:19,2017-07-26,,OUTCOME_UNOBSERVED_BY_DATASET_END
3a53d5a9a0c58d291ff3ae407b6df5fd,shipped,2018-02-16 21:55:03,2018-03-14,,OUTCOME_UNOBSERVED_BY_DATASET_END
f349e78f52cb2d25cffd4cc44f168413,shipped,2017-02-02 08:58:27,2017-03-13,,OUTCOME_UNOBSERVED_BY_DATASET_END
e0699d3ded38cca3642677243da9f13b,shipped,2017-04-19 01:59:36,2017-05-09,,OUTCOME_UNOBSERVED_BY_DATASET_END
550f1d2fa6888807a4ffb1d80d06f899,canceled,2018-02-18 21:00:47,2018-03-14,,NOT_APPLICABLE_TERMINAL_NON_DELIVERY
d7d0eb9fb2a389917e37fc5411078df4,shipped,2017-06-28 13:20:48,2017-07-24,,OUTCOME_UNOBSERVED_BY_DATASET_END
e724300bcd73fb1c467b1c20c33a1fdd,shipped,2017-12-31 15:16:07,2018-02-05,,OUTCOME_UNOBSERVED_BY_DATASET_END
a71500bad3f392b20ef73778b135379a,processing,2017-06-03 16:59:53,2017-06-28,,OUTCOME_UNOBSERVED_BY_DATASET_END
a536059a071793ef05e7e63cbac9d50e,unavailable,2017-11-20 17:13:05,2017-12-06,,NOT_APPLICABLE_TERMINAL_NON_DELIVERY
dcacab0792bc5892595d62c36950746e,shipped,2017-10-14 14:33:29,2017-11-07,,OUTCOME_UNOBSERVED_BY_DATASET_END
f8414758c289a9ae51a5bf937b4f100a,shipped,2018-06-12 15:00:23,2018-07-04,,OUTCOME_UNOBSERVED_BY_DATASET_END
2fd21231b4821bf08a45cf4cfadba908,processing,2017-02-24 11:01:24,2017-03-27,,OUTCOME_UNOBSERVED_BY_DATASET_END
1e2db169ace8c7d55bc4567bdf5c4190,processing,2018-01-04 17:05:11,2018-02-07,,OUTCOME_UNOBSERVED_BY_DATASET_END
ead20687129da8f5d89d831bb0772867,shipped,2018-03-08 07:06:35,2018-04-19,,OUTCOME_UNOBSERVED_BY_DATASET_END
52cb9b4d5ee3ce7d1e2a8d9c2376fd44,shipped,2018-07-11 20:24:49,2018-08-01,,OUTCOME_UNOBSERVED_BY_DATASET_END
bd7585a77f0aa76b3775bb68fb293356,unavailable,2017-02-08 10:46:02,2017-03-07,,NOT_APPLICABLE_TERMINAL_NON_DELIVERY
e05f1340b7ae14a83463bb4985a5eaa8,shipped,2018-06-13 09:52:02,2018-07-16,,OUTCOME_UNOBSERVED_BY_DATASET_END
03f3b08f9da8df7604b68b2fd5999e9a,shipped,2017-09-26 20:42:08,2017-10-24,,OUTCOME_UNOBSERVED_BY_DATASET_END
f13f9687a8bac6985d50487fb92000ba,canceled,2017-11-15 10:07:27,2017-12-05,,NOT_APPLICABLE_TERMINAL_NON_DELIVERY
a2c3c6ce5f0221dc64454e0580522784,shipped,2018-07-08 18:13:34,2018-07-31,,OUTCOME_UNOBSERVED_BY_DATASET_END
d7198cce0076c5cefda313c12776334c,unavailable,2017-05-12 19:02:52,2017-06-01,,NOT_APPLICABLE_TERMINAL_NON_DELIVERY
0a7f4604ee9cab65020038275efe1d76,canceled,2018-07-08 18:44:18,2018-07-27,,NOT_APPLICABLE_TERMINAL_NON_DELIVERY
6003757adfc0188f4685e56a3b0084a5,shipped,2017-08-26 19:26:46,2017-09-15,,OUTCOME_UNOBSERVED_BY_DATASET_END
765917871914309e5c5f9ed151155ad4,canceled,2018-02-26 11:04:23,2018-03-12,,NOT_APPLICABLE_TERMINAL_NON_DELIVERY
fa5e15141bbda711d3cf04222db75d2b,shipped,2018-02-22 14:50:39,2018-03-14,,OUTCOME_UNOBSERVED_BY_DATASET_END
3c3df3dd2afaabb39a53131f9ce98116,unavailable,2018-01-25 14:52:00,2018-02-19,,NOT_APPLICABLE_TERMINAL_NON_DELIVERY
ff358345576214cc9e08488188973c84,shipped,2018-03-03 17:05:12,2018-04-02,,OUTCOME_UNOBSERVED_BY_DATASET_END
e4153bfffa13ee5e0cfea9d1d2529870,shipped,2018-03-18 14:29:57,2018-04-09,,OUTCOME_UNOBSERVED_BY_DATASET_END
ed1acc924e85e293849485a9d5dc3498,unavailable,2017-05-15 10:54:23,2017-06-02,,NOT_APPLICABLE_TERMINAL_NON_DELIVERY
a162da83b66ff8c619d83b87c1de93b9,canceled,2018-08-07 14:27:32,2018-08-21,,NOT_APPLICABLE_TERMINAL_NON_DELIVERY
a8ebe927b1b85cc950bba001cac770f7,unavailable,2017-12-06 19:45:34,2017-12-22,,NOT_APPLICABLE_TERMINAL_NON_DELIVERY
dc3adcbd8f32f4353540fc05d067ff4c,shipped,2018-03-17 14:49:18,2018-04-12,,OUTCOME_UNOBSERVED_BY_DATASET_END
244fa75a78000346e4055ffd6fabfcce,shipped,2018-03-15 10:53:44,2018-04-17,,OUTCOME_UNOBSERVED_BY_DATASET_END
f92e5fb7bc8594b9ce97ecf12b43cf5f,shipped,2018-04-10 17:11:59,2018-05-18,,OUTCOME_UNOBSERVED_BY_DATASET_END
57edfe6486364c7777241f5ab5902715,processing,2017-06-13 10:51:54,2017-07-10,,OUTCOME_UNOBSERVED_BY_DATASET_END
c037dd9db2ac27aa44381219612e91ba,canceled,2017-11-10 01:45:04,2017-12-07,,NOT_APPLICABLE_TERMINAL_NON_DELIVERY
cf17fd8b07b3f141a06b72954410e285,processing,2018-03-30 17:27:38,2018-04-26,,OUTCOME_UNOBSERVED_BY_DATASET_END
0e5e60b0cddf73f60eb73fac19f590cf,canceled,2018-01-28 21:31:07,2018-02-26,,NOT_APPLICABLE_TERMINAL_NON_DELIVERY
cf5508a6ae55421646b0683bb605ac74,canceled,2018-07-08 13:34:57,2018-07-27,,NOT_APPLICABLE_TERMINAL_NON_DELIVERY
2f4cdf6f142e65ba622a85fd90b8c3a8,shipped,2018-03-29 17:50:53,2018-04-23,,OUTCOME_UNOBSERVED_BY_DATASET_END
ec36a2bdf65bba1742263a91c4f251ae,canceled,2017-02-28 21:49:29,2017-03-27,,NOT_APPLICABLE_TERMINAL_NON_DELIVERY
9e99a131a8798c3985381f4f7c96d56e,invoiced,2018-01-19 12:52:52,2018-02-16,,OUTCOME_UNOBSERVED_BY_DATASET_END
66e4a36ff490014773971a6ee0b6a0e4,canceled,2017-06-20 12:39:25,2017-07-05,,NOT_APPLICABLE_TERMINAL_NON_DELIVERY
03f0acea43a6fd52d268e13d9ce98fbe,invoiced,2018-03-15 14:36:56,2018-04-10,,OUTCOME_UNOBSERVED_BY_DATASET_END
b5172d4a722c0ebb34c29bbbb7a3cb42,invoiced,2018-04-17 13:14:13,2018-05-24,,OUTCOME_UNOBSERVED_BY_DATASET_END
22a6648d2137a11e2a8f0073763adb71,shipped,2018-04-26 15:06:59,2018-05-21,,OUTCOME_UNOBSERVED_BY_DATASET_END
f62c7996783afdbec5f6c8afc0c8a040,canceled,2017-10-12 11:49:29,2017-11-07,,NOT_APPLICABLE_TERMINAL_NON_DELIVERY
d7fc8d99795c8cd82eeab767e889e645,shipped,2017-07-25 21:39:59,2017-08-16,,OUTCOME_UNOBSERVED_BY_DATASET_END
bf4ae44e185ffb9292decb1905392f57,shipped,2017-08-02 22:00:01,2017-08-31,,OUTCOME_UNOBSERVED_BY_DATASET_END
4c1eb4e6d52d42048614e4c46f3c5f9e,canceled,2018-08-03 18:52:57,2018-08-22,,NOT_APPLICABLE_TERMINAL_NON_DELIVERY
27d6012b882832dc9ddcf34304eeb77c,canceled,2017-11-11 10:44:49,2017-11-27,,NOT_APPLICABLE_TERMINAL_NON_DELIVERY
e09ade3584e46696d27a94543784b695,shipped,2017-11-08 18:08:05,2017-12-01,,OUTCOME_UNOBSERVED_BY_DATASET_END
05b57f5540e48c853b6235bf8ff10e20,shipped,2018-04-11 23:59:44,2018-05-04,,OUTCOME_UNOBSERVED_BY_DATASET_END
f33b79c24a554aeeed434f1072a17755,processing,2017-12-28 18:07:24,2018-01-30,,OUTCOME_UNOBSERVED_BY_DATASET_END
51192863a004d47d0e4f5bf5384bf88f,canceled,2018-02-13 15:58:33,2018-03-07,,NOT_APPLICABLE_TERMINAL_NON_DELIVERY
a2801b8cd69a7543e074b6c66e0b6e42,shipped,2018-03-28 06:58:50,2018-05-09,,OUTCOME_UNOBSERVED_BY_DATASET_END
0cfc5b8b63bf71f738f96e68adb96b3d,unavailable,2017-12-05 20:48:42,2018-01-10,,NOT_APPLICABLE_TERMINAL_NON_DELIVERY
9fdc5868fa877dc622545834921b69ab,shipped,2018-08-08 13:58:08,2018-08-21,,OUTCOME_UNOBSERVED_BY_DATASET_END
5bd293c86326611e6604399e535f1b2b,shipped,2018-06-18 21:09:41,2018-07-19,,OUTCOME_UNOBSERVED_BY_DATASET_END
eb7efe0b8397cce63c22e0d6bc566dd9,shipped,2017-04-19 10:38:27,2017-05-24,,OUTCOME_UNOBSERVED_BY_DATASET_END
ec88cd13421e27489ffc1f352247f3a4,canceled,2018-08-24 16:38:44,2018-09-13,,NOT_APPLICABLE_TERMINAL_NON_DELIVERY
0da43144c61f413957a7e7c8b2555dad,unavailable,2017-10-13 17:57:20,2017-11-09,,NOT_APPLICABLE_TERMINAL_NON_DELIVERY
f319cdb9500c67c7a9f1b340da9c2d4d,canceled,2018-05-21 18:19:37,2018-06-07,,NOT_APPLICABLE_TERMINAL_NON_DELIVERY
6fa75611a64dc552025fc1c48cc75cf4,shipped,2018-03-13 13:22:02,2018-04-13,,OUTCOME_UNOBSERVED_BY_DATASET_END
a110dc76d143226dd697dedf9f513f14,shipped,2017-02-08 18:51:14,2017-03-09,,OUTCOME_UNOBSERVED_BY_DATASET_END
97407e6242ac47d4882d02c8e1e46592,processing,2017-09-14 22:31:36,2017-10-06,,OUTCOME_UNOBSERVED_BY_DATASET_END
f88aac7ebccb37f19725a075331ade3e,shipped,2017-12-09 10:16:45,2018-01-29,,OUTCOME_UNOBSERVED_BY_DATASET_END
ac7431b880a4ca43d70096a6dfa49071,canceled,2017-06-15 22:25:11,2017-07-10,,NOT_APPLICABLE_TERMINAL_NON_DELIVERY
5618163d0f03dc885bbdbf56c08fcc99,shipped,2017-07-06 19:01:48,2017-08-09,,OUTCOME_UNOBSERVED_BY_DATASET_END
bff8a4fd45acacd3f3390aed67ed8e91,shipped,2017-03-28 22:41:49,2017-05-03,,OUTCOME_UNOBSERVED_BY_DATASET_END
7dcf28f5c87ece1d91e794b803e494f2,processing,2017-06-01 12:48:34,2017-06-26,,OUTCOME_UNOBSERVED_BY_DATASET_END
191abde9c3bf77d1ce67d100d8db6d15,processing,2017-07-29 10:47:21,2017-09-01,,OUTCOME_UNOBSERVED_BY_DATASET_END
41c3bd8a34828a1a9ed3bae14a535afe,canceled,2018-01-23 15:43:48,2018-02-20,,NOT_APPLICABLE_TERMINAL_NON_DELIVERY
24cee263ae15271412b77854eb10b840,unavailable,2017-11-01 18:16:28,2017-11-24,,NOT_APPLICABLE_TERMINAL_NON_DELIVERY
cbc0f78d9e0d7cd99582cd7552cfd64f,unavailable,2017-02-14 11:45:11,2017-03-15,,NOT_APPLICABLE_TERMINAL_NON_DELIVERY
a05fc37f43df506f00a32f1507e4d360,shipped,2018-02-25 21:46:50,2018-03-22,,OUTCOME_UNOBSERVED_BY_DATASET_END
e3c4b2d7022588a02583a79b3f405632,shipped,2017-03-17 21:14:36,2017-04-20,,OUTCOME_UNOBSERVED_BY_DATASET_END
0b16257b1b7ee0922ea03954f2cae85a,canceled,2018-08-07 18:31:25,2018-08-10,,NOT_APPLICABLE_TERMINAL_NON_DELIVERY
e51a8e1d0f0a0cc6eae0b605b53cf9ed,unavailable,2017-06-04 21:37:58,2017-07-10,,NOT_APPLICABLE_TERMINAL_NON_DELIVERY
a20244bef3bafb6f4d37e3603539336d,unavailable,2017-12-14 10:33:27,2018-01-10,,NOT_APPLICABLE_TERMINAL_NON_DELIVERY
4a661ab7f8cc33b9cb79df5c0b912a73,shipped,2018-03-22 14:36:28,2018-04-10,,OUTCOME_UNOBSERVED_BY_DATASET_END
fbd87e9a66a24294c9f8deb5efca45a1,unavailable,2017-07-06 12:53:40,2017-07-26,,NOT_APPLICABLE_TERMINAL_NON_DELIVERY
8b08f0e729f58529ed03e763270f78d5,unavailable,2017-08-24 21:02:47,2017-09-27,,NOT_APPLICABLE_TERMINAL_NON_DELIVERY
4ddf6c937ee248504c71104627543a23,processing,2017-03-01 19:49:12,2017-03-24,,OUTCOME_UNOBSERVED_BY_DATASET_END
8c40ac9725c892399870b555b8d45978,shipped,2017-11-15 00:01:25,2017-12-12,,OUTCOME_UNOBSERVED_BY_DATASET_END
b2dd81c62d0bf804a563d82998d8e1c4,shipped,2017-12-10 11:06:49,2018-01-15,,OUTCOME_UNOBSERVED_BY_DATASET_END
de779f93dc5f7dd9ac51b22380685ae5,shipped,2018-06-02 10:57:17,2018-07-12,,OUTCOME_UNOBSERVED_BY_DATASET_END
81643a310d1fa764a5097fa3545d4a90,invoiced,2018-03-17 17:06:22,2018-04-12,,OUTCOME_UNOBSERVED_BY_DATASET_END
17a4db677e57484f24eb68217b8de4c1,canceled,2017-11-10 14:03:51,2017-12-05,,NOT_APPLICABLE_TERMINAL_NON_DELIVERY
1c2c24a58f6335fa1dbda79cf2ebff74,unavailable,2017-08-17 21:54:26,2017-09-05,,NOT_APPLICABLE_TERMINAL_NON_DELIVERY
78018da6cd678e170c59e759cfb4d754,shipped,2017-04-17 10:58:51,2017-05-19,,OUTCOME_UNOBSERVED_BY_DATASET_END
cb34150c7912c6a848be6a756d4e97b3,shipped,2018-03-13 11:52:46,2018-04-30,,OUTCOME_UNOBSERVED_BY_DATASET_END
9b95554e4a79777fcb0168932c4a9522,unavailable,2017-03-24 15:27:47,2017-05-04,,NOT_APPLICABLE_TERMINAL_NON_DELIVERY
65d1e226dfaeb8cdc42f665422522d14,canceled,2016-10-03 21:01:41,2016-11-25,2016-11-08 10:58:34,OUTCOME_PRESENT_STATUS_MISMATCH
2d858f451373b04fb5c984a1cc2defaf,delivered,2017-05-25 23:22:43,2017-06-23,,OUTCOME_UNOBSERVED_BY_DATASET_END
15835b4cf971838ce051b97200baa5ac,invoiced,2018-06-12 13:26:14,2018-06-21,,OUTCOME_UNOBSERVED_BY_DATASET_END
7018a2cb4802de2f9ed4b09b6a98e6fd,canceled,2017-12-10 10:27:39,2018-01-24,,NOT_APPLICABLE_TERMINAL_NON_DELIVERY
f63cd97f8f1db2eb266fb3bc2b4a95f3,canceled,2017-06-19 14:07:04,2017-06-30,,NOT_APPLICABLE_TERMINAL_NON_DELIVERY
7e63ea5a0a34684140ae0e51ebe53035,shipped,2018-04-25 10:38:57,2018-05-24,,OUTCOME_UNOBSERVED_BY_DATASET_END
241b1a5ff1d152dc47bf2093ea154edf,invoiced,2017-07-27 11:53:08,2017-08-18,,OUTCOME_UNOBSERVED_BY_DATASET_END
e9ca4774d5c077b8b4be87d25eaaaa3d,invoiced,2018-02-15 19:57:18,2018-03-16,,OUTCOME_UNOBSERVED_BY_DATASET_END
d1edb80f6670902ebbb11765b96873da,canceled,2017-06-16 17:21:21,2017-07-10,,NOT_APPLICABLE_TERMINAL_NON_DELIVERY
7a56ded9b696cca5e892f56f49b1921a,canceled,2018-01-28 21:44:00,2018-03-02,,NOT_APPLICABLE_TERMINAL_NON_DELIVERY
6900ba78f72feb30643f7c2e2ebb3aa1,unavailable,2017-04-23 18:16:54,2017-05-11,,NOT_APPLICABLE_TERMINAL_NON_DELIVERY
efed8668846db8134d128f21368fd2ca,shipped,2018-03-28 14:35:30,2018-04-20,,OUTCOME_UNOBSERVED_BY_DATASET_END
47e96b5cb6f0592d336b6bf8a817d1c3,canceled,2018-01-21 12:44:16,2018-02-19,,NOT_APPLICABLE_TERMINAL_NON_DELIVERY
1fa1a852a56406283704f49720016285,invoiced,2018-01-19 08:51:26,2018-02-16,,OUTCOME_UNOBSERVED_BY_DATASET_END
56fd7f1e63ea8177e02f64f5077ee7f3,canceled,2017-02-12 13:41:41,2017-03-21,,NOT_APPLICABLE_TERMINAL_NON_DELIVERY
76361b050296df7e327ae497ed570427,invoiced,2018-05-21 15:39:08,2018-06-07,,OUTCOME_UNOBSERVED_BY_DATASET_END
79353d5fe23a396de9e603e2cc6d4f20,shipped,2018-01-09 11:03:53,2018-02-07,,OUTCOME_UNOBSERVED_BY_DATASET_END
29eb6d873f1087b4afd226c0abc162a4,invoiced,2017-09-10 17:39:52,2017-09-28,,OUTCOME_UNOBSERVED_BY_DATASET_END
fd9b6d62141f417da1ea28881ad297ed,processing,2017-12-08 13:25:28,2018-01-15,,OUTCOME_UNOBSERVED_BY_DATASET_END
5aa551497a6e4522899b4a89a3eeff5f,canceled,2017-03-10 22:49:47,2017-04-10,,NOT_APPLICABLE_TERMINAL_NON_DELIVERY
c774761f8e5fbbd73a64408df5698ea7,unavailable,2017-10-21 10:38:30,2017-11-03,,NOT_APPLICABLE_TERMINAL_NON_DELIVERY
c8332aa7a15349000b30b596b50a98f4,processing,2017-02-25 10:11:17,2017-03-20,,OUTCOME_UNOBSERVED_BY_DATASET_END
49e2b3ab4c8c50eb6906482c56bfd556,shipped,2017-11-26 19:03:02,2017-12-11,,OUTCOME_UNOBSERVED_BY_DATASET_END
f380f2af4b81c39da36a06a133dd12c8,shipped,2018-06-08 16:59:47,2018-07-05,,OUTCOME_UNOBSERVED_BY_DATASET_END
d8681bf9afb5bfde505998488d3c61fd,processing,2017-12-04 11:30:23,2018-01-04,,OUTCOME_UNOBSERVED_BY_DATASET_END
236e6ec6171c1870d4bcf4ccfad87f49,canceled,2018-08-21 15:12:31,2018-09-11,,NOT_APPLICABLE_TERMINAL_NON_DELIVERY
cad95e56b8bc5ed2c10ee964ba21ac96,shipped,2018-01-30 14:44:20,2018-02-15,,OUTCOME_UNOBSERVED_BY_DATASET_END
cdf5bd758b0b7d00fc23b2cd6c92f974,shipped,2018-04-09 13:28:25,2018-05-03,,OUTCOME_UNOBSERVED_BY_DATASET_END
7b417e4ab50fe706033d4fe21c659f3b,canceled,2018-08-16 17:09:19,2018-09-28,,NOT_APPLICABLE_TERMINAL_NON_DELIVERY
7da4f8ec54a78572fcce6797f62cf1cd,invoiced,2018-07-24 14:28:36,2018-08-03,,OUTCOME_UNOBSERVED_BY_DATASET_END
97cf031e8c5bf37a0b310c07800e323a,unavailable,2017-09-10 15:33:30,2017-09-21,,NOT_APPLICABLE_TERMINAL_NON_DELIVERY
2921ebd304831878ac888644314d424d,invoiced,2018-08-05 23:21:46,2018-08-14,,OUTCOME_UNOBSERVED_BY_DATASET_END
47d346b7368958cb0bd17880b2af14e9,shipped,2017-05-10 22:45:16,2017-05-30,,OUTCOME_UNOBSERVED_BY_DATASET_END
c086b991f822021af445dbcd355fcf73,processing,2018-01-05 18:35:23,2018-02-06,,OUTCOME_UNOBSERVED_BY_DATASET_END
b6e63e74aff84a068fdc1b41e9ac29ea,canceled,2018-08-07 10:44:34,2018-08-21,,NOT_APPLICABLE_TERMINAL_NON_DELIVERY
65b9fc7c003b0fa663d00ae47abbf012,processing,2017-10-15 16:12:14,2017-11-01,,OUTCOME_UNOBSERVED_BY_DATASET_END
650946d9a20196301619044e07d27c3a,shipped,2018-03-09 14:16:46,2018-03-28,,OUTCOME_UNOBSERVED_BY_DATASET_END
69ffbfbfbabf0d4360c4deb0632b6f1a,shipped,2018-03-01 12:19:23,2018-03-20,,OUTCOME_UNOBSERVED_BY_DATASET_END
964bc1b427d6a485b515efcab9985e68,canceled,2018-02-25 21:11:16,2018-03-19,,NOT_APPLICABLE_TERMINAL_NON_DELIVERY
8c0dd54ff6a273a02de12494c6bf299f,shipped,2018-07-17 22:35:46,2018-08-02,,OUTCOME_UNOBSERVED_BY_DATASET_END
c9f06c1229ec7cd4ec9aed55d434b499,canceled,2018-02-05 20:26:29,2018-03-01,,NOT_APPLICABLE_TERMINAL_NON_DELIVERY
1361dafbb17a41b4073880b5f839962b,shipped,2018-03-13 12:59:22,2018-04-04,,OUTCOME_UNOBSERVED_BY_DATASET_END
78db0b29049b6795343e2a8ba2f48ff7,shipped,2017-11-09 22:29:00,2017-11-23,,OUTCOME_UNOBSERVED_BY_DATASET_END
c9235f8ee527574b6e127f65f016fa73,invoiced,2017-12-01 16:01:18,2017-12-28,,OUTCOME_UNOBSERVED_BY_DATASET_END
f5cb64e08217d29ba1f07601994e2e22,shipped,2017-07-01 19:30:45,2017-07-31,,OUTCOME_UNOBSERVED_BY_DATASET_END
72fcdcc4d106595993b31fc91c800113,canceled,2017-09-12 22:36:04,2017-09-22,,NOT_APPLICABLE_TERMINAL_NON_DELIVERY
90c3d2abe0d324efde558a3f187018a9,processing,2017-11-13 00:07:07,2017-12-04,,OUTCOME_UNOBSERVED_BY_DATASET_END
3c404e64aaee40b3b597aafff9795b4a,processing,2018-04-13 20:44:27,2018-05-21,,OUTCOME_UNOBSERVED_BY_DATASET_END
1f0a1cc0dc294f24707a0167df26c94b,unavailable,2017-08-03 12:11:32,2017-08-23,,NOT_APPLICABLE_TERMINAL_NON_DELIVERY
6e7e891760708803a2f4203981f2d69d,unavailable,2017-02-16 19:43:11,2017-03-17,,NOT_APPLICABLE_TERMINAL_NON_DELIVERY
823b6da4cafa14bb8a5374d408ce0fbf,invoiced,2018-05-16 16:04:24,2018-06-04,,OUTCOME_UNOBSERVED_BY_DATASET_END
bf74f34eea55f16dd17b6212310074f8,shipped,2018-01-26 22:12:04,2018-03-05,,OUTCOME_UNOBSERVED_BY_DATASET_END
2c45c33d2f9cb8ff8b1c86cc28c11c30,canceled,2016-10-09 15:39:56,2016-12-08,2016-11-09 14:53:50,OUTCOME_PRESENT_STATUS_MISMATCH
4c33ec562d9dc5655e160913aa86eb53,shipped,2017-08-11 23:47:48,2017-09-11,,OUTCOME_UNOBSERVED_BY_DATASET_END
abd23f048bf60025ad66f8cf56c85379,shipped,2017-03-11 13:37:51,2017-04-18,,OUTCOME_UNOBSERVED_BY_DATASET_END
17b2f07a5bf720ce92d905520ff1dd7f,shipped,2017-05-29 17:20:26,2017-06-09,,OUTCOME_UNOBSERVED_BY_DATASET_END
a1c5606e8638ab41b56420e4c1f4bc21,invoiced,2018-05-03 13:41:50,2018-06-08,,OUTCOME_UNOBSERVED_BY_DATASET_END
015fb6b5f739788434fa690540f90f19,invoiced,2017-01-31 13:06:05,2017-03-09,,OUTCOME_UNOBSERVED_BY_DATASET_END
93942353ebd22541194b59e590c0d7de,unavailable,2017-02-08 13:32:00,2017-03-17,,NOT_APPLICABLE_TERMINAL_NON_DELIVERY
819d0cccbbc61e854e2a273e3aad3eaf,shipped,2017-09-09 15:32:48,2017-09-21,,OUTCOME_UNOBSERVED_BY_DATASET_END
a28ec7941efe2655038ddb642b53c2af,invoiced,2017-09-01 00:23:50,2017-09-22,,OUTCOME_UNOBSERVED_BY_DATASET_END
27f453b6858eb4711c97e65001f7c4aa,invoiced,2017-08-28 10:26:52,2017-09-19,,OUTCOME_UNOBSERVED_BY_DATASET_END
23e0d289631ee7c7e4503aa7a8a32c15,shipped,2018-03-19 20:09:17,2018-04-09,,OUTCOME_UNOBSERVED_BY_DATASET_END
fcdcf0cd9b77731f38b0c97a27038042,unavailable,2017-07-06 21:54:54,2017-07-19,,NOT_APPLICABLE_TERMINAL_NON_DELIVERY
f330860e4cc30640994fc5d022b00934,invoiced,2018-04-11 16:51:09,2018-05-07,,OUTCOME_UNOBSERVED_BY_DATASET_END
195416246665b8268100ef5fde9722b4,shipped,2017-01-08 19:27:22,2017-02-22,,OUTCOME_UNOBSERVED_BY_DATASET_END
e6f47b34d1d4104694e01fa73d072d5c,shipped,2017-08-16 18:14:21,2017-09-12,,OUTCOME_UNOBSERVED_BY_DATASET_END
2867faaa7a912bbc2bf8d8e40d7a0354,unavailable,2017-01-22 20:43:58,2017-03-02,,NOT_APPLICABLE_TERMINAL_NON_DELIVERY
aef214f769de82d355c5d2ab49e15891,invoiced,2016-10-06 13:07:13,2016-12-02,,OUTCOME_UNOBSERVED_BY_DATASET_END
f943e18398079cee438234bf6482996e,processing,2017-10-12 11:18:32,2017-11-08,,OUTCOME_UNOBSERVED_BY_DATASET_END
32b5ca23bd0b8761a4e3c0fb0b4b4418,unavailable,2018-01-22 09:33:58,2018-02-19,,NOT_APPLICABLE_TERMINAL_NON_DELIVERY
49db6a08de9b99d6d0237da803888c22,shipped,2017-04-21 16:21:00,2017-05-26,,OUTCOME_UNOBSERVED_BY_DATASET_END
0f42926c2892dcd8785fd0c27c5876aa,canceled,2018-02-24 17:22:11,2018-03-16,,NOT_APPLICABLE_TERMINAL_NON_DELIVERY
335fecd3c4c9287451e9116aa7f53440,processing,2017-09-21 17:03:07,2017-10-17,,OUTCOME_UNOBSERVED_BY_DATASET_END
8501926dd0837d694fc5af339c02a6b2,canceled,2018-08-07 22:50:37,2018-08-20,,NOT_APPLICABLE_TERMINAL_NON_DELIVERY
a112ffd9157da040b7951b8bb6bb2fba,unavailable,2017-02-11 17:32:35,2017-03-14,,NOT_APPLICABLE_TERMINAL_NON_DELIVERY
b31a540b397cb096c3c5252eab692c9a,unavailable,2017-11-24 12:56:49,2017-12-27,,NOT_APPLICABLE_TERMINAL_NON_DELIVERY
c4fe474b612c47a9371f3404c98aa380,canceled,2017-10-23 16:31:25,2017-11-10,,NOT_APPLICABLE_TERMINAL_NON_DELIVERY
ae8fa27148ecbda49deeaf25014dd775,shipped,2017-04-01 18:26:29,2017-05-05,,OUTCOME_UNOBSERVED_BY_DATASET_END
a0141c1141d9406b48466fe4d1492bf4,unavailable,2017-11-13 18:50:21,2017-12-13,,NOT_APPLICABLE_TERMINAL_NON_DELIVERY
b91dd40b68675f4dc29339562895ca26,unavailable,2018-02-24 16:22:06,2018-03-16,,NOT_APPLICABLE_TERMINAL_NON_DELIVERY
d49363a0cc2a1915a5a11f85ea08ea48,unavailable,2018-02-07 15:40:42,2018-03-05,,NOT_APPLICABLE_TERMINAL_NON_DELIVERY
a6d4e95420d65bd5f299dc95d3493e0d,unavailable,2018-07-23 06:11:11,2018-08-14,,NOT_APPLICABLE_TERMINAL_NON_DELIVERY
413acaaa6c5aa063a17bda2ee7e3690a,shipped,2018-07-01 19:07:23,2018-07-25,,OUTCOME_UNOBSERVED_BY_DATASET_END
ed362cd4cc1db144970bc67fcf848fd6,invoiced,2017-10-22 14:31:56,2017-11-13,,OUTCOME_UNOBSERVED_BY_DATASET_END
b89851145dc1888ce963c2e7da8ce7be,shipped,2017-11-24 23:02:40,2017-12-15,,OUTCOME_UNOBSERVED_BY_DATASET_END
fec76d3c7d37a989bdd3a22911340c75,processing,2018-01-19 14:24:31,2018-02-09,,OUTCOME_UNOBSERVED_BY_DATASET_END
20648e7d48939d4edd1dec4781fc1680,shipped,2017-11-29 11:59:51,2017-12-27,,OUTCOME_UNOBSERVED_BY_DATASET_END
9231cd28d094660487390045fec25a3b,unavailable,2017-05-31 00:23:47,2017-06-29,,NOT_APPLICABLE_TERMINAL_NON_DELIVERY
52f308ce830731bfdfea4539e140073f,unavailable,2017-08-02 11:11:01,2017-08-23,,NOT_APPLICABLE_TERMINAL_NON_DELIVERY
72c501775cf36e99076132aaee5ae9c0,shipped,2017-12-01 12:39:39,2017-12-19,,OUTCOME_UNOBSERVED_BY_DATASET_END
ff7140ba310a4717112d39c0cd0b4062,processing,2017-05-19 18:11:21,2017-06-26,,OUTCOME_UNOBSERVED_BY_DATASET_END
b5d9716785ce349830c74805f925c745,invoiced,2017-11-16 14:38:35,2017-12-05,,OUTCOME_UNOBSERVED_BY_DATASET_END
7813842ae95e8c497fc0233232ae815a,canceled,2018-08-17 20:06:36,2018-09-17,,NOT_APPLICABLE_TERMINAL_NON_DELIVERY
ef3b75eae01e343f3d7c05e88a9cc496,unavailable,2017-12-03 16:44:28,2017-12-28,,NOT_APPLICABLE_TERMINAL_NON_DELIVERY
1e9cdb2ee26ee17ecb5f050a180cf8ff,unavailable,2017-05-29 19:22:12,2017-06-23,,NOT_APPLICABLE_TERMINAL_NON_DELIVERY
a04875dac0e5be70a331df6f1abda67e,invoiced,2017-09-29 17:42:48,2017-10-17,,OUTCOME_UNOBSERVED_BY_DATASET_END
b37221105bacc5296a24e7b334498547,shipped,2018-02-06 17:41:41,2018-03-13,,OUTCOME_UNOBSERVED_BY_DATASET_END
9670e04f62098cb2eb977a5d5df33229,shipped,2018-01-11 13:32:58,2018-02-23,,OUTCOME_UNOBSERVED_BY_DATASET_END
a3cb021819344fef213fb8b1bf340a8c,processing,2017-09-08 17:33:58,2017-10-13,,OUTCOME_UNOBSERVED_BY_DATASET_END
c894fad29c885c81201d9bdd80cd68c5,invoiced,2017-12-18 10:39:37,2018-01-05,,OUTCOME_UNOBSERVED_BY_DATASET_END
fe4979a6778e2fa4ae731cbe532d30e0,shipped,2017-11-26 13:36:00,2017-12-19,,OUTCOME_UNOBSERVED_BY_DATASET_END
d147001bf6f7a4295040343db205d9c1,shipped,2018-08-01 15:42:20,2018-08-10,,OUTCOME_UNOBSERVED_BY_DATASET_END
a144aa25d9d14f25ee9f3ec4118e5517,unavailable,2017-11-06 17:36:36,2017-11-24,,NOT_APPLICABLE_TERMINAL_NON_DELIVERY
265271dd979e1221bab55d039af24b37,processing,2017-12-15 10:43:11,2018-01-10,,OUTCOME_UNOBSERVED_BY_DATASET_END
39d4b3308183021b1e0b95b195b4589b,shipped,2017-05-07 12:33:16,2017-05-31,,OUTCOME_UNOBSERVED_BY_DATASET_END
167d05678f810589a854d30460ae62f0,canceled,2018-02-03 22:58:58,2018-03-05,,NOT_APPLICABLE_TERMINAL_NON_DELIVERY
1e87dca4d39ae9a59772ece01d399508,processing,2017-11-25 09:08:06,2017-12-15,,OUTCOME_UNOBSERVED_BY_DATASET_END
1def7af24cb7182497acfd953f6dd88b,canceled,2017-12-21 09:22:36,2018-02-20,,NOT_APPLICABLE_TERMINAL_NON_DELIVERY
ae443cb420061bab1f2c5e3ad279fde8,unavailable,2018-03-03 09:32:36,2018-03-28,,NOT_APPLICABLE_TERMINAL_NON_DELIVERY
81a37715c2240c1701ab6b81bb52e737,shipped,2018-05-08 22:12:45,2018-05-25,,OUTCOME_UNOBSERVED_BY_DATASET_END
b6acc7697ffc9caac96d5d86d80ea71d,shipped,2018-01-30 21:22:50,2018-02-26,,OUTCOME_UNOBSERVED_BY_DATASET_END
1391638490f9af630fb84f5da6f40843,processing,2017-04-24 09:00:17,2017-05-22,,OUTCOME_UNOBSERVED_BY_DATASET_END
69647a30e77959dbf0000636927c27d6,unavailable,2017-08-11 21:08:16,2017-09-06,,NOT_APPLICABLE_TERMINAL_NON_DELIVERY
bf3c691a76e2c8733340a8f7e251a0f1,unavailable,2018-01-12 10:35:02,2018-02-19,,NOT_APPLICABLE_TERMINAL_NON_DELIVERY
070678021e2517b12a66622b99dca958,shipped,2017-09-05 18:51:14,2017-09-25,,OUTCOME_UNOBSERVED_BY_DATASET_END
d6ae7c61d30bf46350c4c3a7c6627f26,processing,2018-01-03 11:20:29,2018-02-01,,OUTCOME_UNOBSERVED_BY_DATASET_END
d9bdd8985e722d97a231fc42efcdf238,shipped,2017-12-04 20:09:14,2017-12-20,,OUTCOME_UNOBSERVED_BY_DATASET_END
8f1a2a26d4f0ed5608a8857e0e88b7ad,invoiced,2017-01-27 18:18:31,2017-03-21,,OUTCOME_UNOBSERVED_BY_DATASET_END
02de1e44936e56ddc1621c46d86bf91e,unavailable,2018-08-21 12:21:00,2018-08-29,,NOT_APPLICABLE_TERMINAL_NON_DELIVERY
e5d3a9fd67a092461d0a4e3feb145fb5,processing,2017-12-24 13:33:13,2018-01-19,,OUTCOME_UNOBSERVED_BY_DATASET_END
bdb9bdd2b7e7f7fa3429262ba9cfeca4,shipped,2018-01-05 21:34:39,2018-02-07,,OUTCOME_UNOBSERVED_BY_DATASET_END
a0123fbd74e1c68d8f3f46d14a07de6a,shipped,2018-01-05 22:50:53,2018-02-06,,OUTCOME_UNOBSERVED_BY_DATASET_END
0e3e9e19e36c877fbd3decb94152e837,invoiced,2017-08-15 21:09:16,2017-09-06,,OUTCOME_UNOBSERVED_BY_DATASET_END
ee6c0c64fe661230879a8491ce7dac76,canceled,2017-11-08 00:11:54,2017-11-22,,NOT_APPLICABLE_TERMINAL_NON_DELIVERY
6f4719ee5e7d76f4a81d919ed3927f89,shipped,2017-06-25 16:49:51,2017-07-24,,OUTCOME_UNOBSERVED_BY_DATASET_END
6c54ede964379de26323adc42faab3d1,invoiced,2018-05-17 16:35:44,2018-06-05,,OUTCOME_UNOBSERVED_BY_DATASET_END
7159096c5aa9be77f7f0c26c01ee9793,canceled,2018-03-15 10:06:35,2018-04-06,,NOT_APPLICABLE_TERMINAL_NON_DELIVERY
2c18f34c7f29606619d5ad1f14849efc,shipped,2018-01-21 15:28:34,2018-02-19,,OUTCOME_UNOBSERVED_BY_DATASET_END
d24117f4f6ccc709599d299ac2a9f46e,shipped,2017-12-05 15:48:44,2017-12-29,,OUTCOME_UNOBSERVED_BY_DATASET_END
6bbc42789eb069b08765ebadaeee4e71,shipped,2018-04-27 15:40:32,2018-05-23,,OUTCOME_UNOBSERVED_BY_DATASET_END
5a14c8b3d919a4ef3f3428b0459c47b2,canceled,2017-05-29 23:53:39,2017-06-23,,NOT_APPLICABLE_TERMINAL_NON_DELIVERY
63ca01852c1563d1f998648d8d9a67aa,invoiced,2017-03-27 11:21:03,2017-04-25,,OUTCOME_UNOBSERVED_BY_DATASET_END
1449769412dea5d16183085a97ba3bca,shipped,2018-03-23 20:22:36,2018-04-11,,OUTCOME_UNOBSERVED_BY_DATASET_END
b34369ee8397436dd7ceb8bb7783671d,canceled,2017-06-07 20:11:29,2017-07-04,,NOT_APPLICABLE_TERMINAL_NON_DELIVERY
89c2989bfa78c40ee84930e6ffc320b9,processing,2018-03-23 18:45:55,2018-04-12,,OUTCOME_UNOBSERVED_BY_DATASET_END
be580c71d638ce682e9792c27c7aacb2,processing,2017-03-14 20:12:18,2017-04-10,,OUTCOME_UNOBSERVED_BY_DATASET_END
eb2dc067ee1a4eac77e2d045f01cf7f0,unavailable,2017-12-04 23:16:03,2017-12-20,,NOT_APPLICABLE_TERMINAL_NON_DELIVERY
c145fc8b026ef7dcef1a56820099b784,shipped,2017-06-23 20:29:26,2017-07-17,,OUTCOME_UNOBSERVED_BY_DATASET_END
716bcd6dfe99970baf4aed2083136ed8,canceled,2018-02-03 13:37:35,2018-03-01,,NOT_APPLICABLE_TERMINAL_NON_DELIVERY
6e3b262fc2ba819e9cfcd9e9bad5b7de,shipped,2017-04-14 11:26:42,2017-05-17,,OUTCOME_UNOBSERVED_BY_DATASET_END
39d90234aa561e2f6a0ca08926c4f678,invoiced,2018-05-16 14:57:49,2018-06-04,,OUTCOME_UNOBSERVED_BY_DATASET_END
9acc95f3652577fb8a5c8b1a7ee9bd96,canceled,2018-02-15 20:18:27,2018-03-14,,NOT_APPLICABLE_TERMINAL_NON_DELIVERY
30ff43d8703d375269c1675af737bda7,shipped,2017-03-04 10:50:41,2017-04-03,,OUTCOME_UNOBSERVED_BY_DATASET_END
8505d7267ce3f58c129ffa8468cebf21,processing,2017-02-15 23:00:16,2017-04-04,,OUTCOME_UNOBSERVED_BY_DATASET_END
8298521946fcd8c9f8b984aad6176694,unavailable,2017-03-07 23:02:58,2017-04-05,,NOT_APPLICABLE_TERMINAL_NON_DELIVERY
456e7a4c88845260b92d8da7b5551acc,shipped,2017-03-23 00:21:41,2017-04-25,,OUTCOME_UNOBSERVED_BY_DATASET_END
dcdfc540e42725663242bb884c28f0a6,processing,2017-10-30 10:46:44,2017-11-23,,OUTCOME_UNOBSERVED_BY_DATASET_END
ccfa13cff25aa5ad005e434ac68acaaa,shipped,2017-10-21 15:54:50,2017-11-16,,OUTCOME_UNOBSERVED_BY_DATASET_END
d4ceda456a12b48a1f8a592aa2070b30,canceled,2017-10-10 14:07:52,2017-10-27,,NOT_APPLICABLE_TERMINAL_NON_DELIVERY
11c71300049cd2c9896b0be33f04d574,unavailable,2017-06-15 10:07:14,2017-06-29,,NOT_APPLICABLE_TERMINAL_NON_DELIVERY
f5b3a06b2ac88029188565f5e8bf4347,canceled,2017-11-14 07:50:39,2017-11-28,,NOT_APPLICABLE_TERMINAL_NON_DELIVERY
2e3c6e30c69763a7dfe40f11a19ed3da,unavailable,2017-10-23 18:24:27,2017-11-13,,NOT_APPLICABLE_TERMINAL_NON_DELIVERY
52fd8c890356febe4f78b653ef130cd2,unavailable,2017-02-08 13:03:36,2017-03-07,,NOT_APPLICABLE_TERMINAL_NON_DELIVERY
b41b68092121772821fcdd6f7fb1594c,canceled,2017-02-16 12:33:56,2017-03-15,,NOT_APPLICABLE_TERMINAL_NON_DELIVERY
3453ce39eb27c4042e03cbc4811c9bd6,shipped,2017-06-15 16:23:52,2017-07-21,,OUTCOME_UNOBSERVED_BY_DATASET_END
f2aa68d062b1d37e398f705a9cfbdb51,shipped,2018-03-28 17:58:52,2018-04-23,,OUTCOME_UNOBSERVED_BY_DATASET_END
2321337240c200736e346c2445003fd3,shipped,2018-05-09 20:21:21,2018-05-23,,OUTCOME_UNOBSERVED_BY_DATASET_END
ab7c89dc1bf4a1ead9d6ec1ec8968a84,delivered,2018-06-08 12:09:39,2018-06-26,,OUTCOME_UNOBSERVED_BY_DATASET_END
efa3e0b795c3871ff5413d163cc9d6f0,unavailable,2017-11-17 19:42:32,2017-11-30,,NOT_APPLICABLE_TERMINAL_NON_DELIVERY
e471815e7114cdb474064f7dbb1a8b67,processing,2017-12-20 11:00:02,2018-02-02,,OUTCOME_UNOBSERVED_BY_DATASET_END
5a00b4d35edffc56b825c3646a99ba9d,canceled,2017-07-02 15:38:46,2017-07-25,,NOT_APPLICABLE_TERMINAL_NON_DELIVERY
73d6d096aaef87398a0321fc1acc5a54,unavailable,2017-10-17 07:49:44,2017-10-27,,NOT_APPLICABLE_TERMINAL_NON_DELIVERY
af264f3527e94e431f0dcd56cd6b406d,unavailable,2017-07-12 14:49:11,2017-08-11,,NOT_APPLICABLE_TERMINAL_NON_DELIVERY
20edc82cf5400ce95e1afacc25798b31,delivered,2018-06-27 16:09:12,2018-07-19,,OUTCOME_UNOBSERVED_BY_DATASET_END
10951d02d64917a34959abeb8130601e,processing,2018-02-13 21:02:02,2018-03-13,,OUTCOME_UNOBSERVED_BY_DATASET_END
6c4e764954bc530adac8b0842d8f1647,unavailable,2017-08-12 14:18:34,2017-09-13,,NOT_APPLICABLE_TERMINAL_NON_DELIVERY
a0aac3e398c28aa322af7ab1a9b24c85,shipped,2017-05-10 21:12:11,2017-05-26,,OUTCOME_UNOBSERVED_BY_DATASET_END
a2b014e25e47aea28f291905e3fb2ac2,shipped,2017-11-23 15:46:00,2017-12-13,,OUTCOME_UNOBSERVED_BY_DATASET_END
6bcd251ea229d32710e7690cb3641ba6,shipped,2017-07-07 06:34:08,2017-08-08,,OUTCOME_UNOBSERVED_BY_DATASET_END
37af1b25e7710f09d122aaf3f8b68114,unavailable,2017-05-02 14:23:24,2017-05-29,,NOT_APPLICABLE_TERMINAL_NON_DELIVERY
d1af798bd24f3f874cf16d2d2e02d981,invoiced,2018-08-02 14:29:13,2018-08-13,,OUTCOME_UNOBSERVED_BY_DATASET_END
7d9dad1ac923f80a77b7a8fdd10a7201,shipped,2018-03-22 16:17:04,2018-04-04,,OUTCOME_UNOBSERVED_BY_DATASET_END
f73c0c32115b0bbfd5769c0cf67fb1c7,shipped,2018-01-08 23:35:29,2018-01-24,,OUTCOME_UNOBSERVED_BY_DATASET_END
affcfd3067c168967157abe801a3c4ec,canceled,2018-02-17 22:18:30,2018-03-06,,NOT_APPLICABLE_TERMINAL_NON_DELIVERY
12d9fe1a3efa51a7fae337cba819adc1,shipped,2017-02-08 13:07:19,2017-03-17,,OUTCOME_UNOBSERVED_BY_DATASET_END
41ad2ae32ee66c07ef3b0301ba02ad27,invoiced,2017-11-24 15:54:47,2017-12-18,,OUTCOME_UNOBSERVED_BY_DATASET_END
227c804e2a44760671a6a5697ea549e4,canceled,2017-09-28 15:02:56,2017-10-16,,NOT_APPLICABLE_TERMINAL_NON_DELIVERY
269507123b136cce3d2f6c5915f11bad,unavailable,2018-02-12 21:13:25,2018-03-13,,NOT_APPLICABLE_TERMINAL_NON_DELIVERY
abc371fa4448846ac98855c256ab235f,unavailable,2017-02-11 19:26:28,2017-03-10,,NOT_APPLICABLE_TERMINAL_NON_DELIVERY
2be6c8b958e16856397259974d4abee9,canceled,2018-04-02 18:20:00,2018-04-19,,NOT_APPLICABLE_TERMINAL_NON_DELIVERY
a59ef0abffbef8ddaae23600b6ee6604,shipped,2017-11-06 17:35:49,2017-11-24,,OUTCOME_UNOBSERVED_BY_DATASET_END
1ce8144d59eef2763c0fbaf8ffd26d31,unavailable,2017-08-10 12:44:08,2017-09-01,,NOT_APPLICABLE_TERMINAL_NON_DELIVERY
9ffb325177b96c422447e3b9ee9a6270,invoiced,2018-05-10 19:11:18,2018-06-05,,OUTCOME_UNOBSERVED_BY_DATASET_END
f5f8998eee8ec7bc513dc52847d64ce0,canceled,2018-03-01 11:42:23,2018-03-20,,NOT_APPLICABLE_TERMINAL_NON_DELIVERY
5a8a4dc28b16fb90469ad749f9535773,canceled,2018-03-13 10:58:09,2018-03-23,,NOT_APPLICABLE_TERMINAL_NON_DELIVERY
dab8a6c6bd6ec448df5b3a6b6cb887bc,shipped,2018-07-14 10:12:51,2018-08-03,,OUTCOME_UNOBSERVED_BY_DATASET_END
b159d0ce7cd881052da94fa165617b05,canceled,2017-03-11 19:51:36,2017-03-30,,NOT_APPLICABLE_TERMINAL_NON_DELIVERY
021dac6e3120485db6a77474aa21b979,invoiced,2017-11-24 22:46:09,2017-12-15,,OUTCOME_UNOBSERVED_BY_DATASET_END
2d57932a94a64e0729ec5b88b4860d0d,unavailable,2018-03-31 19:08:47,2018-04-23,,NOT_APPLICABLE_TERMINAL_NON_DELIVERY
e49e7ce1471b4693482d40c2bd3ad196,canceled,2018-08-07 11:16:28,2018-08-10,,NOT_APPLICABLE_TERMINAL_NON_DELIVERY
492aed3c33bac22a8e04138319829283,shipped,2018-07-06 16:26:47,2018-07-26,,OUTCOME_UNOBSERVED_BY_DATASET_END
c526fe83c01c48066394ff5d81f9ab9a,invoiced,2018-08-07 11:11:30,2018-08-17,,OUTCOME_UNOBSERVED_BY_DATASET_END
e58b8168894c93cf61d36c90775acd85,unavailable,2017-02-26 16:13:36,2017-03-22,,NOT_APPLICABLE_TERMINAL_NON_DELIVERY
46bdec7cc92d926500bee756ee1df6dc,invoiced,2018-07-16 13:20:06,2018-08-06,,OUTCOME_UNOBSERVED_BY_DATASET_END
274a7f7e4f1c17b7434a830e9b8759b1,shipped,2018-06-23 13:25:15,2018-07-24,,OUTCOME_UNOBSERVED_BY_DATASET_END
aea0db338150b526dde24f6fd953a5ed,processing,2017-12-26 21:56:13,2018-01-26,,OUTCOME_UNOBSERVED_BY_DATASET_END
6560fb10610771449cb0463c5ba12199,canceled,2017-10-01 22:26:25,2017-10-27,,NOT_APPLICABLE_TERMINAL_NON_DELIVERY
6cf5c427fb11bc5fe8abefa86aa7ba0b,unavailable,2017-10-17 10:53:48,2017-10-27,,NOT_APPLICABLE_TERMINAL_NON_DELIVERY
636cdd02667dc8d76d9296bf20a6890a,shipped,2018-02-17 14:31:22,2018-03-14,,OUTCOME_UNOBSERVED_BY_DATASET_END
1c7c8ab324927f5b6e52338bd110bef4,unavailable,2017-12-23 18:48:09,2018-01-19,,NOT_APPLICABLE_TERMINAL_NON_DELIVERY
aaab15da689073f8f9aa978a390a69d1,unavailable,2018-01-16 14:27:59,2018-02-06,,NOT_APPLICABLE_TERMINAL_NON_DELIVERY
3a3cddda5a7c27851bd96c3313412840,canceled,2018-08-31 16:13:44,2018-10-01,,NOT_APPLICABLE_TERMINAL_NON_DELIVERY
e9e64a17afa9653aacf2616d94c005b8,processing,2018-01-05 23:07:24,2018-02-06,,OUTCOME_UNOBSERVED_BY_DATASET_END
a89abace0dcc01eeb267a9660b5ac126,canceled,2018-09-06 18:45:47,2018-09-27,,NOT_APPLICABLE_TERMINAL_NON_DELIVERY
a69ba794cc7deb415c3e15a0a3877e69,unavailable,2017-08-23 16:28:04,2017-09-15,,NOT_APPLICABLE_TERMINAL_NON_DELIVERY
5fabc81b6322c8443648e1b21a6fef21,unavailable,2017-10-10 10:50:03,2017-10-23,,NOT_APPLICABLE_TERMINAL_NON_DELIVERY
